-- Mock Evaluation History
-- Generated by gen_mock.py
SET FOREIGN_KEY_CHECKS=0;

INSERT INTO users (id, full_name, email, password_hash, clan_id) VALUES
(84, 'Centurion Coder 0', 'centurion0@riwi.io', '$2b$12$X3lXI8.p1a.6ffVYMmvbX..HFvR7V6qL6BF/oG2ug8Oe8JPIB0M5m', 2),
(85, 'Centurion Coder 1', 'centurion1@riwi.io', '$2b$12$X3lXI8.p1a.6ffVYMmvbX..HFvR7V6qL6BF/oG2ug8Oe8JPIB0M5m', 2),
(86, 'Centurion Coder 2', 'centurion2@riwi.io', '$2b$12$X3lXI8.p1a.6ffVYMmvbX..HFvR7V6qL6BF/oG2ug8Oe8JPIB0M5m', 2),
(87, 'Centurion Coder 3', 'centurion3@riwi.io', '$2b$12$X3lXI8.p1a.6ffVYMmvbX..HFvR7V6qL6BF/oG2ug8Oe8JPIB0M5m', 2),
(88, 'Centurion Coder 4', 'centurion4@riwi.io', '$2b$12$X3lXI8.p1a.6ffVYMmvbX..HFvR7V6qL6BF/oG2ug8Oe8JPIB0M5m', 2),
(89, 'Centurion Coder 5', 'centurion5@riwi.io', '$2b$12$X3lXI8.p1a.6ffVYMmvbX..HFvR7V6qL6BF/oG2ug8Oe8JPIB0M5m', 2),
(90, 'Centurion Coder 6', 'centurion6@riwi.io', '$2b$12$X3lXI8.p1a.6ffVYMmvbX..HFvR7V6qL6BF/oG2ug8Oe8JPIB0M5m', 2),
(91, 'Centurion Coder 7', 'centurion7@riwi.io', '$2b$12$X3lXI8.p1a.6ffVYMmvbX..HFvR7V6qL6BF/oG2ug8Oe8JPIB0M5m', 2),
(92, 'Centurion Coder 8', 'centurion8@riwi.io', '$2b$12$X3lXI8.p1a.6ffVYMmvbX..HFvR7V6qL6BF/oG2ug8Oe8JPIB0M5m', 2),
(93, 'Centurion Coder 9', 'centurion9@riwi.io', '$2b$12$X3lXI8.p1a.6ffVYMmvbX..HFvR7V6qL6BF/oG2ug8Oe8JPIB0M5m', 2),
(94, 'Centurion Coder 10', 'centurion10@riwi.io', '$2b$12$X3lXI8.p1a.6ffVYMmvbX..HFvR7V6qL6BF/oG2ug8Oe8JPIB0M5m', 2),
(95, 'Centurion Coder 11', 'centurion11@riwi.io', '$2b$12$X3lXI8.p1a.6ffVYMmvbX..HFvR7V6qL6BF/oG2ug8Oe8JPIB0M5m', 2),
(96, 'Centurion Coder 12', 'centurion12@riwi.io', '$2b$12$X3lXI8.p1a.6ffVYMmvbX..HFvR7V6qL6BF/oG2ug8Oe8JPIB0M5m', 2),
(97, 'Centurion Coder 13', 'centurion13@riwi.io', '$2b$12$X3lXI8.p1a.6ffVYMmvbX..HFvR7V6qL6BF/oG2ug8Oe8JPIB0M5m', 2),
(98, 'Centurion Coder 14', 'centurion14@riwi.io', '$2b$12$X3lXI8.p1a.6ffVYMmvbX..HFvR7V6qL6BF/oG2ug8Oe8JPIB0M5m', 2);

INSERT INTO user_roles (user_id, role_id) VALUES
(84, 1),
(85, 1),
(86, 1),
(87, 1),
(88, 1),
(89, 1),
(90, 1),
(91, 1),
(92, 1),
(93, 1),
(94, 1),
(95, 1),
(96, 1),
(97, 1),
(98, 1);

INSERT INTO evaluations (id, evaluatee_id, form_id, period_id, is_anonymous, status, submitted_at, created_at) VALUES
(1, 2, 1, 1, FALSE, 'submitted', '2026-02-17 18:05:01', '2026-02-17 18:05:01'),
(2, 2, 1, 1, FALSE, 'submitted', '2026-02-26 01:46:22', '2026-02-26 01:46:22'),
(3, 2, 1, 1, FALSE, 'submitted', '2026-03-04 10:05:34', '2026-03-04 10:05:34'),
(4, 2, 1, 1, FALSE, 'submitted', '2026-03-14 08:57:05', '2026-03-14 08:57:05'),
(5, 2, 1, 1, TRUE, 'submitted', '2026-02-16 09:13:10', '2026-02-16 09:13:10'),
(6, 2, 1, 1, FALSE, 'submitted', '2026-03-10 08:02:55', '2026-03-10 08:02:55'),
(7, 2, 1, 1, FALSE, 'submitted', '2026-03-01 09:45:06', '2026-03-01 09:45:06'),
(8, 2, 1, 1, FALSE, 'submitted', '2026-03-11 08:06:12', '2026-03-11 08:06:12'),
(9, 2, 1, 1, FALSE, 'submitted', '2026-02-25 05:50:18', '2026-02-25 05:50:18'),
(10, 2, 1, 1, FALSE, 'submitted', '2026-02-24 20:42:02', '2026-02-24 20:42:02'),
(11, 2, 1, 1, FALSE, 'submitted', '2026-03-01 02:11:19', '2026-03-01 02:11:19'),
(12, 2, 1, 1, FALSE, 'submitted', '2026-03-03 00:16:21', '2026-03-03 00:16:21'),
(13, 2, 1, 1, FALSE, 'submitted', '2026-02-28 05:10:30', '2026-02-28 05:10:30'),
(14, 2, 1, 1, FALSE, 'submitted', '2026-03-06 12:12:25', '2026-03-06 12:12:25'),
(15, 2, 1, 1, FALSE, 'submitted', '2026-02-16 11:36:36', '2026-02-16 11:36:36'),
(16, 2, 1, 1, TRUE, 'submitted', '2026-02-25 13:27:19', '2026-02-25 13:27:19'),
(17, 2, 1, 1, FALSE, 'submitted', '2026-03-09 16:43:43', '2026-03-09 16:43:43'),
(18, 2, 1, 1, TRUE, 'submitted', '2026-02-25 15:40:09', '2026-02-25 15:40:09'),
(19, 2, 1, 1, FALSE, 'submitted', '2026-03-01 16:44:11', '2026-03-01 16:44:11'),
(20, 2, 1, 1, FALSE, 'submitted', '2026-03-01 16:50:05', '2026-03-01 16:50:05'),
(21, 2, 1, 1, TRUE, 'submitted', '2026-02-23 21:56:53', '2026-02-23 21:56:53'),
(22, 2, 1, 1, FALSE, 'submitted', '2026-03-14 10:45:01', '2026-03-14 10:45:01'),
(23, 2, 1, 1, FALSE, 'submitted', '2026-03-14 23:44:41', '2026-03-14 23:44:41'),
(24, 2, 1, 1, FALSE, 'submitted', '2026-02-18 07:11:03', '2026-02-18 07:11:03'),
(25, 2, 1, 1, FALSE, 'submitted', '2026-02-20 09:57:36', '2026-02-20 09:57:36'),
(26, 2, 1, 1, FALSE, 'submitted', '2026-03-02 18:48:16', '2026-03-02 18:48:16'),
(27, 2, 1, 1, FALSE, 'submitted', '2026-03-04 11:14:40', '2026-03-04 11:14:40'),
(28, 2, 1, 1, FALSE, 'submitted', '2026-03-07 02:25:21', '2026-03-07 02:25:21'),
(29, 2, 1, 1, FALSE, 'submitted', '2026-03-13 11:25:27', '2026-03-13 11:25:27'),
(30, 2, 1, 1, FALSE, 'submitted', '2026-03-01 01:24:47', '2026-03-01 01:24:47'),
(31, 2, 1, 1, TRUE, 'submitted', '2026-02-27 09:27:29', '2026-02-27 09:27:29'),
(32, 2, 1, 1, FALSE, 'submitted', '2026-03-14 08:03:42', '2026-03-14 08:03:42'),
(33, 4, 1, 1, TRUE, 'submitted', '2026-03-09 10:17:01', '2026-03-09 10:17:01'),
(34, 7, 2, 1, FALSE, 'submitted', '2026-02-26 00:03:42', '2026-02-26 00:03:42'),
(35, 4, 1, 1, TRUE, 'submitted', '2026-03-03 21:54:42', '2026-03-03 21:54:42'),
(36, 7, 2, 1, FALSE, 'submitted', '2026-03-03 01:09:40', '2026-03-03 01:09:40'),
(37, 4, 1, 1, FALSE, 'submitted', '2026-03-09 14:46:53', '2026-03-09 14:46:53'),
(38, 7, 2, 1, FALSE, 'submitted', '2026-02-25 15:36:34', '2026-02-25 15:36:34'),
(39, 4, 1, 1, TRUE, 'submitted', '2026-03-07 02:11:30', '2026-03-07 02:11:30'),
(40, 7, 2, 1, FALSE, 'submitted', '2026-02-19 02:20:48', '2026-02-19 02:20:48'),
(41, 4, 1, 1, FALSE, 'submitted', '2026-02-26 12:53:55', '2026-02-26 12:53:55'),
(42, 7, 2, 1, FALSE, 'submitted', '2026-03-13 14:41:07', '2026-03-13 14:41:07'),
(43, 4, 1, 1, TRUE, 'submitted', '2026-03-12 22:40:47', '2026-03-12 22:40:47'),
(44, 7, 2, 1, FALSE, 'submitted', '2026-02-20 18:20:36', '2026-02-20 18:20:36'),
(45, 4, 1, 1, FALSE, 'submitted', '2026-03-04 04:57:07', '2026-03-04 04:57:07'),
(46, 7, 2, 1, TRUE, 'submitted', '2026-03-04 00:36:08', '2026-03-04 00:36:08'),
(47, 4, 1, 1, FALSE, 'submitted', '2026-03-02 01:40:02', '2026-03-02 01:40:02'),
(48, 7, 2, 1, TRUE, 'submitted', '2026-03-11 19:05:16', '2026-03-11 19:05:16'),
(49, 4, 1, 1, FALSE, 'submitted', '2026-03-10 05:01:27', '2026-03-10 05:01:27'),
(50, 7, 2, 1, FALSE, 'submitted', '2026-03-12 20:06:33', '2026-03-12 20:06:33'),
(51, 4, 1, 1, FALSE, 'submitted', '2026-02-18 10:33:59', '2026-02-18 10:33:59'),
(52, 7, 2, 1, FALSE, 'submitted', '2026-03-11 12:25:56', '2026-03-11 12:25:56'),
(53, 4, 1, 1, FALSE, 'submitted', '2026-03-07 17:14:06', '2026-03-07 17:14:06'),
(54, 7, 2, 1, FALSE, 'submitted', '2026-03-07 04:07:44', '2026-03-07 04:07:44'),
(55, 4, 1, 1, FALSE, 'submitted', '2026-03-12 05:53:02', '2026-03-12 05:53:02'),
(56, 7, 2, 1, FALSE, 'submitted', '2026-03-14 07:41:02', '2026-03-14 07:41:02'),
(57, 4, 1, 1, FALSE, 'submitted', '2026-02-19 21:44:38', '2026-02-19 21:44:38'),
(58, 7, 2, 1, FALSE, 'submitted', '2026-02-17 07:19:19', '2026-02-17 07:19:19'),
(59, 4, 1, 1, FALSE, 'submitted', '2026-03-13 09:05:00', '2026-03-13 09:05:00'),
(60, 7, 2, 1, FALSE, 'submitted', '2026-03-11 09:09:11', '2026-03-11 09:09:11'),
(61, 4, 1, 1, FALSE, 'submitted', '2026-03-06 06:25:12', '2026-03-06 06:25:12'),
(62, 7, 2, 1, FALSE, 'submitted', '2026-03-06 11:50:58', '2026-03-06 11:50:58'),
(63, 4, 1, 1, FALSE, 'submitted', '2026-03-07 10:42:29', '2026-03-07 10:42:29'),
(64, 7, 2, 1, FALSE, 'submitted', '2026-03-12 08:54:07', '2026-03-12 08:54:07'),
(65, 4, 1, 1, FALSE, 'submitted', '2026-02-18 23:10:35', '2026-02-18 23:10:35'),
(66, 7, 2, 1, TRUE, 'submitted', '2026-02-18 15:49:12', '2026-02-18 15:49:12'),
(67, 4, 1, 1, FALSE, 'submitted', '2026-02-21 15:22:49', '2026-02-21 15:22:49'),
(68, 7, 2, 1, FALSE, 'submitted', '2026-02-16 12:02:02', '2026-02-16 12:02:02'),
(69, 4, 1, 1, FALSE, 'submitted', '2026-02-23 09:30:44', '2026-02-23 09:30:44'),
(70, 7, 2, 1, FALSE, 'submitted', '2026-03-08 21:30:01', '2026-03-08 21:30:01'),
(71, 4, 1, 1, FALSE, 'submitted', '2026-03-14 20:13:08', '2026-03-14 20:13:08'),
(72, 7, 2, 1, TRUE, 'submitted', '2026-02-16 09:02:33', '2026-02-16 09:02:33'),
(73, 4, 1, 1, FALSE, 'submitted', '2026-02-25 00:03:08', '2026-02-25 00:03:08'),
(74, 7, 2, 1, FALSE, 'submitted', '2026-03-10 01:58:39', '2026-03-10 01:58:39'),
(75, 4, 1, 1, FALSE, 'submitted', '2026-03-07 13:19:07', '2026-03-07 13:19:07'),
(76, 7, 2, 1, FALSE, 'submitted', '2026-03-01 00:56:18', '2026-03-01 00:56:18'),
(77, 4, 1, 1, FALSE, 'submitted', '2026-03-11 10:02:15', '2026-03-11 10:02:15'),
(78, 7, 2, 1, FALSE, 'submitted', '2026-02-27 16:03:01', '2026-02-27 16:03:01'),
(79, 4, 1, 1, TRUE, 'submitted', '2026-02-28 12:07:19', '2026-02-28 12:07:19'),
(80, 7, 2, 1, FALSE, 'submitted', '2026-03-07 13:00:31', '2026-03-07 13:00:31'),
(81, 4, 1, 1, FALSE, 'submitted', '2026-02-23 13:33:40', '2026-02-23 13:33:40'),
(82, 7, 2, 1, FALSE, 'submitted', '2026-02-23 03:06:22', '2026-02-23 03:06:22'),
(83, 4, 1, 1, FALSE, 'submitted', '2026-03-03 13:59:36', '2026-03-03 13:59:36'),
(84, 7, 2, 1, FALSE, 'submitted', '2026-02-21 18:42:23', '2026-02-21 18:42:23'),
(85, 4, 1, 1, FALSE, 'submitted', '2026-02-23 20:21:02', '2026-02-23 20:21:02'),
(86, 7, 2, 1, FALSE, 'submitted', '2026-02-22 13:53:56', '2026-02-22 13:53:56'),
(87, 4, 1, 1, FALSE, 'submitted', '2026-03-11 03:09:20', '2026-03-11 03:09:20'),
(88, 7, 2, 1, FALSE, 'submitted', '2026-02-22 19:54:12', '2026-02-22 19:54:12'),
(89, 4, 1, 1, FALSE, 'submitted', '2026-02-23 10:47:46', '2026-02-23 10:47:46'),
(90, 7, 2, 1, TRUE, 'submitted', '2026-03-10 19:44:59', '2026-03-10 19:44:59'),
(91, 4, 1, 1, FALSE, 'submitted', '2026-02-26 17:21:44', '2026-02-26 17:21:44'),
(92, 7, 2, 1, FALSE, 'submitted', '2026-02-19 01:56:44', '2026-02-19 01:56:44'),
(93, 4, 1, 1, FALSE, 'submitted', '2026-03-07 07:33:35', '2026-03-07 07:33:35'),
(94, 7, 2, 1, FALSE, 'submitted', '2026-03-06 07:15:16', '2026-03-06 07:15:16'),
(95, 2, 1, 2, FALSE, 'submitted', '2026-03-21 12:46:33', '2026-03-21 12:46:33'),
(96, 2, 1, 2, FALSE, 'submitted', '2026-04-06 08:51:51', '2026-04-06 08:51:51'),
(97, 2, 1, 2, FALSE, 'submitted', '2026-03-28 17:28:02', '2026-03-28 17:28:02'),
(98, 2, 1, 2, FALSE, 'submitted', '2026-03-25 06:13:52', '2026-03-25 06:13:52'),
(99, 2, 1, 2, FALSE, 'submitted', '2026-04-10 04:30:11', '2026-04-10 04:30:11'),
(100, 2, 1, 2, TRUE, 'submitted', '2026-03-30 17:03:42', '2026-03-30 17:03:42'),
(101, 2, 1, 2, FALSE, 'submitted', '2026-04-03 13:47:13', '2026-04-03 13:47:13'),
(102, 2, 1, 2, FALSE, 'submitted', '2026-03-25 13:30:08', '2026-03-25 13:30:08'),
(103, 2, 1, 2, FALSE, 'submitted', '2026-04-02 05:53:46', '2026-04-02 05:53:46'),
(104, 2, 1, 2, FALSE, 'submitted', '2026-04-05 15:52:24', '2026-04-05 15:52:24'),
(105, 2, 1, 2, FALSE, 'submitted', '2026-03-22 16:29:19', '2026-03-22 16:29:19'),
(106, 2, 1, 2, FALSE, 'submitted', '2026-03-18 00:41:19', '2026-03-18 00:41:19'),
(107, 2, 1, 2, FALSE, 'submitted', '2026-04-01 19:25:58', '2026-04-01 19:25:58'),
(108, 2, 1, 2, TRUE, 'submitted', '2026-03-24 14:50:29', '2026-03-24 14:50:29'),
(109, 2, 1, 2, TRUE, 'submitted', '2026-03-21 00:52:12', '2026-03-21 00:52:12'),
(110, 2, 1, 2, FALSE, 'submitted', '2026-03-23 14:22:29', '2026-03-23 14:22:29'),
(111, 2, 1, 2, FALSE, 'submitted', '2026-03-22 04:43:32', '2026-03-22 04:43:32'),
(112, 2, 1, 2, TRUE, 'submitted', '2026-04-07 10:32:43', '2026-04-07 10:32:43'),
(113, 2, 1, 2, FALSE, 'submitted', '2026-04-09 13:02:51', '2026-04-09 13:02:51'),
(114, 2, 1, 2, FALSE, 'submitted', '2026-04-07 19:37:08', '2026-04-07 19:37:08'),
(115, 2, 1, 2, TRUE, 'submitted', '2026-03-31 08:00:42', '2026-03-31 08:00:42'),
(116, 2, 1, 2, TRUE, 'submitted', '2026-03-30 23:09:46', '2026-03-30 23:09:46'),
(117, 2, 1, 2, FALSE, 'submitted', '2026-04-13 10:21:55', '2026-04-13 10:21:55'),
(118, 2, 1, 2, FALSE, 'submitted', '2026-04-10 16:09:09', '2026-04-10 16:09:09'),
(119, 2, 1, 2, FALSE, 'submitted', '2026-03-21 11:25:01', '2026-03-21 11:25:01'),
(120, 2, 1, 2, FALSE, 'submitted', '2026-03-20 14:30:57', '2026-03-20 14:30:57'),
(121, 2, 1, 2, FALSE, 'submitted', '2026-03-26 05:07:46', '2026-03-26 05:07:46'),
(122, 2, 1, 2, FALSE, 'submitted', '2026-03-29 15:48:13', '2026-03-29 15:48:13'),
(123, 2, 1, 2, FALSE, 'submitted', '2026-04-14 08:08:46', '2026-04-14 08:08:46'),
(124, 2, 1, 2, TRUE, 'submitted', '2026-04-02 10:07:01', '2026-04-02 10:07:01'),
(125, 2, 1, 2, FALSE, 'submitted', '2026-04-05 23:53:31', '2026-04-05 23:53:31'),
(126, 2, 1, 2, TRUE, 'submitted', '2026-04-05 05:32:08', '2026-04-05 05:32:08'),
(127, 4, 1, 2, FALSE, 'submitted', '2026-04-13 14:58:55', '2026-04-13 14:58:55'),
(128, 7, 2, 2, TRUE, 'submitted', '2026-03-18 01:39:12', '2026-03-18 01:39:12'),
(129, 4, 1, 2, FALSE, 'submitted', '2026-04-12 14:56:40', '2026-04-12 14:56:40'),
(130, 7, 2, 2, TRUE, 'submitted', '2026-03-29 20:36:21', '2026-03-29 20:36:21'),
(131, 4, 1, 2, TRUE, 'submitted', '2026-04-06 11:54:22', '2026-04-06 11:54:22'),
(132, 7, 2, 2, FALSE, 'submitted', '2026-03-20 11:42:01', '2026-03-20 11:42:01'),
(133, 4, 1, 2, FALSE, 'submitted', '2026-04-14 05:41:49', '2026-04-14 05:41:49'),
(134, 7, 2, 2, FALSE, 'submitted', '2026-03-31 09:22:26', '2026-03-31 09:22:26'),
(135, 4, 1, 2, FALSE, 'submitted', '2026-03-30 20:33:15', '2026-03-30 20:33:15'),
(136, 7, 2, 2, FALSE, 'submitted', '2026-03-17 17:26:05', '2026-03-17 17:26:05'),
(137, 4, 1, 2, FALSE, 'submitted', '2026-04-02 06:26:22', '2026-04-02 06:26:22'),
(138, 7, 2, 2, TRUE, 'submitted', '2026-04-13 21:30:50', '2026-04-13 21:30:50'),
(139, 4, 1, 2, TRUE, 'submitted', '2026-03-15 19:52:45', '2026-03-15 19:52:45'),
(140, 7, 2, 2, FALSE, 'submitted', '2026-03-28 14:32:49', '2026-03-28 14:32:49'),
(141, 4, 1, 2, FALSE, 'submitted', '2026-03-20 12:40:37', '2026-03-20 12:40:37'),
(142, 7, 2, 2, FALSE, 'submitted', '2026-04-13 07:51:04', '2026-04-13 07:51:04'),
(143, 4, 1, 2, FALSE, 'submitted', '2026-03-20 13:57:46', '2026-03-20 13:57:46'),
(144, 7, 2, 2, TRUE, 'submitted', '2026-03-23 10:55:04', '2026-03-23 10:55:04'),
(145, 4, 1, 2, FALSE, 'submitted', '2026-04-05 17:28:10', '2026-04-05 17:28:10'),
(146, 7, 2, 2, FALSE, 'submitted', '2026-03-18 08:33:17', '2026-03-18 08:33:17'),
(147, 4, 1, 2, FALSE, 'submitted', '2026-04-07 21:21:28', '2026-04-07 21:21:28'),
(148, 7, 2, 2, TRUE, 'submitted', '2026-03-16 17:12:22', '2026-03-16 17:12:22'),
(149, 4, 1, 2, FALSE, 'submitted', '2026-03-31 20:13:45', '2026-03-31 20:13:45'),
(150, 7, 2, 2, FALSE, 'submitted', '2026-03-17 05:23:26', '2026-03-17 05:23:26'),
(151, 4, 1, 2, FALSE, 'submitted', '2026-04-04 09:52:21', '2026-04-04 09:52:21'),
(152, 7, 2, 2, TRUE, 'submitted', '2026-03-16 17:15:46', '2026-03-16 17:15:46'),
(153, 4, 1, 2, FALSE, 'submitted', '2026-03-25 10:35:05', '2026-03-25 10:35:05'),
(154, 7, 2, 2, TRUE, 'submitted', '2026-03-15 23:02:49', '2026-03-15 23:02:49'),
(155, 4, 1, 2, FALSE, 'submitted', '2026-04-02 06:01:37', '2026-04-02 06:01:37'),
(156, 7, 2, 2, FALSE, 'submitted', '2026-03-21 16:04:09', '2026-03-21 16:04:09'),
(157, 4, 1, 2, TRUE, 'submitted', '2026-04-08 06:22:34', '2026-04-08 06:22:34'),
(158, 7, 2, 2, FALSE, 'submitted', '2026-03-22 16:35:10', '2026-03-22 16:35:10'),
(159, 4, 1, 2, FALSE, 'submitted', '2026-04-13 15:52:50', '2026-04-13 15:52:50'),
(160, 7, 2, 2, FALSE, 'submitted', '2026-04-14 16:33:07', '2026-04-14 16:33:07'),
(161, 4, 1, 2, FALSE, 'submitted', '2026-03-19 20:29:27', '2026-03-19 20:29:27'),
(162, 7, 2, 2, FALSE, 'submitted', '2026-03-26 07:14:11', '2026-03-26 07:14:11'),
(163, 4, 1, 2, FALSE, 'submitted', '2026-03-22 07:16:06', '2026-03-22 07:16:06'),
(164, 7, 2, 2, FALSE, 'submitted', '2026-04-07 04:36:45', '2026-04-07 04:36:45'),
(165, 4, 1, 2, FALSE, 'submitted', '2026-04-05 13:39:25', '2026-04-05 13:39:25'),
(166, 7, 2, 2, FALSE, 'submitted', '2026-04-12 17:19:44', '2026-04-12 17:19:44'),
(167, 4, 1, 2, FALSE, 'submitted', '2026-04-09 04:29:08', '2026-04-09 04:29:08'),
(168, 7, 2, 2, TRUE, 'submitted', '2026-04-14 04:22:49', '2026-04-14 04:22:49'),
(169, 4, 1, 2, FALSE, 'submitted', '2026-04-07 10:33:17', '2026-04-07 10:33:17'),
(170, 7, 2, 2, FALSE, 'submitted', '2026-03-22 08:23:40', '2026-03-22 08:23:40'),
(171, 4, 1, 2, FALSE, 'submitted', '2026-04-07 12:48:19', '2026-04-07 12:48:19'),
(172, 7, 2, 2, FALSE, 'submitted', '2026-04-03 14:27:59', '2026-04-03 14:27:59'),
(173, 4, 1, 2, TRUE, 'submitted', '2026-03-26 04:12:15', '2026-03-26 04:12:15'),
(174, 7, 2, 2, FALSE, 'submitted', '2026-03-25 09:25:23', '2026-03-25 09:25:23'),
(175, 4, 1, 2, FALSE, 'submitted', '2026-03-22 17:08:58', '2026-03-22 17:08:58'),
(176, 7, 2, 2, FALSE, 'submitted', '2026-03-22 03:02:05', '2026-03-22 03:02:05'),
(177, 4, 1, 2, FALSE, 'submitted', '2026-03-17 08:51:38', '2026-03-17 08:51:38'),
(178, 7, 2, 2, TRUE, 'submitted', '2026-03-30 08:05:43', '2026-03-30 08:05:43'),
(179, 4, 1, 2, FALSE, 'submitted', '2026-03-17 10:56:40', '2026-03-17 10:56:40'),
(180, 7, 2, 2, TRUE, 'submitted', '2026-03-28 02:38:59', '2026-03-28 02:38:59'),
(181, 4, 1, 2, TRUE, 'submitted', '2026-03-21 17:13:56', '2026-03-21 17:13:56'),
(182, 7, 2, 2, FALSE, 'submitted', '2026-03-26 20:12:33', '2026-03-26 20:12:33'),
(183, 4, 1, 2, TRUE, 'submitted', '2026-03-29 14:16:34', '2026-03-29 14:16:34'),
(184, 7, 2, 2, FALSE, 'submitted', '2026-04-01 22:15:24', '2026-04-01 22:15:24'),
(185, 4, 1, 2, FALSE, 'submitted', '2026-03-30 14:05:59', '2026-03-30 14:05:59'),
(186, 7, 2, 2, FALSE, 'submitted', '2026-03-30 04:56:58', '2026-03-30 04:56:58'),
(187, 4, 1, 2, FALSE, 'submitted', '2026-03-26 04:40:01', '2026-03-26 04:40:01'),
(188, 7, 2, 2, TRUE, 'submitted', '2026-04-06 21:24:45', '2026-04-06 21:24:45'),
(189, 2, 1, 3, FALSE, 'submitted', '2026-05-31 05:45:35', '2026-05-31 05:45:35'),
(190, 2, 1, 3, FALSE, 'submitted', '2026-05-14 00:18:59', '2026-05-14 00:18:59'),
(191, 2, 1, 3, FALSE, 'submitted', '2026-05-17 05:57:50', '2026-05-17 05:57:50'),
(192, 2, 1, 3, FALSE, 'submitted', '2026-04-21 14:50:48', '2026-04-21 14:50:48'),
(193, 2, 1, 3, FALSE, 'submitted', '2026-04-24 18:37:13', '2026-04-24 18:37:13'),
(194, 2, 1, 3, FALSE, 'submitted', '2026-05-13 21:32:24', '2026-05-13 21:32:24'),
(195, 2, 1, 3, FALSE, 'submitted', '2026-05-01 23:56:48', '2026-05-01 23:56:48'),
(196, 2, 1, 3, FALSE, 'submitted', '2026-05-06 00:31:34', '2026-05-06 00:31:34'),
(197, 2, 1, 3, FALSE, 'submitted', '2026-05-30 13:35:24', '2026-05-30 13:35:24'),
(198, 2, 1, 3, FALSE, 'submitted', '2026-05-15 15:24:38', '2026-05-15 15:24:38'),
(199, 2, 1, 3, TRUE, 'submitted', '2026-05-24 23:36:10', '2026-05-24 23:36:10'),
(200, 2, 1, 3, FALSE, 'submitted', '2026-05-05 04:49:06', '2026-05-05 04:49:06'),
(201, 2, 1, 3, FALSE, 'submitted', '2026-05-25 14:17:04', '2026-05-25 14:17:04'),
(202, 2, 1, 3, FALSE, 'submitted', '2026-06-11 22:06:05', '2026-06-11 22:06:05'),
(203, 2, 1, 3, FALSE, 'submitted', '2026-05-15 19:11:56', '2026-05-15 19:11:56'),
(204, 2, 1, 3, FALSE, 'submitted', '2026-04-26 21:18:01', '2026-04-26 21:18:01'),
(205, 2, 1, 3, FALSE, 'submitted', '2026-05-05 09:17:09', '2026-05-05 09:17:09'),
(206, 2, 1, 3, FALSE, 'submitted', '2026-05-07 19:53:01', '2026-05-07 19:53:01'),
(207, 2, 1, 3, FALSE, 'submitted', '2026-05-01 09:30:33', '2026-05-01 09:30:33'),
(208, 2, 1, 3, FALSE, 'submitted', '2026-05-07 09:48:50', '2026-05-07 09:48:50'),
(209, 2, 1, 3, FALSE, 'submitted', '2026-06-07 14:28:16', '2026-06-07 14:28:16'),
(210, 2, 1, 3, FALSE, 'submitted', '2026-05-02 19:30:23', '2026-05-02 19:30:23'),
(211, 2, 1, 3, FALSE, 'submitted', '2026-04-22 13:06:33', '2026-04-22 13:06:33'),
(212, 2, 1, 3, FALSE, 'submitted', '2026-06-13 12:04:57', '2026-06-13 12:04:57'),
(213, 2, 1, 3, FALSE, 'submitted', '2026-05-06 06:41:34', '2026-05-06 06:41:34'),
(214, 2, 1, 3, TRUE, 'submitted', '2026-05-24 08:31:39', '2026-05-24 08:31:39'),
(215, 2, 1, 3, FALSE, 'submitted', '2026-04-28 13:28:40', '2026-04-28 13:28:40'),
(216, 2, 1, 3, FALSE, 'submitted', '2026-04-25 18:13:55', '2026-04-25 18:13:55'),
(217, 2, 1, 3, TRUE, 'submitted', '2026-05-16 16:30:13', '2026-05-16 16:30:13'),
(218, 2, 1, 3, FALSE, 'submitted', '2026-05-15 17:06:07', '2026-05-15 17:06:07'),
(219, 2, 1, 3, FALSE, 'submitted', '2026-06-06 07:27:29', '2026-06-06 07:27:29'),
(220, 2, 1, 3, FALSE, 'submitted', '2026-05-31 07:01:52', '2026-05-31 07:01:52'),
(221, 4, 1, 3, FALSE, 'submitted', '2026-06-06 19:46:07', '2026-06-06 19:46:07'),
(222, 7, 2, 3, FALSE, 'submitted', '2026-04-22 22:51:58', '2026-04-22 22:51:58'),
(223, 4, 1, 3, FALSE, 'submitted', '2026-06-06 10:39:37', '2026-06-06 10:39:37'),
(224, 7, 2, 3, TRUE, 'submitted', '2026-04-19 00:25:30', '2026-04-19 00:25:30'),
(225, 4, 1, 3, TRUE, 'submitted', '2026-04-30 17:30:53', '2026-04-30 17:30:53'),
(226, 7, 2, 3, FALSE, 'submitted', '2026-06-01 15:57:25', '2026-06-01 15:57:25'),
(227, 4, 1, 3, FALSE, 'submitted', '2026-05-21 00:11:48', '2026-05-21 00:11:48'),
(228, 7, 2, 3, FALSE, 'submitted', '2026-06-08 23:04:54', '2026-06-08 23:04:54'),
(229, 4, 1, 3, FALSE, 'submitted', '2026-06-03 19:48:54', '2026-06-03 19:48:54'),
(230, 7, 2, 3, FALSE, 'submitted', '2026-04-22 17:06:56', '2026-04-22 17:06:56'),
(231, 4, 1, 3, FALSE, 'submitted', '2026-05-04 02:53:35', '2026-05-04 02:53:35'),
(232, 7, 2, 3, FALSE, 'submitted', '2026-06-06 16:35:08', '2026-06-06 16:35:08'),
(233, 4, 1, 3, FALSE, 'submitted', '2026-05-26 08:22:01', '2026-05-26 08:22:01'),
(234, 7, 2, 3, FALSE, 'submitted', '2026-04-15 15:07:56', '2026-04-15 15:07:56'),
(235, 4, 1, 3, TRUE, 'submitted', '2026-05-28 19:58:35', '2026-05-28 19:58:35'),
(236, 7, 2, 3, FALSE, 'submitted', '2026-05-29 07:11:09', '2026-05-29 07:11:09'),
(237, 4, 1, 3, FALSE, 'submitted', '2026-05-26 12:31:08', '2026-05-26 12:31:08'),
(238, 7, 2, 3, FALSE, 'submitted', '2026-06-08 08:16:06', '2026-06-08 08:16:06'),
(239, 4, 1, 3, FALSE, 'submitted', '2026-04-17 20:14:48', '2026-04-17 20:14:48'),
(240, 7, 2, 3, FALSE, 'submitted', '2026-06-12 14:09:47', '2026-06-12 14:09:47'),
(241, 4, 1, 3, FALSE, 'submitted', '2026-06-07 00:15:51', '2026-06-07 00:15:51'),
(242, 7, 2, 3, TRUE, 'submitted', '2026-05-10 11:24:37', '2026-05-10 11:24:37'),
(243, 4, 1, 3, FALSE, 'submitted', '2026-04-24 19:46:41', '2026-04-24 19:46:41'),
(244, 7, 2, 3, FALSE, 'submitted', '2026-05-30 19:57:47', '2026-05-30 19:57:47'),
(245, 4, 1, 3, FALSE, 'submitted', '2026-05-24 18:03:05', '2026-05-24 18:03:05'),
(246, 7, 2, 3, FALSE, 'submitted', '2026-04-25 01:21:41', '2026-04-25 01:21:41'),
(247, 4, 1, 3, FALSE, 'submitted', '2026-06-14 15:12:30', '2026-06-14 15:12:30'),
(248, 7, 2, 3, TRUE, 'submitted', '2026-05-21 22:31:24', '2026-05-21 22:31:24'),
(249, 4, 1, 3, FALSE, 'submitted', '2026-04-17 06:23:20', '2026-04-17 06:23:20'),
(250, 7, 2, 3, FALSE, 'submitted', '2026-05-06 17:23:28', '2026-05-06 17:23:28'),
(251, 4, 1, 3, TRUE, 'submitted', '2026-05-01 05:51:13', '2026-05-01 05:51:13'),
(252, 7, 2, 3, FALSE, 'submitted', '2026-05-02 08:57:45', '2026-05-02 08:57:45'),
(253, 4, 1, 3, FALSE, 'submitted', '2026-05-26 17:50:40', '2026-05-26 17:50:40'),
(254, 7, 2, 3, FALSE, 'submitted', '2026-06-10 03:59:10', '2026-06-10 03:59:10'),
(255, 4, 1, 3, FALSE, 'submitted', '2026-05-31 05:36:19', '2026-05-31 05:36:19'),
(256, 7, 2, 3, FALSE, 'submitted', '2026-05-30 16:27:51', '2026-05-30 16:27:51'),
(257, 4, 1, 3, FALSE, 'submitted', '2026-05-10 00:36:15', '2026-05-10 00:36:15'),
(258, 7, 2, 3, FALSE, 'submitted', '2026-05-21 16:43:50', '2026-05-21 16:43:50'),
(259, 4, 1, 3, TRUE, 'submitted', '2026-05-31 08:48:59', '2026-05-31 08:48:59'),
(260, 7, 2, 3, TRUE, 'submitted', '2026-06-13 00:37:26', '2026-06-13 00:37:26'),
(261, 4, 1, 3, FALSE, 'submitted', '2026-05-10 12:37:03', '2026-05-10 12:37:03'),
(262, 7, 2, 3, TRUE, 'submitted', '2026-05-21 09:54:13', '2026-05-21 09:54:13'),
(263, 4, 1, 3, FALSE, 'submitted', '2026-06-02 22:52:26', '2026-06-02 22:52:26'),
(264, 7, 2, 3, FALSE, 'submitted', '2026-05-04 22:52:55', '2026-05-04 22:52:55'),
(265, 4, 1, 3, FALSE, 'submitted', '2026-05-16 06:10:56', '2026-05-16 06:10:56'),
(266, 7, 2, 3, FALSE, 'submitted', '2026-04-27 01:46:16', '2026-04-27 01:46:16'),
(267, 4, 1, 3, TRUE, 'submitted', '2026-05-26 02:10:30', '2026-05-26 02:10:30'),
(268, 7, 2, 3, FALSE, 'submitted', '2026-05-13 02:41:15', '2026-05-13 02:41:15'),
(269, 4, 1, 3, TRUE, 'submitted', '2026-05-27 22:47:45', '2026-05-27 22:47:45'),
(270, 7, 2, 3, FALSE, 'submitted', '2026-04-28 07:19:36', '2026-04-28 07:19:36'),
(271, 4, 1, 3, FALSE, 'submitted', '2026-04-22 02:20:16', '2026-04-22 02:20:16'),
(272, 7, 2, 3, FALSE, 'submitted', '2026-05-05 00:06:15', '2026-05-05 00:06:15'),
(273, 4, 1, 3, TRUE, 'submitted', '2026-05-10 20:06:50', '2026-05-10 20:06:50'),
(274, 7, 2, 3, TRUE, 'submitted', '2026-05-10 11:32:43', '2026-05-10 11:32:43'),
(275, 4, 1, 3, FALSE, 'submitted', '2026-06-13 13:40:35', '2026-06-13 13:40:35'),
(276, 7, 2, 3, TRUE, 'submitted', '2026-04-21 13:48:21', '2026-04-21 13:48:21'),
(277, 4, 1, 3, FALSE, 'submitted', '2026-05-06 04:14:09', '2026-05-06 04:14:09'),
(278, 7, 2, 3, FALSE, 'submitted', '2026-06-11 01:29:28', '2026-06-11 01:29:28'),
(279, 4, 1, 3, FALSE, 'submitted', '2026-06-12 20:31:20', '2026-06-12 20:31:20'),
(280, 7, 2, 3, FALSE, 'submitted', '2026-05-11 05:14:36', '2026-05-11 05:14:36'),
(281, 4, 1, 3, FALSE, 'submitted', '2026-06-06 12:25:54', '2026-06-06 12:25:54'),
(282, 7, 2, 3, FALSE, 'submitted', '2026-05-16 19:38:30', '2026-05-16 19:38:30'),
(283, 2, 1, 4, TRUE, 'submitted', '2026-07-12 12:51:55', '2026-07-12 12:51:55'),
(284, 2, 1, 4, FALSE, 'submitted', '2026-07-04 12:58:17', '2026-07-04 12:58:17'),
(285, 2, 1, 4, FALSE, 'submitted', '2026-06-19 10:27:48', '2026-06-19 10:27:48'),
(286, 2, 1, 4, FALSE, 'submitted', '2026-07-10 17:15:11', '2026-07-10 17:15:11'),
(287, 2, 1, 4, FALSE, 'submitted', '2026-07-08 00:14:40', '2026-07-08 00:14:40'),
(288, 2, 1, 4, FALSE, 'submitted', '2026-06-29 13:57:33', '2026-06-29 13:57:33'),
(289, 2, 1, 4, TRUE, 'submitted', '2026-06-17 11:27:27', '2026-06-17 11:27:27'),
(290, 2, 1, 4, FALSE, 'submitted', '2026-06-23 20:54:15', '2026-06-23 20:54:15'),
(291, 2, 1, 4, FALSE, 'submitted', '2026-06-15 01:30:11', '2026-06-15 01:30:11'),
(292, 2, 1, 4, FALSE, 'submitted', '2026-06-19 08:36:51', '2026-06-19 08:36:51'),
(293, 2, 1, 4, TRUE, 'submitted', '2026-07-04 06:09:17', '2026-07-04 06:09:17'),
(294, 2, 1, 4, FALSE, 'submitted', '2026-06-26 01:37:48', '2026-06-26 01:37:48'),
(295, 2, 1, 4, FALSE, 'submitted', '2026-06-23 09:14:06', '2026-06-23 09:14:06'),
(296, 2, 1, 4, TRUE, 'submitted', '2026-06-21 19:11:46', '2026-06-21 19:11:46'),
(297, 2, 1, 4, FALSE, 'submitted', '2026-06-17 20:49:40', '2026-06-17 20:49:40'),
(298, 2, 1, 4, FALSE, 'submitted', '2026-06-16 05:00:03', '2026-06-16 05:00:03'),
(299, 2, 1, 4, FALSE, 'submitted', '2026-07-09 02:45:58', '2026-07-09 02:45:58'),
(300, 2, 1, 4, TRUE, 'submitted', '2026-07-13 16:45:52', '2026-07-13 16:45:52'),
(301, 2, 1, 4, FALSE, 'submitted', '2026-07-07 17:06:40', '2026-07-07 17:06:40'),
(302, 2, 1, 4, FALSE, 'submitted', '2026-06-21 23:54:07', '2026-06-21 23:54:07'),
(303, 2, 1, 4, FALSE, 'submitted', '2026-06-28 05:17:05', '2026-06-28 05:17:05'),
(304, 2, 1, 4, FALSE, 'submitted', '2026-06-22 08:13:20', '2026-06-22 08:13:20'),
(305, 2, 1, 4, TRUE, 'submitted', '2026-07-03 07:24:49', '2026-07-03 07:24:49'),
(306, 2, 1, 4, FALSE, 'submitted', '2026-07-12 06:13:33', '2026-07-12 06:13:33'),
(307, 2, 1, 4, TRUE, 'submitted', '2026-07-04 08:08:30', '2026-07-04 08:08:30'),
(308, 2, 1, 4, FALSE, 'submitted', '2026-06-29 13:19:31', '2026-06-29 13:19:31'),
(309, 2, 1, 4, FALSE, 'submitted', '2026-06-20 09:06:43', '2026-06-20 09:06:43'),
(310, 2, 1, 4, FALSE, 'submitted', '2026-07-01 03:17:12', '2026-07-01 03:17:12'),
(311, 2, 1, 4, FALSE, 'submitted', '2026-06-18 06:09:56', '2026-06-18 06:09:56'),
(312, 2, 1, 4, FALSE, 'submitted', '2026-06-27 09:18:15', '2026-06-27 09:18:15'),
(313, 2, 1, 4, FALSE, 'submitted', '2026-06-27 06:35:01', '2026-06-27 06:35:01'),
(314, 2, 1, 4, FALSE, 'submitted', '2026-07-05 22:18:58', '2026-07-05 22:18:58'),
(315, 4, 1, 4, TRUE, 'submitted', '2026-07-10 00:26:23', '2026-07-10 00:26:23'),
(316, 7, 2, 4, FALSE, 'submitted', '2026-07-13 04:30:05', '2026-07-13 04:30:05'),
(317, 4, 1, 4, FALSE, 'submitted', '2026-06-17 07:53:31', '2026-06-17 07:53:31'),
(318, 7, 2, 4, FALSE, 'submitted', '2026-07-03 12:27:46', '2026-07-03 12:27:46'),
(319, 4, 1, 4, FALSE, 'submitted', '2026-06-21 22:53:35', '2026-06-21 22:53:35'),
(320, 7, 2, 4, FALSE, 'submitted', '2026-06-20 18:03:38', '2026-06-20 18:03:38'),
(321, 4, 1, 4, FALSE, 'submitted', '2026-07-11 19:07:19', '2026-07-11 19:07:19'),
(322, 7, 2, 4, FALSE, 'submitted', '2026-07-04 01:27:27', '2026-07-04 01:27:27'),
(323, 4, 1, 4, FALSE, 'submitted', '2026-06-24 23:31:51', '2026-06-24 23:31:51'),
(324, 7, 2, 4, FALSE, 'submitted', '2026-06-16 10:52:43', '2026-06-16 10:52:43'),
(325, 4, 1, 4, FALSE, 'submitted', '2026-07-10 11:11:57', '2026-07-10 11:11:57'),
(326, 7, 2, 4, FALSE, 'submitted', '2026-07-03 09:13:27', '2026-07-03 09:13:27'),
(327, 4, 1, 4, FALSE, 'submitted', '2026-06-15 12:12:49', '2026-06-15 12:12:49'),
(328, 7, 2, 4, FALSE, 'submitted', '2026-06-26 10:31:37', '2026-06-26 10:31:37'),
(329, 4, 1, 4, FALSE, 'submitted', '2026-06-20 03:40:30', '2026-06-20 03:40:30'),
(330, 7, 2, 4, TRUE, 'submitted', '2026-07-11 01:16:30', '2026-07-11 01:16:30'),
(331, 4, 1, 4, FALSE, 'submitted', '2026-07-07 21:56:49', '2026-07-07 21:56:49'),
(332, 7, 2, 4, FALSE, 'submitted', '2026-06-30 04:34:08', '2026-06-30 04:34:08'),
(333, 4, 1, 4, FALSE, 'submitted', '2026-06-30 16:04:52', '2026-06-30 16:04:52'),
(334, 7, 2, 4, FALSE, 'submitted', '2026-06-18 18:53:21', '2026-06-18 18:53:21'),
(335, 4, 1, 4, FALSE, 'submitted', '2026-07-01 02:35:30', '2026-07-01 02:35:30'),
(336, 7, 2, 4, FALSE, 'submitted', '2026-07-09 05:02:27', '2026-07-09 05:02:27'),
(337, 4, 1, 4, FALSE, 'submitted', '2026-07-06 13:52:14', '2026-07-06 13:52:14'),
(338, 7, 2, 4, FALSE, 'submitted', '2026-06-19 13:35:40', '2026-06-19 13:35:40'),
(339, 4, 1, 4, TRUE, 'submitted', '2026-07-05 11:11:54', '2026-07-05 11:11:54'),
(340, 7, 2, 4, FALSE, 'submitted', '2026-07-10 06:25:29', '2026-07-10 06:25:29'),
(341, 4, 1, 4, FALSE, 'submitted', '2026-07-08 10:15:49', '2026-07-08 10:15:49'),
(342, 7, 2, 4, FALSE, 'submitted', '2026-06-17 23:54:12', '2026-06-17 23:54:12'),
(343, 4, 1, 4, FALSE, 'submitted', '2026-07-12 04:35:33', '2026-07-12 04:35:33'),
(344, 7, 2, 4, TRUE, 'submitted', '2026-06-20 12:13:32', '2026-06-20 12:13:32'),
(345, 4, 1, 4, FALSE, 'submitted', '2026-07-03 11:22:54', '2026-07-03 11:22:54'),
(346, 7, 2, 4, TRUE, 'submitted', '2026-06-29 20:15:35', '2026-06-29 20:15:35'),
(347, 4, 1, 4, FALSE, 'submitted', '2026-07-06 06:47:44', '2026-07-06 06:47:44'),
(348, 7, 2, 4, FALSE, 'submitted', '2026-07-06 21:56:08', '2026-07-06 21:56:08'),
(349, 4, 1, 4, FALSE, 'submitted', '2026-06-19 15:40:52', '2026-06-19 15:40:52'),
(350, 7, 2, 4, FALSE, 'submitted', '2026-07-03 05:57:14', '2026-07-03 05:57:14'),
(351, 4, 1, 4, TRUE, 'submitted', '2026-07-06 23:01:10', '2026-07-06 23:01:10'),
(352, 7, 2, 4, TRUE, 'submitted', '2026-07-08 00:21:42', '2026-07-08 00:21:42'),
(353, 4, 1, 4, FALSE, 'submitted', '2026-07-12 19:55:44', '2026-07-12 19:55:44'),
(354, 7, 2, 4, TRUE, 'submitted', '2026-06-20 03:22:25', '2026-06-20 03:22:25'),
(355, 4, 1, 4, FALSE, 'submitted', '2026-06-21 22:02:48', '2026-06-21 22:02:48'),
(356, 7, 2, 4, TRUE, 'submitted', '2026-06-22 08:36:20', '2026-06-22 08:36:20'),
(357, 4, 1, 4, TRUE, 'submitted', '2026-07-13 05:25:26', '2026-07-13 05:25:26'),
(358, 7, 2, 4, FALSE, 'submitted', '2026-06-22 03:29:05', '2026-06-22 03:29:05'),
(359, 4, 1, 4, FALSE, 'submitted', '2026-06-22 06:32:52', '2026-06-22 06:32:52'),
(360, 7, 2, 4, FALSE, 'submitted', '2026-06-28 07:15:11', '2026-06-28 07:15:11'),
(361, 4, 1, 4, TRUE, 'submitted', '2026-07-04 15:51:15', '2026-07-04 15:51:15'),
(362, 7, 2, 4, FALSE, 'submitted', '2026-06-16 21:47:15', '2026-06-16 21:47:15'),
(363, 4, 1, 4, FALSE, 'submitted', '2026-06-29 11:46:23', '2026-06-29 11:46:23'),
(364, 7, 2, 4, FALSE, 'submitted', '2026-06-20 21:39:25', '2026-06-20 21:39:25'),
(365, 4, 1, 4, FALSE, 'submitted', '2026-07-13 21:03:53', '2026-07-13 21:03:53'),
(366, 7, 2, 4, TRUE, 'submitted', '2026-07-06 14:01:33', '2026-07-06 14:01:33'),
(367, 4, 1, 4, FALSE, 'submitted', '2026-06-23 16:10:22', '2026-06-23 16:10:22'),
(368, 7, 2, 4, FALSE, 'submitted', '2026-07-12 07:17:01', '2026-07-12 07:17:01'),
(369, 4, 1, 4, FALSE, 'submitted', '2026-07-01 09:47:39', '2026-07-01 09:47:39'),
(370, 7, 2, 4, FALSE, 'submitted', '2026-07-06 14:10:32', '2026-07-06 14:10:32'),
(371, 4, 1, 4, FALSE, 'submitted', '2026-06-21 22:02:49', '2026-06-21 22:02:49'),
(372, 7, 2, 4, FALSE, 'submitted', '2026-06-23 19:03:32', '2026-06-23 19:03:32'),
(373, 4, 1, 4, FALSE, 'submitted', '2026-07-02 07:06:01', '2026-07-02 07:06:01'),
(374, 7, 2, 4, FALSE, 'submitted', '2026-06-24 01:50:20', '2026-06-24 01:50:20'),
(375, 4, 1, 4, TRUE, 'submitted', '2026-07-14 07:17:19', '2026-07-14 07:17:19'),
(376, 7, 2, 4, FALSE, 'submitted', '2026-06-27 06:06:45', '2026-06-27 06:06:45'),
(377, 2, 1, 5, FALSE, 'submitted', '2026-09-05 18:20:04', '2026-09-05 18:20:04'),
(378, 2, 1, 5, FALSE, 'submitted', '2026-09-22 10:37:47', '2026-09-22 10:37:47'),
(379, 2, 1, 5, FALSE, 'submitted', '2026-07-29 10:10:40', '2026-07-29 10:10:40'),
(380, 2, 1, 5, FALSE, 'submitted', '2026-08-04 00:35:04', '2026-08-04 00:35:04'),
(381, 2, 1, 5, FALSE, 'submitted', '2026-08-12 16:23:46', '2026-08-12 16:23:46'),
(382, 2, 1, 5, FALSE, 'submitted', '2026-08-04 18:42:26', '2026-08-04 18:42:26'),
(383, 2, 1, 5, FALSE, 'submitted', '2026-08-09 04:13:37', '2026-08-09 04:13:37'),
(384, 2, 1, 5, FALSE, 'submitted', '2026-09-16 09:48:12', '2026-09-16 09:48:12'),
(385, 2, 1, 5, FALSE, 'submitted', '2026-08-19 17:08:46', '2026-08-19 17:08:46'),
(386, 2, 1, 5, FALSE, 'submitted', '2026-08-25 07:54:19', '2026-08-25 07:54:19'),
(387, 2, 1, 5, FALSE, 'submitted', '2026-10-10 00:52:52', '2026-10-10 00:52:52'),
(388, 2, 1, 5, FALSE, 'submitted', '2026-08-09 11:35:03', '2026-08-09 11:35:03'),
(389, 2, 1, 5, FALSE, 'submitted', '2026-08-01 15:18:45', '2026-08-01 15:18:45'),
(390, 2, 1, 5, FALSE, 'submitted', '2026-07-24 12:16:54', '2026-07-24 12:16:54'),
(391, 2, 1, 5, FALSE, 'submitted', '2026-07-16 10:18:24', '2026-07-16 10:18:24'),
(392, 2, 1, 5, FALSE, 'submitted', '2026-08-26 00:42:32', '2026-08-26 00:42:32'),
(393, 2, 1, 5, FALSE, 'submitted', '2026-09-10 02:21:37', '2026-09-10 02:21:37'),
(394, 2, 1, 5, FALSE, 'submitted', '2026-08-12 05:59:28', '2026-08-12 05:59:28'),
(395, 2, 1, 5, FALSE, 'submitted', '2026-08-24 04:55:13', '2026-08-24 04:55:13'),
(396, 2, 1, 5, FALSE, 'submitted', '2026-09-03 20:23:44', '2026-09-03 20:23:44'),
(397, 2, 1, 5, FALSE, 'submitted', '2026-08-21 21:58:13', '2026-08-21 21:58:13'),
(398, 2, 1, 5, FALSE, 'submitted', '2026-07-21 14:05:13', '2026-07-21 14:05:13'),
(399, 2, 1, 5, FALSE, 'submitted', '2026-07-26 14:49:19', '2026-07-26 14:49:19'),
(400, 2, 1, 5, TRUE, 'submitted', '2026-08-13 04:43:35', '2026-08-13 04:43:35'),
(401, 2, 1, 5, FALSE, 'submitted', '2026-07-19 07:26:10', '2026-07-19 07:26:10'),
(402, 2, 1, 5, FALSE, 'submitted', '2026-08-26 17:49:56', '2026-08-26 17:49:56'),
(403, 2, 1, 5, FALSE, 'submitted', '2026-08-17 03:18:15', '2026-08-17 03:18:15'),
(404, 2, 1, 5, TRUE, 'submitted', '2026-09-09 18:47:36', '2026-09-09 18:47:36'),
(405, 2, 1, 5, FALSE, 'submitted', '2026-09-09 08:12:21', '2026-09-09 08:12:21'),
(406, 2, 1, 5, FALSE, 'submitted', '2026-07-29 20:20:31', '2026-07-29 20:20:31'),
(407, 2, 1, 5, FALSE, 'submitted', '2026-09-07 12:51:28', '2026-09-07 12:51:28'),
(408, 2, 1, 5, FALSE, 'submitted', '2026-10-03 07:47:11', '2026-10-03 07:47:11'),
(409, 4, 1, 5, FALSE, 'submitted', '2026-09-28 13:39:43', '2026-09-28 13:39:43'),
(410, 7, 2, 5, FALSE, 'submitted', '2026-10-03 18:35:06', '2026-10-03 18:35:06'),
(411, 4, 1, 5, FALSE, 'submitted', '2026-08-03 05:42:47', '2026-08-03 05:42:47'),
(412, 7, 2, 5, FALSE, 'submitted', '2026-09-29 06:30:55', '2026-09-29 06:30:55'),
(413, 4, 1, 5, FALSE, 'submitted', '2026-09-14 19:57:11', '2026-09-14 19:57:11'),
(414, 7, 2, 5, FALSE, 'submitted', '2026-09-08 03:41:46', '2026-09-08 03:41:46'),
(415, 4, 1, 5, FALSE, 'submitted', '2026-08-27 07:35:50', '2026-08-27 07:35:50'),
(416, 7, 2, 5, FALSE, 'submitted', '2026-09-07 00:48:19', '2026-09-07 00:48:19'),
(417, 4, 1, 5, FALSE, 'submitted', '2026-07-24 06:01:31', '2026-07-24 06:01:31'),
(418, 7, 2, 5, FALSE, 'submitted', '2026-10-10 13:43:40', '2026-10-10 13:43:40'),
(419, 4, 1, 5, FALSE, 'submitted', '2026-09-15 07:25:05', '2026-09-15 07:25:05'),
(420, 7, 2, 5, TRUE, 'submitted', '2026-09-09 03:18:28', '2026-09-09 03:18:28'),
(421, 4, 1, 5, FALSE, 'submitted', '2026-08-12 08:36:41', '2026-08-12 08:36:41'),
(422, 7, 2, 5, TRUE, 'submitted', '2026-07-16 11:31:49', '2026-07-16 11:31:49'),
(423, 4, 1, 5, FALSE, 'submitted', '2026-08-29 08:54:35', '2026-08-29 08:54:35'),
(424, 7, 2, 5, FALSE, 'submitted', '2026-07-31 14:26:32', '2026-07-31 14:26:32'),
(425, 4, 1, 5, FALSE, 'submitted', '2026-08-07 05:30:39', '2026-08-07 05:30:39'),
(426, 7, 2, 5, FALSE, 'submitted', '2026-08-25 19:36:15', '2026-08-25 19:36:15'),
(427, 4, 1, 5, FALSE, 'submitted', '2026-09-08 07:11:28', '2026-09-08 07:11:28'),
(428, 7, 2, 5, FALSE, 'submitted', '2026-08-17 20:36:09', '2026-08-17 20:36:09'),
(429, 4, 1, 5, FALSE, 'submitted', '2026-07-15 06:30:56', '2026-07-15 06:30:56'),
(430, 7, 2, 5, FALSE, 'submitted', '2026-07-17 04:34:02', '2026-07-17 04:34:02'),
(431, 4, 1, 5, FALSE, 'submitted', '2026-07-29 18:18:38', '2026-07-29 18:18:38'),
(432, 7, 2, 5, FALSE, 'submitted', '2026-08-28 06:11:26', '2026-08-28 06:11:26'),
(433, 4, 1, 5, FALSE, 'submitted', '2026-07-25 11:34:00', '2026-07-25 11:34:00'),
(434, 7, 2, 5, FALSE, 'submitted', '2026-09-05 19:34:34', '2026-09-05 19:34:34'),
(435, 4, 1, 5, TRUE, 'submitted', '2026-07-21 02:21:50', '2026-07-21 02:21:50'),
(436, 7, 2, 5, FALSE, 'submitted', '2026-07-30 08:47:22', '2026-07-30 08:47:22'),
(437, 4, 1, 5, FALSE, 'submitted', '2026-09-06 03:43:09', '2026-09-06 03:43:09'),
(438, 7, 2, 5, TRUE, 'submitted', '2026-08-12 05:47:47', '2026-08-12 05:47:47'),
(439, 4, 1, 5, FALSE, 'submitted', '2026-10-03 15:25:54', '2026-10-03 15:25:54'),
(440, 7, 2, 5, FALSE, 'submitted', '2026-08-07 00:22:23', '2026-08-07 00:22:23'),
(441, 4, 1, 5, TRUE, 'submitted', '2026-07-29 17:01:30', '2026-07-29 17:01:30'),
(442, 7, 2, 5, FALSE, 'submitted', '2026-07-16 02:50:06', '2026-07-16 02:50:06'),
(443, 4, 1, 5, FALSE, 'submitted', '2026-09-26 09:21:40', '2026-09-26 09:21:40'),
(444, 7, 2, 5, FALSE, 'submitted', '2026-09-18 16:30:28', '2026-09-18 16:30:28'),
(445, 4, 1, 5, TRUE, 'submitted', '2026-09-11 05:18:28', '2026-09-11 05:18:28'),
(446, 7, 2, 5, FALSE, 'submitted', '2026-09-01 23:08:48', '2026-09-01 23:08:48'),
(447, 4, 1, 5, FALSE, 'submitted', '2026-08-27 21:32:14', '2026-08-27 21:32:14'),
(448, 7, 2, 5, FALSE, 'submitted', '2026-09-19 04:06:35', '2026-09-19 04:06:35'),
(449, 4, 1, 5, FALSE, 'submitted', '2026-09-16 15:46:34', '2026-09-16 15:46:34'),
(450, 7, 2, 5, TRUE, 'submitted', '2026-09-02 20:07:04', '2026-09-02 20:07:04'),
(451, 4, 1, 5, FALSE, 'submitted', '2026-08-15 21:44:24', '2026-08-15 21:44:24'),
(452, 7, 2, 5, TRUE, 'submitted', '2026-10-13 06:27:59', '2026-10-13 06:27:59'),
(453, 4, 1, 5, FALSE, 'submitted', '2026-09-21 05:10:27', '2026-09-21 05:10:27'),
(454, 7, 2, 5, FALSE, 'submitted', '2026-09-03 00:15:42', '2026-09-03 00:15:42'),
(455, 4, 1, 5, FALSE, 'submitted', '2026-07-27 04:56:38', '2026-07-27 04:56:38'),
(456, 7, 2, 5, FALSE, 'submitted', '2026-07-16 21:27:30', '2026-07-16 21:27:30'),
(457, 4, 1, 5, FALSE, 'submitted', '2026-08-27 03:36:01', '2026-08-27 03:36:01'),
(458, 7, 2, 5, FALSE, 'submitted', '2026-10-05 23:48:55', '2026-10-05 23:48:55'),
(459, 4, 1, 5, FALSE, 'submitted', '2026-07-25 17:38:22', '2026-07-25 17:38:22'),
(460, 7, 2, 5, FALSE, 'submitted', '2026-07-19 19:27:42', '2026-07-19 19:27:42'),
(461, 4, 1, 5, FALSE, 'submitted', '2026-10-06 19:08:50', '2026-10-06 19:08:50'),
(462, 7, 2, 5, FALSE, 'submitted', '2026-08-24 15:41:22', '2026-08-24 15:41:22'),
(463, 4, 1, 5, FALSE, 'submitted', '2026-09-06 06:42:43', '2026-09-06 06:42:43'),
(464, 7, 2, 5, FALSE, 'submitted', '2026-08-27 09:51:15', '2026-08-27 09:51:15'),
(465, 4, 1, 5, FALSE, 'submitted', '2026-08-26 22:00:01', '2026-08-26 22:00:01'),
(466, 7, 2, 5, FALSE, 'submitted', '2026-08-15 05:11:41', '2026-08-15 05:11:41'),
(467, 4, 1, 5, FALSE, 'submitted', '2026-07-26 15:33:45', '2026-07-26 15:33:45'),
(468, 7, 2, 5, TRUE, 'submitted', '2026-09-24 03:58:38', '2026-09-24 03:58:38'),
(469, 4, 1, 5, FALSE, 'submitted', '2026-09-05 09:41:47', '2026-09-05 09:41:47'),
(470, 7, 2, 5, FALSE, 'submitted', '2026-07-26 17:56:32', '2026-07-26 17:56:32');

INSERT INTO evaluation_submissions (evaluator_id, evaluatee_id, period_id, evaluation_id, created_at) VALUES
(12, 2, 1, 1, '2026-02-17 18:05:01'),
(13, 2, 1, 2, '2026-02-26 01:46:22'),
(14, 2, 1, 3, '2026-03-04 10:05:34'),
(15, 2, 1, 4, '2026-03-14 08:57:05'),
(16, 2, 1, 5, '2026-02-16 09:13:10'),
(17, 2, 1, 6, '2026-03-10 08:02:55'),
(18, 2, 1, 7, '2026-03-01 09:45:06'),
(20, 2, 1, 8, '2026-03-11 08:06:12'),
(21, 2, 1, 9, '2026-02-25 05:50:18'),
(22, 2, 1, 10, '2026-02-24 20:42:02'),
(23, 2, 1, 11, '2026-03-01 02:11:19'),
(24, 2, 1, 12, '2026-03-03 00:16:21'),
(25, 2, 1, 13, '2026-02-28 05:10:30'),
(26, 2, 1, 14, '2026-03-06 12:12:25'),
(27, 2, 1, 15, '2026-02-16 11:36:36'),
(28, 2, 1, 16, '2026-02-25 13:27:19'),
(29, 2, 1, 17, '2026-03-09 16:43:43'),
(30, 2, 1, 18, '2026-02-25 15:40:09'),
(31, 2, 1, 19, '2026-03-01 16:44:11'),
(32, 2, 1, 20, '2026-03-01 16:50:05'),
(33, 2, 1, 21, '2026-02-23 21:56:53'),
(34, 2, 1, 22, '2026-03-14 10:45:01'),
(35, 2, 1, 23, '2026-03-14 23:44:41'),
(36, 2, 1, 24, '2026-02-18 07:11:03'),
(37, 2, 1, 25, '2026-02-20 09:57:36'),
(38, 2, 1, 26, '2026-03-02 18:48:16'),
(39, 2, 1, 27, '2026-03-04 11:14:40'),
(40, 2, 1, 28, '2026-03-07 02:25:21'),
(41, 2, 1, 29, '2026-03-13 11:25:27'),
(42, 2, 1, 30, '2026-03-01 01:24:47'),
(44, 2, 1, 31, '2026-02-27 09:27:29'),
(45, 2, 1, 32, '2026-03-14 08:03:42'),
(52, 4, 1, 33, '2026-03-09 10:17:01'),
(52, 7, 1, 34, '2026-02-26 00:03:42'),
(53, 4, 1, 35, '2026-03-03 21:54:42'),
(53, 7, 1, 36, '2026-03-03 01:09:40'),
(54, 4, 1, 37, '2026-03-09 14:46:53'),
(54, 7, 1, 38, '2026-02-25 15:36:34'),
(55, 4, 1, 39, '2026-03-07 02:11:30'),
(55, 7, 1, 40, '2026-02-19 02:20:48'),
(56, 4, 1, 41, '2026-02-26 12:53:55'),
(56, 7, 1, 42, '2026-03-13 14:41:07'),
(57, 4, 1, 43, '2026-03-12 22:40:47'),
(57, 7, 1, 44, '2026-02-20 18:20:36'),
(58, 4, 1, 45, '2026-03-04 04:57:07'),
(58, 7, 1, 46, '2026-03-04 00:36:08'),
(59, 4, 1, 47, '2026-03-02 01:40:02'),
(59, 7, 1, 48, '2026-03-11 19:05:16'),
(60, 4, 1, 49, '2026-03-10 05:01:27'),
(60, 7, 1, 50, '2026-03-12 20:06:33'),
(62, 4, 1, 51, '2026-02-18 10:33:59'),
(62, 7, 1, 52, '2026-03-11 12:25:56'),
(63, 4, 1, 53, '2026-03-07 17:14:06'),
(63, 7, 1, 54, '2026-03-07 04:07:44'),
(64, 4, 1, 55, '2026-03-12 05:53:02'),
(64, 7, 1, 56, '2026-03-14 07:41:02'),
(65, 4, 1, 57, '2026-02-19 21:44:38'),
(65, 7, 1, 58, '2026-02-17 07:19:19'),
(66, 4, 1, 59, '2026-03-13 09:05:00'),
(66, 7, 1, 60, '2026-03-11 09:09:11'),
(67, 4, 1, 61, '2026-03-06 06:25:12'),
(67, 7, 1, 62, '2026-03-06 11:50:58'),
(68, 4, 1, 63, '2026-03-07 10:42:29'),
(68, 7, 1, 64, '2026-03-12 08:54:07'),
(69, 4, 1, 65, '2026-02-18 23:10:35'),
(69, 7, 1, 66, '2026-02-18 15:49:12'),
(70, 4, 1, 67, '2026-02-21 15:22:49'),
(70, 7, 1, 68, '2026-02-16 12:02:02'),
(71, 4, 1, 69, '2026-02-23 09:30:44'),
(71, 7, 1, 70, '2026-03-08 21:30:01'),
(72, 4, 1, 71, '2026-03-14 20:13:08'),
(72, 7, 1, 72, '2026-02-16 09:02:33'),
(73, 4, 1, 73, '2026-02-25 00:03:08'),
(73, 7, 1, 74, '2026-03-10 01:58:39'),
(74, 4, 1, 75, '2026-03-07 13:19:07'),
(74, 7, 1, 76, '2026-03-01 00:56:18'),
(75, 4, 1, 77, '2026-03-11 10:02:15'),
(75, 7, 1, 78, '2026-02-27 16:03:01'),
(76, 4, 1, 79, '2026-02-28 12:07:19'),
(76, 7, 1, 80, '2026-03-07 13:00:31'),
(77, 4, 1, 81, '2026-02-23 13:33:40'),
(77, 7, 1, 82, '2026-02-23 03:06:22'),
(78, 4, 1, 83, '2026-03-03 13:59:36'),
(78, 7, 1, 84, '2026-02-21 18:42:23'),
(79, 4, 1, 85, '2026-02-23 20:21:02'),
(79, 7, 1, 86, '2026-02-22 13:53:56'),
(80, 4, 1, 87, '2026-03-11 03:09:20'),
(80, 7, 1, 88, '2026-02-22 19:54:12'),
(81, 4, 1, 89, '2026-02-23 10:47:46'),
(81, 7, 1, 90, '2026-03-10 19:44:59'),
(82, 4, 1, 91, '2026-02-26 17:21:44'),
(82, 7, 1, 92, '2026-02-19 01:56:44'),
(83, 4, 1, 93, '2026-03-07 07:33:35'),
(83, 7, 1, 94, '2026-03-06 07:15:16'),
(12, 2, 2, 95, '2026-03-21 12:46:33'),
(13, 2, 2, 96, '2026-04-06 08:51:51'),
(14, 2, 2, 97, '2026-03-28 17:28:02'),
(15, 2, 2, 98, '2026-03-25 06:13:52'),
(16, 2, 2, 99, '2026-04-10 04:30:11'),
(17, 2, 2, 100, '2026-03-30 17:03:42'),
(18, 2, 2, 101, '2026-04-03 13:47:13'),
(20, 2, 2, 102, '2026-03-25 13:30:08'),
(21, 2, 2, 103, '2026-04-02 05:53:46'),
(22, 2, 2, 104, '2026-04-05 15:52:24'),
(23, 2, 2, 105, '2026-03-22 16:29:19'),
(24, 2, 2, 106, '2026-03-18 00:41:19'),
(25, 2, 2, 107, '2026-04-01 19:25:58'),
(26, 2, 2, 108, '2026-03-24 14:50:29'),
(27, 2, 2, 109, '2026-03-21 00:52:12'),
(28, 2, 2, 110, '2026-03-23 14:22:29'),
(29, 2, 2, 111, '2026-03-22 04:43:32'),
(30, 2, 2, 112, '2026-04-07 10:32:43'),
(31, 2, 2, 113, '2026-04-09 13:02:51'),
(32, 2, 2, 114, '2026-04-07 19:37:08'),
(33, 2, 2, 115, '2026-03-31 08:00:42'),
(34, 2, 2, 116, '2026-03-30 23:09:46'),
(35, 2, 2, 117, '2026-04-13 10:21:55'),
(36, 2, 2, 118, '2026-04-10 16:09:09'),
(37, 2, 2, 119, '2026-03-21 11:25:01'),
(38, 2, 2, 120, '2026-03-20 14:30:57'),
(39, 2, 2, 121, '2026-03-26 05:07:46'),
(40, 2, 2, 122, '2026-03-29 15:48:13'),
(41, 2, 2, 123, '2026-04-14 08:08:46'),
(42, 2, 2, 124, '2026-04-02 10:07:01'),
(44, 2, 2, 125, '2026-04-05 23:53:31'),
(45, 2, 2, 126, '2026-04-05 05:32:08'),
(52, 4, 2, 127, '2026-04-13 14:58:55'),
(52, 7, 2, 128, '2026-03-18 01:39:12'),
(53, 4, 2, 129, '2026-04-12 14:56:40'),
(53, 7, 2, 130, '2026-03-29 20:36:21'),
(54, 4, 2, 131, '2026-04-06 11:54:22'),
(54, 7, 2, 132, '2026-03-20 11:42:01'),
(55, 4, 2, 133, '2026-04-14 05:41:49'),
(55, 7, 2, 134, '2026-03-31 09:22:26'),
(56, 4, 2, 135, '2026-03-30 20:33:15'),
(56, 7, 2, 136, '2026-03-17 17:26:05'),
(57, 4, 2, 137, '2026-04-02 06:26:22'),
(57, 7, 2, 138, '2026-04-13 21:30:50'),
(58, 4, 2, 139, '2026-03-15 19:52:45'),
(58, 7, 2, 140, '2026-03-28 14:32:49'),
(59, 4, 2, 141, '2026-03-20 12:40:37'),
(59, 7, 2, 142, '2026-04-13 07:51:04'),
(60, 4, 2, 143, '2026-03-20 13:57:46'),
(60, 7, 2, 144, '2026-03-23 10:55:04'),
(62, 4, 2, 145, '2026-04-05 17:28:10'),
(62, 7, 2, 146, '2026-03-18 08:33:17'),
(63, 4, 2, 147, '2026-04-07 21:21:28'),
(63, 7, 2, 148, '2026-03-16 17:12:22'),
(64, 4, 2, 149, '2026-03-31 20:13:45'),
(64, 7, 2, 150, '2026-03-17 05:23:26'),
(65, 4, 2, 151, '2026-04-04 09:52:21'),
(65, 7, 2, 152, '2026-03-16 17:15:46'),
(66, 4, 2, 153, '2026-03-25 10:35:05'),
(66, 7, 2, 154, '2026-03-15 23:02:49'),
(67, 4, 2, 155, '2026-04-02 06:01:37'),
(67, 7, 2, 156, '2026-03-21 16:04:09'),
(68, 4, 2, 157, '2026-04-08 06:22:34'),
(68, 7, 2, 158, '2026-03-22 16:35:10'),
(69, 4, 2, 159, '2026-04-13 15:52:50'),
(69, 7, 2, 160, '2026-04-14 16:33:07'),
(70, 4, 2, 161, '2026-03-19 20:29:27'),
(70, 7, 2, 162, '2026-03-26 07:14:11'),
(71, 4, 2, 163, '2026-03-22 07:16:06'),
(71, 7, 2, 164, '2026-04-07 04:36:45'),
(72, 4, 2, 165, '2026-04-05 13:39:25'),
(72, 7, 2, 166, '2026-04-12 17:19:44'),
(73, 4, 2, 167, '2026-04-09 04:29:08'),
(73, 7, 2, 168, '2026-04-14 04:22:49'),
(74, 4, 2, 169, '2026-04-07 10:33:17'),
(74, 7, 2, 170, '2026-03-22 08:23:40'),
(75, 4, 2, 171, '2026-04-07 12:48:19'),
(75, 7, 2, 172, '2026-04-03 14:27:59'),
(76, 4, 2, 173, '2026-03-26 04:12:15'),
(76, 7, 2, 174, '2026-03-25 09:25:23'),
(77, 4, 2, 175, '2026-03-22 17:08:58'),
(77, 7, 2, 176, '2026-03-22 03:02:05'),
(78, 4, 2, 177, '2026-03-17 08:51:38'),
(78, 7, 2, 178, '2026-03-30 08:05:43'),
(79, 4, 2, 179, '2026-03-17 10:56:40'),
(79, 7, 2, 180, '2026-03-28 02:38:59'),
(80, 4, 2, 181, '2026-03-21 17:13:56'),
(80, 7, 2, 182, '2026-03-26 20:12:33'),
(81, 4, 2, 183, '2026-03-29 14:16:34'),
(81, 7, 2, 184, '2026-04-01 22:15:24'),
(82, 4, 2, 185, '2026-03-30 14:05:59'),
(82, 7, 2, 186, '2026-03-30 04:56:58'),
(83, 4, 2, 187, '2026-03-26 04:40:01'),
(83, 7, 2, 188, '2026-04-06 21:24:45'),
(12, 2, 3, 189, '2026-05-31 05:45:35'),
(13, 2, 3, 190, '2026-05-14 00:18:59'),
(14, 2, 3, 191, '2026-05-17 05:57:50'),
(15, 2, 3, 192, '2026-04-21 14:50:48'),
(16, 2, 3, 193, '2026-04-24 18:37:13'),
(17, 2, 3, 194, '2026-05-13 21:32:24'),
(18, 2, 3, 195, '2026-05-01 23:56:48'),
(20, 2, 3, 196, '2026-05-06 00:31:34'),
(21, 2, 3, 197, '2026-05-30 13:35:24'),
(22, 2, 3, 198, '2026-05-15 15:24:38'),
(23, 2, 3, 199, '2026-05-24 23:36:10'),
(24, 2, 3, 200, '2026-05-05 04:49:06'),
(25, 2, 3, 201, '2026-05-25 14:17:04'),
(26, 2, 3, 202, '2026-06-11 22:06:05'),
(27, 2, 3, 203, '2026-05-15 19:11:56'),
(28, 2, 3, 204, '2026-04-26 21:18:01'),
(29, 2, 3, 205, '2026-05-05 09:17:09'),
(30, 2, 3, 206, '2026-05-07 19:53:01'),
(31, 2, 3, 207, '2026-05-01 09:30:33'),
(32, 2, 3, 208, '2026-05-07 09:48:50'),
(33, 2, 3, 209, '2026-06-07 14:28:16'),
(34, 2, 3, 210, '2026-05-02 19:30:23'),
(35, 2, 3, 211, '2026-04-22 13:06:33'),
(36, 2, 3, 212, '2026-06-13 12:04:57'),
(37, 2, 3, 213, '2026-05-06 06:41:34'),
(38, 2, 3, 214, '2026-05-24 08:31:39'),
(39, 2, 3, 215, '2026-04-28 13:28:40'),
(40, 2, 3, 216, '2026-04-25 18:13:55'),
(41, 2, 3, 217, '2026-05-16 16:30:13'),
(42, 2, 3, 218, '2026-05-15 17:06:07'),
(44, 2, 3, 219, '2026-06-06 07:27:29'),
(45, 2, 3, 220, '2026-05-31 07:01:52'),
(52, 4, 3, 221, '2026-06-06 19:46:07'),
(52, 7, 3, 222, '2026-04-22 22:51:58'),
(53, 4, 3, 223, '2026-06-06 10:39:37'),
(53, 7, 3, 224, '2026-04-19 00:25:30'),
(54, 4, 3, 225, '2026-04-30 17:30:53'),
(54, 7, 3, 226, '2026-06-01 15:57:25'),
(55, 4, 3, 227, '2026-05-21 00:11:48'),
(55, 7, 3, 228, '2026-06-08 23:04:54'),
(56, 4, 3, 229, '2026-06-03 19:48:54'),
(56, 7, 3, 230, '2026-04-22 17:06:56'),
(57, 4, 3, 231, '2026-05-04 02:53:35'),
(57, 7, 3, 232, '2026-06-06 16:35:08'),
(58, 4, 3, 233, '2026-05-26 08:22:01'),
(58, 7, 3, 234, '2026-04-15 15:07:56'),
(59, 4, 3, 235, '2026-05-28 19:58:35'),
(59, 7, 3, 236, '2026-05-29 07:11:09'),
(60, 4, 3, 237, '2026-05-26 12:31:08'),
(60, 7, 3, 238, '2026-06-08 08:16:06'),
(62, 4, 3, 239, '2026-04-17 20:14:48'),
(62, 7, 3, 240, '2026-06-12 14:09:47'),
(63, 4, 3, 241, '2026-06-07 00:15:51'),
(63, 7, 3, 242, '2026-05-10 11:24:37'),
(64, 4, 3, 243, '2026-04-24 19:46:41'),
(64, 7, 3, 244, '2026-05-30 19:57:47'),
(65, 4, 3, 245, '2026-05-24 18:03:05'),
(65, 7, 3, 246, '2026-04-25 01:21:41'),
(66, 4, 3, 247, '2026-06-14 15:12:30'),
(66, 7, 3, 248, '2026-05-21 22:31:24'),
(67, 4, 3, 249, '2026-04-17 06:23:20'),
(67, 7, 3, 250, '2026-05-06 17:23:28'),
(68, 4, 3, 251, '2026-05-01 05:51:13'),
(68, 7, 3, 252, '2026-05-02 08:57:45'),
(69, 4, 3, 253, '2026-05-26 17:50:40'),
(69, 7, 3, 254, '2026-06-10 03:59:10'),
(70, 4, 3, 255, '2026-05-31 05:36:19'),
(70, 7, 3, 256, '2026-05-30 16:27:51'),
(71, 4, 3, 257, '2026-05-10 00:36:15'),
(71, 7, 3, 258, '2026-05-21 16:43:50'),
(72, 4, 3, 259, '2026-05-31 08:48:59'),
(72, 7, 3, 260, '2026-06-13 00:37:26'),
(73, 4, 3, 261, '2026-05-10 12:37:03'),
(73, 7, 3, 262, '2026-05-21 09:54:13'),
(74, 4, 3, 263, '2026-06-02 22:52:26'),
(74, 7, 3, 264, '2026-05-04 22:52:55'),
(75, 4, 3, 265, '2026-05-16 06:10:56'),
(75, 7, 3, 266, '2026-04-27 01:46:16'),
(76, 4, 3, 267, '2026-05-26 02:10:30'),
(76, 7, 3, 268, '2026-05-13 02:41:15'),
(77, 4, 3, 269, '2026-05-27 22:47:45'),
(77, 7, 3, 270, '2026-04-28 07:19:36'),
(78, 4, 3, 271, '2026-04-22 02:20:16'),
(78, 7, 3, 272, '2026-05-05 00:06:15'),
(79, 4, 3, 273, '2026-05-10 20:06:50'),
(79, 7, 3, 274, '2026-05-10 11:32:43'),
(80, 4, 3, 275, '2026-06-13 13:40:35'),
(80, 7, 3, 276, '2026-04-21 13:48:21'),
(81, 4, 3, 277, '2026-05-06 04:14:09'),
(81, 7, 3, 278, '2026-06-11 01:29:28'),
(82, 4, 3, 279, '2026-06-12 20:31:20'),
(82, 7, 3, 280, '2026-05-11 05:14:36'),
(83, 4, 3, 281, '2026-06-06 12:25:54'),
(83, 7, 3, 282, '2026-05-16 19:38:30'),
(12, 2, 4, 283, '2026-07-12 12:51:55'),
(13, 2, 4, 284, '2026-07-04 12:58:17'),
(14, 2, 4, 285, '2026-06-19 10:27:48'),
(15, 2, 4, 286, '2026-07-10 17:15:11'),
(16, 2, 4, 287, '2026-07-08 00:14:40'),
(17, 2, 4, 288, '2026-06-29 13:57:33'),
(18, 2, 4, 289, '2026-06-17 11:27:27'),
(20, 2, 4, 290, '2026-06-23 20:54:15'),
(21, 2, 4, 291, '2026-06-15 01:30:11'),
(22, 2, 4, 292, '2026-06-19 08:36:51'),
(23, 2, 4, 293, '2026-07-04 06:09:17'),
(24, 2, 4, 294, '2026-06-26 01:37:48'),
(25, 2, 4, 295, '2026-06-23 09:14:06'),
(26, 2, 4, 296, '2026-06-21 19:11:46'),
(27, 2, 4, 297, '2026-06-17 20:49:40'),
(28, 2, 4, 298, '2026-06-16 05:00:03'),
(29, 2, 4, 299, '2026-07-09 02:45:58'),
(30, 2, 4, 300, '2026-07-13 16:45:52'),
(31, 2, 4, 301, '2026-07-07 17:06:40'),
(32, 2, 4, 302, '2026-06-21 23:54:07'),
(33, 2, 4, 303, '2026-06-28 05:17:05'),
(34, 2, 4, 304, '2026-06-22 08:13:20'),
(35, 2, 4, 305, '2026-07-03 07:24:49'),
(36, 2, 4, 306, '2026-07-12 06:13:33'),
(37, 2, 4, 307, '2026-07-04 08:08:30'),
(38, 2, 4, 308, '2026-06-29 13:19:31'),
(39, 2, 4, 309, '2026-06-20 09:06:43'),
(40, 2, 4, 310, '2026-07-01 03:17:12'),
(41, 2, 4, 311, '2026-06-18 06:09:56'),
(42, 2, 4, 312, '2026-06-27 09:18:15'),
(44, 2, 4, 313, '2026-06-27 06:35:01'),
(45, 2, 4, 314, '2026-07-05 22:18:58'),
(52, 4, 4, 315, '2026-07-10 00:26:23'),
(52, 7, 4, 316, '2026-07-13 04:30:05'),
(53, 4, 4, 317, '2026-06-17 07:53:31'),
(53, 7, 4, 318, '2026-07-03 12:27:46'),
(54, 4, 4, 319, '2026-06-21 22:53:35'),
(54, 7, 4, 320, '2026-06-20 18:03:38'),
(55, 4, 4, 321, '2026-07-11 19:07:19'),
(55, 7, 4, 322, '2026-07-04 01:27:27'),
(56, 4, 4, 323, '2026-06-24 23:31:51'),
(56, 7, 4, 324, '2026-06-16 10:52:43'),
(57, 4, 4, 325, '2026-07-10 11:11:57'),
(57, 7, 4, 326, '2026-07-03 09:13:27'),
(58, 4, 4, 327, '2026-06-15 12:12:49'),
(58, 7, 4, 328, '2026-06-26 10:31:37'),
(59, 4, 4, 329, '2026-06-20 03:40:30'),
(59, 7, 4, 330, '2026-07-11 01:16:30'),
(60, 4, 4, 331, '2026-07-07 21:56:49'),
(60, 7, 4, 332, '2026-06-30 04:34:08'),
(62, 4, 4, 333, '2026-06-30 16:04:52'),
(62, 7, 4, 334, '2026-06-18 18:53:21'),
(63, 4, 4, 335, '2026-07-01 02:35:30'),
(63, 7, 4, 336, '2026-07-09 05:02:27'),
(64, 4, 4, 337, '2026-07-06 13:52:14'),
(64, 7, 4, 338, '2026-06-19 13:35:40'),
(65, 4, 4, 339, '2026-07-05 11:11:54'),
(65, 7, 4, 340, '2026-07-10 06:25:29'),
(66, 4, 4, 341, '2026-07-08 10:15:49'),
(66, 7, 4, 342, '2026-06-17 23:54:12'),
(67, 4, 4, 343, '2026-07-12 04:35:33'),
(67, 7, 4, 344, '2026-06-20 12:13:32'),
(68, 4, 4, 345, '2026-07-03 11:22:54'),
(68, 7, 4, 346, '2026-06-29 20:15:35'),
(69, 4, 4, 347, '2026-07-06 06:47:44'),
(69, 7, 4, 348, '2026-07-06 21:56:08'),
(70, 4, 4, 349, '2026-06-19 15:40:52'),
(70, 7, 4, 350, '2026-07-03 05:57:14'),
(71, 4, 4, 351, '2026-07-06 23:01:10'),
(71, 7, 4, 352, '2026-07-08 00:21:42'),
(72, 4, 4, 353, '2026-07-12 19:55:44'),
(72, 7, 4, 354, '2026-06-20 03:22:25'),
(73, 4, 4, 355, '2026-06-21 22:02:48'),
(73, 7, 4, 356, '2026-06-22 08:36:20'),
(74, 4, 4, 357, '2026-07-13 05:25:26'),
(74, 7, 4, 358, '2026-06-22 03:29:05'),
(75, 4, 4, 359, '2026-06-22 06:32:52'),
(75, 7, 4, 360, '2026-06-28 07:15:11'),
(76, 4, 4, 361, '2026-07-04 15:51:15'),
(76, 7, 4, 362, '2026-06-16 21:47:15'),
(77, 4, 4, 363, '2026-06-29 11:46:23'),
(77, 7, 4, 364, '2026-06-20 21:39:25'),
(78, 4, 4, 365, '2026-07-13 21:03:53'),
(78, 7, 4, 366, '2026-07-06 14:01:33'),
(79, 4, 4, 367, '2026-06-23 16:10:22'),
(79, 7, 4, 368, '2026-07-12 07:17:01'),
(80, 4, 4, 369, '2026-07-01 09:47:39'),
(80, 7, 4, 370, '2026-07-06 14:10:32'),
(81, 4, 4, 371, '2026-06-21 22:02:49'),
(81, 7, 4, 372, '2026-06-23 19:03:32'),
(82, 4, 4, 373, '2026-07-02 07:06:01'),
(82, 7, 4, 374, '2026-06-24 01:50:20'),
(83, 4, 4, 375, '2026-07-14 07:17:19'),
(83, 7, 4, 376, '2026-06-27 06:06:45'),
(12, 2, 5, 377, '2026-09-05 18:20:04'),
(13, 2, 5, 378, '2026-09-22 10:37:47'),
(14, 2, 5, 379, '2026-07-29 10:10:40'),
(15, 2, 5, 380, '2026-08-04 00:35:04'),
(16, 2, 5, 381, '2026-08-12 16:23:46'),
(17, 2, 5, 382, '2026-08-04 18:42:26'),
(18, 2, 5, 383, '2026-08-09 04:13:37'),
(20, 2, 5, 384, '2026-09-16 09:48:12'),
(21, 2, 5, 385, '2026-08-19 17:08:46'),
(22, 2, 5, 386, '2026-08-25 07:54:19'),
(23, 2, 5, 387, '2026-10-10 00:52:52'),
(24, 2, 5, 388, '2026-08-09 11:35:03'),
(25, 2, 5, 389, '2026-08-01 15:18:45'),
(26, 2, 5, 390, '2026-07-24 12:16:54'),
(27, 2, 5, 391, '2026-07-16 10:18:24'),
(28, 2, 5, 392, '2026-08-26 00:42:32'),
(29, 2, 5, 393, '2026-09-10 02:21:37'),
(30, 2, 5, 394, '2026-08-12 05:59:28'),
(31, 2, 5, 395, '2026-08-24 04:55:13'),
(32, 2, 5, 396, '2026-09-03 20:23:44'),
(33, 2, 5, 397, '2026-08-21 21:58:13'),
(34, 2, 5, 398, '2026-07-21 14:05:13'),
(35, 2, 5, 399, '2026-07-26 14:49:19'),
(36, 2, 5, 400, '2026-08-13 04:43:35'),
(37, 2, 5, 401, '2026-07-19 07:26:10'),
(38, 2, 5, 402, '2026-08-26 17:49:56'),
(39, 2, 5, 403, '2026-08-17 03:18:15'),
(40, 2, 5, 404, '2026-09-09 18:47:36'),
(41, 2, 5, 405, '2026-09-09 08:12:21'),
(42, 2, 5, 406, '2026-07-29 20:20:31'),
(44, 2, 5, 407, '2026-09-07 12:51:28'),
(45, 2, 5, 408, '2026-10-03 07:47:11'),
(52, 4, 5, 409, '2026-09-28 13:39:43'),
(52, 7, 5, 410, '2026-10-03 18:35:06'),
(53, 4, 5, 411, '2026-08-03 05:42:47'),
(53, 7, 5, 412, '2026-09-29 06:30:55'),
(54, 4, 5, 413, '2026-09-14 19:57:11'),
(54, 7, 5, 414, '2026-09-08 03:41:46'),
(55, 4, 5, 415, '2026-08-27 07:35:50'),
(55, 7, 5, 416, '2026-09-07 00:48:19'),
(56, 4, 5, 417, '2026-07-24 06:01:31'),
(56, 7, 5, 418, '2026-10-10 13:43:40'),
(57, 4, 5, 419, '2026-09-15 07:25:05'),
(57, 7, 5, 420, '2026-09-09 03:18:28'),
(58, 4, 5, 421, '2026-08-12 08:36:41'),
(58, 7, 5, 422, '2026-07-16 11:31:49'),
(59, 4, 5, 423, '2026-08-29 08:54:35'),
(59, 7, 5, 424, '2026-07-31 14:26:32'),
(60, 4, 5, 425, '2026-08-07 05:30:39'),
(60, 7, 5, 426, '2026-08-25 19:36:15'),
(62, 4, 5, 427, '2026-09-08 07:11:28'),
(62, 7, 5, 428, '2026-08-17 20:36:09'),
(63, 4, 5, 429, '2026-07-15 06:30:56'),
(63, 7, 5, 430, '2026-07-17 04:34:02'),
(64, 4, 5, 431, '2026-07-29 18:18:38'),
(64, 7, 5, 432, '2026-08-28 06:11:26'),
(65, 4, 5, 433, '2026-07-25 11:34:00'),
(65, 7, 5, 434, '2026-09-05 19:34:34'),
(66, 4, 5, 435, '2026-07-21 02:21:50'),
(66, 7, 5, 436, '2026-07-30 08:47:22'),
(67, 4, 5, 437, '2026-09-06 03:43:09'),
(67, 7, 5, 438, '2026-08-12 05:47:47'),
(68, 4, 5, 439, '2026-10-03 15:25:54'),
(68, 7, 5, 440, '2026-08-07 00:22:23'),
(69, 4, 5, 441, '2026-07-29 17:01:30'),
(69, 7, 5, 442, '2026-07-16 02:50:06'),
(70, 4, 5, 443, '2026-09-26 09:21:40'),
(70, 7, 5, 444, '2026-09-18 16:30:28'),
(71, 4, 5, 445, '2026-09-11 05:18:28'),
(71, 7, 5, 446, '2026-09-01 23:08:48'),
(72, 4, 5, 447, '2026-08-27 21:32:14'),
(72, 7, 5, 448, '2026-09-19 04:06:35'),
(73, 4, 5, 449, '2026-09-16 15:46:34'),
(73, 7, 5, 450, '2026-09-02 20:07:04'),
(74, 4, 5, 451, '2026-08-15 21:44:24'),
(74, 7, 5, 452, '2026-10-13 06:27:59'),
(75, 4, 5, 453, '2026-09-21 05:10:27'),
(75, 7, 5, 454, '2026-09-03 00:15:42'),
(76, 4, 5, 455, '2026-07-27 04:56:38'),
(76, 7, 5, 456, '2026-07-16 21:27:30'),
(77, 4, 5, 457, '2026-08-27 03:36:01'),
(77, 7, 5, 458, '2026-10-05 23:48:55'),
(78, 4, 5, 459, '2026-07-25 17:38:22'),
(78, 7, 5, 460, '2026-07-19 19:27:42'),
(79, 4, 5, 461, '2026-10-06 19:08:50'),
(79, 7, 5, 462, '2026-08-24 15:41:22'),
(80, 4, 5, 463, '2026-09-06 06:42:43'),
(80, 7, 5, 464, '2026-08-27 09:51:15'),
(81, 4, 5, 465, '2026-08-26 22:00:01'),
(81, 7, 5, 466, '2026-08-15 05:11:41'),
(82, 4, 5, 467, '2026-07-26 15:33:45'),
(82, 7, 5, 468, '2026-09-24 03:58:38'),
(83, 4, 5, 469, '2026-09-05 09:41:47'),
(83, 7, 5, 470, '2026-07-26 17:56:32');

INSERT INTO evaluation_details (evaluation_id, question_id, score, comment) VALUES
(1, 1, 5, NULL),
(1, 2, 5, NULL),
(1, 3, 4, NULL),
(1, 4, 5, NULL),
(1, 5, 5, NULL),
(1, 6, 4, NULL),
(1, 7, 4, NULL),
(1, 8, 4, NULL),
(1, 9, 5, NULL),
(1, 10, 5, NULL),
(1, 11, NULL, 'Me encanta su forma de liderar, he aprendido mucho de él.'),
(2, 1, 4, NULL),
(2, 2, 4, NULL),
(2, 3, 3, NULL),
(2, 4, 5, NULL),
(2, 5, 5, NULL),
(2, 6, 5, NULL),
(2, 7, 4, NULL),
(2, 8, 4, NULL),
(2, 9, 5, NULL),
(2, 10, 4, NULL),
(2, 11, NULL, 'Las dailies son muy útiles, las dirige muy bien.'),
(3, 1, 5, NULL),
(3, 2, 5, NULL),
(3, 3, 5, NULL),
(3, 4, 4, NULL),
(3, 5, 5, NULL),
(3, 6, 4, NULL),
(3, 7, 5, NULL),
(3, 8, 5, NULL),
(3, 9, 5, NULL),
(3, 10, 4, NULL),
(3, 11, NULL, 'Debería mantener su paciencia, es un gran líder.'),
(4, 1, 4, NULL),
(4, 2, 4, NULL),
(4, 3, 4, NULL),
(4, 4, 5, NULL),
(4, 5, 4, NULL),
(4, 6, 4, NULL),
(4, 7, 5, NULL),
(4, 8, 5, NULL),
(4, 9, 5, NULL),
(4, 10, 4, NULL),
(4, 11, NULL, 'Debería mantener su paciencia, es un gran líder.'),
(5, 1, 5, NULL),
(5, 2, 4, NULL),
(5, 3, 4, NULL),
(5, 4, 5, NULL),
(5, 5, 3, NULL),
(5, 6, 3, NULL),
(5, 7, 5, NULL),
(5, 8, 5, NULL),
(5, 9, 5, NULL),
(5, 10, 5, NULL),
(5, 11, NULL, 'Me gustaría que las dailies fueran un poco más largas.'),
(6, 1, 4, NULL),
(6, 2, 4, NULL),
(6, 3, 5, NULL),
(6, 4, 4, NULL),
(6, 5, 4, NULL),
(6, 6, 4, NULL),
(6, 7, 3, NULL),
(6, 8, 5, NULL),
(6, 9, 5, NULL),
(6, 10, 4, NULL),
(6, 11, NULL, 'Me gustaría que las dailies fueran un poco más largas.'),
(7, 1, 5, NULL),
(7, 2, 4, NULL),
(7, 3, 5, NULL),
(7, 4, 3, NULL),
(7, 5, 4, NULL),
(7, 6, 5, NULL),
(7, 7, 4, NULL),
(7, 8, 5, NULL),
(7, 9, 4, NULL),
(7, 10, 5, NULL),
(7, 11, NULL, 'A veces se demora un poco en contestar por Slack, pero cuando lo hace es muy claro.'),
(8, 1, 5, NULL),
(8, 2, 5, NULL),
(8, 3, 5, NULL),
(8, 4, 5, NULL),
(8, 5, 5, NULL),
(8, 6, 5, NULL),
(8, 7, 4, NULL),
(8, 8, 4, NULL),
(8, 9, 4, NULL),
(8, 10, 4, NULL),
(9, 1, 4, NULL),
(9, 2, 4, NULL),
(9, 3, 4, NULL),
(9, 4, 5, NULL),
(9, 5, 5, NULL),
(9, 6, 4, NULL),
(9, 7, 5, NULL),
(9, 8, 5, NULL),
(9, 9, 5, NULL),
(9, 10, 3, NULL),
(10, 1, 4, NULL),
(10, 2, 4, NULL),
(10, 3, 5, NULL),
(10, 4, 4, NULL),
(10, 5, 5, NULL),
(10, 6, 4, NULL),
(10, 7, 4, NULL),
(10, 8, 5, NULL),
(10, 9, 4, NULL),
(10, 10, 4, NULL),
(10, 11, NULL, 'Podría darnos más recursos externos para estudiar.'),
(11, 1, 5, NULL),
(11, 2, 5, NULL),
(11, 3, 5, NULL),
(11, 4, 3, NULL),
(11, 5, 5, NULL),
(11, 6, 4, NULL),
(11, 7, 3, NULL),
(11, 8, 4, NULL),
(11, 9, 5, NULL),
(11, 10, 4, NULL),
(11, 11, NULL, 'Me encanta su forma de liderar, he aprendido mucho de él.'),
(12, 1, 4, NULL),
(12, 2, 5, NULL),
(12, 3, 4, NULL),
(12, 4, 4, NULL),
(12, 5, 4, NULL),
(12, 6, 5, NULL),
(12, 7, 5, NULL),
(12, 8, 5, NULL),
(12, 9, 3, NULL),
(12, 10, 4, NULL),
(12, 11, NULL, 'Muy buen TL, siempre nos guía cuando estamos bloqueados.'),
(13, 1, 4, NULL),
(13, 2, 5, NULL),
(13, 3, 5, NULL),
(13, 4, 4, NULL),
(13, 5, 4, NULL),
(13, 6, 5, NULL),
(13, 7, 4, NULL),
(13, 8, 4, NULL),
(13, 9, 5, NULL),
(13, 10, 5, NULL),
(13, 11, NULL, 'Excelente acompañamiento, siempre está dispuesto a ayudarnos.'),
(14, 1, 4, NULL),
(14, 2, 5, NULL),
(14, 3, 5, NULL),
(14, 4, 4, NULL),
(14, 5, 4, NULL),
(14, 6, 4, NULL),
(14, 7, 4, NULL),
(14, 8, 5, NULL),
(14, 9, 4, NULL),
(14, 10, 5, NULL),
(14, 11, NULL, 'Muy buen TL, siempre nos guía cuando estamos bloqueados.'),
(15, 1, 5, NULL),
(15, 2, 5, NULL),
(15, 3, 5, NULL),
(15, 4, 3, NULL),
(15, 5, 5, NULL),
(15, 6, 5, NULL),
(15, 7, 3, NULL),
(15, 8, 5, NULL),
(15, 9, 4, NULL),
(15, 10, 5, NULL),
(15, 11, NULL, 'Explica súper bien los requerimientos de los proyectos.'),
(16, 1, 4, NULL),
(16, 2, 4, NULL),
(16, 3, 4, NULL),
(16, 4, 3, NULL),
(16, 5, 5, NULL),
(16, 6, 4, NULL),
(16, 7, 4, NULL),
(16, 8, 4, NULL),
(16, 9, 5, NULL),
(16, 10, 3, NULL),
(16, 11, NULL, 'Excelente acompañamiento, siempre está dispuesto a ayudarnos.'),
(17, 1, 3, NULL),
(17, 2, 5, NULL),
(17, 3, 5, NULL),
(17, 4, 5, NULL),
(17, 5, 5, NULL),
(17, 6, 4, NULL),
(17, 7, 5, NULL),
(17, 8, 5, NULL),
(17, 9, 5, NULL),
(17, 10, 5, NULL),
(18, 1, 5, NULL),
(18, 2, 4, NULL),
(18, 3, 5, NULL),
(18, 4, 4, NULL),
(18, 5, 3, NULL),
(18, 6, 4, NULL),
(18, 7, 5, NULL),
(18, 8, 5, NULL),
(18, 9, 5, NULL),
(18, 10, 5, NULL),
(19, 1, 5, NULL),
(19, 2, 4, NULL),
(19, 3, 5, NULL),
(19, 4, 5, NULL),
(19, 5, 4, NULL),
(19, 6, 4, NULL),
(19, 7, 5, NULL),
(19, 8, 5, NULL),
(19, 9, 5, NULL),
(19, 10, 5, NULL),
(19, 11, NULL, 'Excelente acompañamiento, siempre está dispuesto a ayudarnos.'),
(20, 1, 5, NULL),
(20, 2, 5, NULL),
(20, 3, 5, NULL),
(20, 4, 4, NULL),
(20, 5, 5, NULL),
(20, 6, 3, NULL),
(20, 7, 4, NULL),
(20, 8, 5, NULL),
(20, 9, 5, NULL),
(20, 10, 4, NULL),
(20, 11, NULL, 'Explica súper bien los requerimientos de los proyectos.'),
(21, 1, 4, NULL),
(21, 2, 5, NULL),
(21, 3, 4, NULL),
(21, 4, 5, NULL),
(21, 5, 4, NULL),
(21, 6, 5, NULL),
(21, 7, 5, NULL),
(21, 8, 4, NULL),
(21, 9, 3, NULL),
(21, 10, 4, NULL),
(21, 11, NULL, 'Gracias a él he mejorado mucho mi lógica.'),
(22, 1, 3, NULL),
(22, 2, 5, NULL),
(22, 3, 4, NULL),
(22, 4, 4, NULL),
(22, 5, 4, NULL),
(22, 6, 3, NULL),
(22, 7, 5, NULL),
(22, 8, 5, NULL),
(22, 9, 3, NULL),
(22, 10, 3, NULL),
(22, 11, NULL, 'Debería mantener su paciencia, es un gran líder.'),
(23, 1, 4, NULL),
(23, 2, 5, NULL),
(23, 3, 5, NULL),
(23, 4, 5, NULL),
(23, 5, 4, NULL),
(23, 6, 5, NULL),
(23, 7, 5, NULL),
(23, 8, 4, NULL),
(23, 9, 4, NULL),
(23, 10, 3, NULL),
(23, 11, NULL, 'Me encanta su forma de liderar, he aprendido mucho de él.'),
(24, 1, 5, NULL),
(24, 2, 4, NULL),
(24, 3, 5, NULL),
(24, 4, 4, NULL),
(24, 5, 3, NULL),
(24, 6, 4, NULL),
(24, 7, 3, NULL),
(24, 8, 5, NULL),
(24, 9, 5, NULL),
(24, 10, 5, NULL),
(24, 11, NULL, 'Gracias a él he mejorado mucho mi lógica.'),
(25, 1, 5, NULL),
(25, 2, 5, NULL),
(25, 3, 4, NULL),
(25, 4, 4, NULL),
(25, 5, 5, NULL),
(25, 6, 4, NULL),
(25, 7, 5, NULL),
(25, 8, 4, NULL),
(25, 9, 4, NULL),
(25, 10, 4, NULL),
(25, 11, NULL, 'Explica súper bien los requerimientos de los proyectos.'),
(26, 1, 5, NULL),
(26, 2, 5, NULL),
(26, 3, 5, NULL),
(26, 4, 4, NULL),
(26, 5, 4, NULL),
(26, 6, 4, NULL),
(26, 7, 4, NULL),
(26, 8, 5, NULL),
(26, 9, 4, NULL),
(26, 10, 5, NULL),
(26, 11, NULL, 'Explica súper bien los requerimientos de los proyectos.'),
(27, 1, 5, NULL),
(27, 2, 4, NULL),
(27, 3, 5, NULL),
(27, 4, 5, NULL),
(27, 5, 4, NULL),
(27, 6, 5, NULL),
(27, 7, 5, NULL),
(27, 8, 5, NULL),
(27, 9, 4, NULL),
(27, 10, 4, NULL),
(27, 11, NULL, 'Podría darnos más recursos externos para estudiar.'),
(28, 1, 5, NULL),
(28, 2, 5, NULL),
(28, 3, 5, NULL),
(28, 4, 4, NULL),
(28, 5, 5, NULL),
(28, 6, 4, NULL),
(28, 7, 5, NULL),
(28, 8, 5, NULL),
(28, 9, 4, NULL),
(28, 10, 3, NULL),
(28, 11, NULL, 'Me encanta su forma de liderar, he aprendido mucho de él.'),
(29, 1, 4, NULL),
(29, 2, 5, NULL),
(29, 3, 4, NULL),
(29, 4, 5, NULL),
(29, 5, 4, NULL),
(29, 6, 5, NULL),
(29, 7, 5, NULL),
(29, 8, 5, NULL),
(29, 9, 5, NULL),
(29, 10, 4, NULL),
(29, 11, NULL, 'Me encanta su forma de liderar, he aprendido mucho de él.'),
(30, 1, 4, NULL),
(30, 2, 5, NULL),
(30, 3, 5, NULL),
(30, 4, 5, NULL),
(30, 5, 5, NULL),
(30, 6, 4, NULL),
(30, 7, 5, NULL),
(30, 8, 4, NULL),
(30, 9, 4, NULL),
(30, 10, 5, NULL),
(30, 11, NULL, 'Debería mantener su paciencia, es un gran líder.'),
(31, 1, 5, NULL),
(31, 2, 4, NULL),
(31, 3, 4, NULL),
(31, 4, 4, NULL),
(31, 5, 5, NULL),
(31, 6, 5, NULL),
(31, 7, 5, NULL),
(31, 8, 3, NULL),
(31, 9, 4, NULL),
(31, 10, 5, NULL),
(31, 11, NULL, 'Debería mantener su paciencia, es un gran líder.'),
(32, 1, 5, NULL),
(32, 2, 5, NULL),
(32, 3, 4, NULL),
(32, 4, 5, NULL),
(32, 5, 5, NULL),
(32, 6, 5, NULL),
(32, 7, 5, NULL),
(32, 8, 5, NULL),
(32, 9, 3, NULL),
(32, 10, 5, NULL),
(32, 11, NULL, 'Me encanta su forma de liderar, he aprendido mucho de él.'),
(33, 1, 5, NULL),
(33, 2, 5, NULL),
(33, 3, 4, NULL),
(33, 4, 4, NULL),
(33, 5, 4, NULL),
(33, 6, 5, NULL),
(33, 7, 4, NULL),
(33, 8, 4, NULL),
(33, 9, 5, NULL),
(33, 10, 5, NULL),
(34, 12, 5, NULL),
(34, 13, 5, NULL),
(34, 14, 4, NULL),
(34, 15, 4, NULL),
(34, 16, 4, NULL),
(34, 17, 4, NULL),
(34, 18, 5, NULL),
(34, 19, 4, NULL),
(34, 20, NULL, 'Es muy amable y sabe cómo explicar temas difíciles.'),
(35, 1, 4, NULL),
(35, 2, 4, NULL),
(35, 3, 4, NULL),
(35, 4, 5, NULL),
(35, 5, 5, NULL),
(35, 6, 5, NULL),
(35, 7, 5, NULL),
(35, 8, 5, NULL),
(35, 9, 5, NULL),
(35, 10, 4, NULL),
(36, 12, 5, NULL),
(36, 13, 5, NULL),
(36, 14, 4, NULL),
(36, 15, 5, NULL),
(36, 16, 4, NULL),
(36, 17, 5, NULL),
(36, 18, 4, NULL),
(36, 19, 4, NULL),
(37, 1, 4, NULL),
(37, 2, 3, NULL),
(37, 3, 4, NULL),
(37, 4, 5, NULL),
(37, 5, 5, NULL),
(37, 6, 4, NULL),
(37, 7, 5, NULL),
(37, 8, 4, NULL),
(37, 9, 3, NULL),
(37, 10, 4, NULL),
(37, 11, NULL, 'Me encanta su forma de liderar, he aprendido mucho de él.'),
(38, 12, 5, NULL),
(38, 13, 5, NULL),
(38, 14, 4, NULL),
(38, 15, 3, NULL),
(38, 16, 5, NULL),
(38, 17, 3, NULL),
(38, 18, 5, NULL),
(38, 19, 4, NULL),
(39, 1, 4, NULL),
(39, 2, 3, NULL),
(39, 3, 5, NULL),
(39, 4, 4, NULL),
(39, 5, 5, NULL),
(39, 6, 5, NULL),
(39, 7, 3, NULL),
(39, 8, 5, NULL),
(39, 9, 5, NULL),
(39, 10, 5, NULL),
(39, 11, NULL, 'Excelente acompañamiento, siempre está dispuesto a ayudarnos.'),
(40, 12, 5, NULL),
(40, 13, 4, NULL),
(40, 14, 5, NULL),
(40, 15, 5, NULL),
(40, 16, 5, NULL),
(40, 17, 5, NULL),
(40, 18, 3, NULL),
(40, 19, 5, NULL),
(40, 20, NULL, 'Me gustaría más ejercicios prácticos en vivo.'),
(41, 1, 5, NULL),
(41, 2, 5, NULL),
(41, 3, 4, NULL),
(41, 4, 4, NULL),
(41, 5, 5, NULL),
(41, 6, 5, NULL),
(41, 7, 4, NULL),
(41, 8, 5, NULL),
(41, 9, 4, NULL),
(41, 10, 5, NULL),
(41, 11, NULL, 'Las dailies son muy útiles, las dirige muy bien.'),
(42, 12, 3, NULL),
(42, 13, 5, NULL),
(42, 14, 5, NULL),
(42, 15, 4, NULL),
(42, 16, 5, NULL),
(42, 17, 5, NULL),
(42, 18, 3, NULL),
(42, 19, 5, NULL),
(43, 1, 5, NULL),
(43, 2, 5, NULL),
(43, 3, 5, NULL),
(43, 4, 5, NULL),
(43, 5, 4, NULL),
(43, 6, 5, NULL),
(43, 7, 4, NULL),
(43, 8, 5, NULL),
(43, 9, 5, NULL),
(43, 10, 5, NULL),
(43, 11, NULL, 'Me gustaría que las dailies fueran un poco más largas.'),
(44, 12, 3, NULL),
(44, 13, 5, NULL),
(44, 14, 3, NULL),
(44, 15, 5, NULL),
(44, 16, 4, NULL),
(44, 17, 4, NULL),
(44, 18, 4, NULL),
(44, 19, 4, NULL),
(44, 20, NULL, 'Me encanta cómo explica la arquitectura de software.'),
(45, 1, 5, NULL),
(45, 2, 3, NULL),
(45, 3, 5, NULL),
(45, 4, 5, NULL),
(45, 5, 4, NULL),
(45, 6, 4, NULL),
(45, 7, 4, NULL),
(45, 8, 5, NULL),
(45, 9, 5, NULL),
(45, 10, 5, NULL),
(45, 11, NULL, 'Debería mantener su paciencia, es un gran líder.'),
(46, 12, 5, NULL),
(46, 13, 3, NULL),
(46, 14, 5, NULL),
(46, 15, 3, NULL),
(46, 16, 5, NULL),
(46, 17, 5, NULL),
(46, 18, 5, NULL),
(46, 19, 5, NULL),
(46, 20, NULL, 'A veces va un poco rápido en la clase, pero las grabaciones ayudan.'),
(47, 1, 5, NULL),
(47, 2, 5, NULL),
(47, 3, 5, NULL),
(47, 4, 5, NULL),
(47, 5, 4, NULL),
(47, 6, 4, NULL),
(47, 7, 5, NULL),
(47, 8, 4, NULL),
(47, 9, 5, NULL),
(47, 10, 4, NULL),
(47, 11, NULL, 'Muy buen TL, siempre nos guía cuando estamos bloqueados.'),
(48, 12, 5, NULL),
(48, 13, 5, NULL),
(48, 14, 5, NULL),
(48, 15, 3, NULL),
(48, 16, 3, NULL),
(48, 17, 5, NULL),
(48, 18, 4, NULL),
(48, 19, 4, NULL),
(48, 20, NULL, 'Las clases son súper claras, los ejemplos en vivo ayudan muchísimo.'),
(49, 1, 3, NULL),
(49, 2, 4, NULL),
(49, 3, 5, NULL),
(49, 4, 4, NULL),
(49, 5, 5, NULL),
(49, 6, 3, NULL),
(49, 7, 4, NULL),
(49, 8, 4, NULL),
(49, 9, 4, NULL),
(49, 10, 4, NULL),
(49, 11, NULL, 'Debería mantener su paciencia, es un gran líder.'),
(50, 12, 5, NULL),
(50, 13, 5, NULL),
(50, 14, 4, NULL),
(50, 15, 5, NULL),
(50, 16, 5, NULL),
(50, 17, 5, NULL),
(50, 18, 5, NULL),
(50, 19, 5, NULL),
(50, 20, NULL, 'Me encanta cómo explica la arquitectura de software.'),
(51, 1, 3, NULL),
(51, 2, 4, NULL),
(51, 3, 5, NULL),
(51, 4, 5, NULL),
(51, 5, 4, NULL),
(51, 6, 4, NULL),
(51, 7, 3, NULL),
(51, 8, 4, NULL),
(51, 9, 4, NULL),
(51, 10, 5, NULL),
(52, 12, 5, NULL),
(52, 13, 4, NULL),
(52, 14, 3, NULL),
(52, 15, 5, NULL),
(52, 16, 4, NULL),
(52, 17, 5, NULL),
(52, 18, 5, NULL),
(52, 19, 4, NULL),
(53, 1, 4, NULL),
(53, 2, 4, NULL),
(53, 3, 4, NULL),
(53, 4, 3, NULL),
(53, 5, 4, NULL),
(53, 6, 3, NULL),
(53, 7, 4, NULL),
(53, 8, 4, NULL),
(53, 9, 5, NULL),
(53, 10, 4, NULL),
(54, 12, 4, NULL),
(54, 13, 5, NULL),
(54, 14, 4, NULL),
(54, 15, 5, NULL),
(54, 16, 5, NULL),
(54, 17, 5, NULL),
(54, 18, 5, NULL),
(54, 19, 4, NULL),
(54, 20, NULL, 'Es muy amable y sabe cómo explicar temas difíciles.'),
(55, 1, 5, NULL),
(55, 2, 4, NULL),
(55, 3, 5, NULL),
(55, 4, 5, NULL),
(55, 5, 5, NULL),
(55, 6, 5, NULL),
(55, 7, 4, NULL),
(55, 8, 5, NULL),
(55, 9, 4, NULL),
(55, 10, 5, NULL),
(55, 11, NULL, 'Debería mantener su paciencia, es un gran líder.'),
(56, 12, 5, NULL),
(56, 13, 5, NULL),
(56, 14, 4, NULL),
(56, 15, 5, NULL),
(56, 16, 4, NULL),
(56, 17, 5, NULL),
(56, 18, 4, NULL),
(56, 19, 5, NULL),
(56, 20, NULL, 'Excelente dominio de FastAPI, resuelve las dudas en el acto.'),
(57, 1, 5, NULL),
(57, 2, 5, NULL),
(57, 3, 4, NULL),
(57, 4, 4, NULL),
(57, 5, 5, NULL),
(57, 6, 5, NULL),
(57, 7, 4, NULL),
(57, 8, 5, NULL),
(57, 9, 5, NULL),
(57, 10, 5, NULL),
(57, 11, NULL, 'A veces se demora un poco en contestar por Slack, pero cuando lo hace es muy claro.'),
(58, 12, 4, NULL),
(58, 13, 3, NULL),
(58, 14, 4, NULL),
(58, 15, 5, NULL),
(58, 16, 5, NULL),
(58, 17, 5, NULL),
(58, 18, 4, NULL),
(58, 19, 5, NULL),
(58, 20, NULL, 'Me gustaría más ejercicios prácticos en vivo.'),
(59, 1, 5, NULL),
(59, 2, 5, NULL),
(59, 3, 4, NULL),
(59, 4, 3, NULL),
(59, 5, 5, NULL),
(59, 6, 4, NULL),
(59, 7, 4, NULL),
(59, 8, 5, NULL),
(59, 9, 4, NULL),
(59, 10, 4, NULL),
(59, 11, NULL, 'Explica súper bien los requerimientos de los proyectos.'),
(60, 12, 5, NULL),
(60, 13, 4, NULL),
(60, 14, 4, NULL),
(60, 15, 5, NULL),
(60, 16, 3, NULL),
(60, 17, 5, NULL),
(60, 18, 4, NULL),
(60, 19, 3, NULL),
(60, 20, NULL, 'A veces va un poco rápido en la clase, pero las grabaciones ayudan.'),
(61, 1, 4, NULL),
(61, 2, 5, NULL),
(61, 3, 4, NULL),
(61, 4, 3, NULL),
(61, 5, 4, NULL),
(61, 6, 4, NULL),
(61, 7, 4, NULL),
(61, 8, 5, NULL),
(61, 9, 4, NULL),
(61, 10, 4, NULL),
(61, 11, NULL, 'Gracias a él he mejorado mucho mi lógica.'),
(62, 12, 4, NULL),
(62, 13, 5, NULL),
(62, 14, 5, NULL),
(62, 15, 4, NULL),
(62, 16, 5, NULL),
(62, 17, 5, NULL),
(62, 18, 4, NULL),
(62, 19, 5, NULL),
(62, 20, NULL, 'Es muy amable y sabe cómo explicar temas difíciles.'),
(63, 1, 3, NULL),
(63, 2, 4, NULL),
(63, 3, 4, NULL),
(63, 4, 5, NULL),
(63, 5, 5, NULL),
(63, 6, 5, NULL),
(63, 7, 5, NULL),
(63, 8, 5, NULL),
(63, 9, 5, NULL),
(63, 10, 4, NULL),
(63, 11, NULL, 'Podría darnos más recursos externos para estudiar.'),
(64, 12, 4, NULL),
(64, 13, 5, NULL),
(64, 14, 5, NULL),
(64, 15, 4, NULL),
(64, 16, 3, NULL),
(64, 17, 5, NULL),
(64, 18, 5, NULL),
(64, 19, 5, NULL),
(64, 20, NULL, 'Me encanta cómo explica la arquitectura de software.'),
(65, 1, 4, NULL),
(65, 2, 5, NULL),
(65, 3, 5, NULL),
(65, 4, 5, NULL),
(65, 5, 5, NULL),
(65, 6, 4, NULL),
(65, 7, 5, NULL),
(65, 8, 5, NULL),
(65, 9, 4, NULL),
(65, 10, 3, NULL),
(65, 11, NULL, 'Me encanta su forma de liderar, he aprendido mucho de él.'),
(66, 12, 5, NULL),
(66, 13, 5, NULL),
(66, 14, 4, NULL),
(66, 15, 5, NULL),
(66, 16, 5, NULL),
(66, 17, 3, NULL),
(66, 18, 5, NULL),
(66, 19, 4, NULL),
(67, 1, 5, NULL),
(67, 2, 4, NULL),
(67, 3, 4, NULL),
(67, 4, 5, NULL),
(67, 5, 5, NULL),
(67, 6, 5, NULL),
(67, 7, 5, NULL),
(67, 8, 4, NULL),
(67, 9, 4, NULL),
(67, 10, 5, NULL),
(67, 11, NULL, 'A veces se demora un poco en contestar por Slack, pero cuando lo hace es muy claro.'),
(68, 12, 4, NULL),
(68, 13, 5, NULL),
(68, 14, 4, NULL),
(68, 15, 5, NULL),
(68, 16, 4, NULL),
(68, 17, 4, NULL),
(68, 18, 3, NULL),
(68, 19, 5, NULL),
(69, 1, 5, NULL),
(69, 2, 5, NULL),
(69, 3, 5, NULL),
(69, 4, 4, NULL),
(69, 5, 5, NULL),
(69, 6, 4, NULL),
(69, 7, 5, NULL),
(69, 8, 5, NULL),
(69, 9, 5, NULL),
(69, 10, 5, NULL),
(69, 11, NULL, 'Gracias a él he mejorado mucho mi lógica.'),
(70, 12, 4, NULL),
(70, 13, 5, NULL),
(70, 14, 4, NULL),
(70, 15, 4, NULL),
(70, 16, 3, NULL),
(70, 17, 5, NULL),
(70, 18, 5, NULL),
(70, 19, 4, NULL),
(70, 20, NULL, 'A veces va un poco rápido en la clase, pero las grabaciones ayudan.'),
(71, 1, 4, NULL),
(71, 2, 4, NULL),
(71, 3, 5, NULL),
(71, 4, 4, NULL),
(71, 5, 4, NULL),
(71, 6, 3, NULL),
(71, 7, 4, NULL),
(71, 8, 4, NULL),
(71, 9, 5, NULL),
(71, 10, 4, NULL),
(71, 11, NULL, 'Me encanta su forma de liderar, he aprendido mucho de él.'),
(72, 12, 5, NULL),
(72, 13, 5, NULL),
(72, 14, 5, NULL),
(72, 15, 5, NULL),
(72, 16, 5, NULL),
(72, 17, 4, NULL),
(72, 18, 5, NULL),
(72, 19, 5, NULL),
(72, 20, NULL, 'Es muy amable y sabe cómo explicar temas difíciles.'),
(73, 1, 5, NULL),
(73, 2, 3, NULL),
(73, 3, 4, NULL),
(73, 4, 5, NULL),
(73, 5, 5, NULL),
(73, 6, 4, NULL),
(73, 7, 5, NULL),
(73, 8, 4, NULL),
(73, 9, 5, NULL),
(73, 10, 4, NULL),
(73, 11, NULL, 'Gracias a él he mejorado mucho mi lógica.'),
(74, 12, 5, NULL),
(74, 13, 4, NULL),
(74, 14, 5, NULL),
(74, 15, 5, NULL),
(74, 16, 4, NULL),
(74, 17, 5, NULL),
(74, 18, 4, NULL),
(74, 19, 5, NULL),
(74, 20, NULL, 'Es muy amable y sabe cómo explicar temas difíciles.'),
(75, 1, 5, NULL),
(75, 2, 5, NULL),
(75, 3, 5, NULL),
(75, 4, 5, NULL),
(75, 5, 4, NULL),
(75, 6, 4, NULL),
(75, 7, 4, NULL),
(75, 8, 5, NULL),
(75, 9, 5, NULL),
(75, 10, 5, NULL),
(75, 11, NULL, 'Podría darnos más recursos externos para estudiar.'),
(76, 12, 5, NULL),
(76, 13, 5, NULL),
(76, 14, 4, NULL),
(76, 15, 4, NULL),
(76, 16, 4, NULL),
(76, 17, 3, NULL),
(76, 18, 5, NULL),
(76, 19, 4, NULL),
(76, 20, NULL, 'Me encanta cómo explica la arquitectura de software.'),
(77, 1, 3, NULL),
(77, 2, 5, NULL),
(77, 3, 5, NULL),
(77, 4, 4, NULL),
(77, 5, 5, NULL),
(77, 6, 5, NULL),
(77, 7, 5, NULL),
(77, 8, 3, NULL),
(77, 9, 5, NULL),
(77, 10, 4, NULL),
(78, 12, 4, NULL),
(78, 13, 4, NULL),
(78, 14, 3, NULL),
(78, 15, 4, NULL),
(78, 16, 3, NULL),
(78, 17, 4, NULL),
(78, 18, 5, NULL),
(78, 19, 5, NULL),
(79, 1, 5, NULL),
(79, 2, 5, NULL),
(79, 3, 5, NULL),
(79, 4, 5, NULL),
(79, 5, 5, NULL),
(79, 6, 5, NULL),
(79, 7, 4, NULL),
(79, 8, 5, NULL),
(79, 9, 3, NULL),
(79, 10, 5, NULL),
(80, 12, 5, NULL),
(80, 13, 5, NULL),
(80, 14, 4, NULL),
(80, 15, 4, NULL),
(80, 16, 4, NULL),
(80, 17, 5, NULL),
(80, 18, 4, NULL),
(80, 19, 5, NULL),
(80, 20, NULL, 'Me encanta cómo explica la arquitectura de software.'),
(81, 1, 4, NULL),
(81, 2, 4, NULL),
(81, 3, 4, NULL),
(81, 4, 4, NULL),
(81, 5, 3, NULL),
(81, 6, 4, NULL),
(81, 7, 4, NULL),
(81, 8, 4, NULL),
(81, 9, 4, NULL),
(81, 10, 4, NULL),
(81, 11, NULL, 'Las dailies son muy útiles, las dirige muy bien.'),
(82, 12, 5, NULL),
(82, 13, 5, NULL),
(82, 14, 4, NULL),
(82, 15, 4, NULL),
(82, 16, 3, NULL),
(82, 17, 4, NULL),
(82, 18, 4, NULL),
(82, 19, 5, NULL),
(82, 20, NULL, 'Las clases son súper claras, los ejemplos en vivo ayudan muchísimo.'),
(83, 1, 5, NULL),
(83, 2, 4, NULL),
(83, 3, 5, NULL),
(83, 4, 4, NULL),
(83, 5, 3, NULL),
(83, 6, 4, NULL),
(83, 7, 5, NULL),
(83, 8, 5, NULL),
(83, 9, 4, NULL),
(83, 10, 4, NULL),
(83, 11, NULL, 'Me gustaría que las dailies fueran un poco más largas.'),
(84, 12, 5, NULL),
(84, 13, 5, NULL),
(84, 14, 4, NULL),
(84, 15, 4, NULL),
(84, 16, 4, NULL),
(84, 17, 5, NULL),
(84, 18, 5, NULL),
(84, 19, 4, NULL),
(84, 20, NULL, 'A veces va un poco rápido en la clase, pero las grabaciones ayudan.'),
(85, 1, 4, NULL),
(85, 2, 5, NULL),
(85, 3, 3, NULL),
(85, 4, 5, NULL),
(85, 5, 5, NULL),
(85, 6, 4, NULL),
(85, 7, 3, NULL),
(85, 8, 4, NULL),
(85, 9, 4, NULL),
(85, 10, 5, NULL),
(85, 11, NULL, 'Me gustaría que las dailies fueran un poco más largas.'),
(86, 12, 4, NULL),
(86, 13, 3, NULL),
(86, 14, 5, NULL),
(86, 15, 5, NULL),
(86, 16, 5, NULL),
(86, 17, 5, NULL),
(86, 18, 4, NULL),
(86, 19, 4, NULL),
(87, 1, 4, NULL),
(87, 2, 4, NULL),
(87, 3, 4, NULL),
(87, 4, 4, NULL),
(87, 5, 3, NULL),
(87, 6, 5, NULL),
(87, 7, 4, NULL),
(87, 8, 5, NULL),
(87, 9, 5, NULL),
(87, 10, 4, NULL),
(88, 12, 3, NULL),
(88, 13, 4, NULL),
(88, 14, 4, NULL),
(88, 15, 4, NULL),
(88, 16, 5, NULL),
(88, 17, 5, NULL),
(88, 18, 5, NULL),
(88, 19, 3, NULL),
(88, 20, NULL, 'Las clases son súper claras, los ejemplos en vivo ayudan muchísimo.'),
(89, 1, 5, NULL),
(89, 2, 5, NULL),
(89, 3, 4, NULL),
(89, 4, 4, NULL),
(89, 5, 5, NULL),
(89, 6, 4, NULL),
(89, 7, 4, NULL),
(89, 8, 5, NULL),
(89, 9, 4, NULL),
(89, 10, 4, NULL),
(89, 11, NULL, 'Me encanta su forma de liderar, he aprendido mucho de él.'),
(90, 12, 3, NULL),
(90, 13, 4, NULL),
(90, 14, 3, NULL),
(90, 15, 5, NULL),
(90, 16, 4, NULL),
(90, 17, 3, NULL),
(90, 18, 4, NULL),
(90, 19, 5, NULL),
(90, 20, NULL, 'Me encanta cómo explica la arquitectura de software.'),
(91, 1, 4, NULL),
(91, 2, 5, NULL),
(91, 3, 5, NULL),
(91, 4, 3, NULL),
(91, 5, 5, NULL),
(91, 6, 5, NULL),
(91, 7, 5, NULL),
(91, 8, 5, NULL),
(91, 9, 4, NULL),
(91, 10, 5, NULL),
(91, 11, NULL, 'Muy buen TL, siempre nos guía cuando estamos bloqueados.'),
(92, 12, 4, NULL),
(92, 13, 5, NULL),
(92, 14, 5, NULL),
(92, 15, 4, NULL),
(92, 16, 5, NULL),
(92, 17, 4, NULL),
(92, 18, 4, NULL),
(92, 19, 4, NULL),
(93, 1, 4, NULL),
(93, 2, 5, NULL),
(93, 3, 5, NULL),
(93, 4, 4, NULL),
(93, 5, 5, NULL),
(93, 6, 3, NULL),
(93, 7, 5, NULL),
(93, 8, 5, NULL),
(93, 9, 4, NULL),
(93, 10, 5, NULL),
(93, 11, NULL, 'Muy buen TL, siempre nos guía cuando estamos bloqueados.'),
(94, 12, 5, NULL),
(94, 13, 4, NULL),
(94, 14, 5, NULL),
(94, 15, 4, NULL),
(94, 16, 5, NULL),
(94, 17, 3, NULL),
(94, 18, 4, NULL),
(94, 19, 5, NULL),
(95, 1, 5, NULL),
(95, 2, 5, NULL),
(95, 3, 4, NULL),
(95, 4, 4, NULL),
(95, 5, 4, NULL),
(95, 6, 5, NULL),
(95, 7, 5, NULL),
(95, 8, 5, NULL),
(95, 9, 3, NULL),
(95, 10, 5, NULL),
(95, 11, NULL, 'Gracias a él he mejorado mucho mi lógica.'),
(96, 1, 5, NULL),
(96, 2, 5, NULL),
(96, 3, 5, NULL),
(96, 4, 5, NULL),
(96, 5, 5, NULL),
(96, 6, 5, NULL),
(96, 7, 5, NULL),
(96, 8, 5, NULL),
(96, 9, 5, NULL),
(96, 10, 4, NULL),
(97, 1, 4, NULL),
(97, 2, 4, NULL),
(97, 3, 5, NULL),
(97, 4, 5, NULL),
(97, 5, 4, NULL),
(97, 6, 3, NULL),
(97, 7, 5, NULL),
(97, 8, 5, NULL),
(97, 9, 5, NULL),
(97, 10, 5, NULL),
(97, 11, NULL, 'Me encanta su forma de liderar, he aprendido mucho de él.'),
(98, 1, 5, NULL),
(98, 2, 4, NULL),
(98, 3, 5, NULL),
(98, 4, 3, NULL),
(98, 5, 5, NULL),
(98, 6, 3, NULL),
(98, 7, 4, NULL),
(98, 8, 4, NULL),
(98, 9, 4, NULL),
(98, 10, 4, NULL),
(98, 11, NULL, 'Excelente acompañamiento, siempre está dispuesto a ayudarnos.'),
(99, 1, 3, NULL),
(99, 2, 5, NULL),
(99, 3, 4, NULL),
(99, 4, 4, NULL),
(99, 5, 5, NULL),
(99, 6, 4, NULL);

INSERT INTO evaluation_details (evaluation_id, question_id, score, comment) VALUES
(99, 7, 5, NULL),
(99, 8, 4, NULL),
(99, 9, 5, NULL),
(99, 10, 4, NULL),
(100, 1, 4, NULL),
(100, 2, 5, NULL),
(100, 3, 4, NULL),
(100, 4, 4, NULL),
(100, 5, 4, NULL),
(100, 6, 5, NULL),
(100, 7, 5, NULL),
(100, 8, 5, NULL),
(100, 9, 4, NULL),
(100, 10, 4, NULL),
(100, 11, NULL, 'Podría darnos más recursos externos para estudiar.'),
(101, 1, 5, NULL),
(101, 2, 5, NULL),
(101, 3, 5, NULL),
(101, 4, 4, NULL),
(101, 5, 4, NULL),
(101, 6, 3, NULL),
(101, 7, 4, NULL),
(101, 8, 5, NULL),
(101, 9, 5, NULL),
(101, 10, 5, NULL),
(101, 11, NULL, 'Excelente acompañamiento, siempre está dispuesto a ayudarnos.'),
(102, 1, 4, NULL),
(102, 2, 4, NULL),
(102, 3, 5, NULL),
(102, 4, 4, NULL),
(102, 5, 3, NULL),
(102, 6, 4, NULL),
(102, 7, 4, NULL),
(102, 8, 4, NULL),
(102, 9, 3, NULL),
(102, 10, 5, NULL),
(102, 11, NULL, 'Debería mantener su paciencia, es un gran líder.'),
(103, 1, 5, NULL),
(103, 2, 4, NULL),
(103, 3, 5, NULL),
(103, 4, 4, NULL),
(103, 5, 5, NULL),
(103, 6, 4, NULL),
(103, 7, 5, NULL),
(103, 8, 5, NULL),
(103, 9, 4, NULL),
(103, 10, 5, NULL),
(104, 1, 4, NULL),
(104, 2, 5, NULL),
(104, 3, 4, NULL),
(104, 4, 4, NULL),
(104, 5, 4, NULL),
(104, 6, 5, NULL),
(104, 7, 4, NULL),
(104, 8, 4, NULL),
(104, 9, 5, NULL),
(104, 10, 4, NULL),
(104, 11, NULL, 'Muy buen TL, siempre nos guía cuando estamos bloqueados.'),
(105, 1, 5, NULL),
(105, 2, 5, NULL),
(105, 3, 5, NULL),
(105, 4, 4, NULL),
(105, 5, 5, NULL),
(105, 6, 5, NULL),
(105, 7, 4, NULL),
(105, 8, 4, NULL),
(105, 9, 4, NULL),
(105, 10, 4, NULL),
(106, 1, 4, NULL),
(106, 2, 5, NULL),
(106, 3, 5, NULL),
(106, 4, 5, NULL),
(106, 5, 5, NULL),
(106, 6, 5, NULL),
(106, 7, 4, NULL),
(106, 8, 4, NULL),
(106, 9, 4, NULL),
(106, 10, 4, NULL),
(107, 1, 3, NULL),
(107, 2, 5, NULL),
(107, 3, 4, NULL),
(107, 4, 4, NULL),
(107, 5, 4, NULL),
(107, 6, 5, NULL),
(107, 7, 5, NULL),
(107, 8, 4, NULL),
(107, 9, 4, NULL),
(107, 10, 5, NULL),
(107, 11, NULL, 'Debería mantener su paciencia, es un gran líder.'),
(108, 1, 5, NULL),
(108, 2, 5, NULL),
(108, 3, 4, NULL),
(108, 4, 5, NULL),
(108, 5, 4, NULL),
(108, 6, 4, NULL),
(108, 7, 5, NULL),
(108, 8, 5, NULL),
(108, 9, 4, NULL),
(108, 10, 4, NULL),
(108, 11, NULL, 'Podría darnos más recursos externos para estudiar.'),
(109, 1, 3, NULL),
(109, 2, 5, NULL),
(109, 3, 5, NULL),
(109, 4, 5, NULL),
(109, 5, 3, NULL),
(109, 6, 5, NULL),
(109, 7, 4, NULL),
(109, 8, 4, NULL),
(109, 9, 5, NULL),
(109, 10, 4, NULL),
(109, 11, NULL, 'Excelente acompañamiento, siempre está dispuesto a ayudarnos.'),
(110, 1, 4, NULL),
(110, 2, 4, NULL),
(110, 3, 5, NULL),
(110, 4, 5, NULL),
(110, 5, 4, NULL),
(110, 6, 5, NULL),
(110, 7, 5, NULL),
(110, 8, 5, NULL),
(110, 9, 5, NULL),
(110, 10, 5, NULL),
(110, 11, NULL, 'Las dailies son muy útiles, las dirige muy bien.'),
(111, 1, 4, NULL),
(111, 2, 5, NULL),
(111, 3, 3, NULL),
(111, 4, 5, NULL),
(111, 5, 3, NULL),
(111, 6, 3, NULL),
(111, 7, 3, NULL),
(111, 8, 5, NULL),
(111, 9, 5, NULL),
(111, 10, 4, NULL),
(111, 11, NULL, 'Me encanta su forma de liderar, he aprendido mucho de él.'),
(112, 1, 5, NULL),
(112, 2, 4, NULL),
(112, 3, 4, NULL),
(112, 4, 5, NULL),
(112, 5, 5, NULL),
(112, 6, 4, NULL),
(112, 7, 3, NULL),
(112, 8, 5, NULL),
(112, 9, 4, NULL),
(112, 10, 5, NULL),
(112, 11, NULL, 'Debería mantener su paciencia, es un gran líder.'),
(113, 1, 4, NULL),
(113, 2, 4, NULL),
(113, 3, 5, NULL),
(113, 4, 4, NULL),
(113, 5, 4, NULL),
(113, 6, 4, NULL),
(113, 7, 4, NULL),
(113, 8, 4, NULL),
(113, 9, 5, NULL),
(113, 10, 3, NULL),
(113, 11, NULL, 'Explica súper bien los requerimientos de los proyectos.'),
(114, 1, 5, NULL),
(114, 2, 5, NULL),
(114, 3, 4, NULL),
(114, 4, 4, NULL),
(114, 5, 5, NULL),
(114, 6, 4, NULL),
(114, 7, 4, NULL),
(114, 8, 5, NULL),
(114, 9, 5, NULL),
(114, 10, 3, NULL),
(114, 11, NULL, 'Gracias a él he mejorado mucho mi lógica.'),
(115, 1, 4, NULL),
(115, 2, 4, NULL),
(115, 3, 5, NULL),
(115, 4, 4, NULL),
(115, 5, 5, NULL),
(115, 6, 5, NULL),
(115, 7, 5, NULL),
(115, 8, 5, NULL),
(115, 9, 5, NULL),
(115, 10, 5, NULL),
(116, 1, 5, NULL),
(116, 2, 4, NULL),
(116, 3, 5, NULL),
(116, 4, 5, NULL),
(116, 5, 4, NULL),
(116, 6, 5, NULL),
(116, 7, 4, NULL),
(116, 8, 5, NULL),
(116, 9, 3, NULL),
(116, 10, 4, NULL),
(116, 11, NULL, 'Me gustaría que las dailies fueran un poco más largas.'),
(117, 1, 5, NULL),
(117, 2, 5, NULL),
(117, 3, 5, NULL),
(117, 4, 5, NULL),
(117, 5, 4, NULL),
(117, 6, 5, NULL),
(117, 7, 4, NULL),
(117, 8, 5, NULL),
(117, 9, 4, NULL),
(117, 10, 5, NULL),
(118, 1, 4, NULL),
(118, 2, 4, NULL),
(118, 3, 5, NULL),
(118, 4, 5, NULL),
(118, 5, 5, NULL),
(118, 6, 5, NULL),
(118, 7, 5, NULL),
(118, 8, 5, NULL),
(118, 9, 4, NULL),
(118, 10, 5, NULL),
(119, 1, 4, NULL),
(119, 2, 5, NULL),
(119, 3, 5, NULL),
(119, 4, 5, NULL),
(119, 5, 3, NULL),
(119, 6, 4, NULL),
(119, 7, 5, NULL),
(119, 8, 5, NULL),
(119, 9, 5, NULL),
(119, 10, 5, NULL),
(119, 11, NULL, 'Gracias a él he mejorado mucho mi lógica.'),
(120, 1, 5, NULL),
(120, 2, 5, NULL),
(120, 3, 5, NULL),
(120, 4, 4, NULL),
(120, 5, 4, NULL),
(120, 6, 4, NULL),
(120, 7, 4, NULL),
(120, 8, 4, NULL),
(120, 9, 4, NULL),
(120, 10, 3, NULL),
(120, 11, NULL, 'Excelente acompañamiento, siempre está dispuesto a ayudarnos.'),
(121, 1, 5, NULL),
(121, 2, 5, NULL),
(121, 3, 5, NULL),
(121, 4, 5, NULL),
(121, 5, 4, NULL),
(121, 6, 5, NULL),
(121, 7, 3, NULL),
(121, 8, 4, NULL),
(121, 9, 4, NULL),
(121, 10, 4, NULL),
(121, 11, NULL, 'Explica súper bien los requerimientos de los proyectos.'),
(122, 1, 5, NULL),
(122, 2, 5, NULL),
(122, 3, 5, NULL),
(122, 4, 5, NULL),
(122, 5, 5, NULL),
(122, 6, 5, NULL),
(122, 7, 4, NULL),
(122, 8, 5, NULL),
(122, 9, 4, NULL),
(122, 10, 4, NULL),
(123, 1, 4, NULL),
(123, 2, 5, NULL),
(123, 3, 4, NULL),
(123, 4, 5, NULL),
(123, 5, 3, NULL),
(123, 6, 4, NULL),
(123, 7, 4, NULL),
(123, 8, 5, NULL),
(123, 9, 5, NULL),
(123, 10, 3, NULL),
(123, 11, NULL, 'Debería mantener su paciencia, es un gran líder.'),
(124, 1, 5, NULL),
(124, 2, 4, NULL),
(124, 3, 4, NULL),
(124, 4, 4, NULL),
(124, 5, 4, NULL),
(124, 6, 4, NULL),
(124, 7, 5, NULL),
(124, 8, 4, NULL),
(124, 9, 4, NULL),
(124, 10, 5, NULL),
(124, 11, NULL, 'Las dailies son muy útiles, las dirige muy bien.'),
(125, 1, 5, NULL),
(125, 2, 4, NULL),
(125, 3, 5, NULL),
(125, 4, 5, NULL),
(125, 5, 5, NULL),
(125, 6, 3, NULL),
(125, 7, 3, NULL),
(125, 8, 5, NULL),
(125, 9, 3, NULL),
(125, 10, 5, NULL),
(126, 1, 5, NULL),
(126, 2, 5, NULL),
(126, 3, 4, NULL),
(126, 4, 5, NULL),
(126, 5, 4, NULL),
(126, 6, 4, NULL),
(126, 7, 4, NULL),
(126, 8, 5, NULL),
(126, 9, 4, NULL),
(126, 10, 5, NULL),
(126, 11, NULL, 'Explica súper bien los requerimientos de los proyectos.'),
(127, 1, 5, NULL),
(127, 2, 4, NULL),
(127, 3, 5, NULL),
(127, 4, 5, NULL),
(127, 5, 4, NULL),
(127, 6, 3, NULL),
(127, 7, 5, NULL),
(127, 8, 4, NULL),
(127, 9, 5, NULL),
(127, 10, 5, NULL),
(128, 12, 4, NULL),
(128, 13, 4, NULL),
(128, 14, 5, NULL),
(128, 15, 4, NULL),
(128, 16, 5, NULL),
(128, 17, 5, NULL),
(128, 18, 5, NULL),
(128, 19, 5, NULL),
(128, 20, NULL, 'Me encanta cómo explica la arquitectura de software.'),
(129, 1, 4, NULL),
(129, 2, 4, NULL),
(129, 3, 5, NULL),
(129, 4, 5, NULL),
(129, 5, 5, NULL),
(129, 6, 3, NULL),
(129, 7, 5, NULL),
(129, 8, 3, NULL),
(129, 9, 5, NULL),
(129, 10, 5, NULL),
(129, 11, NULL, 'Gracias a él he mejorado mucho mi lógica.'),
(130, 12, 4, NULL),
(130, 13, 4, NULL),
(130, 14, 5, NULL),
(130, 15, 4, NULL),
(130, 16, 3, NULL),
(130, 17, 4, NULL),
(130, 18, 3, NULL),
(130, 19, 3, NULL),
(130, 20, NULL, 'Me encanta cómo explica la arquitectura de software.'),
(131, 1, 5, NULL),
(131, 2, 5, NULL),
(131, 3, 4, NULL),
(131, 4, 5, NULL),
(131, 5, 4, NULL),
(131, 6, 4, NULL),
(131, 7, 4, NULL),
(131, 8, 4, NULL),
(131, 9, 5, NULL),
(131, 10, 5, NULL),
(131, 11, NULL, 'Debería mantener su paciencia, es un gran líder.'),
(132, 12, 5, NULL),
(132, 13, 3, NULL),
(132, 14, 4, NULL),
(132, 15, 4, NULL),
(132, 16, 5, NULL),
(132, 17, 4, NULL),
(132, 18, 4, NULL),
(132, 19, 4, NULL),
(132, 20, NULL, 'Excelente dominio de FastAPI, resuelve las dudas en el acto.'),
(133, 1, 5, NULL),
(133, 2, 5, NULL),
(133, 3, 5, NULL),
(133, 4, 4, NULL),
(133, 5, 5, NULL),
(133, 6, 5, NULL),
(133, 7, 5, NULL),
(133, 8, 5, NULL),
(133, 9, 5, NULL),
(133, 10, 5, NULL),
(133, 11, NULL, 'Explica súper bien los requerimientos de los proyectos.'),
(134, 12, 5, NULL),
(134, 13, 5, NULL),
(134, 14, 5, NULL),
(134, 15, 5, NULL),
(134, 16, 5, NULL),
(134, 17, 3, NULL),
(134, 18, 4, NULL),
(134, 19, 4, NULL),
(134, 20, NULL, 'Me gustaría más ejercicios prácticos en vivo.'),
(135, 1, 5, NULL),
(135, 2, 5, NULL),
(135, 3, 5, NULL),
(135, 4, 5, NULL),
(135, 5, 4, NULL),
(135, 6, 5, NULL),
(135, 7, 4, NULL),
(135, 8, 4, NULL),
(135, 9, 5, NULL),
(135, 10, 5, NULL),
(135, 11, NULL, 'Podría darnos más recursos externos para estudiar.'),
(136, 12, 4, NULL),
(136, 13, 4, NULL),
(136, 14, 5, NULL),
(136, 15, 5, NULL),
(136, 16, 5, NULL),
(136, 17, 5, NULL),
(136, 18, 5, NULL),
(136, 19, 5, NULL),
(137, 1, 3, NULL),
(137, 2, 5, NULL),
(137, 3, 5, NULL),
(137, 4, 4, NULL),
(137, 5, 4, NULL),
(137, 6, 4, NULL),
(137, 7, 5, NULL),
(137, 8, 5, NULL),
(137, 9, 4, NULL),
(137, 10, 4, NULL),
(138, 12, 5, NULL),
(138, 13, 5, NULL),
(138, 14, 4, NULL),
(138, 15, 4, NULL),
(138, 16, 4, NULL),
(138, 17, 4, NULL),
(138, 18, 4, NULL),
(138, 19, 4, NULL),
(139, 1, 5, NULL),
(139, 2, 5, NULL),
(139, 3, 5, NULL),
(139, 4, 4, NULL),
(139, 5, 4, NULL),
(139, 6, 5, NULL),
(139, 7, 4, NULL),
(139, 8, 5, NULL),
(139, 9, 5, NULL),
(139, 10, 5, NULL),
(139, 11, NULL, 'Las dailies son muy útiles, las dirige muy bien.'),
(140, 12, 5, NULL),
(140, 13, 5, NULL),
(140, 14, 4, NULL),
(140, 15, 4, NULL),
(140, 16, 3, NULL),
(140, 17, 5, NULL),
(140, 18, 5, NULL),
(140, 19, 5, NULL),
(141, 1, 5, NULL),
(141, 2, 4, NULL),
(141, 3, 4, NULL),
(141, 4, 4, NULL),
(141, 5, 5, NULL),
(141, 6, 3, NULL),
(141, 7, 4, NULL),
(141, 8, 5, NULL),
(141, 9, 4, NULL),
(141, 10, 3, NULL),
(141, 11, NULL, 'Me gustaría que las dailies fueran un poco más largas.'),
(142, 12, 4, NULL),
(142, 13, 4, NULL),
(142, 14, 5, NULL),
(142, 15, 4, NULL),
(142, 16, 5, NULL),
(142, 17, 5, NULL),
(142, 18, 5, NULL),
(142, 19, 5, NULL),
(143, 1, 4, NULL),
(143, 2, 3, NULL),
(143, 3, 5, NULL),
(143, 4, 4, NULL),
(143, 5, 4, NULL),
(143, 6, 4, NULL),
(143, 7, 5, NULL),
(143, 8, 4, NULL),
(143, 9, 3, NULL),
(143, 10, 5, NULL),
(143, 11, NULL, 'Gracias a él he mejorado mucho mi lógica.'),
(144, 12, 4, NULL),
(144, 13, 4, NULL),
(144, 14, 5, NULL),
(144, 15, 5, NULL),
(144, 16, 4, NULL),
(144, 17, 4, NULL),
(144, 18, 5, NULL),
(144, 19, 4, NULL),
(144, 20, NULL, 'A veces va un poco rápido en la clase, pero las grabaciones ayudan.'),
(145, 1, 5, NULL),
(145, 2, 4, NULL),
(145, 3, 5, NULL),
(145, 4, 5, NULL),
(145, 5, 4, NULL),
(145, 6, 5, NULL),
(145, 7, 4, NULL),
(145, 8, 5, NULL),
(145, 9, 4, NULL),
(145, 10, 5, NULL),
(146, 12, 5, NULL),
(146, 13, 5, NULL),
(146, 14, 4, NULL),
(146, 15, 4, NULL),
(146, 16, 5, NULL),
(146, 17, 5, NULL),
(146, 18, 4, NULL),
(146, 19, 5, NULL),
(146, 20, NULL, 'Me encanta cómo explica la arquitectura de software.'),
(147, 1, 5, NULL),
(147, 2, 5, NULL),
(147, 3, 3, NULL),
(147, 4, 5, NULL),
(147, 5, 4, NULL),
(147, 6, 4, NULL),
(147, 7, 5, NULL),
(147, 8, 3, NULL),
(147, 9, 3, NULL),
(147, 10, 4, NULL),
(147, 11, NULL, 'Debería mantener su paciencia, es un gran líder.'),
(148, 12, 5, NULL),
(148, 13, 5, NULL),
(148, 14, 4, NULL),
(148, 15, 5, NULL),
(148, 16, 4, NULL),
(148, 17, 5, NULL),
(148, 18, 5, NULL),
(148, 19, 5, NULL),
(148, 20, NULL, 'A veces va un poco rápido en la clase, pero las grabaciones ayudan.'),
(149, 1, 4, NULL),
(149, 2, 5, NULL),
(149, 3, 4, NULL),
(149, 4, 5, NULL),
(149, 5, 5, NULL),
(149, 6, 5, NULL),
(149, 7, 5, NULL),
(149, 8, 3, NULL),
(149, 9, 5, NULL),
(149, 10, 5, NULL),
(149, 11, NULL, 'Excelente acompañamiento, siempre está dispuesto a ayudarnos.'),
(150, 12, 3, NULL),
(150, 13, 4, NULL),
(150, 14, 4, NULL),
(150, 15, 4, NULL),
(150, 16, 5, NULL),
(150, 17, 4, NULL),
(150, 18, 4, NULL),
(150, 19, 4, NULL),
(151, 1, 5, NULL),
(151, 2, 5, NULL),
(151, 3, 4, NULL),
(151, 4, 3, NULL),
(151, 5, 5, NULL),
(151, 6, 5, NULL),
(151, 7, 4, NULL),
(151, 8, 5, NULL),
(151, 9, 5, NULL),
(151, 10, 5, NULL),
(151, 11, NULL, 'Excelente acompañamiento, siempre está dispuesto a ayudarnos.'),
(152, 12, 4, NULL),
(152, 13, 3, NULL),
(152, 14, 5, NULL),
(152, 15, 5, NULL),
(152, 16, 5, NULL),
(152, 17, 5, NULL),
(152, 18, 5, NULL),
(152, 19, 3, NULL),
(152, 20, NULL, 'Las clases son súper claras, los ejemplos en vivo ayudan muchísimo.'),
(153, 1, 5, NULL),
(153, 2, 5, NULL),
(153, 3, 4, NULL),
(153, 4, 5, NULL),
(153, 5, 5, NULL),
(153, 6, 4, NULL),
(153, 7, 5, NULL),
(153, 8, 3, NULL),
(153, 9, 5, NULL),
(153, 10, 5, NULL),
(154, 12, 4, NULL),
(154, 13, 4, NULL),
(154, 14, 5, NULL),
(154, 15, 3, NULL),
(154, 16, 4, NULL),
(154, 17, 4, NULL),
(154, 18, 5, NULL),
(154, 19, 5, NULL),
(155, 1, 4, NULL),
(155, 2, 4, NULL),
(155, 3, 3, NULL),
(155, 4, 4, NULL),
(155, 5, 4, NULL),
(155, 6, 5, NULL),
(155, 7, 5, NULL),
(155, 8, 4, NULL),
(155, 9, 5, NULL),
(155, 10, 5, NULL),
(155, 11, NULL, 'Excelente acompañamiento, siempre está dispuesto a ayudarnos.'),
(156, 12, 5, NULL),
(156, 13, 5, NULL),
(156, 14, 5, NULL),
(156, 15, 4, NULL),
(156, 16, 5, NULL),
(156, 17, 3, NULL),
(156, 18, 3, NULL),
(156, 19, 4, NULL),
(156, 20, NULL, 'Las clases son súper claras, los ejemplos en vivo ayudan muchísimo.'),
(157, 1, 5, NULL),
(157, 2, 3, NULL),
(157, 3, 5, NULL),
(157, 4, 5, NULL),
(157, 5, 4, NULL),
(157, 6, 4, NULL),
(157, 7, 5, NULL),
(157, 8, 4, NULL),
(157, 9, 4, NULL),
(157, 10, 4, NULL),
(158, 12, 5, NULL),
(158, 13, 5, NULL),
(158, 14, 5, NULL),
(158, 15, 4, NULL),
(158, 16, 5, NULL),
(158, 17, 5, NULL),
(158, 18, 4, NULL),
(158, 19, 5, NULL),
(158, 20, NULL, 'Excelente dominio de FastAPI, resuelve las dudas en el acto.'),
(159, 1, 4, NULL),
(159, 2, 5, NULL),
(159, 3, 5, NULL),
(159, 4, 5, NULL),
(159, 5, 5, NULL),
(159, 6, 5, NULL),
(159, 7, 5, NULL),
(159, 8, 5, NULL),
(159, 9, 5, NULL),
(159, 10, 4, NULL),
(160, 12, 5, NULL),
(160, 13, 5, NULL),
(160, 14, 5, NULL),
(160, 15, 5, NULL),
(160, 16, 5, NULL),
(160, 17, 5, NULL),
(160, 18, 4, NULL),
(160, 19, 5, NULL),
(160, 20, NULL, 'Las clases son súper claras, los ejemplos en vivo ayudan muchísimo.'),
(161, 1, 5, NULL),
(161, 2, 4, NULL),
(161, 3, 5, NULL),
(161, 4, 4, NULL),
(161, 5, 4, NULL),
(161, 6, 4, NULL),
(161, 7, 5, NULL),
(161, 8, 5, NULL),
(161, 9, 5, NULL),
(161, 10, 5, NULL),
(161, 11, NULL, 'Explica súper bien los requerimientos de los proyectos.'),
(162, 12, 5, NULL),
(162, 13, 3, NULL),
(162, 14, 3, NULL),
(162, 15, 5, NULL),
(162, 16, 3, NULL),
(162, 17, 5, NULL),
(162, 18, 4, NULL),
(162, 19, 4, NULL),
(163, 1, 4, NULL),
(163, 2, 3, NULL),
(163, 3, 4, NULL),
(163, 4, 3, NULL),
(163, 5, 5, NULL),
(163, 6, 4, NULL),
(163, 7, 4, NULL),
(163, 8, 5, NULL),
(163, 9, 4, NULL),
(163, 10, 5, NULL),
(163, 11, NULL, 'Las dailies son muy útiles, las dirige muy bien.'),
(164, 12, 5, NULL),
(164, 13, 4, NULL),
(164, 14, 5, NULL),
(164, 15, 4, NULL),
(164, 16, 5, NULL),
(164, 17, 5, NULL),
(164, 18, 4, NULL),
(164, 19, 4, NULL),
(164, 20, NULL, 'Me encanta cómo explica la arquitectura de software.'),
(165, 1, 3, NULL),
(165, 2, 4, NULL),
(165, 3, 5, NULL),
(165, 4, 4, NULL),
(165, 5, 5, NULL),
(165, 6, 5, NULL),
(165, 7, 4, NULL),
(165, 8, 5, NULL),
(165, 9, 4, NULL),
(165, 10, 4, NULL),
(165, 11, NULL, 'A veces se demora un poco en contestar por Slack, pero cuando lo hace es muy claro.'),
(166, 12, 5, NULL),
(166, 13, 4, NULL),
(166, 14, 5, NULL),
(166, 15, 3, NULL),
(166, 16, 3, NULL),
(166, 17, 4, NULL),
(166, 18, 5, NULL),
(166, 19, 5, NULL),
(167, 1, 4, NULL),
(167, 2, 4, NULL),
(167, 3, 5, NULL),
(167, 4, 4, NULL),
(167, 5, 5, NULL),
(167, 6, 5, NULL),
(167, 7, 3, NULL),
(167, 8, 5, NULL),
(167, 9, 5, NULL),
(167, 10, 5, NULL),
(168, 12, 5, NULL),
(168, 13, 4, NULL),
(168, 14, 4, NULL),
(168, 15, 3, NULL),
(168, 16, 3, NULL),
(168, 17, 4, NULL),
(168, 18, 5, NULL),
(168, 19, 5, NULL),
(168, 20, NULL, 'Me encanta cómo explica la arquitectura de software.'),
(169, 1, 4, NULL),
(169, 2, 4, NULL),
(169, 3, 4, NULL),
(169, 4, 5, NULL),
(169, 5, 5, NULL),
(169, 6, 3, NULL),
(169, 7, 4, NULL),
(169, 8, 4, NULL),
(169, 9, 4, NULL),
(169, 10, 4, NULL),
(169, 11, NULL, 'Las dailies son muy útiles, las dirige muy bien.'),
(170, 12, 5, NULL),
(170, 13, 4, NULL),
(170, 14, 3, NULL),
(170, 15, 3, NULL),
(170, 16, 4, NULL),
(170, 17, 3, NULL),
(170, 18, 5, NULL),
(170, 19, 5, NULL),
(170, 20, NULL, 'Excelente dominio de FastAPI, resuelve las dudas en el acto.'),
(171, 1, 4, NULL),
(171, 2, 3, NULL),
(171, 3, 4, NULL),
(171, 4, 5, NULL),
(171, 5, 5, NULL),
(171, 6, 5, NULL),
(171, 7, 4, NULL),
(171, 8, 3, NULL),
(171, 9, 5, NULL),
(171, 10, 4, NULL),
(171, 11, NULL, 'A veces se demora un poco en contestar por Slack, pero cuando lo hace es muy claro.'),
(172, 12, 5, NULL),
(172, 13, 5, NULL),
(172, 14, 4, NULL),
(172, 15, 4, NULL),
(172, 16, 5, NULL),
(172, 17, 4, NULL),
(172, 18, 5, NULL),
(172, 19, 3, NULL),
(173, 1, 4, NULL),
(173, 2, 5, NULL),
(173, 3, 4, NULL),
(173, 4, 5, NULL),
(173, 5, 4, NULL),
(173, 6, 5, NULL),
(173, 7, 3, NULL),
(173, 8, 4, NULL),
(173, 9, 4, NULL),
(173, 10, 5, NULL),
(173, 11, NULL, 'Podría darnos más recursos externos para estudiar.'),
(174, 12, 4, NULL),
(174, 13, 3, NULL),
(174, 14, 5, NULL),
(174, 15, 4, NULL),
(174, 16, 5, NULL),
(174, 17, 5, NULL),
(174, 18, 4, NULL),
(174, 19, 4, NULL),
(175, 1, 4, NULL),
(175, 2, 4, NULL),
(175, 3, 5, NULL),
(175, 4, 5, NULL),
(175, 5, 5, NULL),
(175, 6, 4, NULL),
(175, 7, 5, NULL),
(175, 8, 5, NULL),
(175, 9, 5, NULL),
(175, 10, 5, NULL),
(175, 11, NULL, 'Excelente acompañamiento, siempre está dispuesto a ayudarnos.'),
(176, 12, 5, NULL),
(176, 13, 3, NULL),
(176, 14, 4, NULL),
(176, 15, 3, NULL),
(176, 16, 4, NULL),
(176, 17, 4, NULL),
(176, 18, 5, NULL),
(176, 19, 5, NULL),
(177, 1, 4, NULL),
(177, 2, 4, NULL),
(177, 3, 3, NULL),
(177, 4, 5, NULL),
(177, 5, 5, NULL),
(177, 6, 4, NULL),
(177, 7, 4, NULL),
(177, 8, 4, NULL),
(177, 9, 5, NULL),
(177, 10, 5, NULL),
(178, 12, 5, NULL),
(178, 13, 4, NULL),
(178, 14, 5, NULL),
(178, 15, 4, NULL),
(178, 16, 4, NULL),
(178, 17, 5, NULL),
(178, 18, 5, NULL),
(178, 19, 5, NULL),
(178, 20, NULL, 'Las clases son súper claras, los ejemplos en vivo ayudan muchísimo.'),
(179, 1, 4, NULL),
(179, 2, 5, NULL),
(179, 3, 5, NULL),
(179, 4, 5, NULL),
(179, 5, 3, NULL),
(179, 6, 3, NULL),
(179, 7, 5, NULL),
(179, 8, 5, NULL),
(179, 9, 3, NULL),
(179, 10, 4, NULL),
(179, 11, NULL, 'Me encanta su forma de liderar, he aprendido mucho de él.'),
(180, 12, 4, NULL),
(180, 13, 4, NULL),
(180, 14, 4, NULL),
(180, 15, 5, NULL),
(180, 16, 5, NULL),
(180, 17, 5, NULL),
(180, 18, 5, NULL),
(180, 19, 5, NULL),
(180, 20, NULL, 'Es muy amable y sabe cómo explicar temas difíciles.'),
(181, 1, 5, NULL),
(181, 2, 4, NULL),
(181, 3, 5, NULL),
(181, 4, 4, NULL),
(181, 5, 5, NULL),
(181, 6, 5, NULL),
(181, 7, 4, NULL),
(181, 8, 5, NULL),
(181, 9, 5, NULL),
(181, 10, 5, NULL),
(182, 12, 3, NULL),
(182, 13, 4, NULL),
(182, 14, 3, NULL),
(182, 15, 5, NULL),
(182, 16, 5, NULL),
(182, 17, 4, NULL),
(182, 18, 5, NULL),
(182, 19, 5, NULL),
(182, 20, NULL, 'Las clases son súper claras, los ejemplos en vivo ayudan muchísimo.'),
(183, 1, 3, NULL),
(183, 2, 4, NULL),
(183, 3, 4, NULL),
(183, 4, 3, NULL),
(183, 5, 4, NULL),
(183, 6, 5, NULL),
(183, 7, 4, NULL),
(183, 8, 3, NULL),
(183, 9, 4, NULL),
(183, 10, 3, NULL),
(183, 11, NULL, 'Explica súper bien los requerimientos de los proyectos.'),
(184, 12, 4, NULL),
(184, 13, 4, NULL),
(184, 14, 3, NULL),
(184, 15, 5, NULL),
(184, 16, 5, NULL),
(184, 17, 5, NULL),
(184, 18, 4, NULL),
(184, 19, 4, NULL),
(184, 20, NULL, 'Excelente dominio de FastAPI, resuelve las dudas en el acto.'),
(185, 1, 5, NULL),
(185, 2, 4, NULL),
(185, 3, 3, NULL),
(185, 4, 5, NULL),
(185, 5, 5, NULL),
(185, 6, 4, NULL),
(185, 7, 5, NULL),
(185, 8, 5, NULL),
(185, 9, 3, NULL),
(185, 10, 5, NULL),
(185, 11, NULL, 'Podría darnos más recursos externos para estudiar.'),
(186, 12, 4, NULL),
(186, 13, 5, NULL),
(186, 14, 4, NULL),
(186, 15, 4, NULL),
(186, 16, 4, NULL),
(186, 17, 4, NULL),
(186, 18, 3, NULL),
(186, 19, 5, NULL),
(187, 1, 3, NULL),
(187, 2, 5, NULL),
(187, 3, 4, NULL),
(187, 4, 4, NULL),
(187, 5, 4, NULL),
(187, 6, 3, NULL),
(187, 7, 4, NULL),
(187, 8, 5, NULL),
(187, 9, 5, NULL),
(187, 10, 4, NULL),
(188, 12, 5, NULL),
(188, 13, 4, NULL),
(188, 14, 4, NULL),
(188, 15, 5, NULL),
(188, 16, 4, NULL),
(188, 17, 3, NULL),
(188, 18, 5, NULL),
(188, 19, 5, NULL),
(188, 20, NULL, 'Excelente dominio de FastAPI, resuelve las dudas en el acto.'),
(189, 1, 5, NULL),
(189, 2, 4, NULL),
(189, 3, 5, NULL),
(189, 4, 4, NULL),
(189, 5, 3, NULL),
(189, 6, 4, NULL),
(189, 7, 4, NULL),
(189, 8, 4, NULL),
(189, 9, 4, NULL),
(189, 10, 5, NULL),
(189, 11, NULL, 'Las dailies son muy útiles, las dirige muy bien.'),
(190, 1, 3, NULL),
(190, 2, 5, NULL),
(190, 3, 3, NULL),
(190, 4, 5, NULL),
(190, 5, 5, NULL),
(190, 6, 5, NULL),
(190, 7, 4, NULL),
(190, 8, 4, NULL),
(190, 9, 3, NULL),
(190, 10, 4, NULL),
(191, 1, 5, NULL),
(191, 2, 5, NULL),
(191, 3, 5, NULL),
(191, 4, 4, NULL),
(191, 5, 4, NULL),
(191, 6, 5, NULL),
(191, 7, 3, NULL),
(191, 8, 4, NULL),
(191, 9, 3, NULL),
(191, 10, 5, NULL),
(191, 11, NULL, 'Me gustaría que las dailies fueran un poco más largas.'),
(192, 1, 4, NULL),
(192, 2, 4, NULL),
(192, 3, 5, NULL),
(192, 4, 5, NULL),
(192, 5, 4, NULL),
(192, 6, 4, NULL),
(192, 7, 4, NULL),
(192, 8, 5, NULL),
(192, 9, 5, NULL),
(192, 10, 3, NULL),
(192, 11, NULL, 'Me encanta su forma de liderar, he aprendido mucho de él.'),
(193, 1, 5, NULL),
(193, 2, 4, NULL),
(193, 3, 5, NULL),
(193, 4, 5, NULL),
(193, 5, 5, NULL),
(193, 6, 5, NULL),
(193, 7, 5, NULL),
(193, 8, 4, NULL),
(193, 9, 4, NULL),
(193, 10, 5, NULL),
(193, 11, NULL, 'Explica súper bien los requerimientos de los proyectos.'),
(194, 1, 5, NULL),
(194, 2, 4, NULL),
(194, 3, 3, NULL),
(194, 4, 4, NULL),
(194, 5, 4, NULL),
(194, 6, 4, NULL),
(194, 7, 5, NULL),
(194, 8, 4, NULL),
(194, 9, 4, NULL),
(194, 10, 5, NULL),
(195, 1, 5, NULL),
(195, 2, 4, NULL),
(195, 3, 4, NULL),
(195, 4, 5, NULL),
(195, 5, 5, NULL),
(195, 6, 5, NULL),
(195, 7, 4, NULL),
(195, 8, 4, NULL),
(195, 9, 4, NULL),
(195, 10, 5, NULL),
(196, 1, 5, NULL),
(196, 2, 5, NULL),
(196, 3, 4, NULL),
(196, 4, 3, NULL),
(196, 5, 4, NULL),
(196, 6, 5, NULL),
(196, 7, 4, NULL),
(196, 8, 4, NULL),
(196, 9, 3, NULL),
(196, 10, 5, NULL),
(196, 11, NULL, 'Gracias a él he mejorado mucho mi lógica.'),
(197, 1, 5, NULL),
(197, 2, 4, NULL),
(197, 3, 4, NULL),
(197, 4, 3, NULL),
(197, 5, 5, NULL),
(197, 6, 4, NULL),
(197, 7, 5, NULL),
(197, 8, 4, NULL),
(197, 9, 5, NULL),
(197, 10, 4, NULL),
(198, 1, 4, NULL),
(198, 2, 5, NULL),
(198, 3, 5, NULL),
(198, 4, 5, NULL),
(198, 5, 5, NULL),
(198, 6, 4, NULL),
(198, 7, 5, NULL),
(198, 8, 4, NULL),
(198, 9, 5, NULL),
(198, 10, 4, NULL),
(198, 11, NULL, 'Explica súper bien los requerimientos de los proyectos.'),
(199, 1, 5, NULL),
(199, 2, 4, NULL),
(199, 3, 5, NULL);

INSERT INTO evaluation_details (evaluation_id, question_id, score, comment) VALUES
(199, 4, 4, NULL),
(199, 5, 5, NULL),
(199, 6, 5, NULL),
(199, 7, 5, NULL),
(199, 8, 5, NULL),
(199, 9, 5, NULL),
(199, 10, 5, NULL),
(200, 1, 5, NULL),
(200, 2, 5, NULL),
(200, 3, 5, NULL),
(200, 4, 5, NULL),
(200, 5, 5, NULL),
(200, 6, 3, NULL),
(200, 7, 5, NULL),
(200, 8, 5, NULL),
(200, 9, 4, NULL),
(200, 10, 5, NULL),
(200, 11, NULL, 'Me encanta su forma de liderar, he aprendido mucho de él.'),
(201, 1, 4, NULL),
(201, 2, 5, NULL),
(201, 3, 5, NULL),
(201, 4, 4, NULL),
(201, 5, 4, NULL),
(201, 6, 4, NULL),
(201, 7, 5, NULL),
(201, 8, 4, NULL),
(201, 9, 5, NULL),
(201, 10, 4, NULL),
(201, 11, NULL, 'Las dailies son muy útiles, las dirige muy bien.'),
(202, 1, 5, NULL),
(202, 2, 4, NULL),
(202, 3, 5, NULL),
(202, 4, 5, NULL),
(202, 5, 4, NULL),
(202, 6, 3, NULL),
(202, 7, 5, NULL),
(202, 8, 5, NULL),
(202, 9, 4, NULL),
(202, 10, 5, NULL),
(202, 11, NULL, 'Podría darnos más recursos externos para estudiar.'),
(203, 1, 4, NULL),
(203, 2, 4, NULL),
(203, 3, 4, NULL),
(203, 4, 5, NULL),
(203, 5, 4, NULL),
(203, 6, 3, NULL),
(203, 7, 5, NULL),
(203, 8, 4, NULL),
(203, 9, 4, NULL),
(203, 10, 4, NULL),
(203, 11, NULL, 'A veces se demora un poco en contestar por Slack, pero cuando lo hace es muy claro.'),
(204, 1, 5, NULL),
(204, 2, 5, NULL),
(204, 3, 4, NULL),
(204, 4, 4, NULL),
(204, 5, 5, NULL),
(204, 6, 5, NULL),
(204, 7, 5, NULL),
(204, 8, 4, NULL),
(204, 9, 4, NULL),
(204, 10, 5, NULL),
(204, 11, NULL, 'Excelente acompañamiento, siempre está dispuesto a ayudarnos.'),
(205, 1, 4, NULL),
(205, 2, 4, NULL),
(205, 3, 4, NULL),
(205, 4, 5, NULL),
(205, 5, 5, NULL),
(205, 6, 4, NULL),
(205, 7, 4, NULL),
(205, 8, 5, NULL),
(205, 9, 5, NULL),
(205, 10, 4, NULL),
(206, 1, 5, NULL),
(206, 2, 4, NULL),
(206, 3, 5, NULL),
(206, 4, 5, NULL),
(206, 5, 4, NULL),
(206, 6, 4, NULL),
(206, 7, 5, NULL),
(206, 8, 5, NULL),
(206, 9, 4, NULL),
(206, 10, 3, NULL),
(207, 1, 5, NULL),
(207, 2, 5, NULL),
(207, 3, 4, NULL),
(207, 4, 4, NULL),
(207, 5, 5, NULL),
(207, 6, 5, NULL),
(207, 7, 3, NULL),
(207, 8, 5, NULL),
(207, 9, 3, NULL),
(207, 10, 4, NULL),
(207, 11, NULL, 'Muy buen TL, siempre nos guía cuando estamos bloqueados.'),
(208, 1, 3, NULL),
(208, 2, 5, NULL),
(208, 3, 5, NULL),
(208, 4, 4, NULL),
(208, 5, 5, NULL),
(208, 6, 5, NULL),
(208, 7, 5, NULL),
(208, 8, 5, NULL),
(208, 9, 4, NULL),
(208, 10, 5, NULL),
(209, 1, 3, NULL),
(209, 2, 5, NULL),
(209, 3, 4, NULL),
(209, 4, 5, NULL),
(209, 5, 5, NULL),
(209, 6, 5, NULL),
(209, 7, 5, NULL),
(209, 8, 3, NULL),
(209, 9, 4, NULL),
(209, 10, 5, NULL),
(210, 1, 5, NULL),
(210, 2, 5, NULL),
(210, 3, 4, NULL),
(210, 4, 4, NULL),
(210, 5, 4, NULL),
(210, 6, 5, NULL),
(210, 7, 5, NULL),
(210, 8, 5, NULL),
(210, 9, 5, NULL),
(210, 10, 4, NULL),
(211, 1, 5, NULL),
(211, 2, 5, NULL),
(211, 3, 4, NULL),
(211, 4, 4, NULL),
(211, 5, 4, NULL),
(211, 6, 4, NULL),
(211, 7, 5, NULL),
(211, 8, 5, NULL),
(211, 9, 4, NULL),
(211, 10, 5, NULL),
(211, 11, NULL, 'Explica súper bien los requerimientos de los proyectos.'),
(212, 1, 4, NULL),
(212, 2, 5, NULL),
(212, 3, 5, NULL),
(212, 4, 5, NULL),
(212, 5, 4, NULL),
(212, 6, 4, NULL),
(212, 7, 5, NULL),
(212, 8, 5, NULL),
(212, 9, 5, NULL),
(212, 10, 4, NULL),
(212, 11, NULL, 'Me encanta su forma de liderar, he aprendido mucho de él.'),
(213, 1, 4, NULL),
(213, 2, 5, NULL),
(213, 3, 4, NULL),
(213, 4, 5, NULL),
(213, 5, 4, NULL),
(213, 6, 4, NULL),
(213, 7, 5, NULL),
(213, 8, 5, NULL),
(213, 9, 5, NULL),
(213, 10, 3, NULL),
(214, 1, 4, NULL),
(214, 2, 3, NULL),
(214, 3, 5, NULL),
(214, 4, 5, NULL),
(214, 5, 5, NULL),
(214, 6, 5, NULL),
(214, 7, 5, NULL),
(214, 8, 5, NULL),
(214, 9, 4, NULL),
(214, 10, 4, NULL),
(214, 11, NULL, 'A veces se demora un poco en contestar por Slack, pero cuando lo hace es muy claro.'),
(215, 1, 4, NULL),
(215, 2, 3, NULL),
(215, 3, 5, NULL),
(215, 4, 4, NULL),
(215, 5, 5, NULL),
(215, 6, 5, NULL),
(215, 7, 5, NULL),
(215, 8, 4, NULL),
(215, 9, 4, NULL),
(215, 10, 5, NULL),
(216, 1, 4, NULL),
(216, 2, 5, NULL),
(216, 3, 4, NULL),
(216, 4, 4, NULL),
(216, 5, 4, NULL),
(216, 6, 4, NULL),
(216, 7, 3, NULL),
(216, 8, 5, NULL),
(216, 9, 4, NULL),
(216, 10, 4, NULL),
(216, 11, NULL, 'Las dailies son muy útiles, las dirige muy bien.'),
(217, 1, 5, NULL),
(217, 2, 4, NULL),
(217, 3, 4, NULL),
(217, 4, 5, NULL),
(217, 5, 5, NULL),
(217, 6, 5, NULL),
(217, 7, 5, NULL),
(217, 8, 3, NULL),
(217, 9, 4, NULL),
(217, 10, 3, NULL),
(218, 1, 3, NULL),
(218, 2, 4, NULL),
(218, 3, 4, NULL),
(218, 4, 5, NULL),
(218, 5, 4, NULL),
(218, 6, 4, NULL),
(218, 7, 5, NULL),
(218, 8, 4, NULL),
(218, 9, 5, NULL),
(218, 10, 4, NULL),
(218, 11, NULL, 'Muy buen TL, siempre nos guía cuando estamos bloqueados.'),
(219, 1, 5, NULL),
(219, 2, 4, NULL),
(219, 3, 5, NULL),
(219, 4, 5, NULL),
(219, 5, 5, NULL),
(219, 6, 5, NULL),
(219, 7, 5, NULL),
(219, 8, 5, NULL),
(219, 9, 4, NULL),
(219, 10, 5, NULL),
(219, 11, NULL, 'Podría darnos más recursos externos para estudiar.'),
(220, 1, 4, NULL),
(220, 2, 4, NULL),
(220, 3, 4, NULL),
(220, 4, 5, NULL),
(220, 5, 3, NULL),
(220, 6, 5, NULL),
(220, 7, 3, NULL),
(220, 8, 5, NULL),
(220, 9, 5, NULL),
(220, 10, 4, NULL),
(220, 11, NULL, 'Podría darnos más recursos externos para estudiar.'),
(221, 1, 4, NULL),
(221, 2, 4, NULL),
(221, 3, 4, NULL),
(221, 4, 4, NULL),
(221, 5, 5, NULL),
(221, 6, 3, NULL),
(221, 7, 3, NULL),
(221, 8, 4, NULL),
(221, 9, 5, NULL),
(221, 10, 4, NULL),
(221, 11, NULL, 'Debería mantener su paciencia, es un gran líder.'),
(222, 12, 5, NULL),
(222, 13, 5, NULL),
(222, 14, 4, NULL),
(222, 15, 3, NULL),
(222, 16, 3, NULL),
(222, 17, 5, NULL),
(222, 18, 4, NULL),
(222, 19, 5, NULL),
(222, 20, NULL, 'Es muy amable y sabe cómo explicar temas difíciles.'),
(223, 1, 4, NULL),
(223, 2, 4, NULL),
(223, 3, 4, NULL),
(223, 4, 4, NULL),
(223, 5, 5, NULL),
(223, 6, 5, NULL),
(223, 7, 5, NULL),
(223, 8, 4, NULL),
(223, 9, 4, NULL),
(223, 10, 5, NULL),
(224, 12, 5, NULL),
(224, 13, 4, NULL),
(224, 14, 4, NULL),
(224, 15, 5, NULL),
(224, 16, 5, NULL),
(224, 17, 4, NULL),
(224, 18, 5, NULL),
(224, 19, 5, NULL),
(224, 20, NULL, 'Me encanta cómo explica la arquitectura de software.'),
(225, 1, 4, NULL),
(225, 2, 4, NULL),
(225, 3, 5, NULL),
(225, 4, 4, NULL),
(225, 5, 5, NULL),
(225, 6, 4, NULL),
(225, 7, 5, NULL),
(225, 8, 4, NULL),
(225, 9, 4, NULL),
(225, 10, 5, NULL),
(226, 12, 5, NULL),
(226, 13, 5, NULL),
(226, 14, 4, NULL),
(226, 15, 4, NULL),
(226, 16, 5, NULL),
(226, 17, 5, NULL),
(226, 18, 5, NULL),
(226, 19, 4, NULL),
(226, 20, NULL, 'Me encanta cómo explica la arquitectura de software.'),
(227, 1, 5, NULL),
(227, 2, 3, NULL),
(227, 3, 5, NULL),
(227, 4, 5, NULL),
(227, 5, 5, NULL),
(227, 6, 4, NULL),
(227, 7, 4, NULL),
(227, 8, 5, NULL),
(227, 9, 4, NULL),
(227, 10, 5, NULL),
(228, 12, 4, NULL),
(228, 13, 5, NULL),
(228, 14, 5, NULL),
(228, 15, 5, NULL),
(228, 16, 5, NULL),
(228, 17, 5, NULL),
(228, 18, 5, NULL),
(228, 19, 4, NULL),
(228, 20, NULL, 'A veces va un poco rápido en la clase, pero las grabaciones ayudan.'),
(229, 1, 5, NULL),
(229, 2, 5, NULL),
(229, 3, 4, NULL),
(229, 4, 5, NULL),
(229, 5, 3, NULL),
(229, 6, 4, NULL),
(229, 7, 5, NULL),
(229, 8, 5, NULL),
(229, 9, 4, NULL),
(229, 10, 4, NULL),
(229, 11, NULL, 'Excelente acompañamiento, siempre está dispuesto a ayudarnos.'),
(230, 12, 4, NULL),
(230, 13, 5, NULL),
(230, 14, 4, NULL),
(230, 15, 5, NULL),
(230, 16, 5, NULL),
(230, 17, 5, NULL),
(230, 18, 3, NULL),
(230, 19, 5, NULL),
(230, 20, NULL, 'Excelente dominio de FastAPI, resuelve las dudas en el acto.'),
(231, 1, 4, NULL),
(231, 2, 5, NULL),
(231, 3, 4, NULL),
(231, 4, 5, NULL),
(231, 5, 5, NULL),
(231, 6, 4, NULL),
(231, 7, 5, NULL),
(231, 8, 3, NULL),
(231, 9, 4, NULL),
(231, 10, 3, NULL),
(232, 12, 3, NULL),
(232, 13, 3, NULL),
(232, 14, 5, NULL),
(232, 15, 5, NULL),
(232, 16, 5, NULL),
(232, 17, 5, NULL),
(232, 18, 5, NULL),
(232, 19, 5, NULL),
(232, 20, NULL, 'Me encanta cómo explica la arquitectura de software.'),
(233, 1, 5, NULL),
(233, 2, 4, NULL),
(233, 3, 5, NULL),
(233, 4, 5, NULL),
(233, 5, 4, NULL),
(233, 6, 4, NULL),
(233, 7, 5, NULL),
(233, 8, 3, NULL),
(233, 9, 3, NULL),
(233, 10, 4, NULL),
(234, 12, 4, NULL),
(234, 13, 4, NULL),
(234, 14, 4, NULL),
(234, 15, 5, NULL),
(234, 16, 3, NULL),
(234, 17, 4, NULL),
(234, 18, 4, NULL),
(234, 19, 4, NULL),
(234, 20, NULL, 'A veces va un poco rápido en la clase, pero las grabaciones ayudan.'),
(235, 1, 5, NULL),
(235, 2, 5, NULL),
(235, 3, 4, NULL),
(235, 4, 4, NULL),
(235, 5, 5, NULL),
(235, 6, 4, NULL),
(235, 7, 5, NULL),
(235, 8, 5, NULL),
(235, 9, 5, NULL),
(235, 10, 5, NULL),
(235, 11, NULL, 'Me encanta su forma de liderar, he aprendido mucho de él.'),
(236, 12, 4, NULL),
(236, 13, 4, NULL),
(236, 14, 5, NULL),
(236, 15, 4, NULL),
(236, 16, 5, NULL),
(236, 17, 5, NULL),
(236, 18, 4, NULL),
(236, 19, 4, NULL),
(236, 20, NULL, 'Las clases son súper claras, los ejemplos en vivo ayudan muchísimo.'),
(237, 1, 3, NULL),
(237, 2, 4, NULL),
(237, 3, 5, NULL),
(237, 4, 3, NULL),
(237, 5, 4, NULL),
(237, 6, 5, NULL),
(237, 7, 4, NULL),
(237, 8, 4, NULL),
(237, 9, 4, NULL),
(237, 10, 4, NULL),
(237, 11, NULL, 'Gracias a él he mejorado mucho mi lógica.'),
(238, 12, 4, NULL),
(238, 13, 5, NULL),
(238, 14, 4, NULL),
(238, 15, 5, NULL),
(238, 16, 5, NULL),
(238, 17, 5, NULL),
(238, 18, 4, NULL),
(238, 19, 4, NULL),
(239, 1, 4, NULL),
(239, 2, 4, NULL),
(239, 3, 4, NULL),
(239, 4, 3, NULL),
(239, 5, 3, NULL),
(239, 6, 4, NULL),
(239, 7, 5, NULL),
(239, 8, 5, NULL),
(239, 9, 4, NULL),
(239, 10, 5, NULL),
(240, 12, 5, NULL),
(240, 13, 4, NULL),
(240, 14, 4, NULL),
(240, 15, 5, NULL),
(240, 16, 4, NULL),
(240, 17, 4, NULL),
(240, 18, 5, NULL),
(240, 19, 5, NULL),
(240, 20, NULL, 'Es muy amable y sabe cómo explicar temas difíciles.'),
(241, 1, 4, NULL),
(241, 2, 4, NULL),
(241, 3, 4, NULL),
(241, 4, 5, NULL),
(241, 5, 4, NULL),
(241, 6, 5, NULL),
(241, 7, 4, NULL),
(241, 8, 4, NULL),
(241, 9, 5, NULL),
(241, 10, 4, NULL),
(241, 11, NULL, 'Gracias a él he mejorado mucho mi lógica.'),
(242, 12, 4, NULL),
(242, 13, 5, NULL),
(242, 14, 5, NULL),
(242, 15, 5, NULL),
(242, 16, 5, NULL),
(242, 17, 4, NULL),
(242, 18, 5, NULL),
(242, 19, 5, NULL),
(243, 1, 5, NULL),
(243, 2, 5, NULL),
(243, 3, 5, NULL),
(243, 4, 5, NULL),
(243, 5, 3, NULL),
(243, 6, 5, NULL),
(243, 7, 4, NULL),
(243, 8, 4, NULL),
(243, 9, 4, NULL),
(243, 10, 5, NULL),
(244, 12, 5, NULL),
(244, 13, 5, NULL),
(244, 14, 5, NULL),
(244, 15, 4, NULL),
(244, 16, 4, NULL),
(244, 17, 4, NULL),
(244, 18, 5, NULL),
(244, 19, 5, NULL),
(244, 20, NULL, 'Excelente dominio de FastAPI, resuelve las dudas en el acto.'),
(245, 1, 5, NULL),
(245, 2, 3, NULL),
(245, 3, 4, NULL),
(245, 4, 5, NULL),
(245, 5, 4, NULL),
(245, 6, 3, NULL),
(245, 7, 5, NULL),
(245, 8, 5, NULL),
(245, 9, 4, NULL),
(245, 10, 4, NULL),
(245, 11, NULL, 'Excelente acompañamiento, siempre está dispuesto a ayudarnos.'),
(246, 12, 4, NULL),
(246, 13, 5, NULL),
(246, 14, 4, NULL),
(246, 15, 4, NULL),
(246, 16, 5, NULL),
(246, 17, 3, NULL),
(246, 18, 4, NULL),
(246, 19, 4, NULL),
(247, 1, 4, NULL),
(247, 2, 4, NULL),
(247, 3, 5, NULL),
(247, 4, 5, NULL),
(247, 5, 5, NULL),
(247, 6, 4, NULL),
(247, 7, 5, NULL),
(247, 8, 5, NULL),
(247, 9, 5, NULL),
(247, 10, 5, NULL),
(247, 11, NULL, 'Explica súper bien los requerimientos de los proyectos.'),
(248, 12, 5, NULL),
(248, 13, 5, NULL),
(248, 14, 4, NULL),
(248, 15, 3, NULL),
(248, 16, 3, NULL),
(248, 17, 4, NULL),
(248, 18, 4, NULL),
(248, 19, 3, NULL),
(249, 1, 5, NULL),
(249, 2, 4, NULL),
(249, 3, 5, NULL),
(249, 4, 4, NULL),
(249, 5, 4, NULL),
(249, 6, 5, NULL),
(249, 7, 5, NULL),
(249, 8, 3, NULL),
(249, 9, 5, NULL),
(249, 10, 4, NULL),
(249, 11, NULL, 'Debería mantener su paciencia, es un gran líder.'),
(250, 12, 5, NULL),
(250, 13, 3, NULL),
(250, 14, 3, NULL),
(250, 15, 3, NULL),
(250, 16, 5, NULL),
(250, 17, 3, NULL),
(250, 18, 4, NULL),
(250, 19, 4, NULL),
(250, 20, NULL, 'Me encanta cómo explica la arquitectura de software.'),
(251, 1, 5, NULL),
(251, 2, 3, NULL),
(251, 3, 5, NULL),
(251, 4, 4, NULL),
(251, 5, 4, NULL),
(251, 6, 4, NULL),
(251, 7, 4, NULL),
(251, 8, 4, NULL),
(251, 9, 5, NULL),
(251, 10, 5, NULL),
(252, 12, 4, NULL),
(252, 13, 4, NULL),
(252, 14, 3, NULL),
(252, 15, 3, NULL),
(252, 16, 4, NULL),
(252, 17, 3, NULL),
(252, 18, 4, NULL),
(252, 19, 5, NULL),
(253, 1, 5, NULL),
(253, 2, 4, NULL),
(253, 3, 4, NULL),
(253, 4, 4, NULL),
(253, 5, 5, NULL),
(253, 6, 5, NULL),
(253, 7, 3, NULL),
(253, 8, 5, NULL),
(253, 9, 4, NULL),
(253, 10, 4, NULL),
(253, 11, NULL, 'A veces se demora un poco en contestar por Slack, pero cuando lo hace es muy claro.'),
(254, 12, 5, NULL),
(254, 13, 3, NULL),
(254, 14, 4, NULL),
(254, 15, 5, NULL),
(254, 16, 5, NULL),
(254, 17, 5, NULL),
(254, 18, 5, NULL),
(254, 19, 5, NULL),
(254, 20, NULL, 'Me gustaría más ejercicios prácticos en vivo.'),
(255, 1, 5, NULL),
(255, 2, 5, NULL),
(255, 3, 5, NULL),
(255, 4, 4, NULL),
(255, 5, 4, NULL),
(255, 6, 3, NULL),
(255, 7, 5, NULL),
(255, 8, 4, NULL),
(255, 9, 4, NULL),
(255, 10, 4, NULL),
(255, 11, NULL, 'Excelente acompañamiento, siempre está dispuesto a ayudarnos.'),
(256, 12, 5, NULL),
(256, 13, 3, NULL),
(256, 14, 5, NULL),
(256, 15, 4, NULL),
(256, 16, 5, NULL),
(256, 17, 4, NULL),
(256, 18, 5, NULL),
(256, 19, 4, NULL),
(257, 1, 5, NULL),
(257, 2, 3, NULL),
(257, 3, 4, NULL),
(257, 4, 4, NULL),
(257, 5, 4, NULL),
(257, 6, 5, NULL),
(257, 7, 5, NULL),
(257, 8, 5, NULL),
(257, 9, 5, NULL),
(257, 10, 5, NULL),
(257, 11, NULL, 'Explica súper bien los requerimientos de los proyectos.'),
(258, 12, 4, NULL),
(258, 13, 5, NULL),
(258, 14, 4, NULL),
(258, 15, 5, NULL),
(258, 16, 5, NULL),
(258, 17, 4, NULL),
(258, 18, 5, NULL),
(258, 19, 5, NULL),
(258, 20, NULL, 'Me gustaría más ejercicios prácticos en vivo.'),
(259, 1, 4, NULL),
(259, 2, 5, NULL),
(259, 3, 5, NULL),
(259, 4, 4, NULL),
(259, 5, 5, NULL),
(259, 6, 4, NULL),
(259, 7, 5, NULL),
(259, 8, 5, NULL),
(259, 9, 5, NULL),
(259, 10, 5, NULL),
(259, 11, NULL, 'Excelente acompañamiento, siempre está dispuesto a ayudarnos.'),
(260, 12, 4, NULL),
(260, 13, 5, NULL),
(260, 14, 4, NULL),
(260, 15, 4, NULL),
(260, 16, 3, NULL),
(260, 17, 5, NULL),
(260, 18, 5, NULL),
(260, 19, 4, NULL),
(260, 20, NULL, 'Me gustaría más ejercicios prácticos en vivo.'),
(261, 1, 4, NULL),
(261, 2, 4, NULL),
(261, 3, 5, NULL),
(261, 4, 4, NULL),
(261, 5, 4, NULL),
(261, 6, 4, NULL),
(261, 7, 4, NULL),
(261, 8, 5, NULL),
(261, 9, 5, NULL),
(261, 10, 5, NULL),
(261, 11, NULL, 'Gracias a él he mejorado mucho mi lógica.'),
(262, 12, 5, NULL),
(262, 13, 4, NULL),
(262, 14, 5, NULL),
(262, 15, 4, NULL),
(262, 16, 5, NULL),
(262, 17, 4, NULL),
(262, 18, 5, NULL),
(262, 19, 5, NULL),
(263, 1, 3, NULL),
(263, 2, 5, NULL),
(263, 3, 5, NULL),
(263, 4, 4, NULL),
(263, 5, 4, NULL),
(263, 6, 3, NULL),
(263, 7, 5, NULL),
(263, 8, 5, NULL),
(263, 9, 5, NULL),
(263, 10, 5, NULL),
(263, 11, NULL, 'Explica súper bien los requerimientos de los proyectos.'),
(264, 12, 5, NULL),
(264, 13, 5, NULL),
(264, 14, 5, NULL),
(264, 15, 5, NULL),
(264, 16, 5, NULL),
(264, 17, 3, NULL),
(264, 18, 4, NULL),
(264, 19, 4, NULL),
(264, 20, NULL, 'Excelente dominio de FastAPI, resuelve las dudas en el acto.'),
(265, 1, 3, NULL),
(265, 2, 3, NULL),
(265, 3, 5, NULL),
(265, 4, 4, NULL),
(265, 5, 4, NULL),
(265, 6, 5, NULL),
(265, 7, 4, NULL),
(265, 8, 5, NULL),
(265, 9, 5, NULL),
(265, 10, 4, NULL),
(266, 12, 5, NULL),
(266, 13, 5, NULL),
(266, 14, 4, NULL),
(266, 15, 5, NULL),
(266, 16, 5, NULL),
(266, 17, 4, NULL),
(266, 18, 3, NULL),
(266, 19, 3, NULL),
(266, 20, NULL, 'Es muy amable y sabe cómo explicar temas difíciles.'),
(267, 1, 5, NULL),
(267, 2, 3, NULL),
(267, 3, 5, NULL),
(267, 4, 5, NULL),
(267, 5, 4, NULL),
(267, 6, 4, NULL),
(267, 7, 4, NULL),
(267, 8, 5, NULL),
(267, 9, 4, NULL),
(267, 10, 4, NULL),
(268, 12, 3, NULL),
(268, 13, 4, NULL),
(268, 14, 4, NULL),
(268, 15, 5, NULL),
(268, 16, 4, NULL),
(268, 17, 5, NULL),
(268, 18, 5, NULL),
(268, 19, 5, NULL),
(268, 20, NULL, 'Es muy amable y sabe cómo explicar temas difíciles.'),
(269, 1, 5, NULL),
(269, 2, 4, NULL),
(269, 3, 4, NULL),
(269, 4, 4, NULL),
(269, 5, 5, NULL),
(269, 6, 5, NULL),
(269, 7, 3, NULL),
(269, 8, 5, NULL),
(269, 9, 5, NULL),
(269, 10, 4, NULL),
(270, 12, 3, NULL),
(270, 13, 4, NULL),
(270, 14, 5, NULL),
(270, 15, 5, NULL),
(270, 16, 5, NULL),
(270, 17, 3, NULL),
(270, 18, 4, NULL),
(270, 19, 4, NULL),
(271, 1, 4, NULL),
(271, 2, 5, NULL),
(271, 3, 5, NULL),
(271, 4, 5, NULL),
(271, 5, 4, NULL),
(271, 6, 4, NULL),
(271, 7, 5, NULL),
(271, 8, 5, NULL),
(271, 9, 5, NULL),
(271, 10, 4, NULL),
(272, 12, 5, NULL),
(272, 13, 4, NULL),
(272, 14, 4, NULL),
(272, 15, 4, NULL),
(272, 16, 5, NULL),
(272, 17, 4, NULL),
(272, 18, 5, NULL),
(272, 19, 4, NULL),
(272, 20, NULL, 'Es muy amable y sabe cómo explicar temas difíciles.'),
(273, 1, 4, NULL),
(273, 2, 5, NULL),
(273, 3, 4, NULL),
(273, 4, 5, NULL),
(273, 5, 4, NULL),
(273, 6, 4, NULL),
(273, 7, 5, NULL),
(273, 8, 3, NULL),
(273, 9, 5, NULL),
(273, 10, 5, NULL),
(273, 11, NULL, 'Me encanta su forma de liderar, he aprendido mucho de él.'),
(274, 12, 5, NULL),
(274, 13, 5, NULL),
(274, 14, 5, NULL),
(274, 15, 3, NULL),
(274, 16, 5, NULL),
(274, 17, 3, NULL),
(274, 18, 4, NULL),
(274, 19, 4, NULL),
(275, 1, 5, NULL),
(275, 2, 5, NULL),
(275, 3, 4, NULL),
(275, 4, 4, NULL),
(275, 5, 5, NULL),
(275, 6, 5, NULL),
(275, 7, 3, NULL),
(275, 8, 5, NULL),
(275, 9, 4, NULL),
(275, 10, 5, NULL),
(275, 11, NULL, 'A veces se demora un poco en contestar por Slack, pero cuando lo hace es muy claro.'),
(276, 12, 5, NULL),
(276, 13, 4, NULL),
(276, 14, 4, NULL),
(276, 15, 5, NULL),
(276, 16, 5, NULL),
(276, 17, 4, NULL),
(276, 18, 4, NULL),
(276, 19, 4, NULL),
(277, 1, 5, NULL),
(277, 2, 5, NULL),
(277, 3, 5, NULL),
(277, 4, 4, NULL),
(277, 5, 4, NULL),
(277, 6, 4, NULL),
(277, 7, 5, NULL),
(277, 8, 5, NULL),
(277, 9, 4, NULL),
(277, 10, 4, NULL),
(278, 12, 5, NULL),
(278, 13, 4, NULL),
(278, 14, 4, NULL),
(278, 15, 5, NULL),
(278, 16, 5, NULL),
(278, 17, 5, NULL),
(278, 18, 5, NULL),
(278, 19, 4, NULL),
(279, 1, 5, NULL),
(279, 2, 4, NULL),
(279, 3, 5, NULL),
(279, 4, 4, NULL),
(279, 5, 5, NULL),
(279, 6, 5, NULL),
(279, 7, 4, NULL),
(279, 8, 5, NULL),
(279, 9, 5, NULL),
(279, 10, 5, NULL),
(279, 11, NULL, 'Debería mantener su paciencia, es un gran líder.'),
(280, 12, 4, NULL),
(280, 13, 4, NULL),
(280, 14, 3, NULL),
(280, 15, 3, NULL),
(280, 16, 4, NULL),
(280, 17, 4, NULL),
(280, 18, 5, NULL),
(280, 19, 5, NULL),
(280, 20, NULL, 'Es muy amable y sabe cómo explicar temas difíciles.'),
(281, 1, 4, NULL),
(281, 2, 4, NULL),
(281, 3, 4, NULL),
(281, 4, 4, NULL),
(281, 5, 5, NULL),
(281, 6, 5, NULL),
(281, 7, 4, NULL),
(281, 8, 3, NULL),
(281, 9, 5, NULL),
(281, 10, 3, NULL),
(281, 11, NULL, 'Las dailies son muy útiles, las dirige muy bien.'),
(282, 12, 5, NULL),
(282, 13, 5, NULL),
(282, 14, 5, NULL),
(282, 15, 5, NULL),
(282, 16, 4, NULL),
(282, 17, 5, NULL),
(282, 18, 3, NULL),
(282, 19, 5, NULL),
(283, 1, 5, NULL),
(283, 2, 4, NULL),
(283, 3, 4, NULL),
(283, 4, 3, NULL),
(283, 5, 4, NULL),
(283, 6, 5, NULL),
(283, 7, 5, NULL),
(283, 8, 5, NULL),
(283, 9, 4, NULL),
(283, 10, 5, NULL),
(283, 11, NULL, 'Explica súper bien los requerimientos de los proyectos.'),
(284, 1, 5, NULL),
(284, 2, 4, NULL),
(284, 3, 5, NULL),
(284, 4, 5, NULL),
(284, 5, 4, NULL),
(284, 6, 4, NULL),
(284, 7, 4, NULL),
(284, 8, 4, NULL),
(284, 9, 5, NULL),
(284, 10, 5, NULL),
(285, 1, 5, NULL),
(285, 2, 5, NULL),
(285, 3, 5, NULL),
(285, 4, 4, NULL),
(285, 5, 4, NULL),
(285, 6, 5, NULL),
(285, 7, 5, NULL),
(285, 8, 4, NULL),
(285, 9, 5, NULL),
(285, 10, 5, NULL),
(286, 1, 3, NULL),
(286, 2, 5, NULL),
(286, 3, 5, NULL),
(286, 4, 5, NULL),
(286, 5, 5, NULL),
(286, 6, 5, NULL),
(286, 7, 5, NULL),
(286, 8, 4, NULL),
(286, 9, 5, NULL),
(286, 10, 4, NULL),
(286, 11, NULL, 'Podría darnos más recursos externos para estudiar.'),
(287, 1, 4, NULL),
(287, 2, 5, NULL),
(287, 3, 5, NULL),
(287, 4, 4, NULL),
(287, 5, 4, NULL),
(287, 6, 4, NULL),
(287, 7, 4, NULL),
(287, 8, 5, NULL),
(287, 9, 5, NULL),
(287, 10, 4, NULL),
(287, 11, NULL, 'Muy buen TL, siempre nos guía cuando estamos bloqueados.'),
(288, 1, 4, NULL),
(288, 2, 5, NULL),
(288, 3, 4, NULL),
(288, 4, 4, NULL),
(288, 5, 4, NULL),
(288, 6, 5, NULL),
(288, 7, 5, NULL),
(288, 8, 3, NULL),
(288, 9, 5, NULL),
(288, 10, 4, NULL),
(289, 1, 4, NULL),
(289, 2, 4, NULL),
(289, 3, 4, NULL),
(289, 4, 5, NULL),
(289, 5, 5, NULL),
(289, 6, 4, NULL),
(289, 7, 4, NULL),
(289, 8, 5, NULL),
(289, 9, 5, NULL),
(289, 10, 5, NULL),
(289, 11, NULL, 'Las dailies son muy útiles, las dirige muy bien.'),
(290, 1, 5, NULL),
(290, 2, 5, NULL),
(290, 3, 5, NULL),
(290, 4, 5, NULL),
(290, 5, 5, NULL),
(290, 6, 5, NULL),
(290, 7, 5, NULL),
(290, 8, 4, NULL),
(290, 9, 5, NULL),
(290, 10, 4, NULL),
(290, 11, NULL, 'Podría darnos más recursos externos para estudiar.'),
(291, 1, 5, NULL),
(291, 2, 4, NULL),
(291, 3, 5, NULL),
(291, 4, 3, NULL),
(291, 5, 4, NULL),
(291, 6, 5, NULL),
(291, 7, 5, NULL),
(291, 8, 4, NULL),
(291, 9, 4, NULL),
(291, 10, 4, NULL),
(291, 11, NULL, 'Las dailies son muy útiles, las dirige muy bien.'),
(292, 1, 4, NULL),
(292, 2, 4, NULL),
(292, 3, 3, NULL),
(292, 4, 4, NULL),
(292, 5, 5, NULL),
(292, 6, 4, NULL),
(292, 7, 4, NULL),
(292, 8, 4, NULL),
(292, 9, 3, NULL),
(292, 10, 5, NULL),
(292, 11, NULL, 'Me encanta su forma de liderar, he aprendido mucho de él.'),
(293, 1, 5, NULL),
(293, 2, 5, NULL),
(293, 3, 5, NULL),
(293, 4, 5, NULL),
(293, 5, 5, NULL),
(293, 6, 4, NULL),
(293, 7, 4, NULL),
(293, 8, 4, NULL),
(293, 9, 5, NULL),
(293, 10, 4, NULL),
(293, 11, NULL, 'Debería mantener su paciencia, es un gran líder.'),
(294, 1, 4, NULL),
(294, 2, 5, NULL),
(294, 3, 5, NULL),
(294, 4, 5, NULL),
(294, 5, 5, NULL),
(294, 6, 4, NULL),
(294, 7, 5, NULL),
(294, 8, 4, NULL),
(294, 9, 5, NULL),
(294, 10, 5, NULL),
(294, 11, NULL, 'Me encanta su forma de liderar, he aprendido mucho de él.'),
(295, 1, 4, NULL),
(295, 2, 5, NULL),
(295, 3, 5, NULL),
(295, 4, 4, NULL),
(295, 5, 5, NULL),
(295, 6, 4, NULL),
(295, 7, 4, NULL),
(295, 8, 4, NULL),
(295, 9, 5, NULL),
(295, 10, 5, NULL),
(296, 1, 5, NULL),
(296, 2, 5, NULL),
(296, 3, 4, NULL),
(296, 4, 5, NULL),
(296, 5, 4, NULL),
(296, 6, 4, NULL),
(296, 7, 4, NULL),
(296, 8, 4, NULL),
(296, 9, 4, NULL),
(296, 10, 5, NULL),
(297, 1, 5, NULL),
(297, 2, 5, NULL),
(297, 3, 5, NULL),
(297, 4, 4, NULL),
(297, 5, 5, NULL),
(297, 6, 4, NULL),
(297, 7, 4, NULL),
(297, 8, 4, NULL),
(297, 9, 5, NULL),
(297, 10, 5, NULL),
(298, 1, 5, NULL),
(298, 2, 5, NULL),
(298, 3, 4, NULL),
(298, 4, 4, NULL),
(298, 5, 3, NULL),
(298, 6, 3, NULL),
(298, 7, 4, NULL),
(298, 8, 4, NULL),
(298, 9, 4, NULL),
(298, 10, 4, NULL),
(299, 1, 5, NULL),
(299, 2, 5, NULL),
(299, 3, 5, NULL),
(299, 4, 4, NULL),
(299, 5, 5, NULL),
(299, 6, 5, NULL);

INSERT INTO evaluation_details (evaluation_id, question_id, score, comment) VALUES
(299, 7, 5, NULL),
(299, 8, 4, NULL),
(299, 9, 4, NULL),
(299, 10, 4, NULL),
(300, 1, 5, NULL),
(300, 2, 5, NULL),
(300, 3, 3, NULL),
(300, 4, 5, NULL),
(300, 5, 4, NULL),
(300, 6, 4, NULL),
(300, 7, 5, NULL),
(300, 8, 4, NULL),
(300, 9, 5, NULL),
(300, 10, 5, NULL),
(300, 11, NULL, 'Me gustaría que las dailies fueran un poco más largas.'),
(301, 1, 4, NULL),
(301, 2, 4, NULL),
(301, 3, 3, NULL),
(301, 4, 5, NULL),
(301, 5, 4, NULL),
(301, 6, 5, NULL),
(301, 7, 5, NULL),
(301, 8, 5, NULL),
(301, 9, 5, NULL),
(301, 10, 5, NULL),
(301, 11, NULL, 'Las dailies son muy útiles, las dirige muy bien.'),
(302, 1, 5, NULL),
(302, 2, 4, NULL),
(302, 3, 5, NULL),
(302, 4, 5, NULL),
(302, 5, 5, NULL),
(302, 6, 5, NULL),
(302, 7, 5, NULL),
(302, 8, 5, NULL),
(302, 9, 3, NULL),
(302, 10, 3, NULL),
(302, 11, NULL, 'Las dailies son muy útiles, las dirige muy bien.'),
(303, 1, 5, NULL),
(303, 2, 5, NULL),
(303, 3, 5, NULL),
(303, 4, 3, NULL),
(303, 5, 3, NULL),
(303, 6, 5, NULL),
(303, 7, 5, NULL),
(303, 8, 4, NULL),
(303, 9, 5, NULL),
(303, 10, 5, NULL),
(303, 11, NULL, 'Gracias a él he mejorado mucho mi lógica.'),
(304, 1, 4, NULL),
(304, 2, 5, NULL),
(304, 3, 3, NULL),
(304, 4, 4, NULL),
(304, 5, 5, NULL),
(304, 6, 3, NULL),
(304, 7, 5, NULL),
(304, 8, 4, NULL),
(304, 9, 4, NULL),
(304, 10, 4, NULL),
(304, 11, NULL, 'Explica súper bien los requerimientos de los proyectos.'),
(305, 1, 5, NULL),
(305, 2, 5, NULL),
(305, 3, 4, NULL),
(305, 4, 4, NULL),
(305, 5, 5, NULL),
(305, 6, 5, NULL),
(305, 7, 5, NULL),
(305, 8, 4, NULL),
(305, 9, 5, NULL),
(305, 10, 5, NULL),
(306, 1, 5, NULL),
(306, 2, 5, NULL),
(306, 3, 5, NULL),
(306, 4, 4, NULL),
(306, 5, 4, NULL),
(306, 6, 4, NULL),
(306, 7, 4, NULL),
(306, 8, 5, NULL),
(306, 9, 4, NULL),
(306, 10, 4, NULL),
(307, 1, 3, NULL),
(307, 2, 4, NULL),
(307, 3, 3, NULL),
(307, 4, 4, NULL),
(307, 5, 4, NULL),
(307, 6, 5, NULL),
(307, 7, 3, NULL),
(307, 8, 5, NULL),
(307, 9, 4, NULL),
(307, 10, 4, NULL),
(308, 1, 4, NULL),
(308, 2, 3, NULL),
(308, 3, 5, NULL),
(308, 4, 4, NULL),
(308, 5, 5, NULL),
(308, 6, 4, NULL),
(308, 7, 5, NULL),
(308, 8, 5, NULL),
(308, 9, 3, NULL),
(308, 10, 5, NULL),
(308, 11, NULL, 'Podría darnos más recursos externos para estudiar.'),
(309, 1, 4, NULL),
(309, 2, 5, NULL),
(309, 3, 3, NULL),
(309, 4, 5, NULL),
(309, 5, 5, NULL),
(309, 6, 5, NULL),
(309, 7, 5, NULL),
(309, 8, 5, NULL),
(309, 9, 4, NULL),
(309, 10, 4, NULL),
(309, 11, NULL, 'Excelente acompañamiento, siempre está dispuesto a ayudarnos.'),
(310, 1, 5, NULL),
(310, 2, 4, NULL),
(310, 3, 4, NULL),
(310, 4, 5, NULL),
(310, 5, 3, NULL),
(310, 6, 3, NULL),
(310, 7, 5, NULL),
(310, 8, 5, NULL),
(310, 9, 4, NULL),
(310, 10, 5, NULL),
(310, 11, NULL, 'Debería mantener su paciencia, es un gran líder.'),
(311, 1, 5, NULL),
(311, 2, 4, NULL),
(311, 3, 5, NULL),
(311, 4, 4, NULL),
(311, 5, 5, NULL),
(311, 6, 5, NULL),
(311, 7, 4, NULL),
(311, 8, 4, NULL),
(311, 9, 4, NULL),
(311, 10, 5, NULL),
(311, 11, NULL, 'Muy buen TL, siempre nos guía cuando estamos bloqueados.'),
(312, 1, 5, NULL),
(312, 2, 5, NULL),
(312, 3, 4, NULL),
(312, 4, 4, NULL),
(312, 5, 4, NULL),
(312, 6, 5, NULL),
(312, 7, 5, NULL),
(312, 8, 5, NULL),
(312, 9, 4, NULL),
(312, 10, 3, NULL),
(312, 11, NULL, 'Debería mantener su paciencia, es un gran líder.'),
(313, 1, 5, NULL),
(313, 2, 5, NULL),
(313, 3, 5, NULL),
(313, 4, 5, NULL),
(313, 5, 5, NULL),
(313, 6, 4, NULL),
(313, 7, 4, NULL),
(313, 8, 5, NULL),
(313, 9, 3, NULL),
(313, 10, 4, NULL),
(313, 11, NULL, 'Las dailies son muy útiles, las dirige muy bien.'),
(314, 1, 5, NULL),
(314, 2, 3, NULL),
(314, 3, 5, NULL),
(314, 4, 5, NULL),
(314, 5, 4, NULL),
(314, 6, 5, NULL),
(314, 7, 4, NULL),
(314, 8, 5, NULL),
(314, 9, 5, NULL),
(314, 10, 4, NULL),
(315, 1, 5, NULL),
(315, 2, 5, NULL),
(315, 3, 4, NULL),
(315, 4, 4, NULL),
(315, 5, 4, NULL),
(315, 6, 4, NULL),
(315, 7, 5, NULL),
(315, 8, 4, NULL),
(315, 9, 5, NULL),
(315, 10, 4, NULL),
(315, 11, NULL, 'Debería mantener su paciencia, es un gran líder.'),
(316, 12, 5, NULL),
(316, 13, 5, NULL),
(316, 14, 3, NULL),
(316, 15, 5, NULL),
(316, 16, 3, NULL),
(316, 17, 4, NULL),
(316, 18, 5, NULL),
(316, 19, 5, NULL),
(317, 1, 5, NULL),
(317, 2, 4, NULL),
(317, 3, 5, NULL),
(317, 4, 4, NULL),
(317, 5, 4, NULL),
(317, 6, 5, NULL),
(317, 7, 5, NULL),
(317, 8, 4, NULL),
(317, 9, 4, NULL),
(317, 10, 4, NULL),
(317, 11, NULL, 'Me gustaría que las dailies fueran un poco más largas.'),
(318, 12, 5, NULL),
(318, 13, 5, NULL),
(318, 14, 5, NULL),
(318, 15, 4, NULL),
(318, 16, 5, NULL),
(318, 17, 5, NULL),
(318, 18, 3, NULL),
(318, 19, 5, NULL),
(319, 1, 5, NULL),
(319, 2, 5, NULL),
(319, 3, 5, NULL),
(319, 4, 4, NULL),
(319, 5, 4, NULL),
(319, 6, 4, NULL),
(319, 7, 4, NULL),
(319, 8, 4, NULL),
(319, 9, 4, NULL),
(319, 10, 4, NULL),
(319, 11, NULL, 'Excelente acompañamiento, siempre está dispuesto a ayudarnos.'),
(320, 12, 5, NULL),
(320, 13, 4, NULL),
(320, 14, 5, NULL),
(320, 15, 4, NULL),
(320, 16, 5, NULL),
(320, 17, 5, NULL),
(320, 18, 4, NULL),
(320, 19, 4, NULL),
(320, 20, NULL, 'Me gustaría más ejercicios prácticos en vivo.'),
(321, 1, 5, NULL),
(321, 2, 4, NULL),
(321, 3, 5, NULL),
(321, 4, 4, NULL),
(321, 5, 5, NULL),
(321, 6, 5, NULL),
(321, 7, 5, NULL),
(321, 8, 3, NULL),
(321, 9, 5, NULL),
(321, 10, 4, NULL),
(321, 11, NULL, 'Explica súper bien los requerimientos de los proyectos.'),
(322, 12, 4, NULL),
(322, 13, 4, NULL),
(322, 14, 4, NULL),
(322, 15, 4, NULL),
(322, 16, 5, NULL),
(322, 17, 5, NULL),
(322, 18, 4, NULL),
(322, 19, 5, NULL),
(322, 20, NULL, 'Me encanta cómo explica la arquitectura de software.'),
(323, 1, 4, NULL),
(323, 2, 4, NULL),
(323, 3, 4, NULL),
(323, 4, 5, NULL),
(323, 5, 3, NULL),
(323, 6, 5, NULL),
(323, 7, 4, NULL),
(323, 8, 5, NULL),
(323, 9, 4, NULL),
(323, 10, 5, NULL),
(323, 11, NULL, 'Explica súper bien los requerimientos de los proyectos.'),
(324, 12, 3, NULL),
(324, 13, 5, NULL),
(324, 14, 4, NULL),
(324, 15, 4, NULL),
(324, 16, 5, NULL),
(324, 17, 5, NULL),
(324, 18, 4, NULL),
(324, 19, 4, NULL),
(325, 1, 5, NULL),
(325, 2, 5, NULL),
(325, 3, 4, NULL),
(325, 4, 5, NULL),
(325, 5, 5, NULL),
(325, 6, 5, NULL),
(325, 7, 4, NULL),
(325, 8, 4, NULL),
(325, 9, 4, NULL),
(325, 10, 4, NULL),
(325, 11, NULL, 'A veces se demora un poco en contestar por Slack, pero cuando lo hace es muy claro.'),
(326, 12, 4, NULL),
(326, 13, 3, NULL),
(326, 14, 5, NULL),
(326, 15, 4, NULL),
(326, 16, 3, NULL),
(326, 17, 5, NULL),
(326, 18, 3, NULL),
(326, 19, 4, NULL),
(327, 1, 3, NULL),
(327, 2, 5, NULL),
(327, 3, 4, NULL),
(327, 4, 4, NULL),
(327, 5, 5, NULL),
(327, 6, 5, NULL),
(327, 7, 3, NULL),
(327, 8, 5, NULL),
(327, 9, 4, NULL),
(327, 10, 4, NULL),
(327, 11, NULL, 'Muy buen TL, siempre nos guía cuando estamos bloqueados.'),
(328, 12, 4, NULL),
(328, 13, 3, NULL),
(328, 14, 4, NULL),
(328, 15, 5, NULL),
(328, 16, 3, NULL),
(328, 17, 5, NULL),
(328, 18, 5, NULL),
(328, 19, 4, NULL),
(328, 20, NULL, 'Las clases son súper claras, los ejemplos en vivo ayudan muchísimo.'),
(329, 1, 4, NULL),
(329, 2, 4, NULL),
(329, 3, 5, NULL),
(329, 4, 4, NULL),
(329, 5, 5, NULL),
(329, 6, 5, NULL),
(329, 7, 3, NULL),
(329, 8, 4, NULL),
(329, 9, 4, NULL),
(329, 10, 5, NULL),
(330, 12, 5, NULL),
(330, 13, 4, NULL),
(330, 14, 5, NULL),
(330, 15, 4, NULL),
(330, 16, 3, NULL),
(330, 17, 4, NULL),
(330, 18, 4, NULL),
(330, 19, 4, NULL),
(330, 20, NULL, 'Me encanta cómo explica la arquitectura de software.'),
(331, 1, 5, NULL),
(331, 2, 5, NULL),
(331, 3, 4, NULL),
(331, 4, 5, NULL),
(331, 5, 5, NULL),
(331, 6, 4, NULL),
(331, 7, 4, NULL),
(331, 8, 4, NULL),
(331, 9, 4, NULL),
(331, 10, 5, NULL),
(332, 12, 4, NULL),
(332, 13, 5, NULL),
(332, 14, 4, NULL),
(332, 15, 4, NULL),
(332, 16, 4, NULL),
(332, 17, 4, NULL),
(332, 18, 5, NULL),
(332, 19, 4, NULL),
(332, 20, NULL, 'Las clases son súper claras, los ejemplos en vivo ayudan muchísimo.'),
(333, 1, 3, NULL),
(333, 2, 5, NULL),
(333, 3, 5, NULL),
(333, 4, 4, NULL),
(333, 5, 5, NULL),
(333, 6, 4, NULL),
(333, 7, 3, NULL),
(333, 8, 4, NULL),
(333, 9, 5, NULL),
(333, 10, 3, NULL),
(333, 11, NULL, 'Explica súper bien los requerimientos de los proyectos.'),
(334, 12, 4, NULL),
(334, 13, 5, NULL),
(334, 14, 5, NULL),
(334, 15, 5, NULL),
(334, 16, 5, NULL),
(334, 17, 5, NULL),
(334, 18, 4, NULL),
(334, 19, 3, NULL),
(335, 1, 3, NULL),
(335, 2, 5, NULL),
(335, 3, 4, NULL),
(335, 4, 4, NULL),
(335, 5, 3, NULL),
(335, 6, 4, NULL),
(335, 7, 4, NULL),
(335, 8, 3, NULL),
(335, 9, 4, NULL),
(335, 10, 5, NULL),
(335, 11, NULL, 'Gracias a él he mejorado mucho mi lógica.'),
(336, 12, 5, NULL),
(336, 13, 5, NULL),
(336, 14, 4, NULL),
(336, 15, 4, NULL),
(336, 16, 5, NULL),
(336, 17, 3, NULL),
(336, 18, 4, NULL),
(336, 19, 5, NULL),
(337, 1, 5, NULL),
(337, 2, 4, NULL),
(337, 3, 5, NULL),
(337, 4, 4, NULL),
(337, 5, 4, NULL),
(337, 6, 4, NULL),
(337, 7, 4, NULL),
(337, 8, 5, NULL),
(337, 9, 3, NULL),
(337, 10, 4, NULL),
(337, 11, NULL, 'Excelente acompañamiento, siempre está dispuesto a ayudarnos.'),
(338, 12, 5, NULL),
(338, 13, 4, NULL),
(338, 14, 5, NULL),
(338, 15, 5, NULL),
(338, 16, 4, NULL),
(338, 17, 4, NULL),
(338, 18, 4, NULL),
(338, 19, 5, NULL),
(338, 20, NULL, 'Me encanta cómo explica la arquitectura de software.'),
(339, 1, 4, NULL),
(339, 2, 4, NULL),
(339, 3, 5, NULL),
(339, 4, 5, NULL),
(339, 5, 5, NULL),
(339, 6, 5, NULL),
(339, 7, 5, NULL),
(339, 8, 5, NULL),
(339, 9, 5, NULL),
(339, 10, 3, NULL),
(339, 11, NULL, 'Excelente acompañamiento, siempre está dispuesto a ayudarnos.'),
(340, 12, 4, NULL),
(340, 13, 5, NULL),
(340, 14, 4, NULL),
(340, 15, 4, NULL),
(340, 16, 4, NULL),
(340, 17, 3, NULL),
(340, 18, 5, NULL),
(340, 19, 4, NULL),
(340, 20, NULL, 'Me encanta cómo explica la arquitectura de software.'),
(341, 1, 4, NULL),
(341, 2, 4, NULL),
(341, 3, 4, NULL),
(341, 4, 4, NULL),
(341, 5, 4, NULL),
(341, 6, 5, NULL),
(341, 7, 5, NULL),
(341, 8, 5, NULL),
(341, 9, 4, NULL),
(341, 10, 5, NULL),
(341, 11, NULL, 'Explica súper bien los requerimientos de los proyectos.'),
(342, 12, 4, NULL),
(342, 13, 3, NULL),
(342, 14, 4, NULL),
(342, 15, 4, NULL),
(342, 16, 5, NULL),
(342, 17, 5, NULL),
(342, 18, 4, NULL),
(342, 19, 5, NULL),
(343, 1, 5, NULL),
(343, 2, 5, NULL),
(343, 3, 5, NULL),
(343, 4, 5, NULL),
(343, 5, 4, NULL),
(343, 6, 4, NULL),
(343, 7, 5, NULL),
(343, 8, 5, NULL),
(343, 9, 5, NULL),
(343, 10, 4, NULL),
(344, 12, 3, NULL),
(344, 13, 4, NULL),
(344, 14, 5, NULL),
(344, 15, 4, NULL),
(344, 16, 5, NULL),
(344, 17, 3, NULL),
(344, 18, 4, NULL),
(344, 19, 3, NULL),
(345, 1, 3, NULL),
(345, 2, 4, NULL),
(345, 3, 5, NULL),
(345, 4, 5, NULL),
(345, 5, 5, NULL),
(345, 6, 5, NULL),
(345, 7, 5, NULL),
(345, 8, 5, NULL),
(345, 9, 5, NULL),
(345, 10, 3, NULL),
(345, 11, NULL, 'Me encanta su forma de liderar, he aprendido mucho de él.'),
(346, 12, 5, NULL),
(346, 13, 4, NULL),
(346, 14, 4, NULL),
(346, 15, 4, NULL),
(346, 16, 5, NULL),
(346, 17, 5, NULL),
(346, 18, 5, NULL),
(346, 19, 5, NULL),
(346, 20, NULL, 'Me encanta cómo explica la arquitectura de software.'),
(347, 1, 3, NULL),
(347, 2, 5, NULL),
(347, 3, 5, NULL),
(347, 4, 4, NULL),
(347, 5, 4, NULL),
(347, 6, 5, NULL),
(347, 7, 5, NULL),
(347, 8, 5, NULL),
(347, 9, 5, NULL),
(347, 10, 5, NULL),
(347, 11, NULL, 'Debería mantener su paciencia, es un gran líder.'),
(348, 12, 5, NULL),
(348, 13, 4, NULL),
(348, 14, 5, NULL),
(348, 15, 5, NULL),
(348, 16, 5, NULL),
(348, 17, 5, NULL),
(348, 18, 5, NULL),
(348, 19, 4, NULL),
(348, 20, NULL, 'Me encanta cómo explica la arquitectura de software.'),
(349, 1, 3, NULL),
(349, 2, 4, NULL),
(349, 3, 4, NULL),
(349, 4, 4, NULL),
(349, 5, 4, NULL),
(349, 6, 5, NULL),
(349, 7, 3, NULL),
(349, 8, 4, NULL),
(349, 9, 5, NULL),
(349, 10, 4, NULL),
(350, 12, 4, NULL),
(350, 13, 5, NULL),
(350, 14, 5, NULL),
(350, 15, 3, NULL),
(350, 16, 5, NULL),
(350, 17, 5, NULL),
(350, 18, 4, NULL),
(350, 19, 4, NULL),
(351, 1, 5, NULL),
(351, 2, 5, NULL),
(351, 3, 3, NULL),
(351, 4, 5, NULL),
(351, 5, 5, NULL),
(351, 6, 5, NULL),
(351, 7, 4, NULL),
(351, 8, 5, NULL),
(351, 9, 5, NULL),
(351, 10, 5, NULL),
(351, 11, NULL, 'A veces se demora un poco en contestar por Slack, pero cuando lo hace es muy claro.'),
(352, 12, 4, NULL),
(352, 13, 5, NULL),
(352, 14, 4, NULL),
(352, 15, 5, NULL),
(352, 16, 5, NULL),
(352, 17, 4, NULL),
(352, 18, 5, NULL),
(352, 19, 4, NULL),
(352, 20, NULL, 'Me encanta cómo explica la arquitectura de software.'),
(353, 1, 4, NULL),
(353, 2, 3, NULL),
(353, 3, 3, NULL),
(353, 4, 4, NULL),
(353, 5, 4, NULL),
(353, 6, 4, NULL),
(353, 7, 5, NULL),
(353, 8, 3, NULL),
(353, 9, 4, NULL),
(353, 10, 4, NULL),
(353, 11, NULL, 'Excelente acompañamiento, siempre está dispuesto a ayudarnos.'),
(354, 12, 4, NULL),
(354, 13, 4, NULL),
(354, 14, 4, NULL),
(354, 15, 5, NULL),
(354, 16, 5, NULL),
(354, 17, 4, NULL),
(354, 18, 5, NULL),
(354, 19, 5, NULL),
(354, 20, NULL, 'Me encanta cómo explica la arquitectura de software.'),
(355, 1, 5, NULL),
(355, 2, 5, NULL),
(355, 3, 5, NULL),
(355, 4, 4, NULL),
(355, 5, 4, NULL),
(355, 6, 5, NULL),
(355, 7, 5, NULL),
(355, 8, 5, NULL),
(355, 9, 4, NULL),
(355, 10, 4, NULL),
(356, 12, 4, NULL),
(356, 13, 3, NULL),
(356, 14, 5, NULL),
(356, 15, 5, NULL),
(356, 16, 5, NULL),
(356, 17, 4, NULL),
(356, 18, 3, NULL),
(356, 19, 3, NULL),
(356, 20, NULL, 'Me gustaría más ejercicios prácticos en vivo.'),
(357, 1, 3, NULL),
(357, 2, 5, NULL),
(357, 3, 5, NULL),
(357, 4, 5, NULL),
(357, 5, 5, NULL),
(357, 6, 4, NULL),
(357, 7, 4, NULL),
(357, 8, 3, NULL),
(357, 9, 5, NULL),
(357, 10, 5, NULL),
(357, 11, NULL, 'Debería mantener su paciencia, es un gran líder.'),
(358, 12, 4, NULL),
(358, 13, 5, NULL),
(358, 14, 5, NULL),
(358, 15, 5, NULL),
(358, 16, 4, NULL),
(358, 17, 4, NULL),
(358, 18, 4, NULL),
(358, 19, 5, NULL),
(358, 20, NULL, 'Me encanta cómo explica la arquitectura de software.'),
(359, 1, 3, NULL),
(359, 2, 5, NULL),
(359, 3, 3, NULL),
(359, 4, 5, NULL),
(359, 5, 5, NULL),
(359, 6, 4, NULL),
(359, 7, 5, NULL),
(359, 8, 3, NULL),
(359, 9, 3, NULL),
(359, 10, 5, NULL),
(360, 12, 4, NULL),
(360, 13, 4, NULL),
(360, 14, 5, NULL),
(360, 15, 4, NULL),
(360, 16, 5, NULL),
(360, 17, 3, NULL),
(360, 18, 4, NULL),
(360, 19, 4, NULL),
(360, 20, NULL, 'Me encanta cómo explica la arquitectura de software.'),
(361, 1, 5, NULL),
(361, 2, 3, NULL),
(361, 3, 5, NULL),
(361, 4, 5, NULL),
(361, 5, 5, NULL),
(361, 6, 4, NULL),
(361, 7, 4, NULL),
(361, 8, 5, NULL),
(361, 9, 4, NULL),
(361, 10, 4, NULL),
(361, 11, NULL, 'Explica súper bien los requerimientos de los proyectos.'),
(362, 12, 4, NULL),
(362, 13, 4, NULL),
(362, 14, 4, NULL),
(362, 15, 4, NULL),
(362, 16, 3, NULL),
(362, 17, 4, NULL),
(362, 18, 5, NULL),
(362, 19, 5, NULL),
(362, 20, NULL, 'Excelente dominio de FastAPI, resuelve las dudas en el acto.'),
(363, 1, 4, NULL),
(363, 2, 4, NULL),
(363, 3, 5, NULL),
(363, 4, 4, NULL),
(363, 5, 5, NULL),
(363, 6, 5, NULL),
(363, 7, 5, NULL),
(363, 8, 4, NULL),
(363, 9, 5, NULL),
(363, 10, 4, NULL),
(363, 11, NULL, 'Muy buen TL, siempre nos guía cuando estamos bloqueados.'),
(364, 12, 4, NULL),
(364, 13, 3, NULL),
(364, 14, 5, NULL),
(364, 15, 5, NULL),
(364, 16, 3, NULL),
(364, 17, 4, NULL),
(364, 18, 5, NULL),
(364, 19, 5, NULL),
(364, 20, NULL, 'Es muy amable y sabe cómo explicar temas difíciles.'),
(365, 1, 4, NULL),
(365, 2, 5, NULL),
(365, 3, 4, NULL),
(365, 4, 4, NULL),
(365, 5, 4, NULL),
(365, 6, 5, NULL),
(365, 7, 5, NULL),
(365, 8, 5, NULL),
(365, 9, 4, NULL),
(365, 10, 3, NULL),
(365, 11, NULL, 'A veces se demora un poco en contestar por Slack, pero cuando lo hace es muy claro.'),
(366, 12, 3, NULL),
(366, 13, 4, NULL),
(366, 14, 4, NULL),
(366, 15, 4, NULL),
(366, 16, 4, NULL),
(366, 17, 4, NULL),
(366, 18, 5, NULL),
(366, 19, 5, NULL),
(366, 20, NULL, 'Excelente dominio de FastAPI, resuelve las dudas en el acto.'),
(367, 1, 4, NULL),
(367, 2, 5, NULL),
(367, 3, 5, NULL),
(367, 4, 5, NULL),
(367, 5, 4, NULL),
(367, 6, 5, NULL),
(367, 7, 5, NULL),
(367, 8, 4, NULL),
(367, 9, 3, NULL),
(367, 10, 5, NULL),
(367, 11, NULL, 'Excelente acompañamiento, siempre está dispuesto a ayudarnos.'),
(368, 12, 5, NULL),
(368, 13, 4, NULL),
(368, 14, 4, NULL),
(368, 15, 5, NULL),
(368, 16, 4, NULL),
(368, 17, 5, NULL),
(368, 18, 3, NULL),
(368, 19, 5, NULL),
(369, 1, 5, NULL),
(369, 2, 4, NULL),
(369, 3, 4, NULL),
(369, 4, 5, NULL),
(369, 5, 4, NULL),
(369, 6, 5, NULL),
(369, 7, 5, NULL),
(369, 8, 3, NULL),
(369, 9, 5, NULL),
(369, 10, 4, NULL),
(370, 12, 4, NULL),
(370, 13, 4, NULL),
(370, 14, 4, NULL),
(370, 15, 4, NULL),
(370, 16, 3, NULL),
(370, 17, 4, NULL),
(370, 18, 5, NULL),
(370, 19, 5, NULL),
(370, 20, NULL, 'Es muy amable y sabe cómo explicar temas difíciles.'),
(371, 1, 5, NULL),
(371, 2, 5, NULL),
(371, 3, 5, NULL),
(371, 4, 5, NULL),
(371, 5, 5, NULL),
(371, 6, 5, NULL),
(371, 7, 5, NULL),
(371, 8, 5, NULL),
(371, 9, 4, NULL),
(371, 10, 4, NULL),
(371, 11, NULL, 'Muy buen TL, siempre nos guía cuando estamos bloqueados.'),
(372, 12, 4, NULL),
(372, 13, 5, NULL),
(372, 14, 5, NULL),
(372, 15, 4, NULL),
(372, 16, 5, NULL),
(372, 17, 4, NULL),
(372, 18, 4, NULL),
(372, 19, 3, NULL),
(372, 20, NULL, 'Me gustaría más ejercicios prácticos en vivo.'),
(373, 1, 3, NULL),
(373, 2, 5, NULL),
(373, 3, 5, NULL),
(373, 4, 4, NULL),
(373, 5, 5, NULL),
(373, 6, 4, NULL),
(373, 7, 5, NULL),
(373, 8, 4, NULL),
(373, 9, 5, NULL),
(373, 10, 3, NULL),
(373, 11, NULL, 'Las dailies son muy útiles, las dirige muy bien.'),
(374, 12, 5, NULL),
(374, 13, 5, NULL),
(374, 14, 5, NULL),
(374, 15, 5, NULL),
(374, 16, 5, NULL),
(374, 17, 5, NULL),
(374, 18, 4, NULL),
(374, 19, 3, NULL),
(374, 20, NULL, 'Me encanta cómo explica la arquitectura de software.'),
(375, 1, 4, NULL),
(375, 2, 4, NULL),
(375, 3, 5, NULL),
(375, 4, 5, NULL),
(375, 5, 4, NULL),
(375, 6, 5, NULL),
(375, 7, 4, NULL),
(375, 8, 5, NULL),
(375, 9, 4, NULL),
(375, 10, 5, NULL),
(376, 12, 4, NULL),
(376, 13, 5, NULL),
(376, 14, 5, NULL),
(376, 15, 5, NULL),
(376, 16, 5, NULL),
(376, 17, 4, NULL),
(376, 18, 3, NULL),
(376, 19, 5, NULL),
(376, 20, NULL, 'Las clases son súper claras, los ejemplos en vivo ayudan muchísimo.'),
(377, 1, 4, NULL),
(377, 2, 5, NULL),
(377, 3, 5, NULL),
(377, 4, 5, NULL),
(377, 5, 5, NULL),
(377, 6, 5, NULL),
(377, 7, 4, NULL),
(377, 8, 5, NULL),
(377, 9, 4, NULL),
(377, 10, 4, NULL),
(378, 1, 4, NULL),
(378, 2, 5, NULL),
(378, 3, 3, NULL),
(378, 4, 5, NULL),
(378, 5, 5, NULL),
(378, 6, 4, NULL),
(378, 7, 4, NULL),
(378, 8, 4, NULL),
(378, 9, 4, NULL),
(378, 10, 5, NULL),
(378, 11, NULL, 'Gracias a él he mejorado mucho mi lógica.'),
(379, 1, 4, NULL),
(379, 2, 5, NULL),
(379, 3, 5, NULL),
(379, 4, 5, NULL),
(379, 5, 4, NULL),
(379, 6, 4, NULL),
(379, 7, 4, NULL),
(379, 8, 4, NULL),
(379, 9, 4, NULL),
(379, 10, 5, NULL),
(379, 11, NULL, 'Me encanta su forma de liderar, he aprendido mucho de él.'),
(380, 1, 5, NULL),
(380, 2, 4, NULL),
(380, 3, 4, NULL),
(380, 4, 5, NULL),
(380, 5, 4, NULL),
(380, 6, 3, NULL),
(380, 7, 4, NULL),
(380, 8, 4, NULL),
(380, 9, 3, NULL),
(380, 10, 4, NULL),
(380, 11, NULL, 'Me gustaría que las dailies fueran un poco más largas.'),
(381, 1, 5, NULL),
(381, 2, 5, NULL),
(381, 3, 5, NULL),
(381, 4, 4, NULL),
(381, 5, 5, NULL),
(381, 6, 3, NULL),
(381, 7, 5, NULL),
(381, 8, 4, NULL),
(381, 9, 3, NULL),
(381, 10, 5, NULL),
(381, 11, NULL, 'Muy buen TL, siempre nos guía cuando estamos bloqueados.'),
(382, 1, 5, NULL),
(382, 2, 4, NULL),
(382, 3, 4, NULL),
(382, 4, 4, NULL),
(382, 5, 5, NULL),
(382, 6, 4, NULL),
(382, 7, 4, NULL),
(382, 8, 5, NULL),
(382, 9, 5, NULL),
(382, 10, 4, NULL),
(382, 11, NULL, 'Muy buen TL, siempre nos guía cuando estamos bloqueados.'),
(383, 1, 5, NULL),
(383, 2, 4, NULL),
(383, 3, 4, NULL),
(383, 4, 5, NULL),
(383, 5, 4, NULL),
(383, 6, 5, NULL),
(383, 7, 4, NULL),
(383, 8, 5, NULL),
(383, 9, 5, NULL),
(383, 10, 5, NULL),
(383, 11, NULL, 'Explica súper bien los requerimientos de los proyectos.'),
(384, 1, 5, NULL),
(384, 2, 5, NULL),
(384, 3, 5, NULL),
(384, 4, 5, NULL),
(384, 5, 4, NULL),
(384, 6, 4, NULL),
(384, 7, 5, NULL),
(384, 8, 5, NULL),
(384, 9, 5, NULL),
(384, 10, 4, NULL),
(384, 11, NULL, 'Excelente acompañamiento, siempre está dispuesto a ayudarnos.'),
(385, 1, 4, NULL),
(385, 2, 5, NULL),
(385, 3, 4, NULL),
(385, 4, 3, NULL),
(385, 5, 3, NULL),
(385, 6, 4, NULL),
(385, 7, 5, NULL),
(385, 8, 5, NULL),
(385, 9, 4, NULL),
(385, 10, 4, NULL),
(385, 11, NULL, 'Muy buen TL, siempre nos guía cuando estamos bloqueados.'),
(386, 1, 4, NULL),
(386, 2, 4, NULL),
(386, 3, 4, NULL),
(386, 4, 3, NULL),
(386, 5, 5, NULL),
(386, 6, 5, NULL),
(386, 7, 5, NULL),
(386, 8, 5, NULL),
(386, 9, 4, NULL),
(386, 10, 3, NULL),
(387, 1, 5, NULL),
(387, 2, 4, NULL),
(387, 3, 4, NULL),
(387, 4, 3, NULL),
(387, 5, 4, NULL),
(387, 6, 5, NULL),
(387, 7, 5, NULL),
(387, 8, 5, NULL),
(387, 9, 4, NULL),
(387, 10, 4, NULL),
(388, 1, 4, NULL),
(388, 2, 5, NULL),
(388, 3, 4, NULL),
(388, 4, 5, NULL),
(388, 5, 5, NULL),
(388, 6, 4, NULL),
(388, 7, 4, NULL),
(388, 8, 5, NULL),
(388, 9, 5, NULL),
(388, 10, 5, NULL),
(388, 11, NULL, 'Me gustaría que las dailies fueran un poco más largas.'),
(389, 1, 4, NULL),
(389, 2, 5, NULL),
(389, 3, 4, NULL),
(389, 4, 4, NULL),
(389, 5, 5, NULL),
(389, 6, 4, NULL),
(389, 7, 5, NULL),
(389, 8, 5, NULL),
(389, 9, 4, NULL),
(389, 10, 3, NULL),
(390, 1, 3, NULL),
(390, 2, 5, NULL),
(390, 3, 5, NULL),
(390, 4, 4, NULL),
(390, 5, 5, NULL),
(390, 6, 5, NULL),
(390, 7, 4, NULL),
(390, 8, 3, NULL),
(390, 9, 4, NULL),
(390, 10, 5, NULL),
(390, 11, NULL, 'Debería mantener su paciencia, es un gran líder.'),
(391, 1, 4, NULL),
(391, 2, 5, NULL),
(391, 3, 5, NULL),
(391, 4, 5, NULL),
(391, 5, 5, NULL),
(391, 6, 5, NULL),
(391, 7, 4, NULL),
(391, 8, 4, NULL),
(391, 9, 5, NULL),
(391, 10, 4, NULL),
(391, 11, NULL, 'Explica súper bien los requerimientos de los proyectos.'),
(392, 1, 5, NULL),
(392, 2, 5, NULL),
(392, 3, 5, NULL),
(392, 4, 5, NULL),
(392, 5, 5, NULL),
(392, 6, 5, NULL),
(392, 7, 5, NULL),
(392, 8, 5, NULL),
(392, 9, 4, NULL),
(392, 10, 5, NULL),
(392, 11, NULL, 'Excelente acompañamiento, siempre está dispuesto a ayudarnos.'),
(393, 1, 4, NULL),
(393, 2, 5, NULL),
(393, 3, 5, NULL),
(393, 4, 4, NULL),
(393, 5, 5, NULL),
(393, 6, 5, NULL),
(393, 7, 4, NULL),
(393, 8, 3, NULL),
(393, 9, 4, NULL),
(393, 10, 5, NULL),
(393, 11, NULL, 'Debería mantener su paciencia, es un gran líder.'),
(394, 1, 5, NULL),
(394, 2, 5, NULL),
(394, 3, 4, NULL),
(394, 4, 4, NULL),
(394, 5, 5, NULL),
(394, 6, 5, NULL),
(394, 7, 5, NULL),
(394, 8, 5, NULL),
(394, 9, 4, NULL),
(394, 10, 4, NULL),
(394, 11, NULL, 'Podría darnos más recursos externos para estudiar.'),
(395, 1, 4, NULL),
(395, 2, 5, NULL),
(395, 3, 5, NULL),
(395, 4, 4, NULL),
(395, 5, 5, NULL),
(395, 6, 4, NULL),
(395, 7, 4, NULL),
(395, 8, 5, NULL),
(395, 9, 5, NULL),
(395, 10, 4, NULL),
(395, 11, NULL, 'Muy buen TL, siempre nos guía cuando estamos bloqueados.'),
(396, 1, 5, NULL),
(396, 2, 4, NULL),
(396, 3, 5, NULL),
(396, 4, 3, NULL),
(396, 5, 5, NULL),
(396, 6, 4, NULL),
(396, 7, 5, NULL),
(396, 8, 3, NULL),
(396, 9, 5, NULL),
(396, 10, 5, NULL),
(396, 11, NULL, 'Podría darnos más recursos externos para estudiar.'),
(397, 1, 4, NULL),
(397, 2, 4, NULL),
(397, 3, 4, NULL),
(397, 4, 5, NULL),
(397, 5, 4, NULL),
(397, 6, 5, NULL),
(397, 7, 3, NULL),
(397, 8, 5, NULL),
(397, 9, 4, NULL),
(397, 10, 4, NULL),
(397, 11, NULL, 'Muy buen TL, siempre nos guía cuando estamos bloqueados.'),
(398, 1, 5, NULL),
(398, 2, 5, NULL),
(398, 3, 5, NULL),
(398, 4, 5, NULL),
(398, 5, 4, NULL),
(398, 6, 5, NULL);

INSERT INTO evaluation_details (evaluation_id, question_id, score, comment) VALUES
(398, 7, 4, NULL),
(398, 8, 4, NULL),
(398, 9, 5, NULL),
(398, 10, 3, NULL),
(399, 1, 5, NULL),
(399, 2, 5, NULL),
(399, 3, 5, NULL),
(399, 4, 5, NULL),
(399, 5, 4, NULL),
(399, 6, 4, NULL),
(399, 7, 4, NULL),
(399, 8, 3, NULL),
(399, 9, 5, NULL),
(399, 10, 4, NULL),
(399, 11, NULL, 'A veces se demora un poco en contestar por Slack, pero cuando lo hace es muy claro.'),
(400, 1, 5, NULL),
(400, 2, 5, NULL),
(400, 3, 5, NULL),
(400, 4, 4, NULL),
(400, 5, 5, NULL),
(400, 6, 4, NULL),
(400, 7, 5, NULL),
(400, 8, 5, NULL),
(400, 9, 4, NULL),
(400, 10, 5, NULL),
(400, 11, NULL, 'Muy buen TL, siempre nos guía cuando estamos bloqueados.'),
(401, 1, 5, NULL),
(401, 2, 4, NULL),
(401, 3, 5, NULL),
(401, 4, 5, NULL),
(401, 5, 5, NULL),
(401, 6, 3, NULL),
(401, 7, 4, NULL),
(401, 8, 5, NULL),
(401, 9, 5, NULL),
(401, 10, 4, NULL),
(401, 11, NULL, 'Las dailies son muy útiles, las dirige muy bien.'),
(402, 1, 5, NULL),
(402, 2, 3, NULL),
(402, 3, 5, NULL),
(402, 4, 4, NULL),
(402, 5, 3, NULL),
(402, 6, 5, NULL),
(402, 7, 4, NULL),
(402, 8, 5, NULL),
(402, 9, 5, NULL),
(402, 10, 4, NULL),
(403, 1, 5, NULL),
(403, 2, 5, NULL),
(403, 3, 5, NULL),
(403, 4, 4, NULL),
(403, 5, 5, NULL),
(403, 6, 4, NULL),
(403, 7, 4, NULL),
(403, 8, 5, NULL),
(403, 9, 4, NULL),
(403, 10, 5, NULL),
(404, 1, 5, NULL),
(404, 2, 3, NULL),
(404, 3, 5, NULL),
(404, 4, 5, NULL),
(404, 5, 5, NULL),
(404, 6, 5, NULL),
(404, 7, 5, NULL),
(404, 8, 3, NULL),
(404, 9, 5, NULL),
(404, 10, 5, NULL),
(404, 11, NULL, 'Me encanta su forma de liderar, he aprendido mucho de él.'),
(405, 1, 5, NULL),
(405, 2, 4, NULL),
(405, 3, 5, NULL),
(405, 4, 5, NULL),
(405, 5, 4, NULL),
(405, 6, 4, NULL),
(405, 7, 3, NULL),
(405, 8, 5, NULL),
(405, 9, 5, NULL),
(405, 10, 4, NULL),
(405, 11, NULL, 'A veces se demora un poco en contestar por Slack, pero cuando lo hace es muy claro.'),
(406, 1, 3, NULL),
(406, 2, 3, NULL),
(406, 3, 5, NULL),
(406, 4, 4, NULL),
(406, 5, 4, NULL),
(406, 6, 4, NULL),
(406, 7, 4, NULL),
(406, 8, 5, NULL),
(406, 9, 4, NULL),
(406, 10, 4, NULL),
(406, 11, NULL, 'Podría darnos más recursos externos para estudiar.'),
(407, 1, 3, NULL),
(407, 2, 4, NULL),
(407, 3, 4, NULL),
(407, 4, 5, NULL),
(407, 5, 5, NULL),
(407, 6, 4, NULL),
(407, 7, 5, NULL),
(407, 8, 5, NULL),
(407, 9, 5, NULL),
(407, 10, 4, NULL),
(407, 11, NULL, 'Excelente acompañamiento, siempre está dispuesto a ayudarnos.'),
(408, 1, 3, NULL),
(408, 2, 4, NULL),
(408, 3, 4, NULL),
(408, 4, 5, NULL),
(408, 5, 3, NULL),
(408, 6, 3, NULL),
(408, 7, 5, NULL),
(408, 8, 5, NULL),
(408, 9, 5, NULL),
(408, 10, 4, NULL),
(408, 11, NULL, 'Excelente acompañamiento, siempre está dispuesto a ayudarnos.'),
(409, 1, 5, NULL),
(409, 2, 5, NULL),
(409, 3, 3, NULL),
(409, 4, 4, NULL),
(409, 5, 4, NULL),
(409, 6, 4, NULL),
(409, 7, 5, NULL),
(409, 8, 5, NULL),
(409, 9, 4, NULL),
(409, 10, 4, NULL),
(410, 12, 4, NULL),
(410, 13, 5, NULL),
(410, 14, 4, NULL),
(410, 15, 3, NULL),
(410, 16, 4, NULL),
(410, 17, 4, NULL),
(410, 18, 5, NULL),
(410, 19, 5, NULL),
(410, 20, NULL, 'Me encanta cómo explica la arquitectura de software.'),
(411, 1, 4, NULL),
(411, 2, 4, NULL),
(411, 3, 5, NULL),
(411, 4, 5, NULL),
(411, 5, 3, NULL),
(411, 6, 5, NULL),
(411, 7, 4, NULL),
(411, 8, 5, NULL),
(411, 9, 4, NULL),
(411, 10, 4, NULL),
(411, 11, NULL, 'Gracias a él he mejorado mucho mi lógica.'),
(412, 12, 4, NULL),
(412, 13, 4, NULL),
(412, 14, 5, NULL),
(412, 15, 5, NULL),
(412, 16, 5, NULL),
(412, 17, 4, NULL),
(412, 18, 4, NULL),
(412, 19, 5, NULL),
(412, 20, NULL, 'Me encanta cómo explica la arquitectura de software.'),
(413, 1, 5, NULL),
(413, 2, 3, NULL),
(413, 3, 4, NULL),
(413, 4, 5, NULL),
(413, 5, 5, NULL),
(413, 6, 5, NULL),
(413, 7, 3, NULL),
(413, 8, 5, NULL),
(413, 9, 5, NULL),
(413, 10, 5, NULL),
(413, 11, NULL, 'Me encanta su forma de liderar, he aprendido mucho de él.'),
(414, 12, 5, NULL),
(414, 13, 5, NULL),
(414, 14, 4, NULL),
(414, 15, 5, NULL),
(414, 16, 5, NULL),
(414, 17, 3, NULL),
(414, 18, 5, NULL),
(414, 19, 4, NULL),
(414, 20, NULL, 'Es muy amable y sabe cómo explicar temas difíciles.'),
(415, 1, 4, NULL),
(415, 2, 5, NULL),
(415, 3, 5, NULL),
(415, 4, 5, NULL),
(415, 5, 5, NULL),
(415, 6, 5, NULL),
(415, 7, 4, NULL),
(415, 8, 5, NULL),
(415, 9, 5, NULL),
(415, 10, 5, NULL),
(415, 11, NULL, 'Excelente acompañamiento, siempre está dispuesto a ayudarnos.'),
(416, 12, 5, NULL),
(416, 13, 5, NULL),
(416, 14, 5, NULL),
(416, 15, 4, NULL),
(416, 16, 5, NULL),
(416, 17, 3, NULL),
(416, 18, 4, NULL),
(416, 19, 4, NULL),
(417, 1, 5, NULL),
(417, 2, 4, NULL),
(417, 3, 5, NULL),
(417, 4, 4, NULL),
(417, 5, 5, NULL),
(417, 6, 4, NULL),
(417, 7, 5, NULL),
(417, 8, 5, NULL),
(417, 9, 4, NULL),
(417, 10, 4, NULL),
(417, 11, NULL, 'Excelente acompañamiento, siempre está dispuesto a ayudarnos.'),
(418, 12, 5, NULL),
(418, 13, 4, NULL),
(418, 14, 4, NULL),
(418, 15, 5, NULL),
(418, 16, 4, NULL),
(418, 17, 5, NULL),
(418, 18, 5, NULL),
(418, 19, 5, NULL),
(418, 20, NULL, 'Las clases son súper claras, los ejemplos en vivo ayudan muchísimo.'),
(419, 1, 4, NULL),
(419, 2, 4, NULL),
(419, 3, 4, NULL),
(419, 4, 4, NULL),
(419, 5, 4, NULL),
(419, 6, 5, NULL),
(419, 7, 3, NULL),
(419, 8, 5, NULL),
(419, 9, 5, NULL),
(419, 10, 4, NULL),
(419, 11, NULL, 'Debería mantener su paciencia, es un gran líder.'),
(420, 12, 5, NULL),
(420, 13, 5, NULL),
(420, 14, 3, NULL),
(420, 15, 4, NULL),
(420, 16, 5, NULL),
(420, 17, 5, NULL),
(420, 18, 5, NULL),
(420, 19, 5, NULL),
(420, 20, NULL, 'Me encanta cómo explica la arquitectura de software.'),
(421, 1, 4, NULL),
(421, 2, 4, NULL),
(421, 3, 5, NULL),
(421, 4, 5, NULL),
(421, 5, 5, NULL),
(421, 6, 4, NULL),
(421, 7, 5, NULL),
(421, 8, 5, NULL),
(421, 9, 5, NULL),
(421, 10, 3, NULL),
(421, 11, NULL, 'Me encanta su forma de liderar, he aprendido mucho de él.'),
(422, 12, 4, NULL),
(422, 13, 5, NULL),
(422, 14, 5, NULL),
(422, 15, 4, NULL),
(422, 16, 5, NULL),
(422, 17, 4, NULL),
(422, 18, 3, NULL),
(422, 19, 5, NULL),
(422, 20, NULL, 'Es muy amable y sabe cómo explicar temas difíciles.'),
(423, 1, 5, NULL),
(423, 2, 4, NULL),
(423, 3, 4, NULL),
(423, 4, 4, NULL),
(423, 5, 5, NULL),
(423, 6, 4, NULL),
(423, 7, 5, NULL),
(423, 8, 5, NULL),
(423, 9, 5, NULL),
(423, 10, 5, NULL),
(423, 11, NULL, 'Muy buen TL, siempre nos guía cuando estamos bloqueados.'),
(424, 12, 3, NULL),
(424, 13, 5, NULL),
(424, 14, 4, NULL),
(424, 15, 4, NULL),
(424, 16, 4, NULL),
(424, 17, 5, NULL),
(424, 18, 5, NULL),
(424, 19, 4, NULL),
(425, 1, 4, NULL),
(425, 2, 4, NULL),
(425, 3, 4, NULL),
(425, 4, 5, NULL),
(425, 5, 5, NULL),
(425, 6, 4, NULL),
(425, 7, 5, NULL),
(425, 8, 4, NULL),
(425, 9, 5, NULL),
(425, 10, 4, NULL),
(425, 11, NULL, 'Debería mantener su paciencia, es un gran líder.'),
(426, 12, 5, NULL),
(426, 13, 5, NULL),
(426, 14, 4, NULL),
(426, 15, 5, NULL),
(426, 16, 5, NULL),
(426, 17, 4, NULL),
(426, 18, 3, NULL),
(426, 19, 5, NULL),
(427, 1, 4, NULL),
(427, 2, 3, NULL),
(427, 3, 5, NULL),
(427, 4, 4, NULL),
(427, 5, 5, NULL),
(427, 6, 5, NULL),
(427, 7, 5, NULL),
(427, 8, 5, NULL),
(427, 9, 5, NULL),
(427, 10, 5, NULL),
(427, 11, NULL, 'A veces se demora un poco en contestar por Slack, pero cuando lo hace es muy claro.'),
(428, 12, 4, NULL),
(428, 13, 5, NULL),
(428, 14, 5, NULL),
(428, 15, 4, NULL),
(428, 16, 3, NULL),
(428, 17, 5, NULL),
(428, 18, 4, NULL),
(428, 19, 4, NULL),
(428, 20, NULL, 'Excelente dominio de FastAPI, resuelve las dudas en el acto.'),
(429, 1, 5, NULL),
(429, 2, 4, NULL),
(429, 3, 5, NULL),
(429, 4, 4, NULL),
(429, 5, 3, NULL),
(429, 6, 5, NULL),
(429, 7, 5, NULL),
(429, 8, 5, NULL),
(429, 9, 4, NULL),
(429, 10, 5, NULL),
(429, 11, NULL, 'Excelente acompañamiento, siempre está dispuesto a ayudarnos.'),
(430, 12, 3, NULL),
(430, 13, 4, NULL),
(430, 14, 5, NULL),
(430, 15, 3, NULL),
(430, 16, 3, NULL),
(430, 17, 4, NULL),
(430, 18, 4, NULL),
(430, 19, 5, NULL),
(430, 20, NULL, 'Me encanta cómo explica la arquitectura de software.'),
(431, 1, 5, NULL),
(431, 2, 4, NULL),
(431, 3, 5, NULL),
(431, 4, 5, NULL),
(431, 5, 4, NULL),
(431, 6, 5, NULL),
(431, 7, 5, NULL),
(431, 8, 5, NULL),
(431, 9, 4, NULL),
(431, 10, 4, NULL),
(431, 11, NULL, 'Las dailies son muy útiles, las dirige muy bien.'),
(432, 12, 5, NULL),
(432, 13, 4, NULL),
(432, 14, 3, NULL),
(432, 15, 5, NULL),
(432, 16, 3, NULL),
(432, 17, 4, NULL),
(432, 18, 5, NULL),
(432, 19, 5, NULL),
(432, 20, NULL, 'Es muy amable y sabe cómo explicar temas difíciles.'),
(433, 1, 4, NULL),
(433, 2, 5, NULL),
(433, 3, 5, NULL),
(433, 4, 5, NULL),
(433, 5, 4, NULL),
(433, 6, 5, NULL),
(433, 7, 5, NULL),
(433, 8, 5, NULL),
(433, 9, 4, NULL),
(433, 10, 4, NULL),
(433, 11, NULL, 'Las dailies son muy útiles, las dirige muy bien.'),
(434, 12, 3, NULL),
(434, 13, 3, NULL),
(434, 14, 5, NULL),
(434, 15, 5, NULL),
(434, 16, 4, NULL),
(434, 17, 5, NULL),
(434, 18, 5, NULL),
(434, 19, 4, NULL),
(434, 20, NULL, 'Las clases son súper claras, los ejemplos en vivo ayudan muchísimo.'),
(435, 1, 5, NULL),
(435, 2, 4, NULL),
(435, 3, 5, NULL),
(435, 4, 5, NULL),
(435, 5, 4, NULL),
(435, 6, 4, NULL),
(435, 7, 5, NULL),
(435, 8, 4, NULL),
(435, 9, 3, NULL),
(435, 10, 4, NULL),
(436, 12, 5, NULL),
(436, 13, 4, NULL),
(436, 14, 4, NULL),
(436, 15, 5, NULL),
(436, 16, 4, NULL),
(436, 17, 5, NULL),
(436, 18, 5, NULL),
(436, 19, 4, NULL),
(436, 20, NULL, 'Me gustaría más ejercicios prácticos en vivo.'),
(437, 1, 5, NULL),
(437, 2, 5, NULL),
(437, 3, 5, NULL),
(437, 4, 5, NULL),
(437, 5, 3, NULL),
(437, 6, 5, NULL),
(437, 7, 5, NULL),
(437, 8, 3, NULL),
(437, 9, 5, NULL),
(437, 10, 4, NULL),
(438, 12, 5, NULL),
(438, 13, 5, NULL),
(438, 14, 5, NULL),
(438, 15, 3, NULL),
(438, 16, 4, NULL),
(438, 17, 5, NULL),
(438, 18, 4, NULL),
(438, 19, 5, NULL),
(438, 20, NULL, 'Me encanta cómo explica la arquitectura de software.'),
(439, 1, 4, NULL),
(439, 2, 4, NULL),
(439, 3, 4, NULL),
(439, 4, 4, NULL),
(439, 5, 4, NULL),
(439, 6, 5, NULL),
(439, 7, 5, NULL),
(439, 8, 5, NULL),
(439, 9, 4, NULL),
(439, 10, 5, NULL),
(439, 11, NULL, 'Me encanta su forma de liderar, he aprendido mucho de él.'),
(440, 12, 4, NULL),
(440, 13, 4, NULL),
(440, 14, 4, NULL),
(440, 15, 5, NULL),
(440, 16, 4, NULL),
(440, 17, 4, NULL),
(440, 18, 5, NULL),
(440, 19, 5, NULL),
(440, 20, NULL, 'Me encanta cómo explica la arquitectura de software.'),
(441, 1, 5, NULL),
(441, 2, 3, NULL),
(441, 3, 4, NULL),
(441, 4, 4, NULL),
(441, 5, 4, NULL),
(441, 6, 4, NULL),
(441, 7, 4, NULL),
(441, 8, 4, NULL),
(441, 9, 5, NULL),
(441, 10, 3, NULL),
(442, 12, 4, NULL),
(442, 13, 4, NULL),
(442, 14, 4, NULL),
(442, 15, 4, NULL),
(442, 16, 5, NULL),
(442, 17, 4, NULL),
(442, 18, 5, NULL),
(442, 19, 4, NULL),
(443, 1, 5, NULL),
(443, 2, 5, NULL),
(443, 3, 3, NULL),
(443, 4, 4, NULL),
(443, 5, 3, NULL),
(443, 6, 4, NULL),
(443, 7, 4, NULL),
(443, 8, 4, NULL),
(443, 9, 4, NULL),
(443, 10, 5, NULL),
(443, 11, NULL, 'Muy buen TL, siempre nos guía cuando estamos bloqueados.'),
(444, 12, 5, NULL),
(444, 13, 4, NULL),
(444, 14, 5, NULL),
(444, 15, 5, NULL),
(444, 16, 5, NULL),
(444, 17, 4, NULL),
(444, 18, 5, NULL),
(444, 19, 5, NULL),
(445, 1, 4, NULL),
(445, 2, 4, NULL),
(445, 3, 4, NULL),
(445, 4, 5, NULL),
(445, 5, 4, NULL),
(445, 6, 5, NULL),
(445, 7, 4, NULL),
(445, 8, 5, NULL),
(445, 9, 4, NULL),
(445, 10, 5, NULL),
(445, 11, NULL, 'Las dailies son muy útiles, las dirige muy bien.'),
(446, 12, 5, NULL),
(446, 13, 5, NULL),
(446, 14, 4, NULL),
(446, 15, 5, NULL),
(446, 16, 5, NULL),
(446, 17, 5, NULL),
(446, 18, 5, NULL),
(446, 19, 4, NULL),
(446, 20, NULL, 'Me gustaría más ejercicios prácticos en vivo.'),
(447, 1, 5, NULL),
(447, 2, 5, NULL),
(447, 3, 5, NULL),
(447, 4, 5, NULL),
(447, 5, 4, NULL),
(447, 6, 5, NULL),
(447, 7, 4, NULL),
(447, 8, 4, NULL),
(447, 9, 5, NULL),
(447, 10, 4, NULL),
(447, 11, NULL, 'Excelente acompañamiento, siempre está dispuesto a ayudarnos.'),
(448, 12, 4, NULL),
(448, 13, 3, NULL),
(448, 14, 5, NULL),
(448, 15, 5, NULL),
(448, 16, 4, NULL),
(448, 17, 5, NULL),
(448, 18, 5, NULL),
(448, 19, 5, NULL),
(448, 20, NULL, 'Me encanta cómo explica la arquitectura de software.'),
(449, 1, 3, NULL),
(449, 2, 5, NULL),
(449, 3, 5, NULL),
(449, 4, 4, NULL),
(449, 5, 5, NULL),
(449, 6, 5, NULL),
(449, 7, 3, NULL),
(449, 8, 4, NULL),
(449, 9, 5, NULL),
(449, 10, 5, NULL),
(449, 11, NULL, 'Me encanta su forma de liderar, he aprendido mucho de él.'),
(450, 12, 5, NULL),
(450, 13, 5, NULL),
(450, 14, 4, NULL),
(450, 15, 5, NULL),
(450, 16, 4, NULL),
(450, 17, 5, NULL),
(450, 18, 5, NULL),
(450, 19, 4, NULL),
(451, 1, 4, NULL),
(451, 2, 4, NULL),
(451, 3, 4, NULL),
(451, 4, 5, NULL),
(451, 5, 5, NULL),
(451, 6, 4, NULL),
(451, 7, 5, NULL),
(451, 8, 5, NULL),
(451, 9, 4, NULL),
(451, 10, 3, NULL),
(451, 11, NULL, 'Me encanta su forma de liderar, he aprendido mucho de él.'),
(452, 12, 5, NULL),
(452, 13, 4, NULL),
(452, 14, 4, NULL),
(452, 15, 4, NULL),
(452, 16, 4, NULL),
(452, 17, 4, NULL),
(452, 18, 4, NULL),
(452, 19, 5, NULL),
(453, 1, 4, NULL),
(453, 2, 4, NULL),
(453, 3, 4, NULL),
(453, 4, 4, NULL),
(453, 5, 4, NULL),
(453, 6, 5, NULL),
(453, 7, 4, NULL),
(453, 8, 4, NULL),
(453, 9, 4, NULL),
(453, 10, 4, NULL),
(453, 11, NULL, 'A veces se demora un poco en contestar por Slack, pero cuando lo hace es muy claro.'),
(454, 12, 5, NULL),
(454, 13, 5, NULL),
(454, 14, 3, NULL),
(454, 15, 5, NULL),
(454, 16, 4, NULL),
(454, 17, 5, NULL),
(454, 18, 5, NULL),
(454, 19, 5, NULL),
(455, 1, 5, NULL),
(455, 2, 5, NULL),
(455, 3, 5, NULL),
(455, 4, 4, NULL),
(455, 5, 4, NULL),
(455, 6, 5, NULL),
(455, 7, 5, NULL),
(455, 8, 4, NULL),
(455, 9, 4, NULL),
(455, 10, 5, NULL),
(455, 11, NULL, 'A veces se demora un poco en contestar por Slack, pero cuando lo hace es muy claro.'),
(456, 12, 4, NULL),
(456, 13, 4, NULL),
(456, 14, 4, NULL),
(456, 15, 5, NULL),
(456, 16, 4, NULL),
(456, 17, 4, NULL),
(456, 18, 3, NULL),
(456, 19, 4, NULL),
(456, 20, NULL, 'Excelente dominio de FastAPI, resuelve las dudas en el acto.'),
(457, 1, 4, NULL),
(457, 2, 5, NULL),
(457, 3, 4, NULL),
(457, 4, 5, NULL),
(457, 5, 5, NULL),
(457, 6, 5, NULL),
(457, 7, 5, NULL),
(457, 8, 5, NULL),
(457, 9, 4, NULL),
(457, 10, 4, NULL),
(457, 11, NULL, 'Gracias a él he mejorado mucho mi lógica.'),
(458, 12, 4, NULL),
(458, 13, 5, NULL),
(458, 14, 5, NULL),
(458, 15, 3, NULL),
(458, 16, 5, NULL),
(458, 17, 5, NULL),
(458, 18, 4, NULL),
(458, 19, 5, NULL),
(458, 20, NULL, 'Me encanta cómo explica la arquitectura de software.'),
(459, 1, 5, NULL),
(459, 2, 5, NULL),
(459, 3, 5, NULL),
(459, 4, 5, NULL),
(459, 5, 5, NULL),
(459, 6, 5, NULL),
(459, 7, 4, NULL),
(459, 8, 4, NULL),
(459, 9, 5, NULL),
(459, 10, 5, NULL),
(459, 11, NULL, 'Debería mantener su paciencia, es un gran líder.'),
(460, 12, 4, NULL),
(460, 13, 3, NULL),
(460, 14, 5, NULL),
(460, 15, 5, NULL),
(460, 16, 5, NULL),
(460, 17, 5, NULL),
(460, 18, 4, NULL),
(460, 19, 4, NULL),
(460, 20, NULL, 'Me encanta cómo explica la arquitectura de software.'),
(461, 1, 5, NULL),
(461, 2, 4, NULL),
(461, 3, 5, NULL),
(461, 4, 5, NULL),
(461, 5, 5, NULL),
(461, 6, 4, NULL),
(461, 7, 4, NULL),
(461, 8, 5, NULL),
(461, 9, 4, NULL),
(461, 10, 4, NULL),
(461, 11, NULL, 'Muy buen TL, siempre nos guía cuando estamos bloqueados.'),
(462, 12, 5, NULL),
(462, 13, 4, NULL),
(462, 14, 4, NULL),
(462, 15, 4, NULL),
(462, 16, 4, NULL),
(462, 17, 5, NULL),
(462, 18, 3, NULL),
(462, 19, 5, NULL),
(463, 1, 4, NULL),
(463, 2, 5, NULL),
(463, 3, 5, NULL),
(463, 4, 5, NULL),
(463, 5, 5, NULL),
(463, 6, 5, NULL),
(463, 7, 5, NULL),
(463, 8, 4, NULL),
(463, 9, 5, NULL),
(463, 10, 5, NULL),
(464, 12, 4, NULL),
(464, 13, 5, NULL),
(464, 14, 3, NULL),
(464, 15, 5, NULL),
(464, 16, 4, NULL),
(464, 17, 3, NULL),
(464, 18, 4, NULL),
(464, 19, 3, NULL),
(465, 1, 5, NULL),
(465, 2, 5, NULL),
(465, 3, 5, NULL),
(465, 4, 4, NULL),
(465, 5, 5, NULL),
(465, 6, 5, NULL),
(465, 7, 4, NULL),
(465, 8, 5, NULL),
(465, 9, 4, NULL),
(465, 10, 4, NULL),
(465, 11, NULL, 'A veces se demora un poco en contestar por Slack, pero cuando lo hace es muy claro.'),
(466, 12, 4, NULL),
(466, 13, 4, NULL),
(466, 14, 5, NULL),
(466, 15, 5, NULL),
(466, 16, 5, NULL),
(466, 17, 5, NULL),
(466, 18, 3, NULL),
(466, 19, 5, NULL),
(467, 1, 4, NULL),
(467, 2, 4, NULL),
(467, 3, 5, NULL),
(467, 4, 4, NULL),
(467, 5, 4, NULL),
(467, 6, 3, NULL),
(467, 7, 4, NULL),
(467, 8, 3, NULL),
(467, 9, 4, NULL),
(467, 10, 5, NULL),
(467, 11, NULL, 'Explica súper bien los requerimientos de los proyectos.'),
(468, 12, 5, NULL),
(468, 13, 3, NULL),
(468, 14, 4, NULL),
(468, 15, 4, NULL),
(468, 16, 4, NULL),
(468, 17, 5, NULL),
(468, 18, 5, NULL),
(468, 19, 5, NULL),
(468, 20, NULL, 'Me gustaría más ejercicios prácticos en vivo.'),
(469, 1, 4, NULL),
(469, 2, 4, NULL),
(469, 3, 4, NULL),
(469, 4, 4, NULL),
(469, 5, 4, NULL),
(469, 6, 5, NULL),
(469, 7, 5, NULL),
(469, 8, 3, NULL),
(469, 9, 5, NULL),
(469, 10, 5, NULL),
(469, 11, NULL, 'A veces se demora un poco en contestar por Slack, pero cuando lo hace es muy claro.'),
(470, 12, 3, NULL),
(470, 13, 4, NULL),
(470, 14, 4, NULL),
(470, 15, 3, NULL),
(470, 16, 5, NULL),
(470, 17, 5, NULL),
(470, 18, 5, NULL),
(470, 19, 5, NULL);

SET FOREIGN_KEY_CHECKS=1;
