-- Mock Evaluation History
-- Generated by gen_mock.py

SET FOREIGN_KEY_CHECKS=0;
INSERT INTO users (id, full_name, email, password_hash, clan_id) VALUES (84, 'Centurion Coder 0', 'centurion0@riwi.io', '$2b$12$X3lXI8.p1a.6ffVYMmvbX..HFvR7V6qL6BF/oG2ug8Oe8JPIB0M5m', 2);
INSERT INTO user_roles (user_id, role_id) VALUES (84, 1);
INSERT INTO users (id, full_name, email, password_hash, clan_id) VALUES (85, 'Centurion Coder 1', 'centurion1@riwi.io', '$2b$12$X3lXI8.p1a.6ffVYMmvbX..HFvR7V6qL6BF/oG2ug8Oe8JPIB0M5m', 2);
INSERT INTO user_roles (user_id, role_id) VALUES (85, 1);
INSERT INTO users (id, full_name, email, password_hash, clan_id) VALUES (86, 'Centurion Coder 2', 'centurion2@riwi.io', '$2b$12$X3lXI8.p1a.6ffVYMmvbX..HFvR7V6qL6BF/oG2ug8Oe8JPIB0M5m', 2);
INSERT INTO user_roles (user_id, role_id) VALUES (86, 1);
INSERT INTO users (id, full_name, email, password_hash, clan_id) VALUES (87, 'Centurion Coder 3', 'centurion3@riwi.io', '$2b$12$X3lXI8.p1a.6ffVYMmvbX..HFvR7V6qL6BF/oG2ug8Oe8JPIB0M5m', 2);
INSERT INTO user_roles (user_id, role_id) VALUES (87, 1);
INSERT INTO users (id, full_name, email, password_hash, clan_id) VALUES (88, 'Centurion Coder 4', 'centurion4@riwi.io', '$2b$12$X3lXI8.p1a.6ffVYMmvbX..HFvR7V6qL6BF/oG2ug8Oe8JPIB0M5m', 2);
INSERT INTO user_roles (user_id, role_id) VALUES (88, 1);
INSERT INTO users (id, full_name, email, password_hash, clan_id) VALUES (89, 'Centurion Coder 5', 'centurion5@riwi.io', '$2b$12$X3lXI8.p1a.6ffVYMmvbX..HFvR7V6qL6BF/oG2ug8Oe8JPIB0M5m', 2);
INSERT INTO user_roles (user_id, role_id) VALUES (89, 1);
INSERT INTO users (id, full_name, email, password_hash, clan_id) VALUES (90, 'Centurion Coder 6', 'centurion6@riwi.io', '$2b$12$X3lXI8.p1a.6ffVYMmvbX..HFvR7V6qL6BF/oG2ug8Oe8JPIB0M5m', 2);
INSERT INTO user_roles (user_id, role_id) VALUES (90, 1);
INSERT INTO users (id, full_name, email, password_hash, clan_id) VALUES (91, 'Centurion Coder 7', 'centurion7@riwi.io', '$2b$12$X3lXI8.p1a.6ffVYMmvbX..HFvR7V6qL6BF/oG2ug8Oe8JPIB0M5m', 2);
INSERT INTO user_roles (user_id, role_id) VALUES (91, 1);
INSERT INTO users (id, full_name, email, password_hash, clan_id) VALUES (92, 'Centurion Coder 8', 'centurion8@riwi.io', '$2b$12$X3lXI8.p1a.6ffVYMmvbX..HFvR7V6qL6BF/oG2ug8Oe8JPIB0M5m', 2);
INSERT INTO user_roles (user_id, role_id) VALUES (92, 1);
INSERT INTO users (id, full_name, email, password_hash, clan_id) VALUES (93, 'Centurion Coder 9', 'centurion9@riwi.io', '$2b$12$X3lXI8.p1a.6ffVYMmvbX..HFvR7V6qL6BF/oG2ug8Oe8JPIB0M5m', 2);
INSERT INTO user_roles (user_id, role_id) VALUES (93, 1);
INSERT INTO users (id, full_name, email, password_hash, clan_id) VALUES (94, 'Centurion Coder 10', 'centurion10@riwi.io', '$2b$12$X3lXI8.p1a.6ffVYMmvbX..HFvR7V6qL6BF/oG2ug8Oe8JPIB0M5m', 2);
INSERT INTO user_roles (user_id, role_id) VALUES (94, 1);
INSERT INTO users (id, full_name, email, password_hash, clan_id) VALUES (95, 'Centurion Coder 11', 'centurion11@riwi.io', '$2b$12$X3lXI8.p1a.6ffVYMmvbX..HFvR7V6qL6BF/oG2ug8Oe8JPIB0M5m', 2);
INSERT INTO user_roles (user_id, role_id) VALUES (95, 1);
INSERT INTO users (id, full_name, email, password_hash, clan_id) VALUES (96, 'Centurion Coder 12', 'centurion12@riwi.io', '$2b$12$X3lXI8.p1a.6ffVYMmvbX..HFvR7V6qL6BF/oG2ug8Oe8JPIB0M5m', 2);
INSERT INTO user_roles (user_id, role_id) VALUES (96, 1);
INSERT INTO users (id, full_name, email, password_hash, clan_id) VALUES (97, 'Centurion Coder 13', 'centurion13@riwi.io', '$2b$12$X3lXI8.p1a.6ffVYMmvbX..HFvR7V6qL6BF/oG2ug8Oe8JPIB0M5m', 2);
INSERT INTO user_roles (user_id, role_id) VALUES (97, 1);
INSERT INTO users (id, full_name, email, password_hash, clan_id) VALUES (98, 'Centurion Coder 14', 'centurion14@riwi.io', '$2b$12$X3lXI8.p1a.6ffVYMmvbX..HFvR7V6qL6BF/oG2ug8Oe8JPIB0M5m', 2);
INSERT INTO user_roles (user_id, role_id) VALUES (98, 1);
INSERT INTO evaluations (id, evaluatee_id, form_id, period_id, is_anonymous, status, submitted_at, created_at) VALUES (1, 2, 1, 1, FALSE, 'submitted', '2026-03-10 10:00:00', '2026-03-10 10:00:00');
INSERT INTO evaluation_submissions (evaluator_id, evaluatee_id, period_id, evaluation_id, created_at) VALUES (12, 2, 1, 1, '2026-03-10 10:00:00');
INSERT INTO evaluation_details (evaluation_id, question_id, score, comment) VALUES (1, 1, 5, NULL);
INSERT INTO evaluation_details (evaluation_id, question_id, score, comment) VALUES (1, 2, 5, NULL);
INSERT INTO evaluation_details (evaluation_id, question_id, score, comment) VALUES (1, 3, 4, NULL);
INSERT INTO evaluation_details (evaluation_id, question_id, score, comment) VALUES (1, 4, 5, NULL);
INSERT INTO evaluation_details (evaluation_id, question_id, score, comment) VALUES (1, 5, 5, NULL);
INSERT INTO evaluation_details (evaluation_id, question_id, score, comment) VALUES (1, 6, 4, NULL);
INSERT INTO evaluation_details (evaluation_id, question_id, score, comment) VALUES (1, 7, 4, NULL);
INSERT INTO evaluation_details (evaluation_id, question_id, score, comment) VALUES (1, 8, 4, NULL);
INSERT INTO evaluation_details (evaluation_id, question_id, score, comment) VALUES (1, 9, 5, NULL);
INSERT INTO evaluation_details (evaluation_id, question_id, score, comment) VALUES (1, 10, 5, NULL);
INSERT INTO evaluation_details (evaluation_id, question_id, score, comment) VALUES (1, 11, NULL, 'Me encanta su forma de liderar, he aprendido mucho de él.');
INSERT INTO evaluations (id, evaluatee_id, form_id, period_id, is_anonymous, status, submitted_at, created_at) VALUES (2, 2, 1, 1, FALSE, 'submitted', '2026-03-10 10:00:00', '2026-03-10 10:00:00');
INSERT INTO evaluation_submissions (evaluator_id, evaluatee_id, period_id, evaluation_id, created_at) VALUES (13, 2, 1, 2, '2026-03-10 10:00:00');
INSERT INTO evaluation_details (evaluation_id, question_id, score, comment) VALUES (2, 1, 4, NULL);
INSERT INTO evaluation_details (evaluation_id, question_id, score, comment) VALUES (2, 2, 4, NULL);
INSERT INTO evaluation_details (evaluation_id, question_id, score, comment) VALUES (2, 3, 3, NULL);
INSERT INTO evaluation_details (evaluation_id, question_id, score, comment) VALUES (2, 4, 5, NULL);
INSERT INTO evaluation_details (evaluation_id, question_id, score, comment) VALUES (2, 5, 5, NULL);
INSERT INTO evaluation_details (evaluation_id, question_id, score, comment) VALUES (2, 6, 5, NULL);
INSERT INTO evaluation_details (evaluation_id, question_id, score, comment) VALUES (2, 7, 4, NULL);
INSERT INTO evaluation_details (evaluation_id, question_id, score, comment) VALUES (2, 8, 4, NULL);
INSERT INTO evaluation_details (evaluation_id, question_id, score, comment) VALUES (2, 9, 5, NULL);
INSERT INTO evaluation_details (evaluation_id, question_id, score, comment) VALUES (2, 10, 4, NULL);
INSERT INTO evaluation_details (evaluation_id, question_id, score, comment) VALUES (2, 11, NULL, 'Las dailies son muy útiles, las dirige muy bien.');
INSERT INTO evaluations (id, evaluatee_id, form_id, period_id, is_anonymous, status, submitted_at, created_at) VALUES (3, 2, 1, 1, FALSE, 'submitted', '2026-03-10 10:00:00', '2026-03-10 10:00:00');
INSERT INTO evaluation_submissions (evaluator_id, evaluatee_id, period_id, evaluation_id, created_at) VALUES (14, 2, 1, 3, '2026-03-10 10:00:00');
INSERT INTO evaluation_details (evaluation_id, question_id, score, comment) VALUES (3, 1, 5, NULL);
INSERT INTO evaluation_details (evaluation_id, question_id, score, comment) VALUES (3, 2, 5, NULL);
INSERT INTO evaluation_details (evaluation_id, question_id, score, comment) VALUES (3, 3, 5, NULL);
INSERT INTO evaluation_details (evaluation_id, question_id, score, comment) VALUES (3, 4, 4, NULL);
INSERT INTO evaluation_details (evaluation_id, question_id, score, comment) VALUES (3, 5, 5, NULL);
INSERT INTO evaluation_details (evaluation_id, question_id, score, comment) VALUES (3, 6, 4, NULL);
INSERT INTO evaluation_details (evaluation_id, question_id, score, comment) VALUES (3, 7, 5, NULL);
INSERT INTO evaluation_details (evaluation_id, question_id, score, comment) VALUES (3, 8, 5, NULL);
INSERT INTO evaluation_details (evaluation_id, question_id, score, comment) VALUES (3, 9, 5, NULL);
INSERT INTO evaluation_details (evaluation_id, question_id, score, comment) VALUES (3, 10, 4, NULL);
INSERT INTO evaluation_details (evaluation_id, question_id, score, comment) VALUES (3, 11, NULL, 'Debería mantener su paciencia, es un gran líder.');
INSERT INTO evaluations (id, evaluatee_id, form_id, period_id, is_anonymous, status, submitted_at, created_at) VALUES (4, 2, 1, 1, FALSE, 'submitted', '2026-03-10 10:00:00', '2026-03-10 10:00:00');
INSERT INTO evaluation_submissions (evaluator_id, evaluatee_id, period_id, evaluation_id, created_at) VALUES (15, 2, 1, 4, '2026-03-10 10:00:00');
INSERT INTO evaluation_details (evaluation_id, question_id, score, comment) VALUES (4, 1, 4, NULL);
INSERT INTO evaluation_details (evaluation_id, question_id, score, comment) VALUES (4, 2, 4, NULL);
INSERT INTO evaluation_details (evaluation_id, question_id, score, comment) VALUES (4, 3, 4, NULL);
INSERT INTO evaluation_details (evaluation_id, question_id, score, comment) VALUES (4, 4, 5, NULL);
INSERT INTO evaluation_details (evaluation_id, question_id, score, comment) VALUES (4, 5, 4, NULL);
INSERT INTO evaluation_details (evaluation_id, question_id, score, comment) VALUES (4, 6, 4, NULL);
INSERT INTO evaluation_details (evaluation_id, question_id, score, comment) VALUES (4, 7, 5, NULL);
INSERT INTO evaluation_details (evaluation_id, question_id, score, comment) VALUES (4, 8, 5, NULL);
INSERT INTO evaluation_details (evaluation_id, question_id, score, comment) VALUES (4, 9, 5, NULL);
INSERT INTO evaluation_details (evaluation_id, question_id, score, comment) VALUES (4, 10, 4, NULL);
INSERT INTO evaluation_details (evaluation_id, question_id, score, comment) VALUES (4, 11, NULL, 'Debería mantener su paciencia, es un gran líder.');
INSERT INTO evaluations (id, evaluatee_id, form_id, period_id, is_anonymous, status, submitted_at, created_at) VALUES (5, 2, 1, 1, TRUE, 'submitted', '2026-03-10 10:00:00', '2026-03-10 10:00:00');
INSERT INTO evaluation_submissions (evaluator_id, evaluatee_id, period_id, evaluation_id, created_at) VALUES (16, 2, 1, 5, '2026-03-10 10:00:00');
INSERT INTO evaluation_details (evaluation_id, question_id, score, comment) VALUES (5, 1, 5, NULL);
INSERT INTO evaluation_details (evaluation_id, question_id, score, comment) VALUES (5, 2, 4, NULL);
INSERT INTO evaluation_details (evaluation_id, question_id, score, comment) VALUES (5, 3, 4, NULL);
INSERT INTO evaluation_details (evaluation_id, question_id, score, comment) VALUES (5, 4, 5, NULL);
INSERT INTO evaluation_details (evaluation_id, question_id, score, comment) VALUES (5, 5, 3, NULL);
INSERT INTO evaluation_details (evaluation_id, question_id, score, comment) VALUES (5, 6, 3, NULL);
INSERT INTO evaluation_details (evaluation_id, question_id, score, comment) VALUES (5, 7, 5, NULL);
INSERT INTO evaluation_details (evaluation_id, question_id, score, comment) VALUES (5, 8, 5, NULL);
INSERT INTO evaluation_details (evaluation_id, question_id, score, comment) VALUES (5, 9, 5, NULL);
INSERT INTO evaluation_details (evaluation_id, question_id, score, comment) VALUES (5, 10, 5, NULL);
INSERT INTO evaluation_details (evaluation_id, question_id, score, comment) VALUES (5, 11, NULL, 'Me gustaría que las dailies fueran un poco más largas.');
INSERT INTO evaluations (id, evaluatee_id, form_id, period_id, is_anonymous, status, submitted_at, created_at) VALUES (6, 2, 1, 1, FALSE, 'submitted', '2026-03-10 10:00:00', '2026-03-10 10:00:00');
INSERT INTO evaluation_submissions (evaluator_id, evaluatee_id, period_id, evaluation_id, created_at) VALUES (17, 2, 1, 6, '2026-03-10 10:00:00');
INSERT INTO evaluation_details (evaluation_id, question_id, score, comment) VALUES (6, 1, 4, NULL);
INSERT INTO evaluation_details (evaluation_id, question_id, score, comment) VALUES (6, 2, 4, NULL);
INSERT INTO evaluation_details (evaluation_id, question_id, score, comment) VALUES (6, 3, 5, NULL);
INSERT INTO evaluation_details (evaluation_id, question_id, score, comment) VALUES (6, 4, 4, NULL);
INSERT INTO evaluation_details (evaluation_id, question_id, score, comment) VALUES (6, 5, 4, NULL);
INSERT INTO evaluation_details (evaluation_id, question_id, score, comment) VALUES (6, 6, 4, NULL);
INSERT INTO evaluation_details (evaluation_id, question_id, score, comment) VALUES (6, 7, 3, NULL);
INSERT INTO evaluation_details (evaluation_id, question_id, score, comment) VALUES (6, 8, 5, NULL);
INSERT INTO evaluation_details (evaluation_id, question_id, score, comment) VALUES (6, 9, 5, NULL);
INSERT INTO evaluation_details (evaluation_id, question_id, score, comment) VALUES (6, 10, 4, NULL);
INSERT INTO evaluation_details (evaluation_id, question_id, score, comment) VALUES (6, 11, NULL, 'Me gustaría que las dailies fueran un poco más largas.');
INSERT INTO evaluations (id, evaluatee_id, form_id, period_id, is_anonymous, status, submitted_at, created_at) VALUES (7, 2, 1, 1, FALSE, 'submitted', '2026-03-10 10:00:00', '2026-03-10 10:00:00');
INSERT INTO evaluation_submissions (evaluator_id, evaluatee_id, period_id, evaluation_id, created_at) VALUES (18, 2, 1, 7, '2026-03-10 10:00:00');
INSERT INTO evaluation_details (evaluation_id, question_id, score, comment) VALUES (7, 1, 5, NULL);
INSERT INTO evaluation_details (evaluation_id, question_id, score, comment) VALUES (7, 2, 4, NULL);
INSERT INTO evaluation_details (evaluation_id, question_id, score, comment) VALUES (7, 3, 5, NULL);
INSERT INTO evaluation_details (evaluation_id, question_id, score, comment) VALUES (7, 4, 3, NULL);
INSERT INTO evaluation_details (evaluation_id, question_id, score, comment) VALUES (7, 5, 4, NULL);
INSERT INTO evaluation_details (evaluation_id, question_id, score, comment) VALUES (7, 6, 5, NULL);
INSERT INTO evaluation_details (evaluation_id, question_id, score, comment) VALUES (7, 7, 4, NULL);
INSERT INTO evaluation_details (evaluation_id, question_id, score, comment) VALUES (7, 8, 5, NULL);
INSERT INTO evaluation_details (evaluation_id, question_id, score, comment) VALUES (7, 9, 4, NULL);
INSERT INTO evaluation_details (evaluation_id, question_id, score, comment) VALUES (7, 10, 5, NULL);
INSERT INTO evaluation_details (evaluation_id, question_id, score, comment) VALUES (7, 11, NULL, 'A veces se demora un poco en contestar por Slack, pero cuando lo hace es muy claro.');
INSERT INTO evaluations (id, evaluatee_id, form_id, period_id, is_anonymous, status, submitted_at, created_at) VALUES (8, 2, 1, 1, FALSE, 'submitted', '2026-03-10 10:00:00', '2026-03-10 10:00:00');
INSERT INTO evaluation_submissions (evaluator_id, evaluatee_id, period_id, evaluation_id, created_at) VALUES (20, 2, 1, 8, '2026-03-10 10:00:00');
INSERT INTO evaluation_details (evaluation_id, question_id, score, comment) VALUES (8, 1, 5, NULL);
INSERT INTO evaluation_details (evaluation_id, question_id, score, comment) VALUES (8, 2, 5, NULL);
INSERT INTO evaluation_details (evaluation_id, question_id, score, comment) VALUES (8, 3, 5, NULL);
INSERT INTO evaluation_details (evaluation_id, question_id, score, comment) VALUES (8, 4, 5, NULL);
INSERT INTO evaluation_details (evaluation_id, question_id, score, comment) VALUES (8, 5, 5, NULL);
INSERT INTO evaluation_details (evaluation_id, question_id, score, comment) VALUES (8, 6, 5, NULL);
INSERT INTO evaluation_details (evaluation_id, question_id, score, comment) VALUES (8, 7, 4, NULL);
INSERT INTO evaluation_details (evaluation_id, question_id, score, comment) VALUES (8, 8, 4, NULL);
INSERT INTO evaluation_details (evaluation_id, question_id, score, comment) VALUES (8, 9, 4, NULL);
INSERT INTO evaluation_details (evaluation_id, question_id, score, comment) VALUES (8, 10, 4, NULL);
INSERT INTO evaluations (id, evaluatee_id, form_id, period_id, is_anonymous, status, submitted_at, created_at) VALUES (9, 2, 1, 1, FALSE, 'submitted', '2026-03-10 10:00:00', '2026-03-10 10:00:00');
INSERT INTO evaluation_submissions (evaluator_id, evaluatee_id, period_id, evaluation_id, created_at) VALUES (21, 2, 1, 9, '2026-03-10 10:00:00');
INSERT INTO evaluation_details (evaluation_id, question_id, score, comment) VALUES (9, 1, 4, NULL);
INSERT INTO evaluation_details (evaluation_id, question_id, score, comment) VALUES (9, 2, 4, NULL);
INSERT INTO evaluation_details (evaluation_id, question_id, score, comment) VALUES (9, 3, 4, NULL);
INSERT INTO evaluation_details (evaluation_id, question_id, score, comment) VALUES (9, 4, 5, NULL);
INSERT INTO evaluation_details (evaluation_id, question_id, score, comment) VALUES (9, 5, 5, NULL);
INSERT INTO evaluation_details (evaluation_id, question_id, score, comment) VALUES (9, 6, 4, NULL);
INSERT INTO evaluation_details (evaluation_id, question_id, score, comment) VALUES (9, 7, 5, NULL);
INSERT INTO evaluation_details (evaluation_id, question_id, score, comment) VALUES (9, 8, 5, NULL);
INSERT INTO evaluation_details (evaluation_id, question_id, score, comment) VALUES (9, 9, 5, NULL);
INSERT INTO evaluation_details (evaluation_id, question_id, score, comment) VALUES (9, 10, 3, NULL);
INSERT INTO evaluations (id, evaluatee_id, form_id, period_id, is_anonymous, status, submitted_at, created_at) VALUES (10, 2, 1, 1, FALSE, 'submitted', '2026-03-10 10:00:00', '2026-03-10 10:00:00');
INSERT INTO evaluation_submissions (evaluator_id, evaluatee_id, period_id, evaluation_id, created_at) VALUES (22, 2, 1, 10, '2026-03-10 10:00:00');
INSERT INTO evaluation_details (evaluation_id, question_id, score, comment) VALUES (10, 1, 4, NULL);
INSERT INTO evaluation_details (evaluation_id, question_id, score, comment) VALUES (10, 2, 4, NULL);
INSERT INTO evaluation_details (evaluation_id, question_id, score, comment) VALUES (10, 3, 5, NULL);
INSERT INTO evaluation_details (evaluation_id, question_id, score, comment) VALUES (10, 4, 4, NULL);
INSERT INTO evaluation_details (evaluation_id, question_id, score, comment) VALUES (10, 5, 5, NULL);
INSERT INTO evaluation_details (evaluation_id, question_id, score, comment) VALUES (10, 6, 4, NULL);
INSERT INTO evaluation_details (evaluation_id, question_id, score, comment) VALUES (10, 7, 4, NULL);
INSERT INTO evaluation_details (evaluation_id, question_id, score, comment) VALUES (10, 8, 5, NULL);
INSERT INTO evaluation_details (evaluation_id, question_id, score, comment) VALUES (10, 9, 4, NULL);
INSERT INTO evaluation_details (evaluation_id, question_id, score, comment) VALUES (10, 10, 4, NULL);
INSERT INTO evaluation_details (evaluation_id, question_id, score, comment) VALUES (10, 11, NULL, 'Podría darnos más recursos externos para estudiar.');
INSERT INTO evaluations (id, evaluatee_id, form_id, period_id, is_anonymous, status, submitted_at, created_at) VALUES (11, 2, 1, 1, FALSE, 'submitted', '2026-03-10 10:00:00', '2026-03-10 10:00:00');
INSERT INTO evaluation_submissions (evaluator_id, evaluatee_id, period_id, evaluation_id, created_at) VALUES (23, 2, 1, 11, '2026-03-10 10:00:00');
INSERT INTO evaluation_details (evaluation_id, question_id, score, comment) VALUES (11, 1, 5, NULL);
INSERT INTO evaluation_details (evaluation_id, question_id, score, comment) VALUES (11, 2, 5, NULL);
INSERT INTO evaluation_details (evaluation_id, question_id, score, comment) VALUES (11, 3, 5, NULL);
INSERT INTO evaluation_details (evaluation_id, question_id, score, comment) VALUES (11, 4, 3, NULL);
INSERT INTO evaluation_details (evaluation_id, question_id, score, comment) VALUES (11, 5, 5, NULL);
INSERT INTO evaluation_details (evaluation_id, question_id, score, comment) VALUES (11, 6, 4, NULL);
INSERT INTO evaluation_details (evaluation_id, question_id, score, comment) VALUES (11, 7, 3, NULL);
INSERT INTO evaluation_details (evaluation_id, question_id, score, comment) VALUES (11, 8, 4, NULL);
INSERT INTO evaluation_details (evaluation_id, question_id, score, comment) VALUES (11, 9, 5, NULL);
INSERT INTO evaluation_details (evaluation_id, question_id, score, comment) VALUES (11, 10, 4, NULL);
INSERT INTO evaluation_details (evaluation_id, question_id, score, comment) VALUES (11, 11, NULL, 'Me encanta su forma de liderar, he aprendido mucho de él.');
INSERT INTO evaluations (id, evaluatee_id, form_id, period_id, is_anonymous, status, submitted_at, created_at) VALUES (12, 2, 1, 1, FALSE, 'submitted', '2026-03-10 10:00:00', '2026-03-10 10:00:00');
INSERT INTO evaluation_submissions (evaluator_id, evaluatee_id, period_id, evaluation_id, created_at) VALUES (24, 2, 1, 12, '2026-03-10 10:00:00');
INSERT INTO evaluation_details (evaluation_id, question_id, score, comment) VALUES (12, 1, 4, NULL);
INSERT INTO evaluation_details (evaluation_id, question_id, score, comment) VALUES (12, 2, 5, NULL);
INSERT INTO evaluation_details (evaluation_id, question_id, score, comment) VALUES (12, 3, 4, NULL);
INSERT INTO evaluation_details (evaluation_id, question_id, score, comment) VALUES (12, 4, 4, NULL);
INSERT INTO evaluation_details (evaluation_id, question_id, score, comment) VALUES (12, 5, 4, NULL);
INSERT INTO evaluation_details (evaluation_id, question_id, score, comment) VALUES (12, 6, 5, NULL);
INSERT INTO evaluation_details (evaluation_id, question_id, score, comment) VALUES (12, 7, 5, NULL);
INSERT INTO evaluation_details (evaluation_id, question_id, score, comment) VALUES (12, 8, 5, NULL);
INSERT INTO evaluation_details (evaluation_id, question_id, score, comment) VALUES (12, 9, 3, NULL);
INSERT INTO evaluation_details (evaluation_id, question_id, score, comment) VALUES (12, 10, 4, NULL);
INSERT INTO evaluation_details (evaluation_id, question_id, score, comment) VALUES (12, 11, NULL, 'Muy buen TL, siempre nos guía cuando estamos bloqueados.');
INSERT INTO evaluations (id, evaluatee_id, form_id, period_id, is_anonymous, status, submitted_at, created_at) VALUES (13, 2, 1, 1, FALSE, 'submitted', '2026-03-10 10:00:00', '2026-03-10 10:00:00');
INSERT INTO evaluation_submissions (evaluator_id, evaluatee_id, period_id, evaluation_id, created_at) VALUES (25, 2, 1, 13, '2026-03-10 10:00:00');
INSERT INTO evaluation_details (evaluation_id, question_id, score, comment) VALUES (13, 1, 4, NULL);
INSERT INTO evaluation_details (evaluation_id, question_id, score, comment) VALUES (13, 2, 5, NULL);
INSERT INTO evaluation_details (evaluation_id, question_id, score, comment) VALUES (13, 3, 5, NULL);
INSERT INTO evaluation_details (evaluation_id, question_id, score, comment) VALUES (13, 4, 4, NULL);
INSERT INTO evaluation_details (evaluation_id, question_id, score, comment) VALUES (13, 5, 4, NULL);
INSERT INTO evaluation_details (evaluation_id, question_id, score, comment) VALUES (13, 6, 5, NULL);
INSERT INTO evaluation_details (evaluation_id, question_id, score, comment) VALUES (13, 7, 4, NULL);
INSERT INTO evaluation_details (evaluation_id, question_id, score, comment) VALUES (13, 8, 4, NULL);
INSERT INTO evaluation_details (evaluation_id, question_id, score, comment) VALUES (13, 9, 5, NULL);
INSERT INTO evaluation_details (evaluation_id, question_id, score, comment) VALUES (13, 10, 5, NULL);
INSERT INTO evaluation_details (evaluation_id, question_id, score, comment) VALUES (13, 11, NULL, 'Excelente acompañamiento, siempre está dispuesto a ayudarnos.');
INSERT INTO evaluations (id, evaluatee_id, form_id, period_id, is_anonymous, status, submitted_at, created_at) VALUES (14, 2, 1, 1, FALSE, 'submitted', '2026-03-10 10:00:00', '2026-03-10 10:00:00');
INSERT INTO evaluation_submissions (evaluator_id, evaluatee_id, period_id, evaluation_id, created_at) VALUES (26, 2, 1, 14, '2026-03-10 10:00:00');
INSERT INTO evaluation_details (evaluation_id, question_id, score, comment) VALUES (14, 1, 4, NULL);
INSERT INTO evaluation_details (evaluation_id, question_id, score, comment) VALUES (14, 2, 5, NULL);
INSERT INTO evaluation_details (evaluation_id, question_id, score, comment) VALUES (14, 3, 5, NULL);
INSERT INTO evaluation_details (evaluation_id, question_id, score, comment) VALUES (14, 4, 4, NULL);
INSERT INTO evaluation_details (evaluation_id, question_id, score, comment) VALUES (14, 5, 4, NULL);
INSERT INTO evaluation_details (evaluation_id, question_id, score, comment) VALUES (14, 6, 4, NULL);
INSERT INTO evaluation_details (evaluation_id, question_id, score, comment) VALUES (14, 7, 4, NULL);
INSERT INTO evaluation_details (evaluation_id, question_id, score, comment) VALUES (14, 8, 5, NULL);
INSERT INTO evaluation_details (evaluation_id, question_id, score, comment) VALUES (14, 9, 4, NULL);
INSERT INTO evaluation_details (evaluation_id, question_id, score, comment) VALUES (14, 10, 5, NULL);
INSERT INTO evaluation_details (evaluation_id, question_id, score, comment) VALUES (14, 11, NULL, 'Muy buen TL, siempre nos guía cuando estamos bloqueados.');
INSERT INTO evaluations (id, evaluatee_id, form_id, period_id, is_anonymous, status, submitted_at, created_at) VALUES (15, 2, 1, 1, FALSE, 'submitted', '2026-03-10 10:00:00', '2026-03-10 10:00:00');
INSERT INTO evaluation_submissions (evaluator_id, evaluatee_id, period_id, evaluation_id, created_at) VALUES (27, 2, 1, 15, '2026-03-10 10:00:00');
INSERT INTO evaluation_details (evaluation_id, question_id, score, comment) VALUES (15, 1, 5, NULL);
INSERT INTO evaluation_details (evaluation_id, question_id, score, comment) VALUES (15, 2, 5, NULL);
INSERT INTO evaluation_details (evaluation_id, question_id, score, comment) VALUES (15, 3, 5, NULL);
INSERT INTO evaluation_details (evaluation_id, question_id, score, comment) VALUES (15, 4, 3, NULL);
INSERT INTO evaluation_details (evaluation_id, question_id, score, comment) VALUES (15, 5, 5, NULL);
INSERT INTO evaluation_details (evaluation_id, question_id, score, comment) VALUES (15, 6, 5, NULL);
INSERT INTO evaluation_details (evaluation_id, question_id, score, comment) VALUES (15, 7, 3, NULL);
INSERT INTO evaluation_details (evaluation_id, question_id, score, comment) VALUES (15, 8, 5, NULL);
INSERT INTO evaluation_details (evaluation_id, question_id, score, comment) VALUES (15, 9, 4, NULL);
INSERT INTO evaluation_details (evaluation_id, question_id, score, comment) VALUES (15, 10, 5, NULL);
INSERT INTO evaluation_details (evaluation_id, question_id, score, comment) VALUES (15, 11, NULL, 'Explica súper bien los requerimientos de los proyectos.');
INSERT INTO evaluations (id, evaluatee_id, form_id, period_id, is_anonymous, status, submitted_at, created_at) VALUES (16, 2, 1, 1, TRUE, 'submitted', '2026-03-10 10:00:00', '2026-03-10 10:00:00');
INSERT INTO evaluation_submissions (evaluator_id, evaluatee_id, period_id, evaluation_id, created_at) VALUES (28, 2, 1, 16, '2026-03-10 10:00:00');
INSERT INTO evaluation_details (evaluation_id, question_id, score, comment) VALUES (16, 1, 4, NULL);
INSERT INTO evaluation_details (evaluation_id, question_id, score, comment) VALUES (16, 2, 4, NULL);
INSERT INTO evaluation_details (evaluation_id, question_id, score, comment) VALUES (16, 3, 4, NULL);
INSERT INTO evaluation_details (evaluation_id, question_id, score, comment) VALUES (16, 4, 3, NULL);
INSERT INTO evaluation_details (evaluation_id, question_id, score, comment) VALUES (16, 5, 5, NULL);
INSERT INTO evaluation_details (evaluation_id, question_id, score, comment) VALUES (16, 6, 4, NULL);
INSERT INTO evaluation_details (evaluation_id, question_id, score, comment) VALUES (16, 7, 4, NULL);
INSERT INTO evaluation_details (evaluation_id, question_id, score, comment) VALUES (16, 8, 4, NULL);
INSERT INTO evaluation_details (evaluation_id, question_id, score, comment) VALUES (16, 9, 5, NULL);
INSERT INTO evaluation_details (evaluation_id, question_id, score, comment) VALUES (16, 10, 3, NULL);
INSERT INTO evaluation_details (evaluation_id, question_id, score, comment) VALUES (16, 11, NULL, 'Excelente acompañamiento, siempre está dispuesto a ayudarnos.');
INSERT INTO evaluations (id, evaluatee_id, form_id, period_id, is_anonymous, status, submitted_at, created_at) VALUES (17, 2, 1, 1, FALSE, 'submitted', '2026-03-10 10:00:00', '2026-03-10 10:00:00');
INSERT INTO evaluation_submissions (evaluator_id, evaluatee_id, period_id, evaluation_id, created_at) VALUES (29, 2, 1, 17, '2026-03-10 10:00:00');
INSERT INTO evaluation_details (evaluation_id, question_id, score, comment) VALUES (17, 1, 3, NULL);
INSERT INTO evaluation_details (evaluation_id, question_id, score, comment) VALUES (17, 2, 5, NULL);
INSERT INTO evaluation_details (evaluation_id, question_id, score, comment) VALUES (17, 3, 5, NULL);
INSERT INTO evaluation_details (evaluation_id, question_id, score, comment) VALUES (17, 4, 5, NULL);
INSERT INTO evaluation_details (evaluation_id, question_id, score, comment) VALUES (17, 5, 5, NULL);
INSERT INTO evaluation_details (evaluation_id, question_id, score, comment) VALUES (17, 6, 4, NULL);
INSERT INTO evaluation_details (evaluation_id, question_id, score, comment) VALUES (17, 7, 5, NULL);
INSERT INTO evaluation_details (evaluation_id, question_id, score, comment) VALUES (17, 8, 5, NULL);
INSERT INTO evaluation_details (evaluation_id, question_id, score, comment) VALUES (17, 9, 5, NULL);
INSERT INTO evaluation_details (evaluation_id, question_id, score, comment) VALUES (17, 10, 5, NULL);
INSERT INTO evaluations (id, evaluatee_id, form_id, period_id, is_anonymous, status, submitted_at, created_at) VALUES (18, 2, 1, 1, TRUE, 'submitted', '2026-03-10 10:00:00', '2026-03-10 10:00:00');
INSERT INTO evaluation_submissions (evaluator_id, evaluatee_id, period_id, evaluation_id, created_at) VALUES (30, 2, 1, 18, '2026-03-10 10:00:00');
INSERT INTO evaluation_details (evaluation_id, question_id, score, comment) VALUES (18, 1, 5, NULL);
INSERT INTO evaluation_details (evaluation_id, question_id, score, comment) VALUES (18, 2, 4, NULL);
INSERT INTO evaluation_details (evaluation_id, question_id, score, comment) VALUES (18, 3, 5, NULL);
INSERT INTO evaluation_details (evaluation_id, question_id, score, comment) VALUES (18, 4, 4, NULL);
INSERT INTO evaluation_details (evaluation_id, question_id, score, comment) VALUES (18, 5, 3, NULL);
INSERT INTO evaluation_details (evaluation_id, question_id, score, comment) VALUES (18, 6, 4, NULL);
INSERT INTO evaluation_details (evaluation_id, question_id, score, comment) VALUES (18, 7, 5, NULL);
INSERT INTO evaluation_details (evaluation_id, question_id, score, comment) VALUES (18, 8, 5, NULL);
INSERT INTO evaluation_details (evaluation_id, question_id, score, comment) VALUES (18, 9, 5, NULL);
INSERT INTO evaluation_details (evaluation_id, question_id, score, comment) VALUES (18, 10, 5, NULL);
INSERT INTO evaluations (id, evaluatee_id, form_id, period_id, is_anonymous, status, submitted_at, created_at) VALUES (19, 2, 1, 1, FALSE, 'submitted', '2026-03-10 10:00:00', '2026-03-10 10:00:00');
INSERT INTO evaluation_submissions (evaluator_id, evaluatee_id, period_id, evaluation_id, created_at) VALUES (31, 2, 1, 19, '2026-03-10 10:00:00');
INSERT INTO evaluation_details (evaluation_id, question_id, score, comment) VALUES (19, 1, 5, NULL);
INSERT INTO evaluation_details (evaluation_id, question_id, score, comment) VALUES (19, 2, 4, NULL);
INSERT INTO evaluation_details (evaluation_id, question_id, score, comment) VALUES (19, 3, 5, NULL);
INSERT INTO evaluation_details (evaluation_id, question_id, score, comment) VALUES (19, 4, 5, NULL);
INSERT INTO evaluation_details (evaluation_id, question_id, score, comment) VALUES (19, 5, 4, NULL);
INSERT INTO evaluation_details (evaluation_id, question_id, score, comment) VALUES (19, 6, 4, NULL);
INSERT INTO evaluation_details (evaluation_id, question_id, score, comment) VALUES (19, 7, 5, NULL);
INSERT INTO evaluation_details (evaluation_id, question_id, score, comment) VALUES (19, 8, 5, NULL);
INSERT INTO evaluation_details (evaluation_id, question_id, score, comment) VALUES (19, 9, 5, NULL);
INSERT INTO evaluation_details (evaluation_id, question_id, score, comment) VALUES (19, 10, 5, NULL);
INSERT INTO evaluation_details (evaluation_id, question_id, score, comment) VALUES (19, 11, NULL, 'Excelente acompañamiento, siempre está dispuesto a ayudarnos.');
INSERT INTO evaluations (id, evaluatee_id, form_id, period_id, is_anonymous, status, submitted_at, created_at) VALUES (20, 2, 1, 1, FALSE, 'submitted', '2026-03-10 10:00:00', '2026-03-10 10:00:00');
INSERT INTO evaluation_submissions (evaluator_id, evaluatee_id, period_id, evaluation_id, created_at) VALUES (32, 2, 1, 20, '2026-03-10 10:00:00');
INSERT INTO evaluation_details (evaluation_id, question_id, score, comment) VALUES (20, 1, 5, NULL);
INSERT INTO evaluation_details (evaluation_id, question_id, score, comment) VALUES (20, 2, 5, NULL);
INSERT INTO evaluation_details (evaluation_id, question_id, score, comment) VALUES (20, 3, 5, NULL);
INSERT INTO evaluation_details (evaluation_id, question_id, score, comment) VALUES (20, 4, 4, NULL);
INSERT INTO evaluation_details (evaluation_id, question_id, score, comment) VALUES (20, 5, 5, NULL);
INSERT INTO evaluation_details (evaluation_id, question_id, score, comment) VALUES (20, 6, 3, NULL);
INSERT INTO evaluation_details (evaluation_id, question_id, score, comment) VALUES (20, 7, 4, NULL);
INSERT INTO evaluation_details (evaluation_id, question_id, score, comment) VALUES (20, 8, 5, NULL);
INSERT INTO evaluation_details (evaluation_id, question_id, score, comment) VALUES (20, 9, 5, NULL);
INSERT INTO evaluation_details (evaluation_id, question_id, score, comment) VALUES (20, 10, 4, NULL);
INSERT INTO evaluation_details (evaluation_id, question_id, score, comment) VALUES (20, 11, NULL, 'Explica súper bien los requerimientos de los proyectos.');
INSERT INTO evaluations (id, evaluatee_id, form_id, period_id, is_anonymous, status, submitted_at, created_at) VALUES (21, 2, 1, 1, TRUE, 'submitted', '2026-03-10 10:00:00', '2026-03-10 10:00:00');
INSERT INTO evaluation_submissions (evaluator_id, evaluatee_id, period_id, evaluation_id, created_at) VALUES (33, 2, 1, 21, '2026-03-10 10:00:00');
INSERT INTO evaluation_details (evaluation_id, question_id, score, comment) VALUES (21, 1, 4, NULL);
INSERT INTO evaluation_details (evaluation_id, question_id, score, comment) VALUES (21, 2, 5, NULL);
INSERT INTO evaluation_details (evaluation_id, question_id, score, comment) VALUES (21, 3, 4, NULL);
INSERT INTO evaluation_details (evaluation_id, question_id, score, comment) VALUES (21, 4, 5, NULL);
INSERT INTO evaluation_details (evaluation_id, question_id, score, comment) VALUES (21, 5, 4, NULL);
INSERT INTO evaluation_details (evaluation_id, question_id, score, comment) VALUES (21, 6, 5, NULL);
INSERT INTO evaluation_details (evaluation_id, question_id, score, comment) VALUES (21, 7, 5, NULL);
INSERT INTO evaluation_details (evaluation_id, question_id, score, comment) VALUES (21, 8, 4, NULL);
INSERT INTO evaluation_details (evaluation_id, question_id, score, comment) VALUES (21, 9, 3, NULL);
INSERT INTO evaluation_details (evaluation_id, question_id, score, comment) VALUES (21, 10, 4, NULL);
INSERT INTO evaluation_details (evaluation_id, question_id, score, comment) VALUES (21, 11, NULL, 'Gracias a él he mejorado mucho mi lógica.');
INSERT INTO evaluations (id, evaluatee_id, form_id, period_id, is_anonymous, status, submitted_at, created_at) VALUES (22, 2, 1, 1, FALSE, 'submitted', '2026-03-10 10:00:00', '2026-03-10 10:00:00');
INSERT INTO evaluation_submissions (evaluator_id, evaluatee_id, period_id, evaluation_id, created_at) VALUES (34, 2, 1, 22, '2026-03-10 10:00:00');
INSERT INTO evaluation_details (evaluation_id, question_id, score, comment) VALUES (22, 1, 3, NULL);
INSERT INTO evaluation_details (evaluation_id, question_id, score, comment) VALUES (22, 2, 5, NULL);
INSERT INTO evaluation_details (evaluation_id, question_id, score, comment) VALUES (22, 3, 4, NULL);
INSERT INTO evaluation_details (evaluation_id, question_id, score, comment) VALUES (22, 4, 4, NULL);
INSERT INTO evaluation_details (evaluation_id, question_id, score, comment) VALUES (22, 5, 4, NULL);
INSERT INTO evaluation_details (evaluation_id, question_id, score, comment) VALUES (22, 6, 3, NULL);
INSERT INTO evaluation_details (evaluation_id, question_id, score, comment) VALUES (22, 7, 5, NULL);
INSERT INTO evaluation_details (evaluation_id, question_id, score, comment) VALUES (22, 8, 5, NULL);
INSERT INTO evaluation_details (evaluation_id, question_id, score, comment) VALUES (22, 9, 3, NULL);
INSERT INTO evaluation_details (evaluation_id, question_id, score, comment) VALUES (22, 10, 3, NULL);
INSERT INTO evaluation_details (evaluation_id, question_id, score, comment) VALUES (22, 11, NULL, 'Debería mantener su paciencia, es un gran líder.');
INSERT INTO evaluations (id, evaluatee_id, form_id, period_id, is_anonymous, status, submitted_at, created_at) VALUES (23, 2, 1, 1, FALSE, 'submitted', '2026-03-10 10:00:00', '2026-03-10 10:00:00');
INSERT INTO evaluation_submissions (evaluator_id, evaluatee_id, period_id, evaluation_id, created_at) VALUES (35, 2, 1, 23, '2026-03-10 10:00:00');
INSERT INTO evaluation_details (evaluation_id, question_id, score, comment) VALUES (23, 1, 4, NULL);
INSERT INTO evaluation_details (evaluation_id, question_id, score, comment) VALUES (23, 2, 5, NULL);
INSERT INTO evaluation_details (evaluation_id, question_id, score, comment) VALUES (23, 3, 5, NULL);
INSERT INTO evaluation_details (evaluation_id, question_id, score, comment) VALUES (23, 4, 5, NULL);
INSERT INTO evaluation_details (evaluation_id, question_id, score, comment) VALUES (23, 5, 4, NULL);
INSERT INTO evaluation_details (evaluation_id, question_id, score, comment) VALUES (23, 6, 5, NULL);
INSERT INTO evaluation_details (evaluation_id, question_id, score, comment) VALUES (23, 7, 5, NULL);
INSERT INTO evaluation_details (evaluation_id, question_id, score, comment) VALUES (23, 8, 4, NULL);
INSERT INTO evaluation_details (evaluation_id, question_id, score, comment) VALUES (23, 9, 4, NULL);
INSERT INTO evaluation_details (evaluation_id, question_id, score, comment) VALUES (23, 10, 3, NULL);
INSERT INTO evaluation_details (evaluation_id, question_id, score, comment) VALUES (23, 11, NULL, 'Me encanta su forma de liderar, he aprendido mucho de él.');
INSERT INTO evaluations (id, evaluatee_id, form_id, period_id, is_anonymous, status, submitted_at, created_at) VALUES (24, 2, 1, 1, FALSE, 'submitted', '2026-03-10 10:00:00', '2026-03-10 10:00:00');
INSERT INTO evaluation_submissions (evaluator_id, evaluatee_id, period_id, evaluation_id, created_at) VALUES (36, 2, 1, 24, '2026-03-10 10:00:00');
INSERT INTO evaluation_details (evaluation_id, question_id, score, comment) VALUES (24, 1, 5, NULL);
INSERT INTO evaluation_details (evaluation_id, question_id, score, comment) VALUES (24, 2, 4, NULL);
INSERT INTO evaluation_details (evaluation_id, question_id, score, comment) VALUES (24, 3, 5, NULL);
INSERT INTO evaluation_details (evaluation_id, question_id, score, comment) VALUES (24, 4, 4, NULL);
INSERT INTO evaluation_details (evaluation_id, question_id, score, comment) VALUES (24, 5, 3, NULL);
INSERT INTO evaluation_details (evaluation_id, question_id, score, comment) VALUES (24, 6, 4, NULL);
INSERT INTO evaluation_details (evaluation_id, question_id, score, comment) VALUES (24, 7, 3, NULL);
INSERT INTO evaluation_details (evaluation_id, question_id, score, comment) VALUES (24, 8, 5, NULL);
INSERT INTO evaluation_details (evaluation_id, question_id, score, comment) VALUES (24, 9, 5, NULL);
INSERT INTO evaluation_details (evaluation_id, question_id, score, comment) VALUES (24, 10, 5, NULL);
INSERT INTO evaluation_details (evaluation_id, question_id, score, comment) VALUES (24, 11, NULL, 'Gracias a él he mejorado mucho mi lógica.');
INSERT INTO evaluations (id, evaluatee_id, form_id, period_id, is_anonymous, status, submitted_at, created_at) VALUES (25, 2, 1, 1, FALSE, 'submitted', '2026-03-10 10:00:00', '2026-03-10 10:00:00');
INSERT INTO evaluation_submissions (evaluator_id, evaluatee_id, period_id, evaluation_id, created_at) VALUES (37, 2, 1, 25, '2026-03-10 10:00:00');
INSERT INTO evaluation_details (evaluation_id, question_id, score, comment) VALUES (25, 1, 5, NULL);
INSERT INTO evaluation_details (evaluation_id, question_id, score, comment) VALUES (25, 2, 5, NULL);
INSERT INTO evaluation_details (evaluation_id, question_id, score, comment) VALUES (25, 3, 4, NULL);
INSERT INTO evaluation_details (evaluation_id, question_id, score, comment) VALUES (25, 4, 4, NULL);
INSERT INTO evaluation_details (evaluation_id, question_id, score, comment) VALUES (25, 5, 5, NULL);
INSERT INTO evaluation_details (evaluation_id, question_id, score, comment) VALUES (25, 6, 4, NULL);
INSERT INTO evaluation_details (evaluation_id, question_id, score, comment) VALUES (25, 7, 5, NULL);
INSERT INTO evaluation_details (evaluation_id, question_id, score, comment) VALUES (25, 8, 4, NULL);
INSERT INTO evaluation_details (evaluation_id, question_id, score, comment) VALUES (25, 9, 4, NULL);
INSERT INTO evaluation_details (evaluation_id, question_id, score, comment) VALUES (25, 10, 4, NULL);
INSERT INTO evaluation_details (evaluation_id, question_id, score, comment) VALUES (25, 11, NULL, 'Explica súper bien los requerimientos de los proyectos.');
INSERT INTO evaluations (id, evaluatee_id, form_id, period_id, is_anonymous, status, submitted_at, created_at) VALUES (26, 2, 1, 1, FALSE, 'submitted', '2026-03-10 10:00:00', '2026-03-10 10:00:00');
INSERT INTO evaluation_submissions (evaluator_id, evaluatee_id, period_id, evaluation_id, created_at) VALUES (38, 2, 1, 26, '2026-03-10 10:00:00');
INSERT INTO evaluation_details (evaluation_id, question_id, score, comment) VALUES (26, 1, 5, NULL);
INSERT INTO evaluation_details (evaluation_id, question_id, score, comment) VALUES (26, 2, 5, NULL);
INSERT INTO evaluation_details (evaluation_id, question_id, score, comment) VALUES (26, 3, 5, NULL);
INSERT INTO evaluation_details (evaluation_id, question_id, score, comment) VALUES (26, 4, 4, NULL);
INSERT INTO evaluation_details (evaluation_id, question_id, score, comment) VALUES (26, 5, 4, NULL);
INSERT INTO evaluation_details (evaluation_id, question_id, score, comment) VALUES (26, 6, 4, NULL);
INSERT INTO evaluation_details (evaluation_id, question_id, score, comment) VALUES (26, 7, 4, NULL);
INSERT INTO evaluation_details (evaluation_id, question_id, score, comment) VALUES (26, 8, 5, NULL);
INSERT INTO evaluation_details (evaluation_id, question_id, score, comment) VALUES (26, 9, 4, NULL);
INSERT INTO evaluation_details (evaluation_id, question_id, score, comment) VALUES (26, 10, 5, NULL);
INSERT INTO evaluation_details (evaluation_id, question_id, score, comment) VALUES (26, 11, NULL, 'Explica súper bien los requerimientos de los proyectos.');
INSERT INTO evaluations (id, evaluatee_id, form_id, period_id, is_anonymous, status, submitted_at, created_at) VALUES (27, 2, 1, 1, FALSE, 'submitted', '2026-03-10 10:00:00', '2026-03-10 10:00:00');
INSERT INTO evaluation_submissions (evaluator_id, evaluatee_id, period_id, evaluation_id, created_at) VALUES (39, 2, 1, 27, '2026-03-10 10:00:00');
INSERT INTO evaluation_details (evaluation_id, question_id, score, comment) VALUES (27, 1, 5, NULL);
INSERT INTO evaluation_details (evaluation_id, question_id, score, comment) VALUES (27, 2, 4, NULL);
INSERT INTO evaluation_details (evaluation_id, question_id, score, comment) VALUES (27, 3, 5, NULL);
INSERT INTO evaluation_details (evaluation_id, question_id, score, comment) VALUES (27, 4, 5, NULL);
INSERT INTO evaluation_details (evaluation_id, question_id, score, comment) VALUES (27, 5, 4, NULL);
INSERT INTO evaluation_details (evaluation_id, question_id, score, comment) VALUES (27, 6, 5, NULL);
INSERT INTO evaluation_details (evaluation_id, question_id, score, comment) VALUES (27, 7, 5, NULL);
INSERT INTO evaluation_details (evaluation_id, question_id, score, comment) VALUES (27, 8, 5, NULL);
INSERT INTO evaluation_details (evaluation_id, question_id, score, comment) VALUES (27, 9, 4, NULL);
INSERT INTO evaluation_details (evaluation_id, question_id, score, comment) VALUES (27, 10, 4, NULL);
INSERT INTO evaluation_details (evaluation_id, question_id, score, comment) VALUES (27, 11, NULL, 'Podría darnos más recursos externos para estudiar.');
INSERT INTO evaluations (id, evaluatee_id, form_id, period_id, is_anonymous, status, submitted_at, created_at) VALUES (28, 2, 1, 1, FALSE, 'submitted', '2026-03-10 10:00:00', '2026-03-10 10:00:00');
INSERT INTO evaluation_submissions (evaluator_id, evaluatee_id, period_id, evaluation_id, created_at) VALUES (40, 2, 1, 28, '2026-03-10 10:00:00');
INSERT INTO evaluation_details (evaluation_id, question_id, score, comment) VALUES (28, 1, 5, NULL);
INSERT INTO evaluation_details (evaluation_id, question_id, score, comment) VALUES (28, 2, 5, NULL);
INSERT INTO evaluation_details (evaluation_id, question_id, score, comment) VALUES (28, 3, 5, NULL);
INSERT INTO evaluation_details (evaluation_id, question_id, score, comment) VALUES (28, 4, 4, NULL);
INSERT INTO evaluation_details (evaluation_id, question_id, score, comment) VALUES (28, 5, 5, NULL);
INSERT INTO evaluation_details (evaluation_id, question_id, score, comment) VALUES (28, 6, 4, NULL);
INSERT INTO evaluation_details (evaluation_id, question_id, score, comment) VALUES (28, 7, 5, NULL);
INSERT INTO evaluation_details (evaluation_id, question_id, score, comment) VALUES (28, 8, 5, NULL);
INSERT INTO evaluation_details (evaluation_id, question_id, score, comment) VALUES (28, 9, 4, NULL);
INSERT INTO evaluation_details (evaluation_id, question_id, score, comment) VALUES (28, 10, 3, NULL);
INSERT INTO evaluation_details (evaluation_id, question_id, score, comment) VALUES (28, 11, NULL, 'Me encanta su forma de liderar, he aprendido mucho de él.');
INSERT INTO evaluations (id, evaluatee_id, form_id, period_id, is_anonymous, status, submitted_at, created_at) VALUES (29, 2, 1, 1, FALSE, 'submitted', '2026-03-10 10:00:00', '2026-03-10 10:00:00');
INSERT INTO evaluation_submissions (evaluator_id, evaluatee_id, period_id, evaluation_id, created_at) VALUES (41, 2, 1, 29, '2026-03-10 10:00:00');
INSERT INTO evaluation_details (evaluation_id, question_id, score, comment) VALUES (29, 1, 4, NULL);
INSERT INTO evaluation_details (evaluation_id, question_id, score, comment) VALUES (29, 2, 5, NULL);
INSERT INTO evaluation_details (evaluation_id, question_id, score, comment) VALUES (29, 3, 4, NULL);
INSERT INTO evaluation_details (evaluation_id, question_id, score, comment) VALUES (29, 4, 5, NULL);
INSERT INTO evaluation_details (evaluation_id, question_id, score, comment) VALUES (29, 5, 4, NULL);
INSERT INTO evaluation_details (evaluation_id, question_id, score, comment) VALUES (29, 6, 5, NULL);
INSERT INTO evaluation_details (evaluation_id, question_id, score, comment) VALUES (29, 7, 5, NULL);
INSERT INTO evaluation_details (evaluation_id, question_id, score, comment) VALUES (29, 8, 5, NULL);
INSERT INTO evaluation_details (evaluation_id, question_id, score, comment) VALUES (29, 9, 5, NULL);
INSERT INTO evaluation_details (evaluation_id, question_id, score, comment) VALUES (29, 10, 4, NULL);
INSERT INTO evaluation_details (evaluation_id, question_id, score, comment) VALUES (29, 11, NULL, 'Me encanta su forma de liderar, he aprendido mucho de él.');
INSERT INTO evaluations (id, evaluatee_id, form_id, period_id, is_anonymous, status, submitted_at, created_at) VALUES (30, 2, 1, 1, FALSE, 'submitted', '2026-03-10 10:00:00', '2026-03-10 10:00:00');
INSERT INTO evaluation_submissions (evaluator_id, evaluatee_id, period_id, evaluation_id, created_at) VALUES (42, 2, 1, 30, '2026-03-10 10:00:00');
INSERT INTO evaluation_details (evaluation_id, question_id, score, comment) VALUES (30, 1, 4, NULL);
INSERT INTO evaluation_details (evaluation_id, question_id, score, comment) VALUES (30, 2, 5, NULL);
INSERT INTO evaluation_details (evaluation_id, question_id, score, comment) VALUES (30, 3, 5, NULL);
INSERT INTO evaluation_details (evaluation_id, question_id, score, comment) VALUES (30, 4, 5, NULL);
INSERT INTO evaluation_details (evaluation_id, question_id, score, comment) VALUES (30, 5, 5, NULL);
INSERT INTO evaluation_details (evaluation_id, question_id, score, comment) VALUES (30, 6, 4, NULL);
INSERT INTO evaluation_details (evaluation_id, question_id, score, comment) VALUES (30, 7, 5, NULL);
INSERT INTO evaluation_details (evaluation_id, question_id, score, comment) VALUES (30, 8, 4, NULL);
INSERT INTO evaluation_details (evaluation_id, question_id, score, comment) VALUES (30, 9, 4, NULL);
INSERT INTO evaluation_details (evaluation_id, question_id, score, comment) VALUES (30, 10, 5, NULL);
INSERT INTO evaluation_details (evaluation_id, question_id, score, comment) VALUES (30, 11, NULL, 'Debería mantener su paciencia, es un gran líder.');
INSERT INTO evaluations (id, evaluatee_id, form_id, period_id, is_anonymous, status, submitted_at, created_at) VALUES (31, 2, 1, 1, TRUE, 'submitted', '2026-03-10 10:00:00', '2026-03-10 10:00:00');
INSERT INTO evaluation_submissions (evaluator_id, evaluatee_id, period_id, evaluation_id, created_at) VALUES (44, 2, 1, 31, '2026-03-10 10:00:00');
INSERT INTO evaluation_details (evaluation_id, question_id, score, comment) VALUES (31, 1, 5, NULL);
INSERT INTO evaluation_details (evaluation_id, question_id, score, comment) VALUES (31, 2, 4, NULL);
INSERT INTO evaluation_details (evaluation_id, question_id, score, comment) VALUES (31, 3, 4, NULL);
INSERT INTO evaluation_details (evaluation_id, question_id, score, comment) VALUES (31, 4, 4, NULL);
INSERT INTO evaluation_details (evaluation_id, question_id, score, comment) VALUES (31, 5, 5, NULL);
INSERT INTO evaluation_details (evaluation_id, question_id, score, comment) VALUES (31, 6, 5, NULL);
INSERT INTO evaluation_details (evaluation_id, question_id, score, comment) VALUES (31, 7, 5, NULL);
INSERT INTO evaluation_details (evaluation_id, question_id, score, comment) VALUES (31, 8, 3, NULL);
INSERT INTO evaluation_details (evaluation_id, question_id, score, comment) VALUES (31, 9, 4, NULL);
INSERT INTO evaluation_details (evaluation_id, question_id, score, comment) VALUES (31, 10, 5, NULL);
INSERT INTO evaluation_details (evaluation_id, question_id, score, comment) VALUES (31, 11, NULL, 'Debería mantener su paciencia, es un gran líder.');
INSERT INTO evaluations (id, evaluatee_id, form_id, period_id, is_anonymous, status, submitted_at, created_at) VALUES (32, 2, 1, 1, FALSE, 'submitted', '2026-03-10 10:00:00', '2026-03-10 10:00:00');
INSERT INTO evaluation_submissions (evaluator_id, evaluatee_id, period_id, evaluation_id, created_at) VALUES (45, 2, 1, 32, '2026-03-10 10:00:00');
INSERT INTO evaluation_details (evaluation_id, question_id, score, comment) VALUES (32, 1, 5, NULL);
INSERT INTO evaluation_details (evaluation_id, question_id, score, comment) VALUES (32, 2, 5, NULL);
INSERT INTO evaluation_details (evaluation_id, question_id, score, comment) VALUES (32, 3, 4, NULL);
INSERT INTO evaluation_details (evaluation_id, question_id, score, comment) VALUES (32, 4, 5, NULL);
INSERT INTO evaluation_details (evaluation_id, question_id, score, comment) VALUES (32, 5, 5, NULL);
INSERT INTO evaluation_details (evaluation_id, question_id, score, comment) VALUES (32, 6, 5, NULL);
INSERT INTO evaluation_details (evaluation_id, question_id, score, comment) VALUES (32, 7, 5, NULL);
INSERT INTO evaluation_details (evaluation_id, question_id, score, comment) VALUES (32, 8, 5, NULL);
INSERT INTO evaluation_details (evaluation_id, question_id, score, comment) VALUES (32, 9, 3, NULL);
INSERT INTO evaluation_details (evaluation_id, question_id, score, comment) VALUES (32, 10, 5, NULL);
INSERT INTO evaluation_details (evaluation_id, question_id, score, comment) VALUES (32, 11, NULL, 'Me encanta su forma de liderar, he aprendido mucho de él.');
INSERT INTO evaluations (id, evaluatee_id, form_id, period_id, is_anonymous, status, submitted_at, created_at) VALUES (33, 4, 1, 1, TRUE, 'submitted', '2026-03-10 10:00:00', '2026-03-10 10:00:00');
INSERT INTO evaluation_submissions (evaluator_id, evaluatee_id, period_id, evaluation_id, created_at) VALUES (52, 4, 1, 33, '2026-03-10 10:00:00');
INSERT INTO evaluation_details (evaluation_id, question_id, score, comment) VALUES (33, 1, 5, NULL);
INSERT INTO evaluation_details (evaluation_id, question_id, score, comment) VALUES (33, 2, 5, NULL);
INSERT INTO evaluation_details (evaluation_id, question_id, score, comment) VALUES (33, 3, 4, NULL);
INSERT INTO evaluation_details (evaluation_id, question_id, score, comment) VALUES (33, 4, 4, NULL);
INSERT INTO evaluation_details (evaluation_id, question_id, score, comment) VALUES (33, 5, 4, NULL);
INSERT INTO evaluation_details (evaluation_id, question_id, score, comment) VALUES (33, 6, 5, NULL);
INSERT INTO evaluation_details (evaluation_id, question_id, score, comment) VALUES (33, 7, 4, NULL);
INSERT INTO evaluation_details (evaluation_id, question_id, score, comment) VALUES (33, 8, 4, NULL);
INSERT INTO evaluation_details (evaluation_id, question_id, score, comment) VALUES (33, 9, 5, NULL);
INSERT INTO evaluation_details (evaluation_id, question_id, score, comment) VALUES (33, 10, 5, NULL);
INSERT INTO evaluations (id, evaluatee_id, form_id, period_id, is_anonymous, status, submitted_at, created_at) VALUES (34, 7, 2, 1, FALSE, 'submitted', '2026-03-10 10:00:00', '2026-03-10 10:00:00');
INSERT INTO evaluation_submissions (evaluator_id, evaluatee_id, period_id, evaluation_id, created_at) VALUES (52, 7, 1, 34, '2026-03-10 10:00:00');
INSERT INTO evaluation_details (evaluation_id, question_id, score, comment) VALUES (34, 12, 5, NULL);
INSERT INTO evaluation_details (evaluation_id, question_id, score, comment) VALUES (34, 13, 5, NULL);
INSERT INTO evaluation_details (evaluation_id, question_id, score, comment) VALUES (34, 14, 4, NULL);
INSERT INTO evaluation_details (evaluation_id, question_id, score, comment) VALUES (34, 15, 4, NULL);
INSERT INTO evaluation_details (evaluation_id, question_id, score, comment) VALUES (34, 16, 4, NULL);
INSERT INTO evaluation_details (evaluation_id, question_id, score, comment) VALUES (34, 17, 4, NULL);
INSERT INTO evaluation_details (evaluation_id, question_id, score, comment) VALUES (34, 18, 5, NULL);
INSERT INTO evaluation_details (evaluation_id, question_id, score, comment) VALUES (34, 19, 4, NULL);
INSERT INTO evaluation_details (evaluation_id, question_id, score, comment) VALUES (34, 20, NULL, 'Es muy amable y sabe cómo explicar temas difíciles.');
INSERT INTO evaluations (id, evaluatee_id, form_id, period_id, is_anonymous, status, submitted_at, created_at) VALUES (35, 4, 1, 1, TRUE, 'submitted', '2026-03-10 10:00:00', '2026-03-10 10:00:00');
INSERT INTO evaluation_submissions (evaluator_id, evaluatee_id, period_id, evaluation_id, created_at) VALUES (53, 4, 1, 35, '2026-03-10 10:00:00');
INSERT INTO evaluation_details (evaluation_id, question_id, score, comment) VALUES (35, 1, 4, NULL);
INSERT INTO evaluation_details (evaluation_id, question_id, score, comment) VALUES (35, 2, 4, NULL);
INSERT INTO evaluation_details (evaluation_id, question_id, score, comment) VALUES (35, 3, 4, NULL);
INSERT INTO evaluation_details (evaluation_id, question_id, score, comment) VALUES (35, 4, 5, NULL);
INSERT INTO evaluation_details (evaluation_id, question_id, score, comment) VALUES (35, 5, 5, NULL);
INSERT INTO evaluation_details (evaluation_id, question_id, score, comment) VALUES (35, 6, 5, NULL);
INSERT INTO evaluation_details (evaluation_id, question_id, score, comment) VALUES (35, 7, 5, NULL);
INSERT INTO evaluation_details (evaluation_id, question_id, score, comment) VALUES (35, 8, 5, NULL);
INSERT INTO evaluation_details (evaluation_id, question_id, score, comment) VALUES (35, 9, 5, NULL);
INSERT INTO evaluation_details (evaluation_id, question_id, score, comment) VALUES (35, 10, 4, NULL);
INSERT INTO evaluations (id, evaluatee_id, form_id, period_id, is_anonymous, status, submitted_at, created_at) VALUES (36, 7, 2, 1, FALSE, 'submitted', '2026-03-10 10:00:00', '2026-03-10 10:00:00');
INSERT INTO evaluation_submissions (evaluator_id, evaluatee_id, period_id, evaluation_id, created_at) VALUES (53, 7, 1, 36, '2026-03-10 10:00:00');
INSERT INTO evaluation_details (evaluation_id, question_id, score, comment) VALUES (36, 12, 5, NULL);
INSERT INTO evaluation_details (evaluation_id, question_id, score, comment) VALUES (36, 13, 5, NULL);
INSERT INTO evaluation_details (evaluation_id, question_id, score, comment) VALUES (36, 14, 4, NULL);
INSERT INTO evaluation_details (evaluation_id, question_id, score, comment) VALUES (36, 15, 5, NULL);
INSERT INTO evaluation_details (evaluation_id, question_id, score, comment) VALUES (36, 16, 4, NULL);
INSERT INTO evaluation_details (evaluation_id, question_id, score, comment) VALUES (36, 17, 5, NULL);
INSERT INTO evaluation_details (evaluation_id, question_id, score, comment) VALUES (36, 18, 4, NULL);
INSERT INTO evaluation_details (evaluation_id, question_id, score, comment) VALUES (36, 19, 4, NULL);
INSERT INTO evaluations (id, evaluatee_id, form_id, period_id, is_anonymous, status, submitted_at, created_at) VALUES (37, 4, 1, 1, FALSE, 'submitted', '2026-03-10 10:00:00', '2026-03-10 10:00:00');
INSERT INTO evaluation_submissions (evaluator_id, evaluatee_id, period_id, evaluation_id, created_at) VALUES (54, 4, 1, 37, '2026-03-10 10:00:00');
INSERT INTO evaluation_details (evaluation_id, question_id, score, comment) VALUES (37, 1, 4, NULL);
INSERT INTO evaluation_details (evaluation_id, question_id, score, comment) VALUES (37, 2, 3, NULL);
INSERT INTO evaluation_details (evaluation_id, question_id, score, comment) VALUES (37, 3, 4, NULL);
INSERT INTO evaluation_details (evaluation_id, question_id, score, comment) VALUES (37, 4, 5, NULL);
INSERT INTO evaluation_details (evaluation_id, question_id, score, comment) VALUES (37, 5, 5, NULL);
INSERT INTO evaluation_details (evaluation_id, question_id, score, comment) VALUES (37, 6, 4, NULL);
INSERT INTO evaluation_details (evaluation_id, question_id, score, comment) VALUES (37, 7, 5, NULL);
INSERT INTO evaluation_details (evaluation_id, question_id, score, comment) VALUES (37, 8, 4, NULL);
INSERT INTO evaluation_details (evaluation_id, question_id, score, comment) VALUES (37, 9, 3, NULL);
INSERT INTO evaluation_details (evaluation_id, question_id, score, comment) VALUES (37, 10, 4, NULL);
INSERT INTO evaluation_details (evaluation_id, question_id, score, comment) VALUES (37, 11, NULL, 'Me encanta su forma de liderar, he aprendido mucho de él.');
INSERT INTO evaluations (id, evaluatee_id, form_id, period_id, is_anonymous, status, submitted_at, created_at) VALUES (38, 7, 2, 1, FALSE, 'submitted', '2026-03-10 10:00:00', '2026-03-10 10:00:00');
INSERT INTO evaluation_submissions (evaluator_id, evaluatee_id, period_id, evaluation_id, created_at) VALUES (54, 7, 1, 38, '2026-03-10 10:00:00');
INSERT INTO evaluation_details (evaluation_id, question_id, score, comment) VALUES (38, 12, 5, NULL);
INSERT INTO evaluation_details (evaluation_id, question_id, score, comment) VALUES (38, 13, 5, NULL);
INSERT INTO evaluation_details (evaluation_id, question_id, score, comment) VALUES (38, 14, 4, NULL);
INSERT INTO evaluation_details (evaluation_id, question_id, score, comment) VALUES (38, 15, 3, NULL);
INSERT INTO evaluation_details (evaluation_id, question_id, score, comment) VALUES (38, 16, 5, NULL);
INSERT INTO evaluation_details (evaluation_id, question_id, score, comment) VALUES (38, 17, 3, NULL);
INSERT INTO evaluation_details (evaluation_id, question_id, score, comment) VALUES (38, 18, 5, NULL);
INSERT INTO evaluation_details (evaluation_id, question_id, score, comment) VALUES (38, 19, 4, NULL);
INSERT INTO evaluations (id, evaluatee_id, form_id, period_id, is_anonymous, status, submitted_at, created_at) VALUES (39, 4, 1, 1, TRUE, 'submitted', '2026-03-10 10:00:00', '2026-03-10 10:00:00');
INSERT INTO evaluation_submissions (evaluator_id, evaluatee_id, period_id, evaluation_id, created_at) VALUES (55, 4, 1, 39, '2026-03-10 10:00:00');
INSERT INTO evaluation_details (evaluation_id, question_id, score, comment) VALUES (39, 1, 4, NULL);
INSERT INTO evaluation_details (evaluation_id, question_id, score, comment) VALUES (39, 2, 3, NULL);
INSERT INTO evaluation_details (evaluation_id, question_id, score, comment) VALUES (39, 3, 5, NULL);
INSERT INTO evaluation_details (evaluation_id, question_id, score, comment) VALUES (39, 4, 4, NULL);
INSERT INTO evaluation_details (evaluation_id, question_id, score, comment) VALUES (39, 5, 5, NULL);
INSERT INTO evaluation_details (evaluation_id, question_id, score, comment) VALUES (39, 6, 5, NULL);
INSERT INTO evaluation_details (evaluation_id, question_id, score, comment) VALUES (39, 7, 3, NULL);
INSERT INTO evaluation_details (evaluation_id, question_id, score, comment) VALUES (39, 8, 5, NULL);
INSERT INTO evaluation_details (evaluation_id, question_id, score, comment) VALUES (39, 9, 5, NULL);
INSERT INTO evaluation_details (evaluation_id, question_id, score, comment) VALUES (39, 10, 5, NULL);
INSERT INTO evaluation_details (evaluation_id, question_id, score, comment) VALUES (39, 11, NULL, 'Excelente acompañamiento, siempre está dispuesto a ayudarnos.');
INSERT INTO evaluations (id, evaluatee_id, form_id, period_id, is_anonymous, status, submitted_at, created_at) VALUES (40, 7, 2, 1, FALSE, 'submitted', '2026-03-10 10:00:00', '2026-03-10 10:00:00');
INSERT INTO evaluation_submissions (evaluator_id, evaluatee_id, period_id, evaluation_id, created_at) VALUES (55, 7, 1, 40, '2026-03-10 10:00:00');
INSERT INTO evaluation_details (evaluation_id, question_id, score, comment) VALUES (40, 12, 5, NULL);
INSERT INTO evaluation_details (evaluation_id, question_id, score, comment) VALUES (40, 13, 4, NULL);
INSERT INTO evaluation_details (evaluation_id, question_id, score, comment) VALUES (40, 14, 5, NULL);
INSERT INTO evaluation_details (evaluation_id, question_id, score, comment) VALUES (40, 15, 5, NULL);
INSERT INTO evaluation_details (evaluation_id, question_id, score, comment) VALUES (40, 16, 5, NULL);
INSERT INTO evaluation_details (evaluation_id, question_id, score, comment) VALUES (40, 17, 5, NULL);
INSERT INTO evaluation_details (evaluation_id, question_id, score, comment) VALUES (40, 18, 3, NULL);
INSERT INTO evaluation_details (evaluation_id, question_id, score, comment) VALUES (40, 19, 5, NULL);
INSERT INTO evaluation_details (evaluation_id, question_id, score, comment) VALUES (40, 20, NULL, 'Me gustaría más ejercicios prácticos en vivo.');
INSERT INTO evaluations (id, evaluatee_id, form_id, period_id, is_anonymous, status, submitted_at, created_at) VALUES (41, 4, 1, 1, FALSE, 'submitted', '2026-03-10 10:00:00', '2026-03-10 10:00:00');
INSERT INTO evaluation_submissions (evaluator_id, evaluatee_id, period_id, evaluation_id, created_at) VALUES (56, 4, 1, 41, '2026-03-10 10:00:00');
INSERT INTO evaluation_details (evaluation_id, question_id, score, comment) VALUES (41, 1, 5, NULL);
INSERT INTO evaluation_details (evaluation_id, question_id, score, comment) VALUES (41, 2, 5, NULL);
INSERT INTO evaluation_details (evaluation_id, question_id, score, comment) VALUES (41, 3, 4, NULL);
INSERT INTO evaluation_details (evaluation_id, question_id, score, comment) VALUES (41, 4, 4, NULL);
INSERT INTO evaluation_details (evaluation_id, question_id, score, comment) VALUES (41, 5, 5, NULL);
INSERT INTO evaluation_details (evaluation_id, question_id, score, comment) VALUES (41, 6, 5, NULL);
INSERT INTO evaluation_details (evaluation_id, question_id, score, comment) VALUES (41, 7, 4, NULL);
INSERT INTO evaluation_details (evaluation_id, question_id, score, comment) VALUES (41, 8, 5, NULL);
INSERT INTO evaluation_details (evaluation_id, question_id, score, comment) VALUES (41, 9, 4, NULL);
INSERT INTO evaluation_details (evaluation_id, question_id, score, comment) VALUES (41, 10, 5, NULL);
INSERT INTO evaluation_details (evaluation_id, question_id, score, comment) VALUES (41, 11, NULL, 'Las dailies son muy útiles, las dirige muy bien.');
INSERT INTO evaluations (id, evaluatee_id, form_id, period_id, is_anonymous, status, submitted_at, created_at) VALUES (42, 7, 2, 1, FALSE, 'submitted', '2026-03-10 10:00:00', '2026-03-10 10:00:00');
INSERT INTO evaluation_submissions (evaluator_id, evaluatee_id, period_id, evaluation_id, created_at) VALUES (56, 7, 1, 42, '2026-03-10 10:00:00');
INSERT INTO evaluation_details (evaluation_id, question_id, score, comment) VALUES (42, 12, 3, NULL);
INSERT INTO evaluation_details (evaluation_id, question_id, score, comment) VALUES (42, 13, 5, NULL);
INSERT INTO evaluation_details (evaluation_id, question_id, score, comment) VALUES (42, 14, 5, NULL);
INSERT INTO evaluation_details (evaluation_id, question_id, score, comment) VALUES (42, 15, 4, NULL);
INSERT INTO evaluation_details (evaluation_id, question_id, score, comment) VALUES (42, 16, 5, NULL);
INSERT INTO evaluation_details (evaluation_id, question_id, score, comment) VALUES (42, 17, 5, NULL);
INSERT INTO evaluation_details (evaluation_id, question_id, score, comment) VALUES (42, 18, 3, NULL);
INSERT INTO evaluation_details (evaluation_id, question_id, score, comment) VALUES (42, 19, 5, NULL);
INSERT INTO evaluations (id, evaluatee_id, form_id, period_id, is_anonymous, status, submitted_at, created_at) VALUES (43, 4, 1, 1, TRUE, 'submitted', '2026-03-10 10:00:00', '2026-03-10 10:00:00');
INSERT INTO evaluation_submissions (evaluator_id, evaluatee_id, period_id, evaluation_id, created_at) VALUES (57, 4, 1, 43, '2026-03-10 10:00:00');
INSERT INTO evaluation_details (evaluation_id, question_id, score, comment) VALUES (43, 1, 5, NULL);
INSERT INTO evaluation_details (evaluation_id, question_id, score, comment) VALUES (43, 2, 5, NULL);
INSERT INTO evaluation_details (evaluation_id, question_id, score, comment) VALUES (43, 3, 5, NULL);
INSERT INTO evaluation_details (evaluation_id, question_id, score, comment) VALUES (43, 4, 5, NULL);
INSERT INTO evaluation_details (evaluation_id, question_id, score, comment) VALUES (43, 5, 4, NULL);
INSERT INTO evaluation_details (evaluation_id, question_id, score, comment) VALUES (43, 6, 5, NULL);
INSERT INTO evaluation_details (evaluation_id, question_id, score, comment) VALUES (43, 7, 4, NULL);
INSERT INTO evaluation_details (evaluation_id, question_id, score, comment) VALUES (43, 8, 5, NULL);
INSERT INTO evaluation_details (evaluation_id, question_id, score, comment) VALUES (43, 9, 5, NULL);
INSERT INTO evaluation_details (evaluation_id, question_id, score, comment) VALUES (43, 10, 5, NULL);
INSERT INTO evaluation_details (evaluation_id, question_id, score, comment) VALUES (43, 11, NULL, 'Me gustaría que las dailies fueran un poco más largas.');
INSERT INTO evaluations (id, evaluatee_id, form_id, period_id, is_anonymous, status, submitted_at, created_at) VALUES (44, 7, 2, 1, FALSE, 'submitted', '2026-03-10 10:00:00', '2026-03-10 10:00:00');
INSERT INTO evaluation_submissions (evaluator_id, evaluatee_id, period_id, evaluation_id, created_at) VALUES (57, 7, 1, 44, '2026-03-10 10:00:00');
INSERT INTO evaluation_details (evaluation_id, question_id, score, comment) VALUES (44, 12, 3, NULL);
INSERT INTO evaluation_details (evaluation_id, question_id, score, comment) VALUES (44, 13, 5, NULL);
INSERT INTO evaluation_details (evaluation_id, question_id, score, comment) VALUES (44, 14, 3, NULL);
INSERT INTO evaluation_details (evaluation_id, question_id, score, comment) VALUES (44, 15, 5, NULL);
INSERT INTO evaluation_details (evaluation_id, question_id, score, comment) VALUES (44, 16, 4, NULL);
INSERT INTO evaluation_details (evaluation_id, question_id, score, comment) VALUES (44, 17, 4, NULL);
INSERT INTO evaluation_details (evaluation_id, question_id, score, comment) VALUES (44, 18, 4, NULL);
INSERT INTO evaluation_details (evaluation_id, question_id, score, comment) VALUES (44, 19, 4, NULL);
INSERT INTO evaluation_details (evaluation_id, question_id, score, comment) VALUES (44, 20, NULL, 'Me encanta cómo explica la arquitectura de software.');
INSERT INTO evaluations (id, evaluatee_id, form_id, period_id, is_anonymous, status, submitted_at, created_at) VALUES (45, 4, 1, 1, FALSE, 'submitted', '2026-03-10 10:00:00', '2026-03-10 10:00:00');
INSERT INTO evaluation_submissions (evaluator_id, evaluatee_id, period_id, evaluation_id, created_at) VALUES (58, 4, 1, 45, '2026-03-10 10:00:00');
INSERT INTO evaluation_details (evaluation_id, question_id, score, comment) VALUES (45, 1, 5, NULL);
INSERT INTO evaluation_details (evaluation_id, question_id, score, comment) VALUES (45, 2, 3, NULL);
INSERT INTO evaluation_details (evaluation_id, question_id, score, comment) VALUES (45, 3, 5, NULL);
INSERT INTO evaluation_details (evaluation_id, question_id, score, comment) VALUES (45, 4, 5, NULL);
INSERT INTO evaluation_details (evaluation_id, question_id, score, comment) VALUES (45, 5, 4, NULL);
INSERT INTO evaluation_details (evaluation_id, question_id, score, comment) VALUES (45, 6, 4, NULL);
INSERT INTO evaluation_details (evaluation_id, question_id, score, comment) VALUES (45, 7, 4, NULL);
INSERT INTO evaluation_details (evaluation_id, question_id, score, comment) VALUES (45, 8, 5, NULL);
INSERT INTO evaluation_details (evaluation_id, question_id, score, comment) VALUES (45, 9, 5, NULL);
INSERT INTO evaluation_details (evaluation_id, question_id, score, comment) VALUES (45, 10, 5, NULL);
INSERT INTO evaluation_details (evaluation_id, question_id, score, comment) VALUES (45, 11, NULL, 'Debería mantener su paciencia, es un gran líder.');
INSERT INTO evaluations (id, evaluatee_id, form_id, period_id, is_anonymous, status, submitted_at, created_at) VALUES (46, 7, 2, 1, TRUE, 'submitted', '2026-03-10 10:00:00', '2026-03-10 10:00:00');
INSERT INTO evaluation_submissions (evaluator_id, evaluatee_id, period_id, evaluation_id, created_at) VALUES (58, 7, 1, 46, '2026-03-10 10:00:00');
INSERT INTO evaluation_details (evaluation_id, question_id, score, comment) VALUES (46, 12, 5, NULL);
INSERT INTO evaluation_details (evaluation_id, question_id, score, comment) VALUES (46, 13, 3, NULL);
INSERT INTO evaluation_details (evaluation_id, question_id, score, comment) VALUES (46, 14, 5, NULL);
INSERT INTO evaluation_details (evaluation_id, question_id, score, comment) VALUES (46, 15, 3, NULL);
INSERT INTO evaluation_details (evaluation_id, question_id, score, comment) VALUES (46, 16, 5, NULL);
INSERT INTO evaluation_details (evaluation_id, question_id, score, comment) VALUES (46, 17, 5, NULL);
INSERT INTO evaluation_details (evaluation_id, question_id, score, comment) VALUES (46, 18, 5, NULL);
INSERT INTO evaluation_details (evaluation_id, question_id, score, comment) VALUES (46, 19, 5, NULL);
INSERT INTO evaluation_details (evaluation_id, question_id, score, comment) VALUES (46, 20, NULL, 'A veces va un poco rápido en la clase, pero las grabaciones ayudan.');
INSERT INTO evaluations (id, evaluatee_id, form_id, period_id, is_anonymous, status, submitted_at, created_at) VALUES (47, 4, 1, 1, FALSE, 'submitted', '2026-03-10 10:00:00', '2026-03-10 10:00:00');
INSERT INTO evaluation_submissions (evaluator_id, evaluatee_id, period_id, evaluation_id, created_at) VALUES (59, 4, 1, 47, '2026-03-10 10:00:00');
INSERT INTO evaluation_details (evaluation_id, question_id, score, comment) VALUES (47, 1, 5, NULL);
INSERT INTO evaluation_details (evaluation_id, question_id, score, comment) VALUES (47, 2, 5, NULL);
INSERT INTO evaluation_details (evaluation_id, question_id, score, comment) VALUES (47, 3, 5, NULL);
INSERT INTO evaluation_details (evaluation_id, question_id, score, comment) VALUES (47, 4, 5, NULL);
INSERT INTO evaluation_details (evaluation_id, question_id, score, comment) VALUES (47, 5, 4, NULL);
INSERT INTO evaluation_details (evaluation_id, question_id, score, comment) VALUES (47, 6, 4, NULL);
INSERT INTO evaluation_details (evaluation_id, question_id, score, comment) VALUES (47, 7, 5, NULL);
INSERT INTO evaluation_details (evaluation_id, question_id, score, comment) VALUES (47, 8, 4, NULL);
INSERT INTO evaluation_details (evaluation_id, question_id, score, comment) VALUES (47, 9, 5, NULL);
INSERT INTO evaluation_details (evaluation_id, question_id, score, comment) VALUES (47, 10, 4, NULL);
INSERT INTO evaluation_details (evaluation_id, question_id, score, comment) VALUES (47, 11, NULL, 'Muy buen TL, siempre nos guía cuando estamos bloqueados.');
INSERT INTO evaluations (id, evaluatee_id, form_id, period_id, is_anonymous, status, submitted_at, created_at) VALUES (48, 7, 2, 1, TRUE, 'submitted', '2026-03-10 10:00:00', '2026-03-10 10:00:00');
INSERT INTO evaluation_submissions (evaluator_id, evaluatee_id, period_id, evaluation_id, created_at) VALUES (59, 7, 1, 48, '2026-03-10 10:00:00');
INSERT INTO evaluation_details (evaluation_id, question_id, score, comment) VALUES (48, 12, 5, NULL);
INSERT INTO evaluation_details (evaluation_id, question_id, score, comment) VALUES (48, 13, 5, NULL);
INSERT INTO evaluation_details (evaluation_id, question_id, score, comment) VALUES (48, 14, 5, NULL);
INSERT INTO evaluation_details (evaluation_id, question_id, score, comment) VALUES (48, 15, 3, NULL);
INSERT INTO evaluation_details (evaluation_id, question_id, score, comment) VALUES (48, 16, 3, NULL);
INSERT INTO evaluation_details (evaluation_id, question_id, score, comment) VALUES (48, 17, 5, NULL);
INSERT INTO evaluation_details (evaluation_id, question_id, score, comment) VALUES (48, 18, 4, NULL);
INSERT INTO evaluation_details (evaluation_id, question_id, score, comment) VALUES (48, 19, 4, NULL);
INSERT INTO evaluation_details (evaluation_id, question_id, score, comment) VALUES (48, 20, NULL, 'Las clases son súper claras, los ejemplos en vivo ayudan muchísimo.');
INSERT INTO evaluations (id, evaluatee_id, form_id, period_id, is_anonymous, status, submitted_at, created_at) VALUES (49, 4, 1, 1, FALSE, 'submitted', '2026-03-10 10:00:00', '2026-03-10 10:00:00');
INSERT INTO evaluation_submissions (evaluator_id, evaluatee_id, period_id, evaluation_id, created_at) VALUES (60, 4, 1, 49, '2026-03-10 10:00:00');
INSERT INTO evaluation_details (evaluation_id, question_id, score, comment) VALUES (49, 1, 3, NULL);
INSERT INTO evaluation_details (evaluation_id, question_id, score, comment) VALUES (49, 2, 4, NULL);
INSERT INTO evaluation_details (evaluation_id, question_id, score, comment) VALUES (49, 3, 5, NULL);
INSERT INTO evaluation_details (evaluation_id, question_id, score, comment) VALUES (49, 4, 4, NULL);
INSERT INTO evaluation_details (evaluation_id, question_id, score, comment) VALUES (49, 5, 5, NULL);
INSERT INTO evaluation_details (evaluation_id, question_id, score, comment) VALUES (49, 6, 3, NULL);
INSERT INTO evaluation_details (evaluation_id, question_id, score, comment) VALUES (49, 7, 4, NULL);
INSERT INTO evaluation_details (evaluation_id, question_id, score, comment) VALUES (49, 8, 4, NULL);
INSERT INTO evaluation_details (evaluation_id, question_id, score, comment) VALUES (49, 9, 4, NULL);
INSERT INTO evaluation_details (evaluation_id, question_id, score, comment) VALUES (49, 10, 4, NULL);
INSERT INTO evaluation_details (evaluation_id, question_id, score, comment) VALUES (49, 11, NULL, 'Debería mantener su paciencia, es un gran líder.');
INSERT INTO evaluations (id, evaluatee_id, form_id, period_id, is_anonymous, status, submitted_at, created_at) VALUES (50, 7, 2, 1, FALSE, 'submitted', '2026-03-10 10:00:00', '2026-03-10 10:00:00');
INSERT INTO evaluation_submissions (evaluator_id, evaluatee_id, period_id, evaluation_id, created_at) VALUES (60, 7, 1, 50, '2026-03-10 10:00:00');
INSERT INTO evaluation_details (evaluation_id, question_id, score, comment) VALUES (50, 12, 5, NULL);
INSERT INTO evaluation_details (evaluation_id, question_id, score, comment) VALUES (50, 13, 5, NULL);
INSERT INTO evaluation_details (evaluation_id, question_id, score, comment) VALUES (50, 14, 4, NULL);
INSERT INTO evaluation_details (evaluation_id, question_id, score, comment) VALUES (50, 15, 5, NULL);
INSERT INTO evaluation_details (evaluation_id, question_id, score, comment) VALUES (50, 16, 5, NULL);
INSERT INTO evaluation_details (evaluation_id, question_id, score, comment) VALUES (50, 17, 5, NULL);
INSERT INTO evaluation_details (evaluation_id, question_id, score, comment) VALUES (50, 18, 5, NULL);
INSERT INTO evaluation_details (evaluation_id, question_id, score, comment) VALUES (50, 19, 5, NULL);
INSERT INTO evaluation_details (evaluation_id, question_id, score, comment) VALUES (50, 20, NULL, 'Me encanta cómo explica la arquitectura de software.');
INSERT INTO evaluations (id, evaluatee_id, form_id, period_id, is_anonymous, status, submitted_at, created_at) VALUES (51, 4, 1, 1, FALSE, 'submitted', '2026-03-10 10:00:00', '2026-03-10 10:00:00');
INSERT INTO evaluation_submissions (evaluator_id, evaluatee_id, period_id, evaluation_id, created_at) VALUES (62, 4, 1, 51, '2026-03-10 10:00:00');
INSERT INTO evaluation_details (evaluation_id, question_id, score, comment) VALUES (51, 1, 3, NULL);
INSERT INTO evaluation_details (evaluation_id, question_id, score, comment) VALUES (51, 2, 4, NULL);
INSERT INTO evaluation_details (evaluation_id, question_id, score, comment) VALUES (51, 3, 5, NULL);
INSERT INTO evaluation_details (evaluation_id, question_id, score, comment) VALUES (51, 4, 5, NULL);
INSERT INTO evaluation_details (evaluation_id, question_id, score, comment) VALUES (51, 5, 4, NULL);
INSERT INTO evaluation_details (evaluation_id, question_id, score, comment) VALUES (51, 6, 4, NULL);
INSERT INTO evaluation_details (evaluation_id, question_id, score, comment) VALUES (51, 7, 3, NULL);
INSERT INTO evaluation_details (evaluation_id, question_id, score, comment) VALUES (51, 8, 4, NULL);
INSERT INTO evaluation_details (evaluation_id, question_id, score, comment) VALUES (51, 9, 4, NULL);
INSERT INTO evaluation_details (evaluation_id, question_id, score, comment) VALUES (51, 10, 5, NULL);
INSERT INTO evaluations (id, evaluatee_id, form_id, period_id, is_anonymous, status, submitted_at, created_at) VALUES (52, 7, 2, 1, FALSE, 'submitted', '2026-03-10 10:00:00', '2026-03-10 10:00:00');
INSERT INTO evaluation_submissions (evaluator_id, evaluatee_id, period_id, evaluation_id, created_at) VALUES (62, 7, 1, 52, '2026-03-10 10:00:00');
INSERT INTO evaluation_details (evaluation_id, question_id, score, comment) VALUES (52, 12, 5, NULL);
INSERT INTO evaluation_details (evaluation_id, question_id, score, comment) VALUES (52, 13, 4, NULL);
INSERT INTO evaluation_details (evaluation_id, question_id, score, comment) VALUES (52, 14, 3, NULL);
INSERT INTO evaluation_details (evaluation_id, question_id, score, comment) VALUES (52, 15, 5, NULL);
INSERT INTO evaluation_details (evaluation_id, question_id, score, comment) VALUES (52, 16, 4, NULL);
INSERT INTO evaluation_details (evaluation_id, question_id, score, comment) VALUES (52, 17, 5, NULL);
INSERT INTO evaluation_details (evaluation_id, question_id, score, comment) VALUES (52, 18, 5, NULL);
INSERT INTO evaluation_details (evaluation_id, question_id, score, comment) VALUES (52, 19, 4, NULL);
INSERT INTO evaluations (id, evaluatee_id, form_id, period_id, is_anonymous, status, submitted_at, created_at) VALUES (53, 4, 1, 1, FALSE, 'submitted', '2026-03-10 10:00:00', '2026-03-10 10:00:00');
INSERT INTO evaluation_submissions (evaluator_id, evaluatee_id, period_id, evaluation_id, created_at) VALUES (63, 4, 1, 53, '2026-03-10 10:00:00');
INSERT INTO evaluation_details (evaluation_id, question_id, score, comment) VALUES (53, 1, 4, NULL);
INSERT INTO evaluation_details (evaluation_id, question_id, score, comment) VALUES (53, 2, 4, NULL);
INSERT INTO evaluation_details (evaluation_id, question_id, score, comment) VALUES (53, 3, 4, NULL);
INSERT INTO evaluation_details (evaluation_id, question_id, score, comment) VALUES (53, 4, 3, NULL);
INSERT INTO evaluation_details (evaluation_id, question_id, score, comment) VALUES (53, 5, 4, NULL);
INSERT INTO evaluation_details (evaluation_id, question_id, score, comment) VALUES (53, 6, 3, NULL);
INSERT INTO evaluation_details (evaluation_id, question_id, score, comment) VALUES (53, 7, 4, NULL);
INSERT INTO evaluation_details (evaluation_id, question_id, score, comment) VALUES (53, 8, 4, NULL);
INSERT INTO evaluation_details (evaluation_id, question_id, score, comment) VALUES (53, 9, 5, NULL);
INSERT INTO evaluation_details (evaluation_id, question_id, score, comment) VALUES (53, 10, 4, NULL);
INSERT INTO evaluations (id, evaluatee_id, form_id, period_id, is_anonymous, status, submitted_at, created_at) VALUES (54, 7, 2, 1, FALSE, 'submitted', '2026-03-10 10:00:00', '2026-03-10 10:00:00');
INSERT INTO evaluation_submissions (evaluator_id, evaluatee_id, period_id, evaluation_id, created_at) VALUES (63, 7, 1, 54, '2026-03-10 10:00:00');
INSERT INTO evaluation_details (evaluation_id, question_id, score, comment) VALUES (54, 12, 4, NULL);
INSERT INTO evaluation_details (evaluation_id, question_id, score, comment) VALUES (54, 13, 5, NULL);
INSERT INTO evaluation_details (evaluation_id, question_id, score, comment) VALUES (54, 14, 4, NULL);
INSERT INTO evaluation_details (evaluation_id, question_id, score, comment) VALUES (54, 15, 5, NULL);
INSERT INTO evaluation_details (evaluation_id, question_id, score, comment) VALUES (54, 16, 5, NULL);
INSERT INTO evaluation_details (evaluation_id, question_id, score, comment) VALUES (54, 17, 5, NULL);
INSERT INTO evaluation_details (evaluation_id, question_id, score, comment) VALUES (54, 18, 5, NULL);
INSERT INTO evaluation_details (evaluation_id, question_id, score, comment) VALUES (54, 19, 4, NULL);
INSERT INTO evaluation_details (evaluation_id, question_id, score, comment) VALUES (54, 20, NULL, 'Es muy amable y sabe cómo explicar temas difíciles.');
INSERT INTO evaluations (id, evaluatee_id, form_id, period_id, is_anonymous, status, submitted_at, created_at) VALUES (55, 4, 1, 1, FALSE, 'submitted', '2026-03-10 10:00:00', '2026-03-10 10:00:00');
INSERT INTO evaluation_submissions (evaluator_id, evaluatee_id, period_id, evaluation_id, created_at) VALUES (64, 4, 1, 55, '2026-03-10 10:00:00');
INSERT INTO evaluation_details (evaluation_id, question_id, score, comment) VALUES (55, 1, 5, NULL);
INSERT INTO evaluation_details (evaluation_id, question_id, score, comment) VALUES (55, 2, 4, NULL);
INSERT INTO evaluation_details (evaluation_id, question_id, score, comment) VALUES (55, 3, 5, NULL);
INSERT INTO evaluation_details (evaluation_id, question_id, score, comment) VALUES (55, 4, 5, NULL);
INSERT INTO evaluation_details (evaluation_id, question_id, score, comment) VALUES (55, 5, 5, NULL);
INSERT INTO evaluation_details (evaluation_id, question_id, score, comment) VALUES (55, 6, 5, NULL);
INSERT INTO evaluation_details (evaluation_id, question_id, score, comment) VALUES (55, 7, 4, NULL);
INSERT INTO evaluation_details (evaluation_id, question_id, score, comment) VALUES (55, 8, 5, NULL);
INSERT INTO evaluation_details (evaluation_id, question_id, score, comment) VALUES (55, 9, 4, NULL);
INSERT INTO evaluation_details (evaluation_id, question_id, score, comment) VALUES (55, 10, 5, NULL);
INSERT INTO evaluation_details (evaluation_id, question_id, score, comment) VALUES (55, 11, NULL, 'Debería mantener su paciencia, es un gran líder.');
INSERT INTO evaluations (id, evaluatee_id, form_id, period_id, is_anonymous, status, submitted_at, created_at) VALUES (56, 7, 2, 1, FALSE, 'submitted', '2026-03-10 10:00:00', '2026-03-10 10:00:00');
INSERT INTO evaluation_submissions (evaluator_id, evaluatee_id, period_id, evaluation_id, created_at) VALUES (64, 7, 1, 56, '2026-03-10 10:00:00');
INSERT INTO evaluation_details (evaluation_id, question_id, score, comment) VALUES (56, 12, 5, NULL);
INSERT INTO evaluation_details (evaluation_id, question_id, score, comment) VALUES (56, 13, 5, NULL);
INSERT INTO evaluation_details (evaluation_id, question_id, score, comment) VALUES (56, 14, 4, NULL);
INSERT INTO evaluation_details (evaluation_id, question_id, score, comment) VALUES (56, 15, 5, NULL);
INSERT INTO evaluation_details (evaluation_id, question_id, score, comment) VALUES (56, 16, 4, NULL);
INSERT INTO evaluation_details (evaluation_id, question_id, score, comment) VALUES (56, 17, 5, NULL);
INSERT INTO evaluation_details (evaluation_id, question_id, score, comment) VALUES (56, 18, 4, NULL);
INSERT INTO evaluation_details (evaluation_id, question_id, score, comment) VALUES (56, 19, 5, NULL);
INSERT INTO evaluation_details (evaluation_id, question_id, score, comment) VALUES (56, 20, NULL, 'Excelente dominio de FastAPI, resuelve las dudas en el acto.');
INSERT INTO evaluations (id, evaluatee_id, form_id, period_id, is_anonymous, status, submitted_at, created_at) VALUES (57, 4, 1, 1, FALSE, 'submitted', '2026-03-10 10:00:00', '2026-03-10 10:00:00');
INSERT INTO evaluation_submissions (evaluator_id, evaluatee_id, period_id, evaluation_id, created_at) VALUES (65, 4, 1, 57, '2026-03-10 10:00:00');
INSERT INTO evaluation_details (evaluation_id, question_id, score, comment) VALUES (57, 1, 5, NULL);
INSERT INTO evaluation_details (evaluation_id, question_id, score, comment) VALUES (57, 2, 5, NULL);
INSERT INTO evaluation_details (evaluation_id, question_id, score, comment) VALUES (57, 3, 4, NULL);
INSERT INTO evaluation_details (evaluation_id, question_id, score, comment) VALUES (57, 4, 4, NULL);
INSERT INTO evaluation_details (evaluation_id, question_id, score, comment) VALUES (57, 5, 5, NULL);
INSERT INTO evaluation_details (evaluation_id, question_id, score, comment) VALUES (57, 6, 5, NULL);
INSERT INTO evaluation_details (evaluation_id, question_id, score, comment) VALUES (57, 7, 4, NULL);
INSERT INTO evaluation_details (evaluation_id, question_id, score, comment) VALUES (57, 8, 5, NULL);
INSERT INTO evaluation_details (evaluation_id, question_id, score, comment) VALUES (57, 9, 5, NULL);
INSERT INTO evaluation_details (evaluation_id, question_id, score, comment) VALUES (57, 10, 5, NULL);
INSERT INTO evaluation_details (evaluation_id, question_id, score, comment) VALUES (57, 11, NULL, 'A veces se demora un poco en contestar por Slack, pero cuando lo hace es muy claro.');
INSERT INTO evaluations (id, evaluatee_id, form_id, period_id, is_anonymous, status, submitted_at, created_at) VALUES (58, 7, 2, 1, FALSE, 'submitted', '2026-03-10 10:00:00', '2026-03-10 10:00:00');
INSERT INTO evaluation_submissions (evaluator_id, evaluatee_id, period_id, evaluation_id, created_at) VALUES (65, 7, 1, 58, '2026-03-10 10:00:00');
INSERT INTO evaluation_details (evaluation_id, question_id, score, comment) VALUES (58, 12, 4, NULL);
INSERT INTO evaluation_details (evaluation_id, question_id, score, comment) VALUES (58, 13, 3, NULL);
INSERT INTO evaluation_details (evaluation_id, question_id, score, comment) VALUES (58, 14, 4, NULL);
INSERT INTO evaluation_details (evaluation_id, question_id, score, comment) VALUES (58, 15, 5, NULL);
INSERT INTO evaluation_details (evaluation_id, question_id, score, comment) VALUES (58, 16, 5, NULL);
INSERT INTO evaluation_details (evaluation_id, question_id, score, comment) VALUES (58, 17, 5, NULL);
INSERT INTO evaluation_details (evaluation_id, question_id, score, comment) VALUES (58, 18, 4, NULL);
INSERT INTO evaluation_details (evaluation_id, question_id, score, comment) VALUES (58, 19, 5, NULL);
INSERT INTO evaluation_details (evaluation_id, question_id, score, comment) VALUES (58, 20, NULL, 'Me gustaría más ejercicios prácticos en vivo.');
INSERT INTO evaluations (id, evaluatee_id, form_id, period_id, is_anonymous, status, submitted_at, created_at) VALUES (59, 4, 1, 1, FALSE, 'submitted', '2026-03-10 10:00:00', '2026-03-10 10:00:00');
INSERT INTO evaluation_submissions (evaluator_id, evaluatee_id, period_id, evaluation_id, created_at) VALUES (66, 4, 1, 59, '2026-03-10 10:00:00');
INSERT INTO evaluation_details (evaluation_id, question_id, score, comment) VALUES (59, 1, 5, NULL);
INSERT INTO evaluation_details (evaluation_id, question_id, score, comment) VALUES (59, 2, 5, NULL);
INSERT INTO evaluation_details (evaluation_id, question_id, score, comment) VALUES (59, 3, 4, NULL);
INSERT INTO evaluation_details (evaluation_id, question_id, score, comment) VALUES (59, 4, 3, NULL);
INSERT INTO evaluation_details (evaluation_id, question_id, score, comment) VALUES (59, 5, 5, NULL);
INSERT INTO evaluation_details (evaluation_id, question_id, score, comment) VALUES (59, 6, 4, NULL);
INSERT INTO evaluation_details (evaluation_id, question_id, score, comment) VALUES (59, 7, 4, NULL);
INSERT INTO evaluation_details (evaluation_id, question_id, score, comment) VALUES (59, 8, 5, NULL);
INSERT INTO evaluation_details (evaluation_id, question_id, score, comment) VALUES (59, 9, 4, NULL);
INSERT INTO evaluation_details (evaluation_id, question_id, score, comment) VALUES (59, 10, 4, NULL);
INSERT INTO evaluation_details (evaluation_id, question_id, score, comment) VALUES (59, 11, NULL, 'Explica súper bien los requerimientos de los proyectos.');
INSERT INTO evaluations (id, evaluatee_id, form_id, period_id, is_anonymous, status, submitted_at, created_at) VALUES (60, 7, 2, 1, FALSE, 'submitted', '2026-03-10 10:00:00', '2026-03-10 10:00:00');
INSERT INTO evaluation_submissions (evaluator_id, evaluatee_id, period_id, evaluation_id, created_at) VALUES (66, 7, 1, 60, '2026-03-10 10:00:00');
INSERT INTO evaluation_details (evaluation_id, question_id, score, comment) VALUES (60, 12, 5, NULL);
INSERT INTO evaluation_details (evaluation_id, question_id, score, comment) VALUES (60, 13, 4, NULL);
INSERT INTO evaluation_details (evaluation_id, question_id, score, comment) VALUES (60, 14, 4, NULL);
INSERT INTO evaluation_details (evaluation_id, question_id, score, comment) VALUES (60, 15, 5, NULL);
INSERT INTO evaluation_details (evaluation_id, question_id, score, comment) VALUES (60, 16, 3, NULL);
INSERT INTO evaluation_details (evaluation_id, question_id, score, comment) VALUES (60, 17, 5, NULL);
INSERT INTO evaluation_details (evaluation_id, question_id, score, comment) VALUES (60, 18, 4, NULL);
INSERT INTO evaluation_details (evaluation_id, question_id, score, comment) VALUES (60, 19, 3, NULL);
INSERT INTO evaluation_details (evaluation_id, question_id, score, comment) VALUES (60, 20, NULL, 'A veces va un poco rápido en la clase, pero las grabaciones ayudan.');
INSERT INTO evaluations (id, evaluatee_id, form_id, period_id, is_anonymous, status, submitted_at, created_at) VALUES (61, 4, 1, 1, FALSE, 'submitted', '2026-03-10 10:00:00', '2026-03-10 10:00:00');
INSERT INTO evaluation_submissions (evaluator_id, evaluatee_id, period_id, evaluation_id, created_at) VALUES (67, 4, 1, 61, '2026-03-10 10:00:00');
INSERT INTO evaluation_details (evaluation_id, question_id, score, comment) VALUES (61, 1, 4, NULL);
INSERT INTO evaluation_details (evaluation_id, question_id, score, comment) VALUES (61, 2, 5, NULL);
INSERT INTO evaluation_details (evaluation_id, question_id, score, comment) VALUES (61, 3, 4, NULL);
INSERT INTO evaluation_details (evaluation_id, question_id, score, comment) VALUES (61, 4, 3, NULL);
INSERT INTO evaluation_details (evaluation_id, question_id, score, comment) VALUES (61, 5, 4, NULL);
INSERT INTO evaluation_details (evaluation_id, question_id, score, comment) VALUES (61, 6, 4, NULL);
INSERT INTO evaluation_details (evaluation_id, question_id, score, comment) VALUES (61, 7, 4, NULL);
INSERT INTO evaluation_details (evaluation_id, question_id, score, comment) VALUES (61, 8, 5, NULL);
INSERT INTO evaluation_details (evaluation_id, question_id, score, comment) VALUES (61, 9, 4, NULL);
INSERT INTO evaluation_details (evaluation_id, question_id, score, comment) VALUES (61, 10, 4, NULL);
INSERT INTO evaluation_details (evaluation_id, question_id, score, comment) VALUES (61, 11, NULL, 'Gracias a él he mejorado mucho mi lógica.');
INSERT INTO evaluations (id, evaluatee_id, form_id, period_id, is_anonymous, status, submitted_at, created_at) VALUES (62, 7, 2, 1, FALSE, 'submitted', '2026-03-10 10:00:00', '2026-03-10 10:00:00');
INSERT INTO evaluation_submissions (evaluator_id, evaluatee_id, period_id, evaluation_id, created_at) VALUES (67, 7, 1, 62, '2026-03-10 10:00:00');
INSERT INTO evaluation_details (evaluation_id, question_id, score, comment) VALUES (62, 12, 4, NULL);
INSERT INTO evaluation_details (evaluation_id, question_id, score, comment) VALUES (62, 13, 5, NULL);
INSERT INTO evaluation_details (evaluation_id, question_id, score, comment) VALUES (62, 14, 5, NULL);
INSERT INTO evaluation_details (evaluation_id, question_id, score, comment) VALUES (62, 15, 4, NULL);
INSERT INTO evaluation_details (evaluation_id, question_id, score, comment) VALUES (62, 16, 5, NULL);
INSERT INTO evaluation_details (evaluation_id, question_id, score, comment) VALUES (62, 17, 5, NULL);
INSERT INTO evaluation_details (evaluation_id, question_id, score, comment) VALUES (62, 18, 4, NULL);
INSERT INTO evaluation_details (evaluation_id, question_id, score, comment) VALUES (62, 19, 5, NULL);
INSERT INTO evaluation_details (evaluation_id, question_id, score, comment) VALUES (62, 20, NULL, 'Es muy amable y sabe cómo explicar temas difíciles.');
INSERT INTO evaluations (id, evaluatee_id, form_id, period_id, is_anonymous, status, submitted_at, created_at) VALUES (63, 4, 1, 1, FALSE, 'submitted', '2026-03-10 10:00:00', '2026-03-10 10:00:00');
INSERT INTO evaluation_submissions (evaluator_id, evaluatee_id, period_id, evaluation_id, created_at) VALUES (68, 4, 1, 63, '2026-03-10 10:00:00');
INSERT INTO evaluation_details (evaluation_id, question_id, score, comment) VALUES (63, 1, 3, NULL);
INSERT INTO evaluation_details (evaluation_id, question_id, score, comment) VALUES (63, 2, 4, NULL);
INSERT INTO evaluation_details (evaluation_id, question_id, score, comment) VALUES (63, 3, 4, NULL);
INSERT INTO evaluation_details (evaluation_id, question_id, score, comment) VALUES (63, 4, 5, NULL);
INSERT INTO evaluation_details (evaluation_id, question_id, score, comment) VALUES (63, 5, 5, NULL);
INSERT INTO evaluation_details (evaluation_id, question_id, score, comment) VALUES (63, 6, 5, NULL);
INSERT INTO evaluation_details (evaluation_id, question_id, score, comment) VALUES (63, 7, 5, NULL);
INSERT INTO evaluation_details (evaluation_id, question_id, score, comment) VALUES (63, 8, 5, NULL);
INSERT INTO evaluation_details (evaluation_id, question_id, score, comment) VALUES (63, 9, 5, NULL);
INSERT INTO evaluation_details (evaluation_id, question_id, score, comment) VALUES (63, 10, 4, NULL);
INSERT INTO evaluation_details (evaluation_id, question_id, score, comment) VALUES (63, 11, NULL, 'Podría darnos más recursos externos para estudiar.');
INSERT INTO evaluations (id, evaluatee_id, form_id, period_id, is_anonymous, status, submitted_at, created_at) VALUES (64, 7, 2, 1, FALSE, 'submitted', '2026-03-10 10:00:00', '2026-03-10 10:00:00');
INSERT INTO evaluation_submissions (evaluator_id, evaluatee_id, period_id, evaluation_id, created_at) VALUES (68, 7, 1, 64, '2026-03-10 10:00:00');
INSERT INTO evaluation_details (evaluation_id, question_id, score, comment) VALUES (64, 12, 4, NULL);
INSERT INTO evaluation_details (evaluation_id, question_id, score, comment) VALUES (64, 13, 5, NULL);
INSERT INTO evaluation_details (evaluation_id, question_id, score, comment) VALUES (64, 14, 5, NULL);
INSERT INTO evaluation_details (evaluation_id, question_id, score, comment) VALUES (64, 15, 4, NULL);
INSERT INTO evaluation_details (evaluation_id, question_id, score, comment) VALUES (64, 16, 3, NULL);
INSERT INTO evaluation_details (evaluation_id, question_id, score, comment) VALUES (64, 17, 5, NULL);
INSERT INTO evaluation_details (evaluation_id, question_id, score, comment) VALUES (64, 18, 5, NULL);
INSERT INTO evaluation_details (evaluation_id, question_id, score, comment) VALUES (64, 19, 5, NULL);
INSERT INTO evaluation_details (evaluation_id, question_id, score, comment) VALUES (64, 20, NULL, 'Me encanta cómo explica la arquitectura de software.');
INSERT INTO evaluations (id, evaluatee_id, form_id, period_id, is_anonymous, status, submitted_at, created_at) VALUES (65, 4, 1, 1, FALSE, 'submitted', '2026-03-10 10:00:00', '2026-03-10 10:00:00');
INSERT INTO evaluation_submissions (evaluator_id, evaluatee_id, period_id, evaluation_id, created_at) VALUES (69, 4, 1, 65, '2026-03-10 10:00:00');
INSERT INTO evaluation_details (evaluation_id, question_id, score, comment) VALUES (65, 1, 4, NULL);
INSERT INTO evaluation_details (evaluation_id, question_id, score, comment) VALUES (65, 2, 5, NULL);
INSERT INTO evaluation_details (evaluation_id, question_id, score, comment) VALUES (65, 3, 5, NULL);
INSERT INTO evaluation_details (evaluation_id, question_id, score, comment) VALUES (65, 4, 5, NULL);
INSERT INTO evaluation_details (evaluation_id, question_id, score, comment) VALUES (65, 5, 5, NULL);
INSERT INTO evaluation_details (evaluation_id, question_id, score, comment) VALUES (65, 6, 4, NULL);
INSERT INTO evaluation_details (evaluation_id, question_id, score, comment) VALUES (65, 7, 5, NULL);
INSERT INTO evaluation_details (evaluation_id, question_id, score, comment) VALUES (65, 8, 5, NULL);
INSERT INTO evaluation_details (evaluation_id, question_id, score, comment) VALUES (65, 9, 4, NULL);
INSERT INTO evaluation_details (evaluation_id, question_id, score, comment) VALUES (65, 10, 3, NULL);
INSERT INTO evaluation_details (evaluation_id, question_id, score, comment) VALUES (65, 11, NULL, 'Me encanta su forma de liderar, he aprendido mucho de él.');
INSERT INTO evaluations (id, evaluatee_id, form_id, period_id, is_anonymous, status, submitted_at, created_at) VALUES (66, 7, 2, 1, TRUE, 'submitted', '2026-03-10 10:00:00', '2026-03-10 10:00:00');
INSERT INTO evaluation_submissions (evaluator_id, evaluatee_id, period_id, evaluation_id, created_at) VALUES (69, 7, 1, 66, '2026-03-10 10:00:00');
INSERT INTO evaluation_details (evaluation_id, question_id, score, comment) VALUES (66, 12, 5, NULL);
INSERT INTO evaluation_details (evaluation_id, question_id, score, comment) VALUES (66, 13, 5, NULL);
INSERT INTO evaluation_details (evaluation_id, question_id, score, comment) VALUES (66, 14, 4, NULL);
INSERT INTO evaluation_details (evaluation_id, question_id, score, comment) VALUES (66, 15, 5, NULL);
INSERT INTO evaluation_details (evaluation_id, question_id, score, comment) VALUES (66, 16, 5, NULL);
INSERT INTO evaluation_details (evaluation_id, question_id, score, comment) VALUES (66, 17, 3, NULL);
INSERT INTO evaluation_details (evaluation_id, question_id, score, comment) VALUES (66, 18, 5, NULL);
INSERT INTO evaluation_details (evaluation_id, question_id, score, comment) VALUES (66, 19, 4, NULL);
INSERT INTO evaluations (id, evaluatee_id, form_id, period_id, is_anonymous, status, submitted_at, created_at) VALUES (67, 4, 1, 1, FALSE, 'submitted', '2026-03-10 10:00:00', '2026-03-10 10:00:00');
INSERT INTO evaluation_submissions (evaluator_id, evaluatee_id, period_id, evaluation_id, created_at) VALUES (70, 4, 1, 67, '2026-03-10 10:00:00');
INSERT INTO evaluation_details (evaluation_id, question_id, score, comment) VALUES (67, 1, 5, NULL);
INSERT INTO evaluation_details (evaluation_id, question_id, score, comment) VALUES (67, 2, 4, NULL);
INSERT INTO evaluation_details (evaluation_id, question_id, score, comment) VALUES (67, 3, 4, NULL);
INSERT INTO evaluation_details (evaluation_id, question_id, score, comment) VALUES (67, 4, 5, NULL);
INSERT INTO evaluation_details (evaluation_id, question_id, score, comment) VALUES (67, 5, 5, NULL);
INSERT INTO evaluation_details (evaluation_id, question_id, score, comment) VALUES (67, 6, 5, NULL);
INSERT INTO evaluation_details (evaluation_id, question_id, score, comment) VALUES (67, 7, 5, NULL);
INSERT INTO evaluation_details (evaluation_id, question_id, score, comment) VALUES (67, 8, 4, NULL);
INSERT INTO evaluation_details (evaluation_id, question_id, score, comment) VALUES (67, 9, 4, NULL);
INSERT INTO evaluation_details (evaluation_id, question_id, score, comment) VALUES (67, 10, 5, NULL);
INSERT INTO evaluation_details (evaluation_id, question_id, score, comment) VALUES (67, 11, NULL, 'A veces se demora un poco en contestar por Slack, pero cuando lo hace es muy claro.');
INSERT INTO evaluations (id, evaluatee_id, form_id, period_id, is_anonymous, status, submitted_at, created_at) VALUES (68, 7, 2, 1, FALSE, 'submitted', '2026-03-10 10:00:00', '2026-03-10 10:00:00');
INSERT INTO evaluation_submissions (evaluator_id, evaluatee_id, period_id, evaluation_id, created_at) VALUES (70, 7, 1, 68, '2026-03-10 10:00:00');
INSERT INTO evaluation_details (evaluation_id, question_id, score, comment) VALUES (68, 12, 4, NULL);
INSERT INTO evaluation_details (evaluation_id, question_id, score, comment) VALUES (68, 13, 5, NULL);
INSERT INTO evaluation_details (evaluation_id, question_id, score, comment) VALUES (68, 14, 4, NULL);
INSERT INTO evaluation_details (evaluation_id, question_id, score, comment) VALUES (68, 15, 5, NULL);
INSERT INTO evaluation_details (evaluation_id, question_id, score, comment) VALUES (68, 16, 4, NULL);
INSERT INTO evaluation_details (evaluation_id, question_id, score, comment) VALUES (68, 17, 4, NULL);
INSERT INTO evaluation_details (evaluation_id, question_id, score, comment) VALUES (68, 18, 3, NULL);
INSERT INTO evaluation_details (evaluation_id, question_id, score, comment) VALUES (68, 19, 5, NULL);
INSERT INTO evaluations (id, evaluatee_id, form_id, period_id, is_anonymous, status, submitted_at, created_at) VALUES (69, 4, 1, 1, FALSE, 'submitted', '2026-03-10 10:00:00', '2026-03-10 10:00:00');
INSERT INTO evaluation_submissions (evaluator_id, evaluatee_id, period_id, evaluation_id, created_at) VALUES (71, 4, 1, 69, '2026-03-10 10:00:00');
INSERT INTO evaluation_details (evaluation_id, question_id, score, comment) VALUES (69, 1, 5, NULL);
INSERT INTO evaluation_details (evaluation_id, question_id, score, comment) VALUES (69, 2, 5, NULL);
INSERT INTO evaluation_details (evaluation_id, question_id, score, comment) VALUES (69, 3, 5, NULL);
INSERT INTO evaluation_details (evaluation_id, question_id, score, comment) VALUES (69, 4, 4, NULL);
INSERT INTO evaluation_details (evaluation_id, question_id, score, comment) VALUES (69, 5, 5, NULL);
INSERT INTO evaluation_details (evaluation_id, question_id, score, comment) VALUES (69, 6, 4, NULL);
INSERT INTO evaluation_details (evaluation_id, question_id, score, comment) VALUES (69, 7, 5, NULL);
INSERT INTO evaluation_details (evaluation_id, question_id, score, comment) VALUES (69, 8, 5, NULL);
INSERT INTO evaluation_details (evaluation_id, question_id, score, comment) VALUES (69, 9, 5, NULL);
INSERT INTO evaluation_details (evaluation_id, question_id, score, comment) VALUES (69, 10, 5, NULL);
INSERT INTO evaluation_details (evaluation_id, question_id, score, comment) VALUES (69, 11, NULL, 'Gracias a él he mejorado mucho mi lógica.');
INSERT INTO evaluations (id, evaluatee_id, form_id, period_id, is_anonymous, status, submitted_at, created_at) VALUES (70, 7, 2, 1, FALSE, 'submitted', '2026-03-10 10:00:00', '2026-03-10 10:00:00');
INSERT INTO evaluation_submissions (evaluator_id, evaluatee_id, period_id, evaluation_id, created_at) VALUES (71, 7, 1, 70, '2026-03-10 10:00:00');
INSERT INTO evaluation_details (evaluation_id, question_id, score, comment) VALUES (70, 12, 4, NULL);
INSERT INTO evaluation_details (evaluation_id, question_id, score, comment) VALUES (70, 13, 5, NULL);
INSERT INTO evaluation_details (evaluation_id, question_id, score, comment) VALUES (70, 14, 4, NULL);
INSERT INTO evaluation_details (evaluation_id, question_id, score, comment) VALUES (70, 15, 4, NULL);
INSERT INTO evaluation_details (evaluation_id, question_id, score, comment) VALUES (70, 16, 3, NULL);
INSERT INTO evaluation_details (evaluation_id, question_id, score, comment) VALUES (70, 17, 5, NULL);
INSERT INTO evaluation_details (evaluation_id, question_id, score, comment) VALUES (70, 18, 5, NULL);
INSERT INTO evaluation_details (evaluation_id, question_id, score, comment) VALUES (70, 19, 4, NULL);
INSERT INTO evaluation_details (evaluation_id, question_id, score, comment) VALUES (70, 20, NULL, 'A veces va un poco rápido en la clase, pero las grabaciones ayudan.');
INSERT INTO evaluations (id, evaluatee_id, form_id, period_id, is_anonymous, status, submitted_at, created_at) VALUES (71, 4, 1, 1, FALSE, 'submitted', '2026-03-10 10:00:00', '2026-03-10 10:00:00');
INSERT INTO evaluation_submissions (evaluator_id, evaluatee_id, period_id, evaluation_id, created_at) VALUES (72, 4, 1, 71, '2026-03-10 10:00:00');
INSERT INTO evaluation_details (evaluation_id, question_id, score, comment) VALUES (71, 1, 4, NULL);
INSERT INTO evaluation_details (evaluation_id, question_id, score, comment) VALUES (71, 2, 4, NULL);
INSERT INTO evaluation_details (evaluation_id, question_id, score, comment) VALUES (71, 3, 5, NULL);
INSERT INTO evaluation_details (evaluation_id, question_id, score, comment) VALUES (71, 4, 4, NULL);
INSERT INTO evaluation_details (evaluation_id, question_id, score, comment) VALUES (71, 5, 4, NULL);
INSERT INTO evaluation_details (evaluation_id, question_id, score, comment) VALUES (71, 6, 3, NULL);
INSERT INTO evaluation_details (evaluation_id, question_id, score, comment) VALUES (71, 7, 4, NULL);
INSERT INTO evaluation_details (evaluation_id, question_id, score, comment) VALUES (71, 8, 4, NULL);
INSERT INTO evaluation_details (evaluation_id, question_id, score, comment) VALUES (71, 9, 5, NULL);
INSERT INTO evaluation_details (evaluation_id, question_id, score, comment) VALUES (71, 10, 4, NULL);
INSERT INTO evaluation_details (evaluation_id, question_id, score, comment) VALUES (71, 11, NULL, 'Me encanta su forma de liderar, he aprendido mucho de él.');
INSERT INTO evaluations (id, evaluatee_id, form_id, period_id, is_anonymous, status, submitted_at, created_at) VALUES (72, 7, 2, 1, TRUE, 'submitted', '2026-03-10 10:00:00', '2026-03-10 10:00:00');
INSERT INTO evaluation_submissions (evaluator_id, evaluatee_id, period_id, evaluation_id, created_at) VALUES (72, 7, 1, 72, '2026-03-10 10:00:00');
INSERT INTO evaluation_details (evaluation_id, question_id, score, comment) VALUES (72, 12, 5, NULL);
INSERT INTO evaluation_details (evaluation_id, question_id, score, comment) VALUES (72, 13, 5, NULL);
INSERT INTO evaluation_details (evaluation_id, question_id, score, comment) VALUES (72, 14, 5, NULL);
INSERT INTO evaluation_details (evaluation_id, question_id, score, comment) VALUES (72, 15, 5, NULL);
INSERT INTO evaluation_details (evaluation_id, question_id, score, comment) VALUES (72, 16, 5, NULL);
INSERT INTO evaluation_details (evaluation_id, question_id, score, comment) VALUES (72, 17, 4, NULL);
INSERT INTO evaluation_details (evaluation_id, question_id, score, comment) VALUES (72, 18, 5, NULL);
INSERT INTO evaluation_details (evaluation_id, question_id, score, comment) VALUES (72, 19, 5, NULL);
INSERT INTO evaluation_details (evaluation_id, question_id, score, comment) VALUES (72, 20, NULL, 'Es muy amable y sabe cómo explicar temas difíciles.');
INSERT INTO evaluations (id, evaluatee_id, form_id, period_id, is_anonymous, status, submitted_at, created_at) VALUES (73, 4, 1, 1, FALSE, 'submitted', '2026-03-10 10:00:00', '2026-03-10 10:00:00');
INSERT INTO evaluation_submissions (evaluator_id, evaluatee_id, period_id, evaluation_id, created_at) VALUES (73, 4, 1, 73, '2026-03-10 10:00:00');
INSERT INTO evaluation_details (evaluation_id, question_id, score, comment) VALUES (73, 1, 5, NULL);
INSERT INTO evaluation_details (evaluation_id, question_id, score, comment) VALUES (73, 2, 3, NULL);
INSERT INTO evaluation_details (evaluation_id, question_id, score, comment) VALUES (73, 3, 4, NULL);
INSERT INTO evaluation_details (evaluation_id, question_id, score, comment) VALUES (73, 4, 5, NULL);
INSERT INTO evaluation_details (evaluation_id, question_id, score, comment) VALUES (73, 5, 5, NULL);
INSERT INTO evaluation_details (evaluation_id, question_id, score, comment) VALUES (73, 6, 4, NULL);
INSERT INTO evaluation_details (evaluation_id, question_id, score, comment) VALUES (73, 7, 5, NULL);
INSERT INTO evaluation_details (evaluation_id, question_id, score, comment) VALUES (73, 8, 4, NULL);
INSERT INTO evaluation_details (evaluation_id, question_id, score, comment) VALUES (73, 9, 5, NULL);
INSERT INTO evaluation_details (evaluation_id, question_id, score, comment) VALUES (73, 10, 4, NULL);
INSERT INTO evaluation_details (evaluation_id, question_id, score, comment) VALUES (73, 11, NULL, 'Gracias a él he mejorado mucho mi lógica.');
INSERT INTO evaluations (id, evaluatee_id, form_id, period_id, is_anonymous, status, submitted_at, created_at) VALUES (74, 7, 2, 1, FALSE, 'submitted', '2026-03-10 10:00:00', '2026-03-10 10:00:00');
INSERT INTO evaluation_submissions (evaluator_id, evaluatee_id, period_id, evaluation_id, created_at) VALUES (73, 7, 1, 74, '2026-03-10 10:00:00');
INSERT INTO evaluation_details (evaluation_id, question_id, score, comment) VALUES (74, 12, 5, NULL);
INSERT INTO evaluation_details (evaluation_id, question_id, score, comment) VALUES (74, 13, 4, NULL);
INSERT INTO evaluation_details (evaluation_id, question_id, score, comment) VALUES (74, 14, 5, NULL);
INSERT INTO evaluation_details (evaluation_id, question_id, score, comment) VALUES (74, 15, 5, NULL);
INSERT INTO evaluation_details (evaluation_id, question_id, score, comment) VALUES (74, 16, 4, NULL);
INSERT INTO evaluation_details (evaluation_id, question_id, score, comment) VALUES (74, 17, 5, NULL);
INSERT INTO evaluation_details (evaluation_id, question_id, score, comment) VALUES (74, 18, 4, NULL);
INSERT INTO evaluation_details (evaluation_id, question_id, score, comment) VALUES (74, 19, 5, NULL);
INSERT INTO evaluation_details (evaluation_id, question_id, score, comment) VALUES (74, 20, NULL, 'Es muy amable y sabe cómo explicar temas difíciles.');
INSERT INTO evaluations (id, evaluatee_id, form_id, period_id, is_anonymous, status, submitted_at, created_at) VALUES (75, 4, 1, 1, FALSE, 'submitted', '2026-03-10 10:00:00', '2026-03-10 10:00:00');
INSERT INTO evaluation_submissions (evaluator_id, evaluatee_id, period_id, evaluation_id, created_at) VALUES (74, 4, 1, 75, '2026-03-10 10:00:00');
INSERT INTO evaluation_details (evaluation_id, question_id, score, comment) VALUES (75, 1, 5, NULL);
INSERT INTO evaluation_details (evaluation_id, question_id, score, comment) VALUES (75, 2, 5, NULL);
INSERT INTO evaluation_details (evaluation_id, question_id, score, comment) VALUES (75, 3, 5, NULL);
INSERT INTO evaluation_details (evaluation_id, question_id, score, comment) VALUES (75, 4, 5, NULL);
INSERT INTO evaluation_details (evaluation_id, question_id, score, comment) VALUES (75, 5, 4, NULL);
INSERT INTO evaluation_details (evaluation_id, question_id, score, comment) VALUES (75, 6, 4, NULL);
INSERT INTO evaluation_details (evaluation_id, question_id, score, comment) VALUES (75, 7, 4, NULL);
INSERT INTO evaluation_details (evaluation_id, question_id, score, comment) VALUES (75, 8, 5, NULL);
INSERT INTO evaluation_details (evaluation_id, question_id, score, comment) VALUES (75, 9, 5, NULL);
INSERT INTO evaluation_details (evaluation_id, question_id, score, comment) VALUES (75, 10, 5, NULL);
INSERT INTO evaluation_details (evaluation_id, question_id, score, comment) VALUES (75, 11, NULL, 'Podría darnos más recursos externos para estudiar.');
INSERT INTO evaluations (id, evaluatee_id, form_id, period_id, is_anonymous, status, submitted_at, created_at) VALUES (76, 7, 2, 1, FALSE, 'submitted', '2026-03-10 10:00:00', '2026-03-10 10:00:00');
INSERT INTO evaluation_submissions (evaluator_id, evaluatee_id, period_id, evaluation_id, created_at) VALUES (74, 7, 1, 76, '2026-03-10 10:00:00');
INSERT INTO evaluation_details (evaluation_id, question_id, score, comment) VALUES (76, 12, 5, NULL);
INSERT INTO evaluation_details (evaluation_id, question_id, score, comment) VALUES (76, 13, 5, NULL);
INSERT INTO evaluation_details (evaluation_id, question_id, score, comment) VALUES (76, 14, 4, NULL);
INSERT INTO evaluation_details (evaluation_id, question_id, score, comment) VALUES (76, 15, 4, NULL);
INSERT INTO evaluation_details (evaluation_id, question_id, score, comment) VALUES (76, 16, 4, NULL);
INSERT INTO evaluation_details (evaluation_id, question_id, score, comment) VALUES (76, 17, 3, NULL);
INSERT INTO evaluation_details (evaluation_id, question_id, score, comment) VALUES (76, 18, 5, NULL);
INSERT INTO evaluation_details (evaluation_id, question_id, score, comment) VALUES (76, 19, 4, NULL);
INSERT INTO evaluation_details (evaluation_id, question_id, score, comment) VALUES (76, 20, NULL, 'Me encanta cómo explica la arquitectura de software.');
INSERT INTO evaluations (id, evaluatee_id, form_id, period_id, is_anonymous, status, submitted_at, created_at) VALUES (77, 4, 1, 1, FALSE, 'submitted', '2026-03-10 10:00:00', '2026-03-10 10:00:00');
INSERT INTO evaluation_submissions (evaluator_id, evaluatee_id, period_id, evaluation_id, created_at) VALUES (75, 4, 1, 77, '2026-03-10 10:00:00');
INSERT INTO evaluation_details (evaluation_id, question_id, score, comment) VALUES (77, 1, 3, NULL);
INSERT INTO evaluation_details (evaluation_id, question_id, score, comment) VALUES (77, 2, 5, NULL);
INSERT INTO evaluation_details (evaluation_id, question_id, score, comment) VALUES (77, 3, 5, NULL);
INSERT INTO evaluation_details (evaluation_id, question_id, score, comment) VALUES (77, 4, 4, NULL);
INSERT INTO evaluation_details (evaluation_id, question_id, score, comment) VALUES (77, 5, 5, NULL);
INSERT INTO evaluation_details (evaluation_id, question_id, score, comment) VALUES (77, 6, 5, NULL);
INSERT INTO evaluation_details (evaluation_id, question_id, score, comment) VALUES (77, 7, 5, NULL);
INSERT INTO evaluation_details (evaluation_id, question_id, score, comment) VALUES (77, 8, 3, NULL);
INSERT INTO evaluation_details (evaluation_id, question_id, score, comment) VALUES (77, 9, 5, NULL);
INSERT INTO evaluation_details (evaluation_id, question_id, score, comment) VALUES (77, 10, 4, NULL);
INSERT INTO evaluations (id, evaluatee_id, form_id, period_id, is_anonymous, status, submitted_at, created_at) VALUES (78, 7, 2, 1, FALSE, 'submitted', '2026-03-10 10:00:00', '2026-03-10 10:00:00');
INSERT INTO evaluation_submissions (evaluator_id, evaluatee_id, period_id, evaluation_id, created_at) VALUES (75, 7, 1, 78, '2026-03-10 10:00:00');
INSERT INTO evaluation_details (evaluation_id, question_id, score, comment) VALUES (78, 12, 4, NULL);
INSERT INTO evaluation_details (evaluation_id, question_id, score, comment) VALUES (78, 13, 4, NULL);
INSERT INTO evaluation_details (evaluation_id, question_id, score, comment) VALUES (78, 14, 3, NULL);
INSERT INTO evaluation_details (evaluation_id, question_id, score, comment) VALUES (78, 15, 4, NULL);
INSERT INTO evaluation_details (evaluation_id, question_id, score, comment) VALUES (78, 16, 3, NULL);
INSERT INTO evaluation_details (evaluation_id, question_id, score, comment) VALUES (78, 17, 4, NULL);
INSERT INTO evaluation_details (evaluation_id, question_id, score, comment) VALUES (78, 18, 5, NULL);
INSERT INTO evaluation_details (evaluation_id, question_id, score, comment) VALUES (78, 19, 5, NULL);
INSERT INTO evaluations (id, evaluatee_id, form_id, period_id, is_anonymous, status, submitted_at, created_at) VALUES (79, 4, 1, 1, TRUE, 'submitted', '2026-03-10 10:00:00', '2026-03-10 10:00:00');
INSERT INTO evaluation_submissions (evaluator_id, evaluatee_id, period_id, evaluation_id, created_at) VALUES (76, 4, 1, 79, '2026-03-10 10:00:00');
INSERT INTO evaluation_details (evaluation_id, question_id, score, comment) VALUES (79, 1, 5, NULL);
INSERT INTO evaluation_details (evaluation_id, question_id, score, comment) VALUES (79, 2, 5, NULL);
INSERT INTO evaluation_details (evaluation_id, question_id, score, comment) VALUES (79, 3, 5, NULL);
INSERT INTO evaluation_details (evaluation_id, question_id, score, comment) VALUES (79, 4, 5, NULL);
INSERT INTO evaluation_details (evaluation_id, question_id, score, comment) VALUES (79, 5, 5, NULL);
INSERT INTO evaluation_details (evaluation_id, question_id, score, comment) VALUES (79, 6, 5, NULL);
INSERT INTO evaluation_details (evaluation_id, question_id, score, comment) VALUES (79, 7, 4, NULL);
INSERT INTO evaluation_details (evaluation_id, question_id, score, comment) VALUES (79, 8, 5, NULL);
INSERT INTO evaluation_details (evaluation_id, question_id, score, comment) VALUES (79, 9, 3, NULL);
INSERT INTO evaluation_details (evaluation_id, question_id, score, comment) VALUES (79, 10, 5, NULL);
INSERT INTO evaluations (id, evaluatee_id, form_id, period_id, is_anonymous, status, submitted_at, created_at) VALUES (80, 7, 2, 1, FALSE, 'submitted', '2026-03-10 10:00:00', '2026-03-10 10:00:00');
INSERT INTO evaluation_submissions (evaluator_id, evaluatee_id, period_id, evaluation_id, created_at) VALUES (76, 7, 1, 80, '2026-03-10 10:00:00');
INSERT INTO evaluation_details (evaluation_id, question_id, score, comment) VALUES (80, 12, 5, NULL);
INSERT INTO evaluation_details (evaluation_id, question_id, score, comment) VALUES (80, 13, 5, NULL);
INSERT INTO evaluation_details (evaluation_id, question_id, score, comment) VALUES (80, 14, 4, NULL);
INSERT INTO evaluation_details (evaluation_id, question_id, score, comment) VALUES (80, 15, 4, NULL);
INSERT INTO evaluation_details (evaluation_id, question_id, score, comment) VALUES (80, 16, 4, NULL);
INSERT INTO evaluation_details (evaluation_id, question_id, score, comment) VALUES (80, 17, 5, NULL);
INSERT INTO evaluation_details (evaluation_id, question_id, score, comment) VALUES (80, 18, 4, NULL);
INSERT INTO evaluation_details (evaluation_id, question_id, score, comment) VALUES (80, 19, 5, NULL);
INSERT INTO evaluation_details (evaluation_id, question_id, score, comment) VALUES (80, 20, NULL, 'Me encanta cómo explica la arquitectura de software.');
INSERT INTO evaluations (id, evaluatee_id, form_id, period_id, is_anonymous, status, submitted_at, created_at) VALUES (81, 4, 1, 1, FALSE, 'submitted', '2026-03-10 10:00:00', '2026-03-10 10:00:00');
INSERT INTO evaluation_submissions (evaluator_id, evaluatee_id, period_id, evaluation_id, created_at) VALUES (77, 4, 1, 81, '2026-03-10 10:00:00');
INSERT INTO evaluation_details (evaluation_id, question_id, score, comment) VALUES (81, 1, 4, NULL);
INSERT INTO evaluation_details (evaluation_id, question_id, score, comment) VALUES (81, 2, 4, NULL);
INSERT INTO evaluation_details (evaluation_id, question_id, score, comment) VALUES (81, 3, 4, NULL);
INSERT INTO evaluation_details (evaluation_id, question_id, score, comment) VALUES (81, 4, 4, NULL);
INSERT INTO evaluation_details (evaluation_id, question_id, score, comment) VALUES (81, 5, 3, NULL);
INSERT INTO evaluation_details (evaluation_id, question_id, score, comment) VALUES (81, 6, 4, NULL);
INSERT INTO evaluation_details (evaluation_id, question_id, score, comment) VALUES (81, 7, 4, NULL);
INSERT INTO evaluation_details (evaluation_id, question_id, score, comment) VALUES (81, 8, 4, NULL);
INSERT INTO evaluation_details (evaluation_id, question_id, score, comment) VALUES (81, 9, 4, NULL);
INSERT INTO evaluation_details (evaluation_id, question_id, score, comment) VALUES (81, 10, 4, NULL);
INSERT INTO evaluation_details (evaluation_id, question_id, score, comment) VALUES (81, 11, NULL, 'Las dailies son muy útiles, las dirige muy bien.');
INSERT INTO evaluations (id, evaluatee_id, form_id, period_id, is_anonymous, status, submitted_at, created_at) VALUES (82, 7, 2, 1, FALSE, 'submitted', '2026-03-10 10:00:00', '2026-03-10 10:00:00');
INSERT INTO evaluation_submissions (evaluator_id, evaluatee_id, period_id, evaluation_id, created_at) VALUES (77, 7, 1, 82, '2026-03-10 10:00:00');
INSERT INTO evaluation_details (evaluation_id, question_id, score, comment) VALUES (82, 12, 5, NULL);
INSERT INTO evaluation_details (evaluation_id, question_id, score, comment) VALUES (82, 13, 5, NULL);
INSERT INTO evaluation_details (evaluation_id, question_id, score, comment) VALUES (82, 14, 4, NULL);
INSERT INTO evaluation_details (evaluation_id, question_id, score, comment) VALUES (82, 15, 4, NULL);
INSERT INTO evaluation_details (evaluation_id, question_id, score, comment) VALUES (82, 16, 3, NULL);
INSERT INTO evaluation_details (evaluation_id, question_id, score, comment) VALUES (82, 17, 4, NULL);
INSERT INTO evaluation_details (evaluation_id, question_id, score, comment) VALUES (82, 18, 4, NULL);
INSERT INTO evaluation_details (evaluation_id, question_id, score, comment) VALUES (82, 19, 5, NULL);
INSERT INTO evaluation_details (evaluation_id, question_id, score, comment) VALUES (82, 20, NULL, 'Las clases son súper claras, los ejemplos en vivo ayudan muchísimo.');
INSERT INTO evaluations (id, evaluatee_id, form_id, period_id, is_anonymous, status, submitted_at, created_at) VALUES (83, 4, 1, 1, FALSE, 'submitted', '2026-03-10 10:00:00', '2026-03-10 10:00:00');
INSERT INTO evaluation_submissions (evaluator_id, evaluatee_id, period_id, evaluation_id, created_at) VALUES (78, 4, 1, 83, '2026-03-10 10:00:00');
INSERT INTO evaluation_details (evaluation_id, question_id, score, comment) VALUES (83, 1, 5, NULL);
INSERT INTO evaluation_details (evaluation_id, question_id, score, comment) VALUES (83, 2, 4, NULL);
INSERT INTO evaluation_details (evaluation_id, question_id, score, comment) VALUES (83, 3, 5, NULL);
INSERT INTO evaluation_details (evaluation_id, question_id, score, comment) VALUES (83, 4, 4, NULL);
INSERT INTO evaluation_details (evaluation_id, question_id, score, comment) VALUES (83, 5, 3, NULL);
INSERT INTO evaluation_details (evaluation_id, question_id, score, comment) VALUES (83, 6, 4, NULL);
INSERT INTO evaluation_details (evaluation_id, question_id, score, comment) VALUES (83, 7, 5, NULL);
INSERT INTO evaluation_details (evaluation_id, question_id, score, comment) VALUES (83, 8, 5, NULL);
INSERT INTO evaluation_details (evaluation_id, question_id, score, comment) VALUES (83, 9, 4, NULL);
INSERT INTO evaluation_details (evaluation_id, question_id, score, comment) VALUES (83, 10, 4, NULL);
INSERT INTO evaluation_details (evaluation_id, question_id, score, comment) VALUES (83, 11, NULL, 'Me gustaría que las dailies fueran un poco más largas.');
INSERT INTO evaluations (id, evaluatee_id, form_id, period_id, is_anonymous, status, submitted_at, created_at) VALUES (84, 7, 2, 1, FALSE, 'submitted', '2026-03-10 10:00:00', '2026-03-10 10:00:00');
INSERT INTO evaluation_submissions (evaluator_id, evaluatee_id, period_id, evaluation_id, created_at) VALUES (78, 7, 1, 84, '2026-03-10 10:00:00');
INSERT INTO evaluation_details (evaluation_id, question_id, score, comment) VALUES (84, 12, 5, NULL);
INSERT INTO evaluation_details (evaluation_id, question_id, score, comment) VALUES (84, 13, 5, NULL);
INSERT INTO evaluation_details (evaluation_id, question_id, score, comment) VALUES (84, 14, 4, NULL);
INSERT INTO evaluation_details (evaluation_id, question_id, score, comment) VALUES (84, 15, 4, NULL);
INSERT INTO evaluation_details (evaluation_id, question_id, score, comment) VALUES (84, 16, 4, NULL);
INSERT INTO evaluation_details (evaluation_id, question_id, score, comment) VALUES (84, 17, 5, NULL);
INSERT INTO evaluation_details (evaluation_id, question_id, score, comment) VALUES (84, 18, 5, NULL);
INSERT INTO evaluation_details (evaluation_id, question_id, score, comment) VALUES (84, 19, 4, NULL);
INSERT INTO evaluation_details (evaluation_id, question_id, score, comment) VALUES (84, 20, NULL, 'A veces va un poco rápido en la clase, pero las grabaciones ayudan.');
INSERT INTO evaluations (id, evaluatee_id, form_id, period_id, is_anonymous, status, submitted_at, created_at) VALUES (85, 4, 1, 1, FALSE, 'submitted', '2026-03-10 10:00:00', '2026-03-10 10:00:00');
INSERT INTO evaluation_submissions (evaluator_id, evaluatee_id, period_id, evaluation_id, created_at) VALUES (79, 4, 1, 85, '2026-03-10 10:00:00');
INSERT INTO evaluation_details (evaluation_id, question_id, score, comment) VALUES (85, 1, 4, NULL);
INSERT INTO evaluation_details (evaluation_id, question_id, score, comment) VALUES (85, 2, 5, NULL);
INSERT INTO evaluation_details (evaluation_id, question_id, score, comment) VALUES (85, 3, 3, NULL);
INSERT INTO evaluation_details (evaluation_id, question_id, score, comment) VALUES (85, 4, 5, NULL);
INSERT INTO evaluation_details (evaluation_id, question_id, score, comment) VALUES (85, 5, 5, NULL);
INSERT INTO evaluation_details (evaluation_id, question_id, score, comment) VALUES (85, 6, 4, NULL);
INSERT INTO evaluation_details (evaluation_id, question_id, score, comment) VALUES (85, 7, 3, NULL);
INSERT INTO evaluation_details (evaluation_id, question_id, score, comment) VALUES (85, 8, 4, NULL);
INSERT INTO evaluation_details (evaluation_id, question_id, score, comment) VALUES (85, 9, 4, NULL);
INSERT INTO evaluation_details (evaluation_id, question_id, score, comment) VALUES (85, 10, 5, NULL);
INSERT INTO evaluation_details (evaluation_id, question_id, score, comment) VALUES (85, 11, NULL, 'Me gustaría que las dailies fueran un poco más largas.');
INSERT INTO evaluations (id, evaluatee_id, form_id, period_id, is_anonymous, status, submitted_at, created_at) VALUES (86, 7, 2, 1, FALSE, 'submitted', '2026-03-10 10:00:00', '2026-03-10 10:00:00');
INSERT INTO evaluation_submissions (evaluator_id, evaluatee_id, period_id, evaluation_id, created_at) VALUES (79, 7, 1, 86, '2026-03-10 10:00:00');
INSERT INTO evaluation_details (evaluation_id, question_id, score, comment) VALUES (86, 12, 4, NULL);
INSERT INTO evaluation_details (evaluation_id, question_id, score, comment) VALUES (86, 13, 3, NULL);
INSERT INTO evaluation_details (evaluation_id, question_id, score, comment) VALUES (86, 14, 5, NULL);
INSERT INTO evaluation_details (evaluation_id, question_id, score, comment) VALUES (86, 15, 5, NULL);
INSERT INTO evaluation_details (evaluation_id, question_id, score, comment) VALUES (86, 16, 5, NULL);
INSERT INTO evaluation_details (evaluation_id, question_id, score, comment) VALUES (86, 17, 5, NULL);
INSERT INTO evaluation_details (evaluation_id, question_id, score, comment) VALUES (86, 18, 4, NULL);
INSERT INTO evaluation_details (evaluation_id, question_id, score, comment) VALUES (86, 19, 4, NULL);
INSERT INTO evaluations (id, evaluatee_id, form_id, period_id, is_anonymous, status, submitted_at, created_at) VALUES (87, 4, 1, 1, FALSE, 'submitted', '2026-03-10 10:00:00', '2026-03-10 10:00:00');
INSERT INTO evaluation_submissions (evaluator_id, evaluatee_id, period_id, evaluation_id, created_at) VALUES (80, 4, 1, 87, '2026-03-10 10:00:00');
INSERT INTO evaluation_details (evaluation_id, question_id, score, comment) VALUES (87, 1, 4, NULL);
INSERT INTO evaluation_details (evaluation_id, question_id, score, comment) VALUES (87, 2, 4, NULL);
INSERT INTO evaluation_details (evaluation_id, question_id, score, comment) VALUES (87, 3, 4, NULL);
INSERT INTO evaluation_details (evaluation_id, question_id, score, comment) VALUES (87, 4, 4, NULL);
INSERT INTO evaluation_details (evaluation_id, question_id, score, comment) VALUES (87, 5, 3, NULL);
INSERT INTO evaluation_details (evaluation_id, question_id, score, comment) VALUES (87, 6, 5, NULL);
INSERT INTO evaluation_details (evaluation_id, question_id, score, comment) VALUES (87, 7, 4, NULL);
INSERT INTO evaluation_details (evaluation_id, question_id, score, comment) VALUES (87, 8, 5, NULL);
INSERT INTO evaluation_details (evaluation_id, question_id, score, comment) VALUES (87, 9, 5, NULL);
INSERT INTO evaluation_details (evaluation_id, question_id, score, comment) VALUES (87, 10, 4, NULL);
INSERT INTO evaluations (id, evaluatee_id, form_id, period_id, is_anonymous, status, submitted_at, created_at) VALUES (88, 7, 2, 1, FALSE, 'submitted', '2026-03-10 10:00:00', '2026-03-10 10:00:00');
INSERT INTO evaluation_submissions (evaluator_id, evaluatee_id, period_id, evaluation_id, created_at) VALUES (80, 7, 1, 88, '2026-03-10 10:00:00');
INSERT INTO evaluation_details (evaluation_id, question_id, score, comment) VALUES (88, 12, 3, NULL);
INSERT INTO evaluation_details (evaluation_id, question_id, score, comment) VALUES (88, 13, 4, NULL);
INSERT INTO evaluation_details (evaluation_id, question_id, score, comment) VALUES (88, 14, 4, NULL);
INSERT INTO evaluation_details (evaluation_id, question_id, score, comment) VALUES (88, 15, 4, NULL);
INSERT INTO evaluation_details (evaluation_id, question_id, score, comment) VALUES (88, 16, 5, NULL);
INSERT INTO evaluation_details (evaluation_id, question_id, score, comment) VALUES (88, 17, 5, NULL);
INSERT INTO evaluation_details (evaluation_id, question_id, score, comment) VALUES (88, 18, 5, NULL);
INSERT INTO evaluation_details (evaluation_id, question_id, score, comment) VALUES (88, 19, 3, NULL);
INSERT INTO evaluation_details (evaluation_id, question_id, score, comment) VALUES (88, 20, NULL, 'Las clases son súper claras, los ejemplos en vivo ayudan muchísimo.');
INSERT INTO evaluations (id, evaluatee_id, form_id, period_id, is_anonymous, status, submitted_at, created_at) VALUES (89, 4, 1, 1, FALSE, 'submitted', '2026-03-10 10:00:00', '2026-03-10 10:00:00');
INSERT INTO evaluation_submissions (evaluator_id, evaluatee_id, period_id, evaluation_id, created_at) VALUES (81, 4, 1, 89, '2026-03-10 10:00:00');
INSERT INTO evaluation_details (evaluation_id, question_id, score, comment) VALUES (89, 1, 5, NULL);
INSERT INTO evaluation_details (evaluation_id, question_id, score, comment) VALUES (89, 2, 5, NULL);
INSERT INTO evaluation_details (evaluation_id, question_id, score, comment) VALUES (89, 3, 4, NULL);
INSERT INTO evaluation_details (evaluation_id, question_id, score, comment) VALUES (89, 4, 4, NULL);
INSERT INTO evaluation_details (evaluation_id, question_id, score, comment) VALUES (89, 5, 5, NULL);
INSERT INTO evaluation_details (evaluation_id, question_id, score, comment) VALUES (89, 6, 4, NULL);
INSERT INTO evaluation_details (evaluation_id, question_id, score, comment) VALUES (89, 7, 4, NULL);
INSERT INTO evaluation_details (evaluation_id, question_id, score, comment) VALUES (89, 8, 5, NULL);
INSERT INTO evaluation_details (evaluation_id, question_id, score, comment) VALUES (89, 9, 4, NULL);
INSERT INTO evaluation_details (evaluation_id, question_id, score, comment) VALUES (89, 10, 4, NULL);
INSERT INTO evaluation_details (evaluation_id, question_id, score, comment) VALUES (89, 11, NULL, 'Me encanta su forma de liderar, he aprendido mucho de él.');
INSERT INTO evaluations (id, evaluatee_id, form_id, period_id, is_anonymous, status, submitted_at, created_at) VALUES (90, 7, 2, 1, TRUE, 'submitted', '2026-03-10 10:00:00', '2026-03-10 10:00:00');
INSERT INTO evaluation_submissions (evaluator_id, evaluatee_id, period_id, evaluation_id, created_at) VALUES (81, 7, 1, 90, '2026-03-10 10:00:00');
INSERT INTO evaluation_details (evaluation_id, question_id, score, comment) VALUES (90, 12, 3, NULL);
INSERT INTO evaluation_details (evaluation_id, question_id, score, comment) VALUES (90, 13, 4, NULL);
INSERT INTO evaluation_details (evaluation_id, question_id, score, comment) VALUES (90, 14, 3, NULL);
INSERT INTO evaluation_details (evaluation_id, question_id, score, comment) VALUES (90, 15, 5, NULL);
INSERT INTO evaluation_details (evaluation_id, question_id, score, comment) VALUES (90, 16, 4, NULL);
INSERT INTO evaluation_details (evaluation_id, question_id, score, comment) VALUES (90, 17, 3, NULL);
INSERT INTO evaluation_details (evaluation_id, question_id, score, comment) VALUES (90, 18, 4, NULL);
INSERT INTO evaluation_details (evaluation_id, question_id, score, comment) VALUES (90, 19, 5, NULL);
INSERT INTO evaluation_details (evaluation_id, question_id, score, comment) VALUES (90, 20, NULL, 'Me encanta cómo explica la arquitectura de software.');
INSERT INTO evaluations (id, evaluatee_id, form_id, period_id, is_anonymous, status, submitted_at, created_at) VALUES (91, 4, 1, 1, FALSE, 'submitted', '2026-03-10 10:00:00', '2026-03-10 10:00:00');
INSERT INTO evaluation_submissions (evaluator_id, evaluatee_id, period_id, evaluation_id, created_at) VALUES (82, 4, 1, 91, '2026-03-10 10:00:00');
INSERT INTO evaluation_details (evaluation_id, question_id, score, comment) VALUES (91, 1, 4, NULL);
INSERT INTO evaluation_details (evaluation_id, question_id, score, comment) VALUES (91, 2, 5, NULL);
INSERT INTO evaluation_details (evaluation_id, question_id, score, comment) VALUES (91, 3, 5, NULL);
INSERT INTO evaluation_details (evaluation_id, question_id, score, comment) VALUES (91, 4, 3, NULL);
INSERT INTO evaluation_details (evaluation_id, question_id, score, comment) VALUES (91, 5, 5, NULL);
INSERT INTO evaluation_details (evaluation_id, question_id, score, comment) VALUES (91, 6, 5, NULL);
INSERT INTO evaluation_details (evaluation_id, question_id, score, comment) VALUES (91, 7, 5, NULL);
INSERT INTO evaluation_details (evaluation_id, question_id, score, comment) VALUES (91, 8, 5, NULL);
INSERT INTO evaluation_details (evaluation_id, question_id, score, comment) VALUES (91, 9, 4, NULL);
INSERT INTO evaluation_details (evaluation_id, question_id, score, comment) VALUES (91, 10, 5, NULL);
INSERT INTO evaluation_details (evaluation_id, question_id, score, comment) VALUES (91, 11, NULL, 'Muy buen TL, siempre nos guía cuando estamos bloqueados.');
INSERT INTO evaluations (id, evaluatee_id, form_id, period_id, is_anonymous, status, submitted_at, created_at) VALUES (92, 7, 2, 1, FALSE, 'submitted', '2026-03-10 10:00:00', '2026-03-10 10:00:00');
INSERT INTO evaluation_submissions (evaluator_id, evaluatee_id, period_id, evaluation_id, created_at) VALUES (82, 7, 1, 92, '2026-03-10 10:00:00');
INSERT INTO evaluation_details (evaluation_id, question_id, score, comment) VALUES (92, 12, 4, NULL);
INSERT INTO evaluation_details (evaluation_id, question_id, score, comment) VALUES (92, 13, 5, NULL);
INSERT INTO evaluation_details (evaluation_id, question_id, score, comment) VALUES (92, 14, 5, NULL);
INSERT INTO evaluation_details (evaluation_id, question_id, score, comment) VALUES (92, 15, 4, NULL);
INSERT INTO evaluation_details (evaluation_id, question_id, score, comment) VALUES (92, 16, 5, NULL);
INSERT INTO evaluation_details (evaluation_id, question_id, score, comment) VALUES (92, 17, 4, NULL);
INSERT INTO evaluation_details (evaluation_id, question_id, score, comment) VALUES (92, 18, 4, NULL);
INSERT INTO evaluation_details (evaluation_id, question_id, score, comment) VALUES (92, 19, 4, NULL);
INSERT INTO evaluations (id, evaluatee_id, form_id, period_id, is_anonymous, status, submitted_at, created_at) VALUES (93, 4, 1, 1, FALSE, 'submitted', '2026-03-10 10:00:00', '2026-03-10 10:00:00');
INSERT INTO evaluation_submissions (evaluator_id, evaluatee_id, period_id, evaluation_id, created_at) VALUES (83, 4, 1, 93, '2026-03-10 10:00:00');
INSERT INTO evaluation_details (evaluation_id, question_id, score, comment) VALUES (93, 1, 4, NULL);
INSERT INTO evaluation_details (evaluation_id, question_id, score, comment) VALUES (93, 2, 5, NULL);
INSERT INTO evaluation_details (evaluation_id, question_id, score, comment) VALUES (93, 3, 5, NULL);
INSERT INTO evaluation_details (evaluation_id, question_id, score, comment) VALUES (93, 4, 4, NULL);
INSERT INTO evaluation_details (evaluation_id, question_id, score, comment) VALUES (93, 5, 5, NULL);
INSERT INTO evaluation_details (evaluation_id, question_id, score, comment) VALUES (93, 6, 3, NULL);
INSERT INTO evaluation_details (evaluation_id, question_id, score, comment) VALUES (93, 7, 5, NULL);
INSERT INTO evaluation_details (evaluation_id, question_id, score, comment) VALUES (93, 8, 5, NULL);
INSERT INTO evaluation_details (evaluation_id, question_id, score, comment) VALUES (93, 9, 4, NULL);
INSERT INTO evaluation_details (evaluation_id, question_id, score, comment) VALUES (93, 10, 5, NULL);
INSERT INTO evaluation_details (evaluation_id, question_id, score, comment) VALUES (93, 11, NULL, 'Muy buen TL, siempre nos guía cuando estamos bloqueados.');
INSERT INTO evaluations (id, evaluatee_id, form_id, period_id, is_anonymous, status, submitted_at, created_at) VALUES (94, 7, 2, 1, FALSE, 'submitted', '2026-03-10 10:00:00', '2026-03-10 10:00:00');
INSERT INTO evaluation_submissions (evaluator_id, evaluatee_id, period_id, evaluation_id, created_at) VALUES (83, 7, 1, 94, '2026-03-10 10:00:00');
INSERT INTO evaluation_details (evaluation_id, question_id, score, comment) VALUES (94, 12, 5, NULL);
INSERT INTO evaluation_details (evaluation_id, question_id, score, comment) VALUES (94, 13, 4, NULL);
INSERT INTO evaluation_details (evaluation_id, question_id, score, comment) VALUES (94, 14, 5, NULL);
INSERT INTO evaluation_details (evaluation_id, question_id, score, comment) VALUES (94, 15, 4, NULL);
INSERT INTO evaluation_details (evaluation_id, question_id, score, comment) VALUES (94, 16, 5, NULL);
INSERT INTO evaluation_details (evaluation_id, question_id, score, comment) VALUES (94, 17, 3, NULL);
INSERT INTO evaluation_details (evaluation_id, question_id, score, comment) VALUES (94, 18, 4, NULL);
INSERT INTO evaluation_details (evaluation_id, question_id, score, comment) VALUES (94, 19, 5, NULL);
INSERT INTO evaluations (id, evaluatee_id, form_id, period_id, is_anonymous, status, submitted_at, created_at) VALUES (95, 2, 1, 2, FALSE, 'submitted', '2026-04-10 10:00:00', '2026-04-10 10:00:00');
INSERT INTO evaluation_submissions (evaluator_id, evaluatee_id, period_id, evaluation_id, created_at) VALUES (12, 2, 2, 95, '2026-04-10 10:00:00');
INSERT INTO evaluation_details (evaluation_id, question_id, score, comment) VALUES (95, 1, 5, NULL);
INSERT INTO evaluation_details (evaluation_id, question_id, score, comment) VALUES (95, 2, 5, NULL);
INSERT INTO evaluation_details (evaluation_id, question_id, score, comment) VALUES (95, 3, 4, NULL);
INSERT INTO evaluation_details (evaluation_id, question_id, score, comment) VALUES (95, 4, 4, NULL);
INSERT INTO evaluation_details (evaluation_id, question_id, score, comment) VALUES (95, 5, 4, NULL);
INSERT INTO evaluation_details (evaluation_id, question_id, score, comment) VALUES (95, 6, 5, NULL);
INSERT INTO evaluation_details (evaluation_id, question_id, score, comment) VALUES (95, 7, 5, NULL);
INSERT INTO evaluation_details (evaluation_id, question_id, score, comment) VALUES (95, 8, 5, NULL);
INSERT INTO evaluation_details (evaluation_id, question_id, score, comment) VALUES (95, 9, 3, NULL);
INSERT INTO evaluation_details (evaluation_id, question_id, score, comment) VALUES (95, 10, 5, NULL);
INSERT INTO evaluation_details (evaluation_id, question_id, score, comment) VALUES (95, 11, NULL, 'Gracias a él he mejorado mucho mi lógica.');
INSERT INTO evaluations (id, evaluatee_id, form_id, period_id, is_anonymous, status, submitted_at, created_at) VALUES (96, 2, 1, 2, FALSE, 'submitted', '2026-04-10 10:00:00', '2026-04-10 10:00:00');
INSERT INTO evaluation_submissions (evaluator_id, evaluatee_id, period_id, evaluation_id, created_at) VALUES (13, 2, 2, 96, '2026-04-10 10:00:00');
INSERT INTO evaluation_details (evaluation_id, question_id, score, comment) VALUES (96, 1, 5, NULL);
INSERT INTO evaluation_details (evaluation_id, question_id, score, comment) VALUES (96, 2, 5, NULL);
INSERT INTO evaluation_details (evaluation_id, question_id, score, comment) VALUES (96, 3, 5, NULL);
INSERT INTO evaluation_details (evaluation_id, question_id, score, comment) VALUES (96, 4, 5, NULL);
INSERT INTO evaluation_details (evaluation_id, question_id, score, comment) VALUES (96, 5, 5, NULL);
INSERT INTO evaluation_details (evaluation_id, question_id, score, comment) VALUES (96, 6, 5, NULL);
INSERT INTO evaluation_details (evaluation_id, question_id, score, comment) VALUES (96, 7, 5, NULL);
INSERT INTO evaluation_details (evaluation_id, question_id, score, comment) VALUES (96, 8, 5, NULL);
INSERT INTO evaluation_details (evaluation_id, question_id, score, comment) VALUES (96, 9, 5, NULL);
INSERT INTO evaluation_details (evaluation_id, question_id, score, comment) VALUES (96, 10, 4, NULL);
INSERT INTO evaluations (id, evaluatee_id, form_id, period_id, is_anonymous, status, submitted_at, created_at) VALUES (97, 2, 1, 2, FALSE, 'submitted', '2026-04-10 10:00:00', '2026-04-10 10:00:00');
INSERT INTO evaluation_submissions (evaluator_id, evaluatee_id, period_id, evaluation_id, created_at) VALUES (14, 2, 2, 97, '2026-04-10 10:00:00');
INSERT INTO evaluation_details (evaluation_id, question_id, score, comment) VALUES (97, 1, 4, NULL);
INSERT INTO evaluation_details (evaluation_id, question_id, score, comment) VALUES (97, 2, 4, NULL);
INSERT INTO evaluation_details (evaluation_id, question_id, score, comment) VALUES (97, 3, 5, NULL);
INSERT INTO evaluation_details (evaluation_id, question_id, score, comment) VALUES (97, 4, 5, NULL);
INSERT INTO evaluation_details (evaluation_id, question_id, score, comment) VALUES (97, 5, 4, NULL);
INSERT INTO evaluation_details (evaluation_id, question_id, score, comment) VALUES (97, 6, 3, NULL);
INSERT INTO evaluation_details (evaluation_id, question_id, score, comment) VALUES (97, 7, 5, NULL);
INSERT INTO evaluation_details (evaluation_id, question_id, score, comment) VALUES (97, 8, 5, NULL);
INSERT INTO evaluation_details (evaluation_id, question_id, score, comment) VALUES (97, 9, 5, NULL);
INSERT INTO evaluation_details (evaluation_id, question_id, score, comment) VALUES (97, 10, 5, NULL);
INSERT INTO evaluation_details (evaluation_id, question_id, score, comment) VALUES (97, 11, NULL, 'Me encanta su forma de liderar, he aprendido mucho de él.');
INSERT INTO evaluations (id, evaluatee_id, form_id, period_id, is_anonymous, status, submitted_at, created_at) VALUES (98, 2, 1, 2, FALSE, 'submitted', '2026-04-10 10:00:00', '2026-04-10 10:00:00');
INSERT INTO evaluation_submissions (evaluator_id, evaluatee_id, period_id, evaluation_id, created_at) VALUES (15, 2, 2, 98, '2026-04-10 10:00:00');
INSERT INTO evaluation_details (evaluation_id, question_id, score, comment) VALUES (98, 1, 5, NULL);
INSERT INTO evaluation_details (evaluation_id, question_id, score, comment) VALUES (98, 2, 4, NULL);
INSERT INTO evaluation_details (evaluation_id, question_id, score, comment) VALUES (98, 3, 5, NULL);
INSERT INTO evaluation_details (evaluation_id, question_id, score, comment) VALUES (98, 4, 3, NULL);
INSERT INTO evaluation_details (evaluation_id, question_id, score, comment) VALUES (98, 5, 5, NULL);
INSERT INTO evaluation_details (evaluation_id, question_id, score, comment) VALUES (98, 6, 3, NULL);
INSERT INTO evaluation_details (evaluation_id, question_id, score, comment) VALUES (98, 7, 4, NULL);
INSERT INTO evaluation_details (evaluation_id, question_id, score, comment) VALUES (98, 8, 4, NULL);
INSERT INTO evaluation_details (evaluation_id, question_id, score, comment) VALUES (98, 9, 4, NULL);
INSERT INTO evaluation_details (evaluation_id, question_id, score, comment) VALUES (98, 10, 4, NULL);
INSERT INTO evaluation_details (evaluation_id, question_id, score, comment) VALUES (98, 11, NULL, 'Excelente acompañamiento, siempre está dispuesto a ayudarnos.');
INSERT INTO evaluations (id, evaluatee_id, form_id, period_id, is_anonymous, status, submitted_at, created_at) VALUES (99, 2, 1, 2, FALSE, 'submitted', '2026-04-10 10:00:00', '2026-04-10 10:00:00');
INSERT INTO evaluation_submissions (evaluator_id, evaluatee_id, period_id, evaluation_id, created_at) VALUES (16, 2, 2, 99, '2026-04-10 10:00:00');
INSERT INTO evaluation_details (evaluation_id, question_id, score, comment) VALUES (99, 1, 3, NULL);
INSERT INTO evaluation_details (evaluation_id, question_id, score, comment) VALUES (99, 2, 5, NULL);
INSERT INTO evaluation_details (evaluation_id, question_id, score, comment) VALUES (99, 3, 4, NULL);
INSERT INTO evaluation_details (evaluation_id, question_id, score, comment) VALUES (99, 4, 4, NULL);
INSERT INTO evaluation_details (evaluation_id, question_id, score, comment) VALUES (99, 5, 5, NULL);
INSERT INTO evaluation_details (evaluation_id, question_id, score, comment) VALUES (99, 6, 4, NULL);
INSERT INTO evaluation_details (evaluation_id, question_id, score, comment) VALUES (99, 7, 5, NULL);
INSERT INTO evaluation_details (evaluation_id, question_id, score, comment) VALUES (99, 8, 4, NULL);
INSERT INTO evaluation_details (evaluation_id, question_id, score, comment) VALUES (99, 9, 5, NULL);
INSERT INTO evaluation_details (evaluation_id, question_id, score, comment) VALUES (99, 10, 4, NULL);
INSERT INTO evaluations (id, evaluatee_id, form_id, period_id, is_anonymous, status, submitted_at, created_at) VALUES (100, 2, 1, 2, TRUE, 'submitted', '2026-04-10 10:00:00', '2026-04-10 10:00:00');
INSERT INTO evaluation_submissions (evaluator_id, evaluatee_id, period_id, evaluation_id, created_at) VALUES (17, 2, 2, 100, '2026-04-10 10:00:00');
INSERT INTO evaluation_details (evaluation_id, question_id, score, comment) VALUES (100, 1, 4, NULL);
INSERT INTO evaluation_details (evaluation_id, question_id, score, comment) VALUES (100, 2, 5, NULL);
INSERT INTO evaluation_details (evaluation_id, question_id, score, comment) VALUES (100, 3, 4, NULL);
INSERT INTO evaluation_details (evaluation_id, question_id, score, comment) VALUES (100, 4, 4, NULL);
INSERT INTO evaluation_details (evaluation_id, question_id, score, comment) VALUES (100, 5, 4, NULL);
INSERT INTO evaluation_details (evaluation_id, question_id, score, comment) VALUES (100, 6, 5, NULL);
INSERT INTO evaluation_details (evaluation_id, question_id, score, comment) VALUES (100, 7, 5, NULL);
INSERT INTO evaluation_details (evaluation_id, question_id, score, comment) VALUES (100, 8, 5, NULL);
INSERT INTO evaluation_details (evaluation_id, question_id, score, comment) VALUES (100, 9, 4, NULL);
INSERT INTO evaluation_details (evaluation_id, question_id, score, comment) VALUES (100, 10, 4, NULL);
INSERT INTO evaluation_details (evaluation_id, question_id, score, comment) VALUES (100, 11, NULL, 'Podría darnos más recursos externos para estudiar.');
INSERT INTO evaluations (id, evaluatee_id, form_id, period_id, is_anonymous, status, submitted_at, created_at) VALUES (101, 2, 1, 2, FALSE, 'submitted', '2026-04-10 10:00:00', '2026-04-10 10:00:00');
INSERT INTO evaluation_submissions (evaluator_id, evaluatee_id, period_id, evaluation_id, created_at) VALUES (18, 2, 2, 101, '2026-04-10 10:00:00');
INSERT INTO evaluation_details (evaluation_id, question_id, score, comment) VALUES (101, 1, 5, NULL);
INSERT INTO evaluation_details (evaluation_id, question_id, score, comment) VALUES (101, 2, 5, NULL);
INSERT INTO evaluation_details (evaluation_id, question_id, score, comment) VALUES (101, 3, 5, NULL);
INSERT INTO evaluation_details (evaluation_id, question_id, score, comment) VALUES (101, 4, 4, NULL);
INSERT INTO evaluation_details (evaluation_id, question_id, score, comment) VALUES (101, 5, 4, NULL);
INSERT INTO evaluation_details (evaluation_id, question_id, score, comment) VALUES (101, 6, 3, NULL);
INSERT INTO evaluation_details (evaluation_id, question_id, score, comment) VALUES (101, 7, 4, NULL);
INSERT INTO evaluation_details (evaluation_id, question_id, score, comment) VALUES (101, 8, 5, NULL);
INSERT INTO evaluation_details (evaluation_id, question_id, score, comment) VALUES (101, 9, 5, NULL);
INSERT INTO evaluation_details (evaluation_id, question_id, score, comment) VALUES (101, 10, 5, NULL);
INSERT INTO evaluation_details (evaluation_id, question_id, score, comment) VALUES (101, 11, NULL, 'Excelente acompañamiento, siempre está dispuesto a ayudarnos.');
INSERT INTO evaluations (id, evaluatee_id, form_id, period_id, is_anonymous, status, submitted_at, created_at) VALUES (102, 2, 1, 2, FALSE, 'submitted', '2026-04-10 10:00:00', '2026-04-10 10:00:00');
INSERT INTO evaluation_submissions (evaluator_id, evaluatee_id, period_id, evaluation_id, created_at) VALUES (20, 2, 2, 102, '2026-04-10 10:00:00');
INSERT INTO evaluation_details (evaluation_id, question_id, score, comment) VALUES (102, 1, 4, NULL);
INSERT INTO evaluation_details (evaluation_id, question_id, score, comment) VALUES (102, 2, 4, NULL);
INSERT INTO evaluation_details (evaluation_id, question_id, score, comment) VALUES (102, 3, 5, NULL);
INSERT INTO evaluation_details (evaluation_id, question_id, score, comment) VALUES (102, 4, 4, NULL);
INSERT INTO evaluation_details (evaluation_id, question_id, score, comment) VALUES (102, 5, 3, NULL);
INSERT INTO evaluation_details (evaluation_id, question_id, score, comment) VALUES (102, 6, 4, NULL);
INSERT INTO evaluation_details (evaluation_id, question_id, score, comment) VALUES (102, 7, 4, NULL);
INSERT INTO evaluation_details (evaluation_id, question_id, score, comment) VALUES (102, 8, 4, NULL);
INSERT INTO evaluation_details (evaluation_id, question_id, score, comment) VALUES (102, 9, 3, NULL);
INSERT INTO evaluation_details (evaluation_id, question_id, score, comment) VALUES (102, 10, 5, NULL);
INSERT INTO evaluation_details (evaluation_id, question_id, score, comment) VALUES (102, 11, NULL, 'Debería mantener su paciencia, es un gran líder.');
INSERT INTO evaluations (id, evaluatee_id, form_id, period_id, is_anonymous, status, submitted_at, created_at) VALUES (103, 2, 1, 2, FALSE, 'submitted', '2026-04-10 10:00:00', '2026-04-10 10:00:00');
INSERT INTO evaluation_submissions (evaluator_id, evaluatee_id, period_id, evaluation_id, created_at) VALUES (21, 2, 2, 103, '2026-04-10 10:00:00');
INSERT INTO evaluation_details (evaluation_id, question_id, score, comment) VALUES (103, 1, 5, NULL);
INSERT INTO evaluation_details (evaluation_id, question_id, score, comment) VALUES (103, 2, 4, NULL);
INSERT INTO evaluation_details (evaluation_id, question_id, score, comment) VALUES (103, 3, 5, NULL);
INSERT INTO evaluation_details (evaluation_id, question_id, score, comment) VALUES (103, 4, 4, NULL);
INSERT INTO evaluation_details (evaluation_id, question_id, score, comment) VALUES (103, 5, 5, NULL);
INSERT INTO evaluation_details (evaluation_id, question_id, score, comment) VALUES (103, 6, 4, NULL);
INSERT INTO evaluation_details (evaluation_id, question_id, score, comment) VALUES (103, 7, 5, NULL);
INSERT INTO evaluation_details (evaluation_id, question_id, score, comment) VALUES (103, 8, 5, NULL);
INSERT INTO evaluation_details (evaluation_id, question_id, score, comment) VALUES (103, 9, 4, NULL);
INSERT INTO evaluation_details (evaluation_id, question_id, score, comment) VALUES (103, 10, 5, NULL);
INSERT INTO evaluations (id, evaluatee_id, form_id, period_id, is_anonymous, status, submitted_at, created_at) VALUES (104, 2, 1, 2, FALSE, 'submitted', '2026-04-10 10:00:00', '2026-04-10 10:00:00');
INSERT INTO evaluation_submissions (evaluator_id, evaluatee_id, period_id, evaluation_id, created_at) VALUES (22, 2, 2, 104, '2026-04-10 10:00:00');
INSERT INTO evaluation_details (evaluation_id, question_id, score, comment) VALUES (104, 1, 4, NULL);
INSERT INTO evaluation_details (evaluation_id, question_id, score, comment) VALUES (104, 2, 5, NULL);
INSERT INTO evaluation_details (evaluation_id, question_id, score, comment) VALUES (104, 3, 4, NULL);
INSERT INTO evaluation_details (evaluation_id, question_id, score, comment) VALUES (104, 4, 4, NULL);
INSERT INTO evaluation_details (evaluation_id, question_id, score, comment) VALUES (104, 5, 4, NULL);
INSERT INTO evaluation_details (evaluation_id, question_id, score, comment) VALUES (104, 6, 5, NULL);
INSERT INTO evaluation_details (evaluation_id, question_id, score, comment) VALUES (104, 7, 4, NULL);
INSERT INTO evaluation_details (evaluation_id, question_id, score, comment) VALUES (104, 8, 4, NULL);
INSERT INTO evaluation_details (evaluation_id, question_id, score, comment) VALUES (104, 9, 5, NULL);
INSERT INTO evaluation_details (evaluation_id, question_id, score, comment) VALUES (104, 10, 4, NULL);
INSERT INTO evaluation_details (evaluation_id, question_id, score, comment) VALUES (104, 11, NULL, 'Muy buen TL, siempre nos guía cuando estamos bloqueados.');
INSERT INTO evaluations (id, evaluatee_id, form_id, period_id, is_anonymous, status, submitted_at, created_at) VALUES (105, 2, 1, 2, FALSE, 'submitted', '2026-04-10 10:00:00', '2026-04-10 10:00:00');
INSERT INTO evaluation_submissions (evaluator_id, evaluatee_id, period_id, evaluation_id, created_at) VALUES (23, 2, 2, 105, '2026-04-10 10:00:00');
INSERT INTO evaluation_details (evaluation_id, question_id, score, comment) VALUES (105, 1, 5, NULL);
INSERT INTO evaluation_details (evaluation_id, question_id, score, comment) VALUES (105, 2, 5, NULL);
INSERT INTO evaluation_details (evaluation_id, question_id, score, comment) VALUES (105, 3, 5, NULL);
INSERT INTO evaluation_details (evaluation_id, question_id, score, comment) VALUES (105, 4, 4, NULL);
INSERT INTO evaluation_details (evaluation_id, question_id, score, comment) VALUES (105, 5, 5, NULL);
INSERT INTO evaluation_details (evaluation_id, question_id, score, comment) VALUES (105, 6, 5, NULL);
INSERT INTO evaluation_details (evaluation_id, question_id, score, comment) VALUES (105, 7, 4, NULL);
INSERT INTO evaluation_details (evaluation_id, question_id, score, comment) VALUES (105, 8, 4, NULL);
INSERT INTO evaluation_details (evaluation_id, question_id, score, comment) VALUES (105, 9, 4, NULL);
INSERT INTO evaluation_details (evaluation_id, question_id, score, comment) VALUES (105, 10, 4, NULL);
INSERT INTO evaluations (id, evaluatee_id, form_id, period_id, is_anonymous, status, submitted_at, created_at) VALUES (106, 2, 1, 2, FALSE, 'submitted', '2026-04-10 10:00:00', '2026-04-10 10:00:00');
INSERT INTO evaluation_submissions (evaluator_id, evaluatee_id, period_id, evaluation_id, created_at) VALUES (24, 2, 2, 106, '2026-04-10 10:00:00');
INSERT INTO evaluation_details (evaluation_id, question_id, score, comment) VALUES (106, 1, 4, NULL);
INSERT INTO evaluation_details (evaluation_id, question_id, score, comment) VALUES (106, 2, 5, NULL);
INSERT INTO evaluation_details (evaluation_id, question_id, score, comment) VALUES (106, 3, 5, NULL);
INSERT INTO evaluation_details (evaluation_id, question_id, score, comment) VALUES (106, 4, 5, NULL);
INSERT INTO evaluation_details (evaluation_id, question_id, score, comment) VALUES (106, 5, 5, NULL);
INSERT INTO evaluation_details (evaluation_id, question_id, score, comment) VALUES (106, 6, 5, NULL);
INSERT INTO evaluation_details (evaluation_id, question_id, score, comment) VALUES (106, 7, 4, NULL);
INSERT INTO evaluation_details (evaluation_id, question_id, score, comment) VALUES (106, 8, 4, NULL);
INSERT INTO evaluation_details (evaluation_id, question_id, score, comment) VALUES (106, 9, 4, NULL);
INSERT INTO evaluation_details (evaluation_id, question_id, score, comment) VALUES (106, 10, 4, NULL);
INSERT INTO evaluations (id, evaluatee_id, form_id, period_id, is_anonymous, status, submitted_at, created_at) VALUES (107, 2, 1, 2, FALSE, 'submitted', '2026-04-10 10:00:00', '2026-04-10 10:00:00');
INSERT INTO evaluation_submissions (evaluator_id, evaluatee_id, period_id, evaluation_id, created_at) VALUES (25, 2, 2, 107, '2026-04-10 10:00:00');
INSERT INTO evaluation_details (evaluation_id, question_id, score, comment) VALUES (107, 1, 3, NULL);
INSERT INTO evaluation_details (evaluation_id, question_id, score, comment) VALUES (107, 2, 5, NULL);
INSERT INTO evaluation_details (evaluation_id, question_id, score, comment) VALUES (107, 3, 4, NULL);
INSERT INTO evaluation_details (evaluation_id, question_id, score, comment) VALUES (107, 4, 4, NULL);
INSERT INTO evaluation_details (evaluation_id, question_id, score, comment) VALUES (107, 5, 4, NULL);
INSERT INTO evaluation_details (evaluation_id, question_id, score, comment) VALUES (107, 6, 5, NULL);
INSERT INTO evaluation_details (evaluation_id, question_id, score, comment) VALUES (107, 7, 5, NULL);
INSERT INTO evaluation_details (evaluation_id, question_id, score, comment) VALUES (107, 8, 4, NULL);
INSERT INTO evaluation_details (evaluation_id, question_id, score, comment) VALUES (107, 9, 4, NULL);
INSERT INTO evaluation_details (evaluation_id, question_id, score, comment) VALUES (107, 10, 5, NULL);
INSERT INTO evaluation_details (evaluation_id, question_id, score, comment) VALUES (107, 11, NULL, 'Debería mantener su paciencia, es un gran líder.');
INSERT INTO evaluations (id, evaluatee_id, form_id, period_id, is_anonymous, status, submitted_at, created_at) VALUES (108, 2, 1, 2, TRUE, 'submitted', '2026-04-10 10:00:00', '2026-04-10 10:00:00');
INSERT INTO evaluation_submissions (evaluator_id, evaluatee_id, period_id, evaluation_id, created_at) VALUES (26, 2, 2, 108, '2026-04-10 10:00:00');
INSERT INTO evaluation_details (evaluation_id, question_id, score, comment) VALUES (108, 1, 5, NULL);
INSERT INTO evaluation_details (evaluation_id, question_id, score, comment) VALUES (108, 2, 5, NULL);
INSERT INTO evaluation_details (evaluation_id, question_id, score, comment) VALUES (108, 3, 4, NULL);
INSERT INTO evaluation_details (evaluation_id, question_id, score, comment) VALUES (108, 4, 5, NULL);
INSERT INTO evaluation_details (evaluation_id, question_id, score, comment) VALUES (108, 5, 4, NULL);
INSERT INTO evaluation_details (evaluation_id, question_id, score, comment) VALUES (108, 6, 4, NULL);
INSERT INTO evaluation_details (evaluation_id, question_id, score, comment) VALUES (108, 7, 5, NULL);
INSERT INTO evaluation_details (evaluation_id, question_id, score, comment) VALUES (108, 8, 5, NULL);
INSERT INTO evaluation_details (evaluation_id, question_id, score, comment) VALUES (108, 9, 4, NULL);
INSERT INTO evaluation_details (evaluation_id, question_id, score, comment) VALUES (108, 10, 4, NULL);
INSERT INTO evaluation_details (evaluation_id, question_id, score, comment) VALUES (108, 11, NULL, 'Podría darnos más recursos externos para estudiar.');
INSERT INTO evaluations (id, evaluatee_id, form_id, period_id, is_anonymous, status, submitted_at, created_at) VALUES (109, 2, 1, 2, TRUE, 'submitted', '2026-04-10 10:00:00', '2026-04-10 10:00:00');
INSERT INTO evaluation_submissions (evaluator_id, evaluatee_id, period_id, evaluation_id, created_at) VALUES (27, 2, 2, 109, '2026-04-10 10:00:00');
INSERT INTO evaluation_details (evaluation_id, question_id, score, comment) VALUES (109, 1, 3, NULL);
INSERT INTO evaluation_details (evaluation_id, question_id, score, comment) VALUES (109, 2, 5, NULL);
INSERT INTO evaluation_details (evaluation_id, question_id, score, comment) VALUES (109, 3, 5, NULL);
INSERT INTO evaluation_details (evaluation_id, question_id, score, comment) VALUES (109, 4, 5, NULL);
INSERT INTO evaluation_details (evaluation_id, question_id, score, comment) VALUES (109, 5, 3, NULL);
INSERT INTO evaluation_details (evaluation_id, question_id, score, comment) VALUES (109, 6, 5, NULL);
INSERT INTO evaluation_details (evaluation_id, question_id, score, comment) VALUES (109, 7, 4, NULL);
INSERT INTO evaluation_details (evaluation_id, question_id, score, comment) VALUES (109, 8, 4, NULL);
INSERT INTO evaluation_details (evaluation_id, question_id, score, comment) VALUES (109, 9, 5, NULL);
INSERT INTO evaluation_details (evaluation_id, question_id, score, comment) VALUES (109, 10, 4, NULL);
INSERT INTO evaluation_details (evaluation_id, question_id, score, comment) VALUES (109, 11, NULL, 'Excelente acompañamiento, siempre está dispuesto a ayudarnos.');
INSERT INTO evaluations (id, evaluatee_id, form_id, period_id, is_anonymous, status, submitted_at, created_at) VALUES (110, 2, 1, 2, FALSE, 'submitted', '2026-04-10 10:00:00', '2026-04-10 10:00:00');
INSERT INTO evaluation_submissions (evaluator_id, evaluatee_id, period_id, evaluation_id, created_at) VALUES (28, 2, 2, 110, '2026-04-10 10:00:00');
INSERT INTO evaluation_details (evaluation_id, question_id, score, comment) VALUES (110, 1, 4, NULL);
INSERT INTO evaluation_details (evaluation_id, question_id, score, comment) VALUES (110, 2, 4, NULL);
INSERT INTO evaluation_details (evaluation_id, question_id, score, comment) VALUES (110, 3, 5, NULL);
INSERT INTO evaluation_details (evaluation_id, question_id, score, comment) VALUES (110, 4, 5, NULL);
INSERT INTO evaluation_details (evaluation_id, question_id, score, comment) VALUES (110, 5, 4, NULL);
INSERT INTO evaluation_details (evaluation_id, question_id, score, comment) VALUES (110, 6, 5, NULL);
INSERT INTO evaluation_details (evaluation_id, question_id, score, comment) VALUES (110, 7, 5, NULL);
INSERT INTO evaluation_details (evaluation_id, question_id, score, comment) VALUES (110, 8, 5, NULL);
INSERT INTO evaluation_details (evaluation_id, question_id, score, comment) VALUES (110, 9, 5, NULL);
INSERT INTO evaluation_details (evaluation_id, question_id, score, comment) VALUES (110, 10, 5, NULL);
INSERT INTO evaluation_details (evaluation_id, question_id, score, comment) VALUES (110, 11, NULL, 'Las dailies son muy útiles, las dirige muy bien.');
INSERT INTO evaluations (id, evaluatee_id, form_id, period_id, is_anonymous, status, submitted_at, created_at) VALUES (111, 2, 1, 2, FALSE, 'submitted', '2026-04-10 10:00:00', '2026-04-10 10:00:00');
INSERT INTO evaluation_submissions (evaluator_id, evaluatee_id, period_id, evaluation_id, created_at) VALUES (29, 2, 2, 111, '2026-04-10 10:00:00');
INSERT INTO evaluation_details (evaluation_id, question_id, score, comment) VALUES (111, 1, 4, NULL);
INSERT INTO evaluation_details (evaluation_id, question_id, score, comment) VALUES (111, 2, 5, NULL);
INSERT INTO evaluation_details (evaluation_id, question_id, score, comment) VALUES (111, 3, 3, NULL);
INSERT INTO evaluation_details (evaluation_id, question_id, score, comment) VALUES (111, 4, 5, NULL);
INSERT INTO evaluation_details (evaluation_id, question_id, score, comment) VALUES (111, 5, 3, NULL);
INSERT INTO evaluation_details (evaluation_id, question_id, score, comment) VALUES (111, 6, 3, NULL);
INSERT INTO evaluation_details (evaluation_id, question_id, score, comment) VALUES (111, 7, 3, NULL);
INSERT INTO evaluation_details (evaluation_id, question_id, score, comment) VALUES (111, 8, 5, NULL);
INSERT INTO evaluation_details (evaluation_id, question_id, score, comment) VALUES (111, 9, 5, NULL);
INSERT INTO evaluation_details (evaluation_id, question_id, score, comment) VALUES (111, 10, 4, NULL);
INSERT INTO evaluation_details (evaluation_id, question_id, score, comment) VALUES (111, 11, NULL, 'Me encanta su forma de liderar, he aprendido mucho de él.');
INSERT INTO evaluations (id, evaluatee_id, form_id, period_id, is_anonymous, status, submitted_at, created_at) VALUES (112, 2, 1, 2, TRUE, 'submitted', '2026-04-10 10:00:00', '2026-04-10 10:00:00');
INSERT INTO evaluation_submissions (evaluator_id, evaluatee_id, period_id, evaluation_id, created_at) VALUES (30, 2, 2, 112, '2026-04-10 10:00:00');
INSERT INTO evaluation_details (evaluation_id, question_id, score, comment) VALUES (112, 1, 5, NULL);
INSERT INTO evaluation_details (evaluation_id, question_id, score, comment) VALUES (112, 2, 4, NULL);
INSERT INTO evaluation_details (evaluation_id, question_id, score, comment) VALUES (112, 3, 4, NULL);
INSERT INTO evaluation_details (evaluation_id, question_id, score, comment) VALUES (112, 4, 5, NULL);
INSERT INTO evaluation_details (evaluation_id, question_id, score, comment) VALUES (112, 5, 5, NULL);
INSERT INTO evaluation_details (evaluation_id, question_id, score, comment) VALUES (112, 6, 4, NULL);
INSERT INTO evaluation_details (evaluation_id, question_id, score, comment) VALUES (112, 7, 3, NULL);
INSERT INTO evaluation_details (evaluation_id, question_id, score, comment) VALUES (112, 8, 5, NULL);
INSERT INTO evaluation_details (evaluation_id, question_id, score, comment) VALUES (112, 9, 4, NULL);
INSERT INTO evaluation_details (evaluation_id, question_id, score, comment) VALUES (112, 10, 5, NULL);
INSERT INTO evaluation_details (evaluation_id, question_id, score, comment) VALUES (112, 11, NULL, 'Debería mantener su paciencia, es un gran líder.');
INSERT INTO evaluations (id, evaluatee_id, form_id, period_id, is_anonymous, status, submitted_at, created_at) VALUES (113, 2, 1, 2, FALSE, 'submitted', '2026-04-10 10:00:00', '2026-04-10 10:00:00');
INSERT INTO evaluation_submissions (evaluator_id, evaluatee_id, period_id, evaluation_id, created_at) VALUES (31, 2, 2, 113, '2026-04-10 10:00:00');
INSERT INTO evaluation_details (evaluation_id, question_id, score, comment) VALUES (113, 1, 4, NULL);
INSERT INTO evaluation_details (evaluation_id, question_id, score, comment) VALUES (113, 2, 4, NULL);
INSERT INTO evaluation_details (evaluation_id, question_id, score, comment) VALUES (113, 3, 5, NULL);
INSERT INTO evaluation_details (evaluation_id, question_id, score, comment) VALUES (113, 4, 4, NULL);
INSERT INTO evaluation_details (evaluation_id, question_id, score, comment) VALUES (113, 5, 4, NULL);
INSERT INTO evaluation_details (evaluation_id, question_id, score, comment) VALUES (113, 6, 4, NULL);
INSERT INTO evaluation_details (evaluation_id, question_id, score, comment) VALUES (113, 7, 4, NULL);
INSERT INTO evaluation_details (evaluation_id, question_id, score, comment) VALUES (113, 8, 4, NULL);
INSERT INTO evaluation_details (evaluation_id, question_id, score, comment) VALUES (113, 9, 5, NULL);
INSERT INTO evaluation_details (evaluation_id, question_id, score, comment) VALUES (113, 10, 3, NULL);
INSERT INTO evaluation_details (evaluation_id, question_id, score, comment) VALUES (113, 11, NULL, 'Explica súper bien los requerimientos de los proyectos.');
INSERT INTO evaluations (id, evaluatee_id, form_id, period_id, is_anonymous, status, submitted_at, created_at) VALUES (114, 2, 1, 2, FALSE, 'submitted', '2026-04-10 10:00:00', '2026-04-10 10:00:00');
INSERT INTO evaluation_submissions (evaluator_id, evaluatee_id, period_id, evaluation_id, created_at) VALUES (32, 2, 2, 114, '2026-04-10 10:00:00');
INSERT INTO evaluation_details (evaluation_id, question_id, score, comment) VALUES (114, 1, 5, NULL);
INSERT INTO evaluation_details (evaluation_id, question_id, score, comment) VALUES (114, 2, 5, NULL);
INSERT INTO evaluation_details (evaluation_id, question_id, score, comment) VALUES (114, 3, 4, NULL);
INSERT INTO evaluation_details (evaluation_id, question_id, score, comment) VALUES (114, 4, 4, NULL);
INSERT INTO evaluation_details (evaluation_id, question_id, score, comment) VALUES (114, 5, 5, NULL);
INSERT INTO evaluation_details (evaluation_id, question_id, score, comment) VALUES (114, 6, 4, NULL);
INSERT INTO evaluation_details (evaluation_id, question_id, score, comment) VALUES (114, 7, 4, NULL);
INSERT INTO evaluation_details (evaluation_id, question_id, score, comment) VALUES (114, 8, 5, NULL);
INSERT INTO evaluation_details (evaluation_id, question_id, score, comment) VALUES (114, 9, 5, NULL);
INSERT INTO evaluation_details (evaluation_id, question_id, score, comment) VALUES (114, 10, 3, NULL);
INSERT INTO evaluation_details (evaluation_id, question_id, score, comment) VALUES (114, 11, NULL, 'Gracias a él he mejorado mucho mi lógica.');
INSERT INTO evaluations (id, evaluatee_id, form_id, period_id, is_anonymous, status, submitted_at, created_at) VALUES (115, 2, 1, 2, TRUE, 'submitted', '2026-04-10 10:00:00', '2026-04-10 10:00:00');
INSERT INTO evaluation_submissions (evaluator_id, evaluatee_id, period_id, evaluation_id, created_at) VALUES (33, 2, 2, 115, '2026-04-10 10:00:00');
INSERT INTO evaluation_details (evaluation_id, question_id, score, comment) VALUES (115, 1, 4, NULL);
INSERT INTO evaluation_details (evaluation_id, question_id, score, comment) VALUES (115, 2, 4, NULL);
INSERT INTO evaluation_details (evaluation_id, question_id, score, comment) VALUES (115, 3, 5, NULL);
INSERT INTO evaluation_details (evaluation_id, question_id, score, comment) VALUES (115, 4, 4, NULL);
INSERT INTO evaluation_details (evaluation_id, question_id, score, comment) VALUES (115, 5, 5, NULL);
INSERT INTO evaluation_details (evaluation_id, question_id, score, comment) VALUES (115, 6, 5, NULL);
INSERT INTO evaluation_details (evaluation_id, question_id, score, comment) VALUES (115, 7, 5, NULL);
INSERT INTO evaluation_details (evaluation_id, question_id, score, comment) VALUES (115, 8, 5, NULL);
INSERT INTO evaluation_details (evaluation_id, question_id, score, comment) VALUES (115, 9, 5, NULL);
INSERT INTO evaluation_details (evaluation_id, question_id, score, comment) VALUES (115, 10, 5, NULL);
INSERT INTO evaluations (id, evaluatee_id, form_id, period_id, is_anonymous, status, submitted_at, created_at) VALUES (116, 2, 1, 2, TRUE, 'submitted', '2026-04-10 10:00:00', '2026-04-10 10:00:00');
INSERT INTO evaluation_submissions (evaluator_id, evaluatee_id, period_id, evaluation_id, created_at) VALUES (34, 2, 2, 116, '2026-04-10 10:00:00');
INSERT INTO evaluation_details (evaluation_id, question_id, score, comment) VALUES (116, 1, 5, NULL);
INSERT INTO evaluation_details (evaluation_id, question_id, score, comment) VALUES (116, 2, 4, NULL);
INSERT INTO evaluation_details (evaluation_id, question_id, score, comment) VALUES (116, 3, 5, NULL);
INSERT INTO evaluation_details (evaluation_id, question_id, score, comment) VALUES (116, 4, 5, NULL);
INSERT INTO evaluation_details (evaluation_id, question_id, score, comment) VALUES (116, 5, 4, NULL);
INSERT INTO evaluation_details (evaluation_id, question_id, score, comment) VALUES (116, 6, 5, NULL);
INSERT INTO evaluation_details (evaluation_id, question_id, score, comment) VALUES (116, 7, 4, NULL);
INSERT INTO evaluation_details (evaluation_id, question_id, score, comment) VALUES (116, 8, 5, NULL);
INSERT INTO evaluation_details (evaluation_id, question_id, score, comment) VALUES (116, 9, 3, NULL);
INSERT INTO evaluation_details (evaluation_id, question_id, score, comment) VALUES (116, 10, 4, NULL);
INSERT INTO evaluation_details (evaluation_id, question_id, score, comment) VALUES (116, 11, NULL, 'Me gustaría que las dailies fueran un poco más largas.');
INSERT INTO evaluations (id, evaluatee_id, form_id, period_id, is_anonymous, status, submitted_at, created_at) VALUES (117, 2, 1, 2, FALSE, 'submitted', '2026-04-10 10:00:00', '2026-04-10 10:00:00');
INSERT INTO evaluation_submissions (evaluator_id, evaluatee_id, period_id, evaluation_id, created_at) VALUES (35, 2, 2, 117, '2026-04-10 10:00:00');
INSERT INTO evaluation_details (evaluation_id, question_id, score, comment) VALUES (117, 1, 5, NULL);
INSERT INTO evaluation_details (evaluation_id, question_id, score, comment) VALUES (117, 2, 5, NULL);
INSERT INTO evaluation_details (evaluation_id, question_id, score, comment) VALUES (117, 3, 5, NULL);
INSERT INTO evaluation_details (evaluation_id, question_id, score, comment) VALUES (117, 4, 5, NULL);
INSERT INTO evaluation_details (evaluation_id, question_id, score, comment) VALUES (117, 5, 4, NULL);
INSERT INTO evaluation_details (evaluation_id, question_id, score, comment) VALUES (117, 6, 5, NULL);
INSERT INTO evaluation_details (evaluation_id, question_id, score, comment) VALUES (117, 7, 4, NULL);
INSERT INTO evaluation_details (evaluation_id, question_id, score, comment) VALUES (117, 8, 5, NULL);
INSERT INTO evaluation_details (evaluation_id, question_id, score, comment) VALUES (117, 9, 4, NULL);
INSERT INTO evaluation_details (evaluation_id, question_id, score, comment) VALUES (117, 10, 5, NULL);
INSERT INTO evaluations (id, evaluatee_id, form_id, period_id, is_anonymous, status, submitted_at, created_at) VALUES (118, 2, 1, 2, FALSE, 'submitted', '2026-04-10 10:00:00', '2026-04-10 10:00:00');
INSERT INTO evaluation_submissions (evaluator_id, evaluatee_id, period_id, evaluation_id, created_at) VALUES (36, 2, 2, 118, '2026-04-10 10:00:00');
INSERT INTO evaluation_details (evaluation_id, question_id, score, comment) VALUES (118, 1, 4, NULL);
INSERT INTO evaluation_details (evaluation_id, question_id, score, comment) VALUES (118, 2, 4, NULL);
INSERT INTO evaluation_details (evaluation_id, question_id, score, comment) VALUES (118, 3, 5, NULL);
INSERT INTO evaluation_details (evaluation_id, question_id, score, comment) VALUES (118, 4, 5, NULL);
INSERT INTO evaluation_details (evaluation_id, question_id, score, comment) VALUES (118, 5, 5, NULL);
INSERT INTO evaluation_details (evaluation_id, question_id, score, comment) VALUES (118, 6, 5, NULL);
INSERT INTO evaluation_details (evaluation_id, question_id, score, comment) VALUES (118, 7, 5, NULL);
INSERT INTO evaluation_details (evaluation_id, question_id, score, comment) VALUES (118, 8, 5, NULL);
INSERT INTO evaluation_details (evaluation_id, question_id, score, comment) VALUES (118, 9, 4, NULL);
INSERT INTO evaluation_details (evaluation_id, question_id, score, comment) VALUES (118, 10, 5, NULL);
INSERT INTO evaluations (id, evaluatee_id, form_id, period_id, is_anonymous, status, submitted_at, created_at) VALUES (119, 2, 1, 2, FALSE, 'submitted', '2026-04-10 10:00:00', '2026-04-10 10:00:00');
INSERT INTO evaluation_submissions (evaluator_id, evaluatee_id, period_id, evaluation_id, created_at) VALUES (37, 2, 2, 119, '2026-04-10 10:00:00');
INSERT INTO evaluation_details (evaluation_id, question_id, score, comment) VALUES (119, 1, 4, NULL);
INSERT INTO evaluation_details (evaluation_id, question_id, score, comment) VALUES (119, 2, 5, NULL);
INSERT INTO evaluation_details (evaluation_id, question_id, score, comment) VALUES (119, 3, 5, NULL);
INSERT INTO evaluation_details (evaluation_id, question_id, score, comment) VALUES (119, 4, 5, NULL);
INSERT INTO evaluation_details (evaluation_id, question_id, score, comment) VALUES (119, 5, 3, NULL);
INSERT INTO evaluation_details (evaluation_id, question_id, score, comment) VALUES (119, 6, 4, NULL);
INSERT INTO evaluation_details (evaluation_id, question_id, score, comment) VALUES (119, 7, 5, NULL);
INSERT INTO evaluation_details (evaluation_id, question_id, score, comment) VALUES (119, 8, 5, NULL);
INSERT INTO evaluation_details (evaluation_id, question_id, score, comment) VALUES (119, 9, 5, NULL);
INSERT INTO evaluation_details (evaluation_id, question_id, score, comment) VALUES (119, 10, 5, NULL);
INSERT INTO evaluation_details (evaluation_id, question_id, score, comment) VALUES (119, 11, NULL, 'Gracias a él he mejorado mucho mi lógica.');
INSERT INTO evaluations (id, evaluatee_id, form_id, period_id, is_anonymous, status, submitted_at, created_at) VALUES (120, 2, 1, 2, FALSE, 'submitted', '2026-04-10 10:00:00', '2026-04-10 10:00:00');
INSERT INTO evaluation_submissions (evaluator_id, evaluatee_id, period_id, evaluation_id, created_at) VALUES (38, 2, 2, 120, '2026-04-10 10:00:00');
INSERT INTO evaluation_details (evaluation_id, question_id, score, comment) VALUES (120, 1, 5, NULL);
INSERT INTO evaluation_details (evaluation_id, question_id, score, comment) VALUES (120, 2, 5, NULL);
INSERT INTO evaluation_details (evaluation_id, question_id, score, comment) VALUES (120, 3, 5, NULL);
INSERT INTO evaluation_details (evaluation_id, question_id, score, comment) VALUES (120, 4, 4, NULL);
INSERT INTO evaluation_details (evaluation_id, question_id, score, comment) VALUES (120, 5, 4, NULL);
INSERT INTO evaluation_details (evaluation_id, question_id, score, comment) VALUES (120, 6, 4, NULL);
INSERT INTO evaluation_details (evaluation_id, question_id, score, comment) VALUES (120, 7, 4, NULL);
INSERT INTO evaluation_details (evaluation_id, question_id, score, comment) VALUES (120, 8, 4, NULL);
INSERT INTO evaluation_details (evaluation_id, question_id, score, comment) VALUES (120, 9, 4, NULL);
INSERT INTO evaluation_details (evaluation_id, question_id, score, comment) VALUES (120, 10, 3, NULL);
INSERT INTO evaluation_details (evaluation_id, question_id, score, comment) VALUES (120, 11, NULL, 'Excelente acompañamiento, siempre está dispuesto a ayudarnos.');
INSERT INTO evaluations (id, evaluatee_id, form_id, period_id, is_anonymous, status, submitted_at, created_at) VALUES (121, 2, 1, 2, FALSE, 'submitted', '2026-04-10 10:00:00', '2026-04-10 10:00:00');
INSERT INTO evaluation_submissions (evaluator_id, evaluatee_id, period_id, evaluation_id, created_at) VALUES (39, 2, 2, 121, '2026-04-10 10:00:00');
INSERT INTO evaluation_details (evaluation_id, question_id, score, comment) VALUES (121, 1, 5, NULL);
INSERT INTO evaluation_details (evaluation_id, question_id, score, comment) VALUES (121, 2, 5, NULL);
INSERT INTO evaluation_details (evaluation_id, question_id, score, comment) VALUES (121, 3, 5, NULL);
INSERT INTO evaluation_details (evaluation_id, question_id, score, comment) VALUES (121, 4, 5, NULL);
INSERT INTO evaluation_details (evaluation_id, question_id, score, comment) VALUES (121, 5, 4, NULL);
INSERT INTO evaluation_details (evaluation_id, question_id, score, comment) VALUES (121, 6, 5, NULL);
INSERT INTO evaluation_details (evaluation_id, question_id, score, comment) VALUES (121, 7, 3, NULL);
INSERT INTO evaluation_details (evaluation_id, question_id, score, comment) VALUES (121, 8, 4, NULL);
INSERT INTO evaluation_details (evaluation_id, question_id, score, comment) VALUES (121, 9, 4, NULL);
INSERT INTO evaluation_details (evaluation_id, question_id, score, comment) VALUES (121, 10, 4, NULL);
INSERT INTO evaluation_details (evaluation_id, question_id, score, comment) VALUES (121, 11, NULL, 'Explica súper bien los requerimientos de los proyectos.');
INSERT INTO evaluations (id, evaluatee_id, form_id, period_id, is_anonymous, status, submitted_at, created_at) VALUES (122, 2, 1, 2, FALSE, 'submitted', '2026-04-10 10:00:00', '2026-04-10 10:00:00');
INSERT INTO evaluation_submissions (evaluator_id, evaluatee_id, period_id, evaluation_id, created_at) VALUES (40, 2, 2, 122, '2026-04-10 10:00:00');
INSERT INTO evaluation_details (evaluation_id, question_id, score, comment) VALUES (122, 1, 5, NULL);
INSERT INTO evaluation_details (evaluation_id, question_id, score, comment) VALUES (122, 2, 5, NULL);
INSERT INTO evaluation_details (evaluation_id, question_id, score, comment) VALUES (122, 3, 5, NULL);
INSERT INTO evaluation_details (evaluation_id, question_id, score, comment) VALUES (122, 4, 5, NULL);
INSERT INTO evaluation_details (evaluation_id, question_id, score, comment) VALUES (122, 5, 5, NULL);
INSERT INTO evaluation_details (evaluation_id, question_id, score, comment) VALUES (122, 6, 5, NULL);
INSERT INTO evaluation_details (evaluation_id, question_id, score, comment) VALUES (122, 7, 4, NULL);
INSERT INTO evaluation_details (evaluation_id, question_id, score, comment) VALUES (122, 8, 5, NULL);
INSERT INTO evaluation_details (evaluation_id, question_id, score, comment) VALUES (122, 9, 4, NULL);
INSERT INTO evaluation_details (evaluation_id, question_id, score, comment) VALUES (122, 10, 4, NULL);
INSERT INTO evaluations (id, evaluatee_id, form_id, period_id, is_anonymous, status, submitted_at, created_at) VALUES (123, 2, 1, 2, FALSE, 'submitted', '2026-04-10 10:00:00', '2026-04-10 10:00:00');
INSERT INTO evaluation_submissions (evaluator_id, evaluatee_id, period_id, evaluation_id, created_at) VALUES (41, 2, 2, 123, '2026-04-10 10:00:00');
INSERT INTO evaluation_details (evaluation_id, question_id, score, comment) VALUES (123, 1, 4, NULL);
INSERT INTO evaluation_details (evaluation_id, question_id, score, comment) VALUES (123, 2, 5, NULL);
INSERT INTO evaluation_details (evaluation_id, question_id, score, comment) VALUES (123, 3, 4, NULL);
INSERT INTO evaluation_details (evaluation_id, question_id, score, comment) VALUES (123, 4, 5, NULL);
INSERT INTO evaluation_details (evaluation_id, question_id, score, comment) VALUES (123, 5, 3, NULL);
INSERT INTO evaluation_details (evaluation_id, question_id, score, comment) VALUES (123, 6, 4, NULL);
INSERT INTO evaluation_details (evaluation_id, question_id, score, comment) VALUES (123, 7, 4, NULL);
INSERT INTO evaluation_details (evaluation_id, question_id, score, comment) VALUES (123, 8, 5, NULL);
INSERT INTO evaluation_details (evaluation_id, question_id, score, comment) VALUES (123, 9, 5, NULL);
INSERT INTO evaluation_details (evaluation_id, question_id, score, comment) VALUES (123, 10, 3, NULL);
INSERT INTO evaluation_details (evaluation_id, question_id, score, comment) VALUES (123, 11, NULL, 'Debería mantener su paciencia, es un gran líder.');
INSERT INTO evaluations (id, evaluatee_id, form_id, period_id, is_anonymous, status, submitted_at, created_at) VALUES (124, 2, 1, 2, TRUE, 'submitted', '2026-04-10 10:00:00', '2026-04-10 10:00:00');
INSERT INTO evaluation_submissions (evaluator_id, evaluatee_id, period_id, evaluation_id, created_at) VALUES (42, 2, 2, 124, '2026-04-10 10:00:00');
INSERT INTO evaluation_details (evaluation_id, question_id, score, comment) VALUES (124, 1, 5, NULL);
INSERT INTO evaluation_details (evaluation_id, question_id, score, comment) VALUES (124, 2, 4, NULL);
INSERT INTO evaluation_details (evaluation_id, question_id, score, comment) VALUES (124, 3, 4, NULL);
INSERT INTO evaluation_details (evaluation_id, question_id, score, comment) VALUES (124, 4, 4, NULL);
INSERT INTO evaluation_details (evaluation_id, question_id, score, comment) VALUES (124, 5, 4, NULL);
INSERT INTO evaluation_details (evaluation_id, question_id, score, comment) VALUES (124, 6, 4, NULL);
INSERT INTO evaluation_details (evaluation_id, question_id, score, comment) VALUES (124, 7, 5, NULL);
INSERT INTO evaluation_details (evaluation_id, question_id, score, comment) VALUES (124, 8, 4, NULL);
INSERT INTO evaluation_details (evaluation_id, question_id, score, comment) VALUES (124, 9, 4, NULL);
INSERT INTO evaluation_details (evaluation_id, question_id, score, comment) VALUES (124, 10, 5, NULL);
INSERT INTO evaluation_details (evaluation_id, question_id, score, comment) VALUES (124, 11, NULL, 'Las dailies son muy útiles, las dirige muy bien.');
INSERT INTO evaluations (id, evaluatee_id, form_id, period_id, is_anonymous, status, submitted_at, created_at) VALUES (125, 2, 1, 2, FALSE, 'submitted', '2026-04-10 10:00:00', '2026-04-10 10:00:00');
INSERT INTO evaluation_submissions (evaluator_id, evaluatee_id, period_id, evaluation_id, created_at) VALUES (44, 2, 2, 125, '2026-04-10 10:00:00');
INSERT INTO evaluation_details (evaluation_id, question_id, score, comment) VALUES (125, 1, 5, NULL);
INSERT INTO evaluation_details (evaluation_id, question_id, score, comment) VALUES (125, 2, 4, NULL);
INSERT INTO evaluation_details (evaluation_id, question_id, score, comment) VALUES (125, 3, 5, NULL);
INSERT INTO evaluation_details (evaluation_id, question_id, score, comment) VALUES (125, 4, 5, NULL);
INSERT INTO evaluation_details (evaluation_id, question_id, score, comment) VALUES (125, 5, 5, NULL);
INSERT INTO evaluation_details (evaluation_id, question_id, score, comment) VALUES (125, 6, 3, NULL);
INSERT INTO evaluation_details (evaluation_id, question_id, score, comment) VALUES (125, 7, 3, NULL);
INSERT INTO evaluation_details (evaluation_id, question_id, score, comment) VALUES (125, 8, 5, NULL);
INSERT INTO evaluation_details (evaluation_id, question_id, score, comment) VALUES (125, 9, 3, NULL);
INSERT INTO evaluation_details (evaluation_id, question_id, score, comment) VALUES (125, 10, 5, NULL);
INSERT INTO evaluations (id, evaluatee_id, form_id, period_id, is_anonymous, status, submitted_at, created_at) VALUES (126, 2, 1, 2, TRUE, 'submitted', '2026-04-10 10:00:00', '2026-04-10 10:00:00');
INSERT INTO evaluation_submissions (evaluator_id, evaluatee_id, period_id, evaluation_id, created_at) VALUES (45, 2, 2, 126, '2026-04-10 10:00:00');
INSERT INTO evaluation_details (evaluation_id, question_id, score, comment) VALUES (126, 1, 5, NULL);
INSERT INTO evaluation_details (evaluation_id, question_id, score, comment) VALUES (126, 2, 5, NULL);
INSERT INTO evaluation_details (evaluation_id, question_id, score, comment) VALUES (126, 3, 4, NULL);
INSERT INTO evaluation_details (evaluation_id, question_id, score, comment) VALUES (126, 4, 5, NULL);
INSERT INTO evaluation_details (evaluation_id, question_id, score, comment) VALUES (126, 5, 4, NULL);
INSERT INTO evaluation_details (evaluation_id, question_id, score, comment) VALUES (126, 6, 4, NULL);
INSERT INTO evaluation_details (evaluation_id, question_id, score, comment) VALUES (126, 7, 4, NULL);
INSERT INTO evaluation_details (evaluation_id, question_id, score, comment) VALUES (126, 8, 5, NULL);
INSERT INTO evaluation_details (evaluation_id, question_id, score, comment) VALUES (126, 9, 4, NULL);
INSERT INTO evaluation_details (evaluation_id, question_id, score, comment) VALUES (126, 10, 5, NULL);
INSERT INTO evaluation_details (evaluation_id, question_id, score, comment) VALUES (126, 11, NULL, 'Explica súper bien los requerimientos de los proyectos.');
INSERT INTO evaluations (id, evaluatee_id, form_id, period_id, is_anonymous, status, submitted_at, created_at) VALUES (127, 4, 1, 2, FALSE, 'submitted', '2026-04-10 10:00:00', '2026-04-10 10:00:00');
INSERT INTO evaluation_submissions (evaluator_id, evaluatee_id, period_id, evaluation_id, created_at) VALUES (52, 4, 2, 127, '2026-04-10 10:00:00');
INSERT INTO evaluation_details (evaluation_id, question_id, score, comment) VALUES (127, 1, 5, NULL);
INSERT INTO evaluation_details (evaluation_id, question_id, score, comment) VALUES (127, 2, 4, NULL);
INSERT INTO evaluation_details (evaluation_id, question_id, score, comment) VALUES (127, 3, 5, NULL);
INSERT INTO evaluation_details (evaluation_id, question_id, score, comment) VALUES (127, 4, 5, NULL);
INSERT INTO evaluation_details (evaluation_id, question_id, score, comment) VALUES (127, 5, 4, NULL);
INSERT INTO evaluation_details (evaluation_id, question_id, score, comment) VALUES (127, 6, 3, NULL);
INSERT INTO evaluation_details (evaluation_id, question_id, score, comment) VALUES (127, 7, 5, NULL);
INSERT INTO evaluation_details (evaluation_id, question_id, score, comment) VALUES (127, 8, 4, NULL);
INSERT INTO evaluation_details (evaluation_id, question_id, score, comment) VALUES (127, 9, 5, NULL);
INSERT INTO evaluation_details (evaluation_id, question_id, score, comment) VALUES (127, 10, 5, NULL);
INSERT INTO evaluations (id, evaluatee_id, form_id, period_id, is_anonymous, status, submitted_at, created_at) VALUES (128, 7, 2, 2, TRUE, 'submitted', '2026-04-10 10:00:00', '2026-04-10 10:00:00');
INSERT INTO evaluation_submissions (evaluator_id, evaluatee_id, period_id, evaluation_id, created_at) VALUES (52, 7, 2, 128, '2026-04-10 10:00:00');
INSERT INTO evaluation_details (evaluation_id, question_id, score, comment) VALUES (128, 12, 4, NULL);
INSERT INTO evaluation_details (evaluation_id, question_id, score, comment) VALUES (128, 13, 4, NULL);
INSERT INTO evaluation_details (evaluation_id, question_id, score, comment) VALUES (128, 14, 5, NULL);
INSERT INTO evaluation_details (evaluation_id, question_id, score, comment) VALUES (128, 15, 4, NULL);
INSERT INTO evaluation_details (evaluation_id, question_id, score, comment) VALUES (128, 16, 5, NULL);
INSERT INTO evaluation_details (evaluation_id, question_id, score, comment) VALUES (128, 17, 5, NULL);
INSERT INTO evaluation_details (evaluation_id, question_id, score, comment) VALUES (128, 18, 5, NULL);
INSERT INTO evaluation_details (evaluation_id, question_id, score, comment) VALUES (128, 19, 5, NULL);
INSERT INTO evaluation_details (evaluation_id, question_id, score, comment) VALUES (128, 20, NULL, 'Me encanta cómo explica la arquitectura de software.');
INSERT INTO evaluations (id, evaluatee_id, form_id, period_id, is_anonymous, status, submitted_at, created_at) VALUES (129, 4, 1, 2, FALSE, 'submitted', '2026-04-10 10:00:00', '2026-04-10 10:00:00');
INSERT INTO evaluation_submissions (evaluator_id, evaluatee_id, period_id, evaluation_id, created_at) VALUES (53, 4, 2, 129, '2026-04-10 10:00:00');
INSERT INTO evaluation_details (evaluation_id, question_id, score, comment) VALUES (129, 1, 4, NULL);
INSERT INTO evaluation_details (evaluation_id, question_id, score, comment) VALUES (129, 2, 4, NULL);
INSERT INTO evaluation_details (evaluation_id, question_id, score, comment) VALUES (129, 3, 5, NULL);
INSERT INTO evaluation_details (evaluation_id, question_id, score, comment) VALUES (129, 4, 5, NULL);
INSERT INTO evaluation_details (evaluation_id, question_id, score, comment) VALUES (129, 5, 5, NULL);
INSERT INTO evaluation_details (evaluation_id, question_id, score, comment) VALUES (129, 6, 3, NULL);
INSERT INTO evaluation_details (evaluation_id, question_id, score, comment) VALUES (129, 7, 5, NULL);
INSERT INTO evaluation_details (evaluation_id, question_id, score, comment) VALUES (129, 8, 3, NULL);
INSERT INTO evaluation_details (evaluation_id, question_id, score, comment) VALUES (129, 9, 5, NULL);
INSERT INTO evaluation_details (evaluation_id, question_id, score, comment) VALUES (129, 10, 5, NULL);
INSERT INTO evaluation_details (evaluation_id, question_id, score, comment) VALUES (129, 11, NULL, 'Gracias a él he mejorado mucho mi lógica.');
INSERT INTO evaluations (id, evaluatee_id, form_id, period_id, is_anonymous, status, submitted_at, created_at) VALUES (130, 7, 2, 2, TRUE, 'submitted', '2026-04-10 10:00:00', '2026-04-10 10:00:00');
INSERT INTO evaluation_submissions (evaluator_id, evaluatee_id, period_id, evaluation_id, created_at) VALUES (53, 7, 2, 130, '2026-04-10 10:00:00');
INSERT INTO evaluation_details (evaluation_id, question_id, score, comment) VALUES (130, 12, 4, NULL);
INSERT INTO evaluation_details (evaluation_id, question_id, score, comment) VALUES (130, 13, 4, NULL);
INSERT INTO evaluation_details (evaluation_id, question_id, score, comment) VALUES (130, 14, 5, NULL);
INSERT INTO evaluation_details (evaluation_id, question_id, score, comment) VALUES (130, 15, 4, NULL);
INSERT INTO evaluation_details (evaluation_id, question_id, score, comment) VALUES (130, 16, 3, NULL);
INSERT INTO evaluation_details (evaluation_id, question_id, score, comment) VALUES (130, 17, 4, NULL);
INSERT INTO evaluation_details (evaluation_id, question_id, score, comment) VALUES (130, 18, 3, NULL);
INSERT INTO evaluation_details (evaluation_id, question_id, score, comment) VALUES (130, 19, 3, NULL);
INSERT INTO evaluation_details (evaluation_id, question_id, score, comment) VALUES (130, 20, NULL, 'Me encanta cómo explica la arquitectura de software.');
INSERT INTO evaluations (id, evaluatee_id, form_id, period_id, is_anonymous, status, submitted_at, created_at) VALUES (131, 4, 1, 2, TRUE, 'submitted', '2026-04-10 10:00:00', '2026-04-10 10:00:00');
INSERT INTO evaluation_submissions (evaluator_id, evaluatee_id, period_id, evaluation_id, created_at) VALUES (54, 4, 2, 131, '2026-04-10 10:00:00');
INSERT INTO evaluation_details (evaluation_id, question_id, score, comment) VALUES (131, 1, 5, NULL);
INSERT INTO evaluation_details (evaluation_id, question_id, score, comment) VALUES (131, 2, 5, NULL);
INSERT INTO evaluation_details (evaluation_id, question_id, score, comment) VALUES (131, 3, 4, NULL);
INSERT INTO evaluation_details (evaluation_id, question_id, score, comment) VALUES (131, 4, 5, NULL);
INSERT INTO evaluation_details (evaluation_id, question_id, score, comment) VALUES (131, 5, 4, NULL);
INSERT INTO evaluation_details (evaluation_id, question_id, score, comment) VALUES (131, 6, 4, NULL);
INSERT INTO evaluation_details (evaluation_id, question_id, score, comment) VALUES (131, 7, 4, NULL);
INSERT INTO evaluation_details (evaluation_id, question_id, score, comment) VALUES (131, 8, 4, NULL);
INSERT INTO evaluation_details (evaluation_id, question_id, score, comment) VALUES (131, 9, 5, NULL);
INSERT INTO evaluation_details (evaluation_id, question_id, score, comment) VALUES (131, 10, 5, NULL);
INSERT INTO evaluation_details (evaluation_id, question_id, score, comment) VALUES (131, 11, NULL, 'Debería mantener su paciencia, es un gran líder.');
INSERT INTO evaluations (id, evaluatee_id, form_id, period_id, is_anonymous, status, submitted_at, created_at) VALUES (132, 7, 2, 2, FALSE, 'submitted', '2026-04-10 10:00:00', '2026-04-10 10:00:00');
INSERT INTO evaluation_submissions (evaluator_id, evaluatee_id, period_id, evaluation_id, created_at) VALUES (54, 7, 2, 132, '2026-04-10 10:00:00');
INSERT INTO evaluation_details (evaluation_id, question_id, score, comment) VALUES (132, 12, 5, NULL);
INSERT INTO evaluation_details (evaluation_id, question_id, score, comment) VALUES (132, 13, 3, NULL);
INSERT INTO evaluation_details (evaluation_id, question_id, score, comment) VALUES (132, 14, 4, NULL);
INSERT INTO evaluation_details (evaluation_id, question_id, score, comment) VALUES (132, 15, 4, NULL);
INSERT INTO evaluation_details (evaluation_id, question_id, score, comment) VALUES (132, 16, 5, NULL);
INSERT INTO evaluation_details (evaluation_id, question_id, score, comment) VALUES (132, 17, 4, NULL);
INSERT INTO evaluation_details (evaluation_id, question_id, score, comment) VALUES (132, 18, 4, NULL);
INSERT INTO evaluation_details (evaluation_id, question_id, score, comment) VALUES (132, 19, 4, NULL);
INSERT INTO evaluation_details (evaluation_id, question_id, score, comment) VALUES (132, 20, NULL, 'Excelente dominio de FastAPI, resuelve las dudas en el acto.');
INSERT INTO evaluations (id, evaluatee_id, form_id, period_id, is_anonymous, status, submitted_at, created_at) VALUES (133, 4, 1, 2, FALSE, 'submitted', '2026-04-10 10:00:00', '2026-04-10 10:00:00');
INSERT INTO evaluation_submissions (evaluator_id, evaluatee_id, period_id, evaluation_id, created_at) VALUES (55, 4, 2, 133, '2026-04-10 10:00:00');
INSERT INTO evaluation_details (evaluation_id, question_id, score, comment) VALUES (133, 1, 5, NULL);
INSERT INTO evaluation_details (evaluation_id, question_id, score, comment) VALUES (133, 2, 5, NULL);
INSERT INTO evaluation_details (evaluation_id, question_id, score, comment) VALUES (133, 3, 5, NULL);
INSERT INTO evaluation_details (evaluation_id, question_id, score, comment) VALUES (133, 4, 4, NULL);
INSERT INTO evaluation_details (evaluation_id, question_id, score, comment) VALUES (133, 5, 5, NULL);
INSERT INTO evaluation_details (evaluation_id, question_id, score, comment) VALUES (133, 6, 5, NULL);
INSERT INTO evaluation_details (evaluation_id, question_id, score, comment) VALUES (133, 7, 5, NULL);
INSERT INTO evaluation_details (evaluation_id, question_id, score, comment) VALUES (133, 8, 5, NULL);
INSERT INTO evaluation_details (evaluation_id, question_id, score, comment) VALUES (133, 9, 5, NULL);
INSERT INTO evaluation_details (evaluation_id, question_id, score, comment) VALUES (133, 10, 5, NULL);
INSERT INTO evaluation_details (evaluation_id, question_id, score, comment) VALUES (133, 11, NULL, 'Explica súper bien los requerimientos de los proyectos.');
INSERT INTO evaluations (id, evaluatee_id, form_id, period_id, is_anonymous, status, submitted_at, created_at) VALUES (134, 7, 2, 2, FALSE, 'submitted', '2026-04-10 10:00:00', '2026-04-10 10:00:00');
INSERT INTO evaluation_submissions (evaluator_id, evaluatee_id, period_id, evaluation_id, created_at) VALUES (55, 7, 2, 134, '2026-04-10 10:00:00');
INSERT INTO evaluation_details (evaluation_id, question_id, score, comment) VALUES (134, 12, 5, NULL);
INSERT INTO evaluation_details (evaluation_id, question_id, score, comment) VALUES (134, 13, 5, NULL);
INSERT INTO evaluation_details (evaluation_id, question_id, score, comment) VALUES (134, 14, 5, NULL);
INSERT INTO evaluation_details (evaluation_id, question_id, score, comment) VALUES (134, 15, 5, NULL);
INSERT INTO evaluation_details (evaluation_id, question_id, score, comment) VALUES (134, 16, 5, NULL);
INSERT INTO evaluation_details (evaluation_id, question_id, score, comment) VALUES (134, 17, 3, NULL);
INSERT INTO evaluation_details (evaluation_id, question_id, score, comment) VALUES (134, 18, 4, NULL);
INSERT INTO evaluation_details (evaluation_id, question_id, score, comment) VALUES (134, 19, 4, NULL);
INSERT INTO evaluation_details (evaluation_id, question_id, score, comment) VALUES (134, 20, NULL, 'Me gustaría más ejercicios prácticos en vivo.');
INSERT INTO evaluations (id, evaluatee_id, form_id, period_id, is_anonymous, status, submitted_at, created_at) VALUES (135, 4, 1, 2, FALSE, 'submitted', '2026-04-10 10:00:00', '2026-04-10 10:00:00');
INSERT INTO evaluation_submissions (evaluator_id, evaluatee_id, period_id, evaluation_id, created_at) VALUES (56, 4, 2, 135, '2026-04-10 10:00:00');
INSERT INTO evaluation_details (evaluation_id, question_id, score, comment) VALUES (135, 1, 5, NULL);
INSERT INTO evaluation_details (evaluation_id, question_id, score, comment) VALUES (135, 2, 5, NULL);
INSERT INTO evaluation_details (evaluation_id, question_id, score, comment) VALUES (135, 3, 5, NULL);
INSERT INTO evaluation_details (evaluation_id, question_id, score, comment) VALUES (135, 4, 5, NULL);
INSERT INTO evaluation_details (evaluation_id, question_id, score, comment) VALUES (135, 5, 4, NULL);
INSERT INTO evaluation_details (evaluation_id, question_id, score, comment) VALUES (135, 6, 5, NULL);
INSERT INTO evaluation_details (evaluation_id, question_id, score, comment) VALUES (135, 7, 4, NULL);
INSERT INTO evaluation_details (evaluation_id, question_id, score, comment) VALUES (135, 8, 4, NULL);
INSERT INTO evaluation_details (evaluation_id, question_id, score, comment) VALUES (135, 9, 5, NULL);
INSERT INTO evaluation_details (evaluation_id, question_id, score, comment) VALUES (135, 10, 5, NULL);
INSERT INTO evaluation_details (evaluation_id, question_id, score, comment) VALUES (135, 11, NULL, 'Podría darnos más recursos externos para estudiar.');
INSERT INTO evaluations (id, evaluatee_id, form_id, period_id, is_anonymous, status, submitted_at, created_at) VALUES (136, 7, 2, 2, FALSE, 'submitted', '2026-04-10 10:00:00', '2026-04-10 10:00:00');
INSERT INTO evaluation_submissions (evaluator_id, evaluatee_id, period_id, evaluation_id, created_at) VALUES (56, 7, 2, 136, '2026-04-10 10:00:00');
INSERT INTO evaluation_details (evaluation_id, question_id, score, comment) VALUES (136, 12, 4, NULL);
INSERT INTO evaluation_details (evaluation_id, question_id, score, comment) VALUES (136, 13, 4, NULL);
INSERT INTO evaluation_details (evaluation_id, question_id, score, comment) VALUES (136, 14, 5, NULL);
INSERT INTO evaluation_details (evaluation_id, question_id, score, comment) VALUES (136, 15, 5, NULL);
INSERT INTO evaluation_details (evaluation_id, question_id, score, comment) VALUES (136, 16, 5, NULL);
INSERT INTO evaluation_details (evaluation_id, question_id, score, comment) VALUES (136, 17, 5, NULL);
INSERT INTO evaluation_details (evaluation_id, question_id, score, comment) VALUES (136, 18, 5, NULL);
INSERT INTO evaluation_details (evaluation_id, question_id, score, comment) VALUES (136, 19, 5, NULL);
INSERT INTO evaluations (id, evaluatee_id, form_id, period_id, is_anonymous, status, submitted_at, created_at) VALUES (137, 4, 1, 2, FALSE, 'submitted', '2026-04-10 10:00:00', '2026-04-10 10:00:00');
INSERT INTO evaluation_submissions (evaluator_id, evaluatee_id, period_id, evaluation_id, created_at) VALUES (57, 4, 2, 137, '2026-04-10 10:00:00');
INSERT INTO evaluation_details (evaluation_id, question_id, score, comment) VALUES (137, 1, 3, NULL);
INSERT INTO evaluation_details (evaluation_id, question_id, score, comment) VALUES (137, 2, 5, NULL);
INSERT INTO evaluation_details (evaluation_id, question_id, score, comment) VALUES (137, 3, 5, NULL);
INSERT INTO evaluation_details (evaluation_id, question_id, score, comment) VALUES (137, 4, 4, NULL);
INSERT INTO evaluation_details (evaluation_id, question_id, score, comment) VALUES (137, 5, 4, NULL);
INSERT INTO evaluation_details (evaluation_id, question_id, score, comment) VALUES (137, 6, 4, NULL);
INSERT INTO evaluation_details (evaluation_id, question_id, score, comment) VALUES (137, 7, 5, NULL);
INSERT INTO evaluation_details (evaluation_id, question_id, score, comment) VALUES (137, 8, 5, NULL);
INSERT INTO evaluation_details (evaluation_id, question_id, score, comment) VALUES (137, 9, 4, NULL);
INSERT INTO evaluation_details (evaluation_id, question_id, score, comment) VALUES (137, 10, 4, NULL);
INSERT INTO evaluations (id, evaluatee_id, form_id, period_id, is_anonymous, status, submitted_at, created_at) VALUES (138, 7, 2, 2, TRUE, 'submitted', '2026-04-10 10:00:00', '2026-04-10 10:00:00');
INSERT INTO evaluation_submissions (evaluator_id, evaluatee_id, period_id, evaluation_id, created_at) VALUES (57, 7, 2, 138, '2026-04-10 10:00:00');
INSERT INTO evaluation_details (evaluation_id, question_id, score, comment) VALUES (138, 12, 5, NULL);
INSERT INTO evaluation_details (evaluation_id, question_id, score, comment) VALUES (138, 13, 5, NULL);
INSERT INTO evaluation_details (evaluation_id, question_id, score, comment) VALUES (138, 14, 4, NULL);
INSERT INTO evaluation_details (evaluation_id, question_id, score, comment) VALUES (138, 15, 4, NULL);
INSERT INTO evaluation_details (evaluation_id, question_id, score, comment) VALUES (138, 16, 4, NULL);
INSERT INTO evaluation_details (evaluation_id, question_id, score, comment) VALUES (138, 17, 4, NULL);
INSERT INTO evaluation_details (evaluation_id, question_id, score, comment) VALUES (138, 18, 4, NULL);
INSERT INTO evaluation_details (evaluation_id, question_id, score, comment) VALUES (138, 19, 4, NULL);
INSERT INTO evaluations (id, evaluatee_id, form_id, period_id, is_anonymous, status, submitted_at, created_at) VALUES (139, 4, 1, 2, TRUE, 'submitted', '2026-04-10 10:00:00', '2026-04-10 10:00:00');
INSERT INTO evaluation_submissions (evaluator_id, evaluatee_id, period_id, evaluation_id, created_at) VALUES (58, 4, 2, 139, '2026-04-10 10:00:00');
INSERT INTO evaluation_details (evaluation_id, question_id, score, comment) VALUES (139, 1, 5, NULL);
INSERT INTO evaluation_details (evaluation_id, question_id, score, comment) VALUES (139, 2, 5, NULL);
INSERT INTO evaluation_details (evaluation_id, question_id, score, comment) VALUES (139, 3, 5, NULL);
INSERT INTO evaluation_details (evaluation_id, question_id, score, comment) VALUES (139, 4, 4, NULL);
INSERT INTO evaluation_details (evaluation_id, question_id, score, comment) VALUES (139, 5, 4, NULL);
INSERT INTO evaluation_details (evaluation_id, question_id, score, comment) VALUES (139, 6, 5, NULL);
INSERT INTO evaluation_details (evaluation_id, question_id, score, comment) VALUES (139, 7, 4, NULL);
INSERT INTO evaluation_details (evaluation_id, question_id, score, comment) VALUES (139, 8, 5, NULL);
INSERT INTO evaluation_details (evaluation_id, question_id, score, comment) VALUES (139, 9, 5, NULL);
INSERT INTO evaluation_details (evaluation_id, question_id, score, comment) VALUES (139, 10, 5, NULL);
INSERT INTO evaluation_details (evaluation_id, question_id, score, comment) VALUES (139, 11, NULL, 'Las dailies son muy útiles, las dirige muy bien.');
INSERT INTO evaluations (id, evaluatee_id, form_id, period_id, is_anonymous, status, submitted_at, created_at) VALUES (140, 7, 2, 2, FALSE, 'submitted', '2026-04-10 10:00:00', '2026-04-10 10:00:00');
INSERT INTO evaluation_submissions (evaluator_id, evaluatee_id, period_id, evaluation_id, created_at) VALUES (58, 7, 2, 140, '2026-04-10 10:00:00');
INSERT INTO evaluation_details (evaluation_id, question_id, score, comment) VALUES (140, 12, 5, NULL);
INSERT INTO evaluation_details (evaluation_id, question_id, score, comment) VALUES (140, 13, 5, NULL);
INSERT INTO evaluation_details (evaluation_id, question_id, score, comment) VALUES (140, 14, 4, NULL);
INSERT INTO evaluation_details (evaluation_id, question_id, score, comment) VALUES (140, 15, 4, NULL);
INSERT INTO evaluation_details (evaluation_id, question_id, score, comment) VALUES (140, 16, 3, NULL);
INSERT INTO evaluation_details (evaluation_id, question_id, score, comment) VALUES (140, 17, 5, NULL);
INSERT INTO evaluation_details (evaluation_id, question_id, score, comment) VALUES (140, 18, 5, NULL);
INSERT INTO evaluation_details (evaluation_id, question_id, score, comment) VALUES (140, 19, 5, NULL);
INSERT INTO evaluations (id, evaluatee_id, form_id, period_id, is_anonymous, status, submitted_at, created_at) VALUES (141, 4, 1, 2, FALSE, 'submitted', '2026-04-10 10:00:00', '2026-04-10 10:00:00');
INSERT INTO evaluation_submissions (evaluator_id, evaluatee_id, period_id, evaluation_id, created_at) VALUES (59, 4, 2, 141, '2026-04-10 10:00:00');
INSERT INTO evaluation_details (evaluation_id, question_id, score, comment) VALUES (141, 1, 5, NULL);
INSERT INTO evaluation_details (evaluation_id, question_id, score, comment) VALUES (141, 2, 4, NULL);
INSERT INTO evaluation_details (evaluation_id, question_id, score, comment) VALUES (141, 3, 4, NULL);
INSERT INTO evaluation_details (evaluation_id, question_id, score, comment) VALUES (141, 4, 4, NULL);
INSERT INTO evaluation_details (evaluation_id, question_id, score, comment) VALUES (141, 5, 5, NULL);
INSERT INTO evaluation_details (evaluation_id, question_id, score, comment) VALUES (141, 6, 3, NULL);
INSERT INTO evaluation_details (evaluation_id, question_id, score, comment) VALUES (141, 7, 4, NULL);
INSERT INTO evaluation_details (evaluation_id, question_id, score, comment) VALUES (141, 8, 5, NULL);
INSERT INTO evaluation_details (evaluation_id, question_id, score, comment) VALUES (141, 9, 4, NULL);
INSERT INTO evaluation_details (evaluation_id, question_id, score, comment) VALUES (141, 10, 3, NULL);
INSERT INTO evaluation_details (evaluation_id, question_id, score, comment) VALUES (141, 11, NULL, 'Me gustaría que las dailies fueran un poco más largas.');
INSERT INTO evaluations (id, evaluatee_id, form_id, period_id, is_anonymous, status, submitted_at, created_at) VALUES (142, 7, 2, 2, FALSE, 'submitted', '2026-04-10 10:00:00', '2026-04-10 10:00:00');
INSERT INTO evaluation_submissions (evaluator_id, evaluatee_id, period_id, evaluation_id, created_at) VALUES (59, 7, 2, 142, '2026-04-10 10:00:00');
INSERT INTO evaluation_details (evaluation_id, question_id, score, comment) VALUES (142, 12, 4, NULL);
INSERT INTO evaluation_details (evaluation_id, question_id, score, comment) VALUES (142, 13, 4, NULL);
INSERT INTO evaluation_details (evaluation_id, question_id, score, comment) VALUES (142, 14, 5, NULL);
INSERT INTO evaluation_details (evaluation_id, question_id, score, comment) VALUES (142, 15, 4, NULL);
INSERT INTO evaluation_details (evaluation_id, question_id, score, comment) VALUES (142, 16, 5, NULL);
INSERT INTO evaluation_details (evaluation_id, question_id, score, comment) VALUES (142, 17, 5, NULL);
INSERT INTO evaluation_details (evaluation_id, question_id, score, comment) VALUES (142, 18, 5, NULL);
INSERT INTO evaluation_details (evaluation_id, question_id, score, comment) VALUES (142, 19, 5, NULL);
INSERT INTO evaluations (id, evaluatee_id, form_id, period_id, is_anonymous, status, submitted_at, created_at) VALUES (143, 4, 1, 2, FALSE, 'submitted', '2026-04-10 10:00:00', '2026-04-10 10:00:00');
INSERT INTO evaluation_submissions (evaluator_id, evaluatee_id, period_id, evaluation_id, created_at) VALUES (60, 4, 2, 143, '2026-04-10 10:00:00');
INSERT INTO evaluation_details (evaluation_id, question_id, score, comment) VALUES (143, 1, 4, NULL);
INSERT INTO evaluation_details (evaluation_id, question_id, score, comment) VALUES (143, 2, 3, NULL);
INSERT INTO evaluation_details (evaluation_id, question_id, score, comment) VALUES (143, 3, 5, NULL);
INSERT INTO evaluation_details (evaluation_id, question_id, score, comment) VALUES (143, 4, 4, NULL);
INSERT INTO evaluation_details (evaluation_id, question_id, score, comment) VALUES (143, 5, 4, NULL);
INSERT INTO evaluation_details (evaluation_id, question_id, score, comment) VALUES (143, 6, 4, NULL);
INSERT INTO evaluation_details (evaluation_id, question_id, score, comment) VALUES (143, 7, 5, NULL);
INSERT INTO evaluation_details (evaluation_id, question_id, score, comment) VALUES (143, 8, 4, NULL);
INSERT INTO evaluation_details (evaluation_id, question_id, score, comment) VALUES (143, 9, 3, NULL);
INSERT INTO evaluation_details (evaluation_id, question_id, score, comment) VALUES (143, 10, 5, NULL);
INSERT INTO evaluation_details (evaluation_id, question_id, score, comment) VALUES (143, 11, NULL, 'Gracias a él he mejorado mucho mi lógica.');
INSERT INTO evaluations (id, evaluatee_id, form_id, period_id, is_anonymous, status, submitted_at, created_at) VALUES (144, 7, 2, 2, TRUE, 'submitted', '2026-04-10 10:00:00', '2026-04-10 10:00:00');
INSERT INTO evaluation_submissions (evaluator_id, evaluatee_id, period_id, evaluation_id, created_at) VALUES (60, 7, 2, 144, '2026-04-10 10:00:00');
INSERT INTO evaluation_details (evaluation_id, question_id, score, comment) VALUES (144, 12, 4, NULL);
INSERT INTO evaluation_details (evaluation_id, question_id, score, comment) VALUES (144, 13, 4, NULL);
INSERT INTO evaluation_details (evaluation_id, question_id, score, comment) VALUES (144, 14, 5, NULL);
INSERT INTO evaluation_details (evaluation_id, question_id, score, comment) VALUES (144, 15, 5, NULL);
INSERT INTO evaluation_details (evaluation_id, question_id, score, comment) VALUES (144, 16, 4, NULL);
INSERT INTO evaluation_details (evaluation_id, question_id, score, comment) VALUES (144, 17, 4, NULL);
INSERT INTO evaluation_details (evaluation_id, question_id, score, comment) VALUES (144, 18, 5, NULL);
INSERT INTO evaluation_details (evaluation_id, question_id, score, comment) VALUES (144, 19, 4, NULL);
INSERT INTO evaluation_details (evaluation_id, question_id, score, comment) VALUES (144, 20, NULL, 'A veces va un poco rápido en la clase, pero las grabaciones ayudan.');
INSERT INTO evaluations (id, evaluatee_id, form_id, period_id, is_anonymous, status, submitted_at, created_at) VALUES (145, 4, 1, 2, FALSE, 'submitted', '2026-04-10 10:00:00', '2026-04-10 10:00:00');
INSERT INTO evaluation_submissions (evaluator_id, evaluatee_id, period_id, evaluation_id, created_at) VALUES (62, 4, 2, 145, '2026-04-10 10:00:00');
INSERT INTO evaluation_details (evaluation_id, question_id, score, comment) VALUES (145, 1, 5, NULL);
INSERT INTO evaluation_details (evaluation_id, question_id, score, comment) VALUES (145, 2, 4, NULL);
INSERT INTO evaluation_details (evaluation_id, question_id, score, comment) VALUES (145, 3, 5, NULL);
INSERT INTO evaluation_details (evaluation_id, question_id, score, comment) VALUES (145, 4, 5, NULL);
INSERT INTO evaluation_details (evaluation_id, question_id, score, comment) VALUES (145, 5, 4, NULL);
INSERT INTO evaluation_details (evaluation_id, question_id, score, comment) VALUES (145, 6, 5, NULL);
INSERT INTO evaluation_details (evaluation_id, question_id, score, comment) VALUES (145, 7, 4, NULL);
INSERT INTO evaluation_details (evaluation_id, question_id, score, comment) VALUES (145, 8, 5, NULL);
INSERT INTO evaluation_details (evaluation_id, question_id, score, comment) VALUES (145, 9, 4, NULL);
INSERT INTO evaluation_details (evaluation_id, question_id, score, comment) VALUES (145, 10, 5, NULL);
INSERT INTO evaluations (id, evaluatee_id, form_id, period_id, is_anonymous, status, submitted_at, created_at) VALUES (146, 7, 2, 2, FALSE, 'submitted', '2026-04-10 10:00:00', '2026-04-10 10:00:00');
INSERT INTO evaluation_submissions (evaluator_id, evaluatee_id, period_id, evaluation_id, created_at) VALUES (62, 7, 2, 146, '2026-04-10 10:00:00');
INSERT INTO evaluation_details (evaluation_id, question_id, score, comment) VALUES (146, 12, 5, NULL);
INSERT INTO evaluation_details (evaluation_id, question_id, score, comment) VALUES (146, 13, 5, NULL);
INSERT INTO evaluation_details (evaluation_id, question_id, score, comment) VALUES (146, 14, 4, NULL);
INSERT INTO evaluation_details (evaluation_id, question_id, score, comment) VALUES (146, 15, 4, NULL);
INSERT INTO evaluation_details (evaluation_id, question_id, score, comment) VALUES (146, 16, 5, NULL);
INSERT INTO evaluation_details (evaluation_id, question_id, score, comment) VALUES (146, 17, 5, NULL);
INSERT INTO evaluation_details (evaluation_id, question_id, score, comment) VALUES (146, 18, 4, NULL);
INSERT INTO evaluation_details (evaluation_id, question_id, score, comment) VALUES (146, 19, 5, NULL);
INSERT INTO evaluation_details (evaluation_id, question_id, score, comment) VALUES (146, 20, NULL, 'Me encanta cómo explica la arquitectura de software.');
INSERT INTO evaluations (id, evaluatee_id, form_id, period_id, is_anonymous, status, submitted_at, created_at) VALUES (147, 4, 1, 2, FALSE, 'submitted', '2026-04-10 10:00:00', '2026-04-10 10:00:00');
INSERT INTO evaluation_submissions (evaluator_id, evaluatee_id, period_id, evaluation_id, created_at) VALUES (63, 4, 2, 147, '2026-04-10 10:00:00');
INSERT INTO evaluation_details (evaluation_id, question_id, score, comment) VALUES (147, 1, 5, NULL);
INSERT INTO evaluation_details (evaluation_id, question_id, score, comment) VALUES (147, 2, 5, NULL);
INSERT INTO evaluation_details (evaluation_id, question_id, score, comment) VALUES (147, 3, 3, NULL);
INSERT INTO evaluation_details (evaluation_id, question_id, score, comment) VALUES (147, 4, 5, NULL);
INSERT INTO evaluation_details (evaluation_id, question_id, score, comment) VALUES (147, 5, 4, NULL);
INSERT INTO evaluation_details (evaluation_id, question_id, score, comment) VALUES (147, 6, 4, NULL);
INSERT INTO evaluation_details (evaluation_id, question_id, score, comment) VALUES (147, 7, 5, NULL);
INSERT INTO evaluation_details (evaluation_id, question_id, score, comment) VALUES (147, 8, 3, NULL);
INSERT INTO evaluation_details (evaluation_id, question_id, score, comment) VALUES (147, 9, 3, NULL);
INSERT INTO evaluation_details (evaluation_id, question_id, score, comment) VALUES (147, 10, 4, NULL);
INSERT INTO evaluation_details (evaluation_id, question_id, score, comment) VALUES (147, 11, NULL, 'Debería mantener su paciencia, es un gran líder.');
INSERT INTO evaluations (id, evaluatee_id, form_id, period_id, is_anonymous, status, submitted_at, created_at) VALUES (148, 7, 2, 2, TRUE, 'submitted', '2026-04-10 10:00:00', '2026-04-10 10:00:00');
INSERT INTO evaluation_submissions (evaluator_id, evaluatee_id, period_id, evaluation_id, created_at) VALUES (63, 7, 2, 148, '2026-04-10 10:00:00');
INSERT INTO evaluation_details (evaluation_id, question_id, score, comment) VALUES (148, 12, 5, NULL);
INSERT INTO evaluation_details (evaluation_id, question_id, score, comment) VALUES (148, 13, 5, NULL);
INSERT INTO evaluation_details (evaluation_id, question_id, score, comment) VALUES (148, 14, 4, NULL);
INSERT INTO evaluation_details (evaluation_id, question_id, score, comment) VALUES (148, 15, 5, NULL);
INSERT INTO evaluation_details (evaluation_id, question_id, score, comment) VALUES (148, 16, 4, NULL);
INSERT INTO evaluation_details (evaluation_id, question_id, score, comment) VALUES (148, 17, 5, NULL);
INSERT INTO evaluation_details (evaluation_id, question_id, score, comment) VALUES (148, 18, 5, NULL);
INSERT INTO evaluation_details (evaluation_id, question_id, score, comment) VALUES (148, 19, 5, NULL);
INSERT INTO evaluation_details (evaluation_id, question_id, score, comment) VALUES (148, 20, NULL, 'A veces va un poco rápido en la clase, pero las grabaciones ayudan.');
INSERT INTO evaluations (id, evaluatee_id, form_id, period_id, is_anonymous, status, submitted_at, created_at) VALUES (149, 4, 1, 2, FALSE, 'submitted', '2026-04-10 10:00:00', '2026-04-10 10:00:00');
INSERT INTO evaluation_submissions (evaluator_id, evaluatee_id, period_id, evaluation_id, created_at) VALUES (64, 4, 2, 149, '2026-04-10 10:00:00');
INSERT INTO evaluation_details (evaluation_id, question_id, score, comment) VALUES (149, 1, 4, NULL);
INSERT INTO evaluation_details (evaluation_id, question_id, score, comment) VALUES (149, 2, 5, NULL);
INSERT INTO evaluation_details (evaluation_id, question_id, score, comment) VALUES (149, 3, 4, NULL);
INSERT INTO evaluation_details (evaluation_id, question_id, score, comment) VALUES (149, 4, 5, NULL);
INSERT INTO evaluation_details (evaluation_id, question_id, score, comment) VALUES (149, 5, 5, NULL);
INSERT INTO evaluation_details (evaluation_id, question_id, score, comment) VALUES (149, 6, 5, NULL);
INSERT INTO evaluation_details (evaluation_id, question_id, score, comment) VALUES (149, 7, 5, NULL);
INSERT INTO evaluation_details (evaluation_id, question_id, score, comment) VALUES (149, 8, 3, NULL);
INSERT INTO evaluation_details (evaluation_id, question_id, score, comment) VALUES (149, 9, 5, NULL);
INSERT INTO evaluation_details (evaluation_id, question_id, score, comment) VALUES (149, 10, 5, NULL);
INSERT INTO evaluation_details (evaluation_id, question_id, score, comment) VALUES (149, 11, NULL, 'Excelente acompañamiento, siempre está dispuesto a ayudarnos.');
INSERT INTO evaluations (id, evaluatee_id, form_id, period_id, is_anonymous, status, submitted_at, created_at) VALUES (150, 7, 2, 2, FALSE, 'submitted', '2026-04-10 10:00:00', '2026-04-10 10:00:00');
INSERT INTO evaluation_submissions (evaluator_id, evaluatee_id, period_id, evaluation_id, created_at) VALUES (64, 7, 2, 150, '2026-04-10 10:00:00');
INSERT INTO evaluation_details (evaluation_id, question_id, score, comment) VALUES (150, 12, 3, NULL);
INSERT INTO evaluation_details (evaluation_id, question_id, score, comment) VALUES (150, 13, 4, NULL);
INSERT INTO evaluation_details (evaluation_id, question_id, score, comment) VALUES (150, 14, 4, NULL);
INSERT INTO evaluation_details (evaluation_id, question_id, score, comment) VALUES (150, 15, 4, NULL);
INSERT INTO evaluation_details (evaluation_id, question_id, score, comment) VALUES (150, 16, 5, NULL);
INSERT INTO evaluation_details (evaluation_id, question_id, score, comment) VALUES (150, 17, 4, NULL);
INSERT INTO evaluation_details (evaluation_id, question_id, score, comment) VALUES (150, 18, 4, NULL);
INSERT INTO evaluation_details (evaluation_id, question_id, score, comment) VALUES (150, 19, 4, NULL);
INSERT INTO evaluations (id, evaluatee_id, form_id, period_id, is_anonymous, status, submitted_at, created_at) VALUES (151, 4, 1, 2, FALSE, 'submitted', '2026-04-10 10:00:00', '2026-04-10 10:00:00');
INSERT INTO evaluation_submissions (evaluator_id, evaluatee_id, period_id, evaluation_id, created_at) VALUES (65, 4, 2, 151, '2026-04-10 10:00:00');
INSERT INTO evaluation_details (evaluation_id, question_id, score, comment) VALUES (151, 1, 5, NULL);
INSERT INTO evaluation_details (evaluation_id, question_id, score, comment) VALUES (151, 2, 5, NULL);
INSERT INTO evaluation_details (evaluation_id, question_id, score, comment) VALUES (151, 3, 4, NULL);
INSERT INTO evaluation_details (evaluation_id, question_id, score, comment) VALUES (151, 4, 3, NULL);
INSERT INTO evaluation_details (evaluation_id, question_id, score, comment) VALUES (151, 5, 5, NULL);
INSERT INTO evaluation_details (evaluation_id, question_id, score, comment) VALUES (151, 6, 5, NULL);
INSERT INTO evaluation_details (evaluation_id, question_id, score, comment) VALUES (151, 7, 4, NULL);
INSERT INTO evaluation_details (evaluation_id, question_id, score, comment) VALUES (151, 8, 5, NULL);
INSERT INTO evaluation_details (evaluation_id, question_id, score, comment) VALUES (151, 9, 5, NULL);
INSERT INTO evaluation_details (evaluation_id, question_id, score, comment) VALUES (151, 10, 5, NULL);
INSERT INTO evaluation_details (evaluation_id, question_id, score, comment) VALUES (151, 11, NULL, 'Excelente acompañamiento, siempre está dispuesto a ayudarnos.');
INSERT INTO evaluations (id, evaluatee_id, form_id, period_id, is_anonymous, status, submitted_at, created_at) VALUES (152, 7, 2, 2, TRUE, 'submitted', '2026-04-10 10:00:00', '2026-04-10 10:00:00');
INSERT INTO evaluation_submissions (evaluator_id, evaluatee_id, period_id, evaluation_id, created_at) VALUES (65, 7, 2, 152, '2026-04-10 10:00:00');
INSERT INTO evaluation_details (evaluation_id, question_id, score, comment) VALUES (152, 12, 4, NULL);
INSERT INTO evaluation_details (evaluation_id, question_id, score, comment) VALUES (152, 13, 3, NULL);
INSERT INTO evaluation_details (evaluation_id, question_id, score, comment) VALUES (152, 14, 5, NULL);
INSERT INTO evaluation_details (evaluation_id, question_id, score, comment) VALUES (152, 15, 5, NULL);
INSERT INTO evaluation_details (evaluation_id, question_id, score, comment) VALUES (152, 16, 5, NULL);
INSERT INTO evaluation_details (evaluation_id, question_id, score, comment) VALUES (152, 17, 5, NULL);
INSERT INTO evaluation_details (evaluation_id, question_id, score, comment) VALUES (152, 18, 5, NULL);
INSERT INTO evaluation_details (evaluation_id, question_id, score, comment) VALUES (152, 19, 3, NULL);
INSERT INTO evaluation_details (evaluation_id, question_id, score, comment) VALUES (152, 20, NULL, 'Las clases son súper claras, los ejemplos en vivo ayudan muchísimo.');
INSERT INTO evaluations (id, evaluatee_id, form_id, period_id, is_anonymous, status, submitted_at, created_at) VALUES (153, 4, 1, 2, FALSE, 'submitted', '2026-04-10 10:00:00', '2026-04-10 10:00:00');
INSERT INTO evaluation_submissions (evaluator_id, evaluatee_id, period_id, evaluation_id, created_at) VALUES (66, 4, 2, 153, '2026-04-10 10:00:00');
INSERT INTO evaluation_details (evaluation_id, question_id, score, comment) VALUES (153, 1, 5, NULL);
INSERT INTO evaluation_details (evaluation_id, question_id, score, comment) VALUES (153, 2, 5, NULL);
INSERT INTO evaluation_details (evaluation_id, question_id, score, comment) VALUES (153, 3, 4, NULL);
INSERT INTO evaluation_details (evaluation_id, question_id, score, comment) VALUES (153, 4, 5, NULL);
INSERT INTO evaluation_details (evaluation_id, question_id, score, comment) VALUES (153, 5, 5, NULL);
INSERT INTO evaluation_details (evaluation_id, question_id, score, comment) VALUES (153, 6, 4, NULL);
INSERT INTO evaluation_details (evaluation_id, question_id, score, comment) VALUES (153, 7, 5, NULL);
INSERT INTO evaluation_details (evaluation_id, question_id, score, comment) VALUES (153, 8, 3, NULL);
INSERT INTO evaluation_details (evaluation_id, question_id, score, comment) VALUES (153, 9, 5, NULL);
INSERT INTO evaluation_details (evaluation_id, question_id, score, comment) VALUES (153, 10, 5, NULL);
INSERT INTO evaluations (id, evaluatee_id, form_id, period_id, is_anonymous, status, submitted_at, created_at) VALUES (154, 7, 2, 2, TRUE, 'submitted', '2026-04-10 10:00:00', '2026-04-10 10:00:00');
INSERT INTO evaluation_submissions (evaluator_id, evaluatee_id, period_id, evaluation_id, created_at) VALUES (66, 7, 2, 154, '2026-04-10 10:00:00');
INSERT INTO evaluation_details (evaluation_id, question_id, score, comment) VALUES (154, 12, 4, NULL);
INSERT INTO evaluation_details (evaluation_id, question_id, score, comment) VALUES (154, 13, 4, NULL);
INSERT INTO evaluation_details (evaluation_id, question_id, score, comment) VALUES (154, 14, 5, NULL);
INSERT INTO evaluation_details (evaluation_id, question_id, score, comment) VALUES (154, 15, 3, NULL);
INSERT INTO evaluation_details (evaluation_id, question_id, score, comment) VALUES (154, 16, 4, NULL);
INSERT INTO evaluation_details (evaluation_id, question_id, score, comment) VALUES (154, 17, 4, NULL);
INSERT INTO evaluation_details (evaluation_id, question_id, score, comment) VALUES (154, 18, 5, NULL);
INSERT INTO evaluation_details (evaluation_id, question_id, score, comment) VALUES (154, 19, 5, NULL);
INSERT INTO evaluations (id, evaluatee_id, form_id, period_id, is_anonymous, status, submitted_at, created_at) VALUES (155, 4, 1, 2, FALSE, 'submitted', '2026-04-10 10:00:00', '2026-04-10 10:00:00');
INSERT INTO evaluation_submissions (evaluator_id, evaluatee_id, period_id, evaluation_id, created_at) VALUES (67, 4, 2, 155, '2026-04-10 10:00:00');
INSERT INTO evaluation_details (evaluation_id, question_id, score, comment) VALUES (155, 1, 4, NULL);
INSERT INTO evaluation_details (evaluation_id, question_id, score, comment) VALUES (155, 2, 4, NULL);
INSERT INTO evaluation_details (evaluation_id, question_id, score, comment) VALUES (155, 3, 3, NULL);
INSERT INTO evaluation_details (evaluation_id, question_id, score, comment) VALUES (155, 4, 4, NULL);
INSERT INTO evaluation_details (evaluation_id, question_id, score, comment) VALUES (155, 5, 4, NULL);
INSERT INTO evaluation_details (evaluation_id, question_id, score, comment) VALUES (155, 6, 5, NULL);
INSERT INTO evaluation_details (evaluation_id, question_id, score, comment) VALUES (155, 7, 5, NULL);
INSERT INTO evaluation_details (evaluation_id, question_id, score, comment) VALUES (155, 8, 4, NULL);
INSERT INTO evaluation_details (evaluation_id, question_id, score, comment) VALUES (155, 9, 5, NULL);
INSERT INTO evaluation_details (evaluation_id, question_id, score, comment) VALUES (155, 10, 5, NULL);
INSERT INTO evaluation_details (evaluation_id, question_id, score, comment) VALUES (155, 11, NULL, 'Excelente acompañamiento, siempre está dispuesto a ayudarnos.');
INSERT INTO evaluations (id, evaluatee_id, form_id, period_id, is_anonymous, status, submitted_at, created_at) VALUES (156, 7, 2, 2, FALSE, 'submitted', '2026-04-10 10:00:00', '2026-04-10 10:00:00');
INSERT INTO evaluation_submissions (evaluator_id, evaluatee_id, period_id, evaluation_id, created_at) VALUES (67, 7, 2, 156, '2026-04-10 10:00:00');
INSERT INTO evaluation_details (evaluation_id, question_id, score, comment) VALUES (156, 12, 5, NULL);
INSERT INTO evaluation_details (evaluation_id, question_id, score, comment) VALUES (156, 13, 5, NULL);
INSERT INTO evaluation_details (evaluation_id, question_id, score, comment) VALUES (156, 14, 5, NULL);
INSERT INTO evaluation_details (evaluation_id, question_id, score, comment) VALUES (156, 15, 4, NULL);
INSERT INTO evaluation_details (evaluation_id, question_id, score, comment) VALUES (156, 16, 5, NULL);
INSERT INTO evaluation_details (evaluation_id, question_id, score, comment) VALUES (156, 17, 3, NULL);
INSERT INTO evaluation_details (evaluation_id, question_id, score, comment) VALUES (156, 18, 3, NULL);
INSERT INTO evaluation_details (evaluation_id, question_id, score, comment) VALUES (156, 19, 4, NULL);
INSERT INTO evaluation_details (evaluation_id, question_id, score, comment) VALUES (156, 20, NULL, 'Las clases son súper claras, los ejemplos en vivo ayudan muchísimo.');
INSERT INTO evaluations (id, evaluatee_id, form_id, period_id, is_anonymous, status, submitted_at, created_at) VALUES (157, 4, 1, 2, TRUE, 'submitted', '2026-04-10 10:00:00', '2026-04-10 10:00:00');
INSERT INTO evaluation_submissions (evaluator_id, evaluatee_id, period_id, evaluation_id, created_at) VALUES (68, 4, 2, 157, '2026-04-10 10:00:00');
INSERT INTO evaluation_details (evaluation_id, question_id, score, comment) VALUES (157, 1, 5, NULL);
INSERT INTO evaluation_details (evaluation_id, question_id, score, comment) VALUES (157, 2, 3, NULL);
INSERT INTO evaluation_details (evaluation_id, question_id, score, comment) VALUES (157, 3, 5, NULL);
INSERT INTO evaluation_details (evaluation_id, question_id, score, comment) VALUES (157, 4, 5, NULL);
INSERT INTO evaluation_details (evaluation_id, question_id, score, comment) VALUES (157, 5, 4, NULL);
INSERT INTO evaluation_details (evaluation_id, question_id, score, comment) VALUES (157, 6, 4, NULL);
INSERT INTO evaluation_details (evaluation_id, question_id, score, comment) VALUES (157, 7, 5, NULL);
INSERT INTO evaluation_details (evaluation_id, question_id, score, comment) VALUES (157, 8, 4, NULL);
INSERT INTO evaluation_details (evaluation_id, question_id, score, comment) VALUES (157, 9, 4, NULL);
INSERT INTO evaluation_details (evaluation_id, question_id, score, comment) VALUES (157, 10, 4, NULL);
INSERT INTO evaluations (id, evaluatee_id, form_id, period_id, is_anonymous, status, submitted_at, created_at) VALUES (158, 7, 2, 2, FALSE, 'submitted', '2026-04-10 10:00:00', '2026-04-10 10:00:00');
INSERT INTO evaluation_submissions (evaluator_id, evaluatee_id, period_id, evaluation_id, created_at) VALUES (68, 7, 2, 158, '2026-04-10 10:00:00');
INSERT INTO evaluation_details (evaluation_id, question_id, score, comment) VALUES (158, 12, 5, NULL);
INSERT INTO evaluation_details (evaluation_id, question_id, score, comment) VALUES (158, 13, 5, NULL);
INSERT INTO evaluation_details (evaluation_id, question_id, score, comment) VALUES (158, 14, 5, NULL);
INSERT INTO evaluation_details (evaluation_id, question_id, score, comment) VALUES (158, 15, 4, NULL);
INSERT INTO evaluation_details (evaluation_id, question_id, score, comment) VALUES (158, 16, 5, NULL);
INSERT INTO evaluation_details (evaluation_id, question_id, score, comment) VALUES (158, 17, 5, NULL);
INSERT INTO evaluation_details (evaluation_id, question_id, score, comment) VALUES (158, 18, 4, NULL);
INSERT INTO evaluation_details (evaluation_id, question_id, score, comment) VALUES (158, 19, 5, NULL);
INSERT INTO evaluation_details (evaluation_id, question_id, score, comment) VALUES (158, 20, NULL, 'Excelente dominio de FastAPI, resuelve las dudas en el acto.');
INSERT INTO evaluations (id, evaluatee_id, form_id, period_id, is_anonymous, status, submitted_at, created_at) VALUES (159, 4, 1, 2, FALSE, 'submitted', '2026-04-10 10:00:00', '2026-04-10 10:00:00');
INSERT INTO evaluation_submissions (evaluator_id, evaluatee_id, period_id, evaluation_id, created_at) VALUES (69, 4, 2, 159, '2026-04-10 10:00:00');
INSERT INTO evaluation_details (evaluation_id, question_id, score, comment) VALUES (159, 1, 4, NULL);
INSERT INTO evaluation_details (evaluation_id, question_id, score, comment) VALUES (159, 2, 5, NULL);
INSERT INTO evaluation_details (evaluation_id, question_id, score, comment) VALUES (159, 3, 5, NULL);
INSERT INTO evaluation_details (evaluation_id, question_id, score, comment) VALUES (159, 4, 5, NULL);
INSERT INTO evaluation_details (evaluation_id, question_id, score, comment) VALUES (159, 5, 5, NULL);
INSERT INTO evaluation_details (evaluation_id, question_id, score, comment) VALUES (159, 6, 5, NULL);
INSERT INTO evaluation_details (evaluation_id, question_id, score, comment) VALUES (159, 7, 5, NULL);
INSERT INTO evaluation_details (evaluation_id, question_id, score, comment) VALUES (159, 8, 5, NULL);
INSERT INTO evaluation_details (evaluation_id, question_id, score, comment) VALUES (159, 9, 5, NULL);
INSERT INTO evaluation_details (evaluation_id, question_id, score, comment) VALUES (159, 10, 4, NULL);
INSERT INTO evaluations (id, evaluatee_id, form_id, period_id, is_anonymous, status, submitted_at, created_at) VALUES (160, 7, 2, 2, FALSE, 'submitted', '2026-04-10 10:00:00', '2026-04-10 10:00:00');
INSERT INTO evaluation_submissions (evaluator_id, evaluatee_id, period_id, evaluation_id, created_at) VALUES (69, 7, 2, 160, '2026-04-10 10:00:00');
INSERT INTO evaluation_details (evaluation_id, question_id, score, comment) VALUES (160, 12, 5, NULL);
INSERT INTO evaluation_details (evaluation_id, question_id, score, comment) VALUES (160, 13, 5, NULL);
INSERT INTO evaluation_details (evaluation_id, question_id, score, comment) VALUES (160, 14, 5, NULL);
INSERT INTO evaluation_details (evaluation_id, question_id, score, comment) VALUES (160, 15, 5, NULL);
INSERT INTO evaluation_details (evaluation_id, question_id, score, comment) VALUES (160, 16, 5, NULL);
INSERT INTO evaluation_details (evaluation_id, question_id, score, comment) VALUES (160, 17, 5, NULL);
INSERT INTO evaluation_details (evaluation_id, question_id, score, comment) VALUES (160, 18, 4, NULL);
INSERT INTO evaluation_details (evaluation_id, question_id, score, comment) VALUES (160, 19, 5, NULL);
INSERT INTO evaluation_details (evaluation_id, question_id, score, comment) VALUES (160, 20, NULL, 'Las clases son súper claras, los ejemplos en vivo ayudan muchísimo.');
INSERT INTO evaluations (id, evaluatee_id, form_id, period_id, is_anonymous, status, submitted_at, created_at) VALUES (161, 4, 1, 2, FALSE, 'submitted', '2026-04-10 10:00:00', '2026-04-10 10:00:00');
INSERT INTO evaluation_submissions (evaluator_id, evaluatee_id, period_id, evaluation_id, created_at) VALUES (70, 4, 2, 161, '2026-04-10 10:00:00');
INSERT INTO evaluation_details (evaluation_id, question_id, score, comment) VALUES (161, 1, 5, NULL);
INSERT INTO evaluation_details (evaluation_id, question_id, score, comment) VALUES (161, 2, 4, NULL);
INSERT INTO evaluation_details (evaluation_id, question_id, score, comment) VALUES (161, 3, 5, NULL);
INSERT INTO evaluation_details (evaluation_id, question_id, score, comment) VALUES (161, 4, 4, NULL);
INSERT INTO evaluation_details (evaluation_id, question_id, score, comment) VALUES (161, 5, 4, NULL);
INSERT INTO evaluation_details (evaluation_id, question_id, score, comment) VALUES (161, 6, 4, NULL);
INSERT INTO evaluation_details (evaluation_id, question_id, score, comment) VALUES (161, 7, 5, NULL);
INSERT INTO evaluation_details (evaluation_id, question_id, score, comment) VALUES (161, 8, 5, NULL);
INSERT INTO evaluation_details (evaluation_id, question_id, score, comment) VALUES (161, 9, 5, NULL);
INSERT INTO evaluation_details (evaluation_id, question_id, score, comment) VALUES (161, 10, 5, NULL);
INSERT INTO evaluation_details (evaluation_id, question_id, score, comment) VALUES (161, 11, NULL, 'Explica súper bien los requerimientos de los proyectos.');
INSERT INTO evaluations (id, evaluatee_id, form_id, period_id, is_anonymous, status, submitted_at, created_at) VALUES (162, 7, 2, 2, FALSE, 'submitted', '2026-04-10 10:00:00', '2026-04-10 10:00:00');
INSERT INTO evaluation_submissions (evaluator_id, evaluatee_id, period_id, evaluation_id, created_at) VALUES (70, 7, 2, 162, '2026-04-10 10:00:00');
INSERT INTO evaluation_details (evaluation_id, question_id, score, comment) VALUES (162, 12, 5, NULL);
INSERT INTO evaluation_details (evaluation_id, question_id, score, comment) VALUES (162, 13, 3, NULL);
INSERT INTO evaluation_details (evaluation_id, question_id, score, comment) VALUES (162, 14, 3, NULL);
INSERT INTO evaluation_details (evaluation_id, question_id, score, comment) VALUES (162, 15, 5, NULL);
INSERT INTO evaluation_details (evaluation_id, question_id, score, comment) VALUES (162, 16, 3, NULL);
INSERT INTO evaluation_details (evaluation_id, question_id, score, comment) VALUES (162, 17, 5, NULL);
INSERT INTO evaluation_details (evaluation_id, question_id, score, comment) VALUES (162, 18, 4, NULL);
INSERT INTO evaluation_details (evaluation_id, question_id, score, comment) VALUES (162, 19, 4, NULL);
INSERT INTO evaluations (id, evaluatee_id, form_id, period_id, is_anonymous, status, submitted_at, created_at) VALUES (163, 4, 1, 2, FALSE, 'submitted', '2026-04-10 10:00:00', '2026-04-10 10:00:00');
INSERT INTO evaluation_submissions (evaluator_id, evaluatee_id, period_id, evaluation_id, created_at) VALUES (71, 4, 2, 163, '2026-04-10 10:00:00');
INSERT INTO evaluation_details (evaluation_id, question_id, score, comment) VALUES (163, 1, 4, NULL);
INSERT INTO evaluation_details (evaluation_id, question_id, score, comment) VALUES (163, 2, 3, NULL);
INSERT INTO evaluation_details (evaluation_id, question_id, score, comment) VALUES (163, 3, 4, NULL);
INSERT INTO evaluation_details (evaluation_id, question_id, score, comment) VALUES (163, 4, 3, NULL);
INSERT INTO evaluation_details (evaluation_id, question_id, score, comment) VALUES (163, 5, 5, NULL);
INSERT INTO evaluation_details (evaluation_id, question_id, score, comment) VALUES (163, 6, 4, NULL);
INSERT INTO evaluation_details (evaluation_id, question_id, score, comment) VALUES (163, 7, 4, NULL);
INSERT INTO evaluation_details (evaluation_id, question_id, score, comment) VALUES (163, 8, 5, NULL);
INSERT INTO evaluation_details (evaluation_id, question_id, score, comment) VALUES (163, 9, 4, NULL);
INSERT INTO evaluation_details (evaluation_id, question_id, score, comment) VALUES (163, 10, 5, NULL);
INSERT INTO evaluation_details (evaluation_id, question_id, score, comment) VALUES (163, 11, NULL, 'Las dailies son muy útiles, las dirige muy bien.');
INSERT INTO evaluations (id, evaluatee_id, form_id, period_id, is_anonymous, status, submitted_at, created_at) VALUES (164, 7, 2, 2, FALSE, 'submitted', '2026-04-10 10:00:00', '2026-04-10 10:00:00');
INSERT INTO evaluation_submissions (evaluator_id, evaluatee_id, period_id, evaluation_id, created_at) VALUES (71, 7, 2, 164, '2026-04-10 10:00:00');
INSERT INTO evaluation_details (evaluation_id, question_id, score, comment) VALUES (164, 12, 5, NULL);
INSERT INTO evaluation_details (evaluation_id, question_id, score, comment) VALUES (164, 13, 4, NULL);
INSERT INTO evaluation_details (evaluation_id, question_id, score, comment) VALUES (164, 14, 5, NULL);
INSERT INTO evaluation_details (evaluation_id, question_id, score, comment) VALUES (164, 15, 4, NULL);
INSERT INTO evaluation_details (evaluation_id, question_id, score, comment) VALUES (164, 16, 5, NULL);
INSERT INTO evaluation_details (evaluation_id, question_id, score, comment) VALUES (164, 17, 5, NULL);
INSERT INTO evaluation_details (evaluation_id, question_id, score, comment) VALUES (164, 18, 4, NULL);
INSERT INTO evaluation_details (evaluation_id, question_id, score, comment) VALUES (164, 19, 4, NULL);
INSERT INTO evaluation_details (evaluation_id, question_id, score, comment) VALUES (164, 20, NULL, 'Me encanta cómo explica la arquitectura de software.');
INSERT INTO evaluations (id, evaluatee_id, form_id, period_id, is_anonymous, status, submitted_at, created_at) VALUES (165, 4, 1, 2, FALSE, 'submitted', '2026-04-10 10:00:00', '2026-04-10 10:00:00');
INSERT INTO evaluation_submissions (evaluator_id, evaluatee_id, period_id, evaluation_id, created_at) VALUES (72, 4, 2, 165, '2026-04-10 10:00:00');
INSERT INTO evaluation_details (evaluation_id, question_id, score, comment) VALUES (165, 1, 3, NULL);
INSERT INTO evaluation_details (evaluation_id, question_id, score, comment) VALUES (165, 2, 4, NULL);
INSERT INTO evaluation_details (evaluation_id, question_id, score, comment) VALUES (165, 3, 5, NULL);
INSERT INTO evaluation_details (evaluation_id, question_id, score, comment) VALUES (165, 4, 4, NULL);
INSERT INTO evaluation_details (evaluation_id, question_id, score, comment) VALUES (165, 5, 5, NULL);
INSERT INTO evaluation_details (evaluation_id, question_id, score, comment) VALUES (165, 6, 5, NULL);
INSERT INTO evaluation_details (evaluation_id, question_id, score, comment) VALUES (165, 7, 4, NULL);
INSERT INTO evaluation_details (evaluation_id, question_id, score, comment) VALUES (165, 8, 5, NULL);
INSERT INTO evaluation_details (evaluation_id, question_id, score, comment) VALUES (165, 9, 4, NULL);
INSERT INTO evaluation_details (evaluation_id, question_id, score, comment) VALUES (165, 10, 4, NULL);
INSERT INTO evaluation_details (evaluation_id, question_id, score, comment) VALUES (165, 11, NULL, 'A veces se demora un poco en contestar por Slack, pero cuando lo hace es muy claro.');
INSERT INTO evaluations (id, evaluatee_id, form_id, period_id, is_anonymous, status, submitted_at, created_at) VALUES (166, 7, 2, 2, FALSE, 'submitted', '2026-04-10 10:00:00', '2026-04-10 10:00:00');
INSERT INTO evaluation_submissions (evaluator_id, evaluatee_id, period_id, evaluation_id, created_at) VALUES (72, 7, 2, 166, '2026-04-10 10:00:00');
INSERT INTO evaluation_details (evaluation_id, question_id, score, comment) VALUES (166, 12, 5, NULL);
INSERT INTO evaluation_details (evaluation_id, question_id, score, comment) VALUES (166, 13, 4, NULL);
INSERT INTO evaluation_details (evaluation_id, question_id, score, comment) VALUES (166, 14, 5, NULL);
INSERT INTO evaluation_details (evaluation_id, question_id, score, comment) VALUES (166, 15, 3, NULL);
INSERT INTO evaluation_details (evaluation_id, question_id, score, comment) VALUES (166, 16, 3, NULL);
INSERT INTO evaluation_details (evaluation_id, question_id, score, comment) VALUES (166, 17, 4, NULL);
INSERT INTO evaluation_details (evaluation_id, question_id, score, comment) VALUES (166, 18, 5, NULL);
INSERT INTO evaluation_details (evaluation_id, question_id, score, comment) VALUES (166, 19, 5, NULL);
INSERT INTO evaluations (id, evaluatee_id, form_id, period_id, is_anonymous, status, submitted_at, created_at) VALUES (167, 4, 1, 2, FALSE, 'submitted', '2026-04-10 10:00:00', '2026-04-10 10:00:00');
INSERT INTO evaluation_submissions (evaluator_id, evaluatee_id, period_id, evaluation_id, created_at) VALUES (73, 4, 2, 167, '2026-04-10 10:00:00');
INSERT INTO evaluation_details (evaluation_id, question_id, score, comment) VALUES (167, 1, 4, NULL);
INSERT INTO evaluation_details (evaluation_id, question_id, score, comment) VALUES (167, 2, 4, NULL);
INSERT INTO evaluation_details (evaluation_id, question_id, score, comment) VALUES (167, 3, 5, NULL);
INSERT INTO evaluation_details (evaluation_id, question_id, score, comment) VALUES (167, 4, 4, NULL);
INSERT INTO evaluation_details (evaluation_id, question_id, score, comment) VALUES (167, 5, 5, NULL);
INSERT INTO evaluation_details (evaluation_id, question_id, score, comment) VALUES (167, 6, 5, NULL);
INSERT INTO evaluation_details (evaluation_id, question_id, score, comment) VALUES (167, 7, 3, NULL);
INSERT INTO evaluation_details (evaluation_id, question_id, score, comment) VALUES (167, 8, 5, NULL);
INSERT INTO evaluation_details (evaluation_id, question_id, score, comment) VALUES (167, 9, 5, NULL);
INSERT INTO evaluation_details (evaluation_id, question_id, score, comment) VALUES (167, 10, 5, NULL);
INSERT INTO evaluations (id, evaluatee_id, form_id, period_id, is_anonymous, status, submitted_at, created_at) VALUES (168, 7, 2, 2, TRUE, 'submitted', '2026-04-10 10:00:00', '2026-04-10 10:00:00');
INSERT INTO evaluation_submissions (evaluator_id, evaluatee_id, period_id, evaluation_id, created_at) VALUES (73, 7, 2, 168, '2026-04-10 10:00:00');
INSERT INTO evaluation_details (evaluation_id, question_id, score, comment) VALUES (168, 12, 5, NULL);
INSERT INTO evaluation_details (evaluation_id, question_id, score, comment) VALUES (168, 13, 4, NULL);
INSERT INTO evaluation_details (evaluation_id, question_id, score, comment) VALUES (168, 14, 4, NULL);
INSERT INTO evaluation_details (evaluation_id, question_id, score, comment) VALUES (168, 15, 3, NULL);
INSERT INTO evaluation_details (evaluation_id, question_id, score, comment) VALUES (168, 16, 3, NULL);
INSERT INTO evaluation_details (evaluation_id, question_id, score, comment) VALUES (168, 17, 4, NULL);
INSERT INTO evaluation_details (evaluation_id, question_id, score, comment) VALUES (168, 18, 5, NULL);
INSERT INTO evaluation_details (evaluation_id, question_id, score, comment) VALUES (168, 19, 5, NULL);
INSERT INTO evaluation_details (evaluation_id, question_id, score, comment) VALUES (168, 20, NULL, 'Me encanta cómo explica la arquitectura de software.');
INSERT INTO evaluations (id, evaluatee_id, form_id, period_id, is_anonymous, status, submitted_at, created_at) VALUES (169, 4, 1, 2, FALSE, 'submitted', '2026-04-10 10:00:00', '2026-04-10 10:00:00');
INSERT INTO evaluation_submissions (evaluator_id, evaluatee_id, period_id, evaluation_id, created_at) VALUES (74, 4, 2, 169, '2026-04-10 10:00:00');
INSERT INTO evaluation_details (evaluation_id, question_id, score, comment) VALUES (169, 1, 4, NULL);
INSERT INTO evaluation_details (evaluation_id, question_id, score, comment) VALUES (169, 2, 4, NULL);
INSERT INTO evaluation_details (evaluation_id, question_id, score, comment) VALUES (169, 3, 4, NULL);
INSERT INTO evaluation_details (evaluation_id, question_id, score, comment) VALUES (169, 4, 5, NULL);
INSERT INTO evaluation_details (evaluation_id, question_id, score, comment) VALUES (169, 5, 5, NULL);
INSERT INTO evaluation_details (evaluation_id, question_id, score, comment) VALUES (169, 6, 3, NULL);
INSERT INTO evaluation_details (evaluation_id, question_id, score, comment) VALUES (169, 7, 4, NULL);
INSERT INTO evaluation_details (evaluation_id, question_id, score, comment) VALUES (169, 8, 4, NULL);
INSERT INTO evaluation_details (evaluation_id, question_id, score, comment) VALUES (169, 9, 4, NULL);
INSERT INTO evaluation_details (evaluation_id, question_id, score, comment) VALUES (169, 10, 4, NULL);
INSERT INTO evaluation_details (evaluation_id, question_id, score, comment) VALUES (169, 11, NULL, 'Las dailies son muy útiles, las dirige muy bien.');
INSERT INTO evaluations (id, evaluatee_id, form_id, period_id, is_anonymous, status, submitted_at, created_at) VALUES (170, 7, 2, 2, FALSE, 'submitted', '2026-04-10 10:00:00', '2026-04-10 10:00:00');
INSERT INTO evaluation_submissions (evaluator_id, evaluatee_id, period_id, evaluation_id, created_at) VALUES (74, 7, 2, 170, '2026-04-10 10:00:00');
INSERT INTO evaluation_details (evaluation_id, question_id, score, comment) VALUES (170, 12, 5, NULL);
INSERT INTO evaluation_details (evaluation_id, question_id, score, comment) VALUES (170, 13, 4, NULL);
INSERT INTO evaluation_details (evaluation_id, question_id, score, comment) VALUES (170, 14, 3, NULL);
INSERT INTO evaluation_details (evaluation_id, question_id, score, comment) VALUES (170, 15, 3, NULL);
INSERT INTO evaluation_details (evaluation_id, question_id, score, comment) VALUES (170, 16, 4, NULL);
INSERT INTO evaluation_details (evaluation_id, question_id, score, comment) VALUES (170, 17, 3, NULL);
INSERT INTO evaluation_details (evaluation_id, question_id, score, comment) VALUES (170, 18, 5, NULL);
INSERT INTO evaluation_details (evaluation_id, question_id, score, comment) VALUES (170, 19, 5, NULL);
INSERT INTO evaluation_details (evaluation_id, question_id, score, comment) VALUES (170, 20, NULL, 'Excelente dominio de FastAPI, resuelve las dudas en el acto.');
INSERT INTO evaluations (id, evaluatee_id, form_id, period_id, is_anonymous, status, submitted_at, created_at) VALUES (171, 4, 1, 2, FALSE, 'submitted', '2026-04-10 10:00:00', '2026-04-10 10:00:00');
INSERT INTO evaluation_submissions (evaluator_id, evaluatee_id, period_id, evaluation_id, created_at) VALUES (75, 4, 2, 171, '2026-04-10 10:00:00');
INSERT INTO evaluation_details (evaluation_id, question_id, score, comment) VALUES (171, 1, 4, NULL);
INSERT INTO evaluation_details (evaluation_id, question_id, score, comment) VALUES (171, 2, 3, NULL);
INSERT INTO evaluation_details (evaluation_id, question_id, score, comment) VALUES (171, 3, 4, NULL);
INSERT INTO evaluation_details (evaluation_id, question_id, score, comment) VALUES (171, 4, 5, NULL);
INSERT INTO evaluation_details (evaluation_id, question_id, score, comment) VALUES (171, 5, 5, NULL);
INSERT INTO evaluation_details (evaluation_id, question_id, score, comment) VALUES (171, 6, 5, NULL);
INSERT INTO evaluation_details (evaluation_id, question_id, score, comment) VALUES (171, 7, 4, NULL);
INSERT INTO evaluation_details (evaluation_id, question_id, score, comment) VALUES (171, 8, 3, NULL);
INSERT INTO evaluation_details (evaluation_id, question_id, score, comment) VALUES (171, 9, 5, NULL);
INSERT INTO evaluation_details (evaluation_id, question_id, score, comment) VALUES (171, 10, 4, NULL);
INSERT INTO evaluation_details (evaluation_id, question_id, score, comment) VALUES (171, 11, NULL, 'A veces se demora un poco en contestar por Slack, pero cuando lo hace es muy claro.');
INSERT INTO evaluations (id, evaluatee_id, form_id, period_id, is_anonymous, status, submitted_at, created_at) VALUES (172, 7, 2, 2, FALSE, 'submitted', '2026-04-10 10:00:00', '2026-04-10 10:00:00');
INSERT INTO evaluation_submissions (evaluator_id, evaluatee_id, period_id, evaluation_id, created_at) VALUES (75, 7, 2, 172, '2026-04-10 10:00:00');
INSERT INTO evaluation_details (evaluation_id, question_id, score, comment) VALUES (172, 12, 5, NULL);
INSERT INTO evaluation_details (evaluation_id, question_id, score, comment) VALUES (172, 13, 5, NULL);
INSERT INTO evaluation_details (evaluation_id, question_id, score, comment) VALUES (172, 14, 4, NULL);
INSERT INTO evaluation_details (evaluation_id, question_id, score, comment) VALUES (172, 15, 4, NULL);
INSERT INTO evaluation_details (evaluation_id, question_id, score, comment) VALUES (172, 16, 5, NULL);
INSERT INTO evaluation_details (evaluation_id, question_id, score, comment) VALUES (172, 17, 4, NULL);
INSERT INTO evaluation_details (evaluation_id, question_id, score, comment) VALUES (172, 18, 5, NULL);
INSERT INTO evaluation_details (evaluation_id, question_id, score, comment) VALUES (172, 19, 3, NULL);
INSERT INTO evaluations (id, evaluatee_id, form_id, period_id, is_anonymous, status, submitted_at, created_at) VALUES (173, 4, 1, 2, TRUE, 'submitted', '2026-04-10 10:00:00', '2026-04-10 10:00:00');
INSERT INTO evaluation_submissions (evaluator_id, evaluatee_id, period_id, evaluation_id, created_at) VALUES (76, 4, 2, 173, '2026-04-10 10:00:00');
INSERT INTO evaluation_details (evaluation_id, question_id, score, comment) VALUES (173, 1, 4, NULL);
INSERT INTO evaluation_details (evaluation_id, question_id, score, comment) VALUES (173, 2, 5, NULL);
INSERT INTO evaluation_details (evaluation_id, question_id, score, comment) VALUES (173, 3, 4, NULL);
INSERT INTO evaluation_details (evaluation_id, question_id, score, comment) VALUES (173, 4, 5, NULL);
INSERT INTO evaluation_details (evaluation_id, question_id, score, comment) VALUES (173, 5, 4, NULL);
INSERT INTO evaluation_details (evaluation_id, question_id, score, comment) VALUES (173, 6, 5, NULL);
INSERT INTO evaluation_details (evaluation_id, question_id, score, comment) VALUES (173, 7, 3, NULL);
INSERT INTO evaluation_details (evaluation_id, question_id, score, comment) VALUES (173, 8, 4, NULL);
INSERT INTO evaluation_details (evaluation_id, question_id, score, comment) VALUES (173, 9, 4, NULL);
INSERT INTO evaluation_details (evaluation_id, question_id, score, comment) VALUES (173, 10, 5, NULL);
INSERT INTO evaluation_details (evaluation_id, question_id, score, comment) VALUES (173, 11, NULL, 'Podría darnos más recursos externos para estudiar.');
INSERT INTO evaluations (id, evaluatee_id, form_id, period_id, is_anonymous, status, submitted_at, created_at) VALUES (174, 7, 2, 2, FALSE, 'submitted', '2026-04-10 10:00:00', '2026-04-10 10:00:00');
INSERT INTO evaluation_submissions (evaluator_id, evaluatee_id, period_id, evaluation_id, created_at) VALUES (76, 7, 2, 174, '2026-04-10 10:00:00');
INSERT INTO evaluation_details (evaluation_id, question_id, score, comment) VALUES (174, 12, 4, NULL);
INSERT INTO evaluation_details (evaluation_id, question_id, score, comment) VALUES (174, 13, 3, NULL);
INSERT INTO evaluation_details (evaluation_id, question_id, score, comment) VALUES (174, 14, 5, NULL);
INSERT INTO evaluation_details (evaluation_id, question_id, score, comment) VALUES (174, 15, 4, NULL);
INSERT INTO evaluation_details (evaluation_id, question_id, score, comment) VALUES (174, 16, 5, NULL);
INSERT INTO evaluation_details (evaluation_id, question_id, score, comment) VALUES (174, 17, 5, NULL);
INSERT INTO evaluation_details (evaluation_id, question_id, score, comment) VALUES (174, 18, 4, NULL);
INSERT INTO evaluation_details (evaluation_id, question_id, score, comment) VALUES (174, 19, 4, NULL);
INSERT INTO evaluations (id, evaluatee_id, form_id, period_id, is_anonymous, status, submitted_at, created_at) VALUES (175, 4, 1, 2, FALSE, 'submitted', '2026-04-10 10:00:00', '2026-04-10 10:00:00');
INSERT INTO evaluation_submissions (evaluator_id, evaluatee_id, period_id, evaluation_id, created_at) VALUES (77, 4, 2, 175, '2026-04-10 10:00:00');
INSERT INTO evaluation_details (evaluation_id, question_id, score, comment) VALUES (175, 1, 4, NULL);
INSERT INTO evaluation_details (evaluation_id, question_id, score, comment) VALUES (175, 2, 4, NULL);
INSERT INTO evaluation_details (evaluation_id, question_id, score, comment) VALUES (175, 3, 5, NULL);
INSERT INTO evaluation_details (evaluation_id, question_id, score, comment) VALUES (175, 4, 5, NULL);
INSERT INTO evaluation_details (evaluation_id, question_id, score, comment) VALUES (175, 5, 5, NULL);
INSERT INTO evaluation_details (evaluation_id, question_id, score, comment) VALUES (175, 6, 4, NULL);
INSERT INTO evaluation_details (evaluation_id, question_id, score, comment) VALUES (175, 7, 5, NULL);
INSERT INTO evaluation_details (evaluation_id, question_id, score, comment) VALUES (175, 8, 5, NULL);
INSERT INTO evaluation_details (evaluation_id, question_id, score, comment) VALUES (175, 9, 5, NULL);
INSERT INTO evaluation_details (evaluation_id, question_id, score, comment) VALUES (175, 10, 5, NULL);
INSERT INTO evaluation_details (evaluation_id, question_id, score, comment) VALUES (175, 11, NULL, 'Excelente acompañamiento, siempre está dispuesto a ayudarnos.');
INSERT INTO evaluations (id, evaluatee_id, form_id, period_id, is_anonymous, status, submitted_at, created_at) VALUES (176, 7, 2, 2, FALSE, 'submitted', '2026-04-10 10:00:00', '2026-04-10 10:00:00');
INSERT INTO evaluation_submissions (evaluator_id, evaluatee_id, period_id, evaluation_id, created_at) VALUES (77, 7, 2, 176, '2026-04-10 10:00:00');
INSERT INTO evaluation_details (evaluation_id, question_id, score, comment) VALUES (176, 12, 5, NULL);
INSERT INTO evaluation_details (evaluation_id, question_id, score, comment) VALUES (176, 13, 3, NULL);
INSERT INTO evaluation_details (evaluation_id, question_id, score, comment) VALUES (176, 14, 4, NULL);
INSERT INTO evaluation_details (evaluation_id, question_id, score, comment) VALUES (176, 15, 3, NULL);
INSERT INTO evaluation_details (evaluation_id, question_id, score, comment) VALUES (176, 16, 4, NULL);
INSERT INTO evaluation_details (evaluation_id, question_id, score, comment) VALUES (176, 17, 4, NULL);
INSERT INTO evaluation_details (evaluation_id, question_id, score, comment) VALUES (176, 18, 5, NULL);
INSERT INTO evaluation_details (evaluation_id, question_id, score, comment) VALUES (176, 19, 5, NULL);
INSERT INTO evaluations (id, evaluatee_id, form_id, period_id, is_anonymous, status, submitted_at, created_at) VALUES (177, 4, 1, 2, FALSE, 'submitted', '2026-04-10 10:00:00', '2026-04-10 10:00:00');
INSERT INTO evaluation_submissions (evaluator_id, evaluatee_id, period_id, evaluation_id, created_at) VALUES (78, 4, 2, 177, '2026-04-10 10:00:00');
INSERT INTO evaluation_details (evaluation_id, question_id, score, comment) VALUES (177, 1, 4, NULL);
INSERT INTO evaluation_details (evaluation_id, question_id, score, comment) VALUES (177, 2, 4, NULL);
INSERT INTO evaluation_details (evaluation_id, question_id, score, comment) VALUES (177, 3, 3, NULL);
INSERT INTO evaluation_details (evaluation_id, question_id, score, comment) VALUES (177, 4, 5, NULL);
INSERT INTO evaluation_details (evaluation_id, question_id, score, comment) VALUES (177, 5, 5, NULL);
INSERT INTO evaluation_details (evaluation_id, question_id, score, comment) VALUES (177, 6, 4, NULL);
INSERT INTO evaluation_details (evaluation_id, question_id, score, comment) VALUES (177, 7, 4, NULL);
INSERT INTO evaluation_details (evaluation_id, question_id, score, comment) VALUES (177, 8, 4, NULL);
INSERT INTO evaluation_details (evaluation_id, question_id, score, comment) VALUES (177, 9, 5, NULL);
INSERT INTO evaluation_details (evaluation_id, question_id, score, comment) VALUES (177, 10, 5, NULL);
INSERT INTO evaluations (id, evaluatee_id, form_id, period_id, is_anonymous, status, submitted_at, created_at) VALUES (178, 7, 2, 2, TRUE, 'submitted', '2026-04-10 10:00:00', '2026-04-10 10:00:00');
INSERT INTO evaluation_submissions (evaluator_id, evaluatee_id, period_id, evaluation_id, created_at) VALUES (78, 7, 2, 178, '2026-04-10 10:00:00');
INSERT INTO evaluation_details (evaluation_id, question_id, score, comment) VALUES (178, 12, 5, NULL);
INSERT INTO evaluation_details (evaluation_id, question_id, score, comment) VALUES (178, 13, 4, NULL);
INSERT INTO evaluation_details (evaluation_id, question_id, score, comment) VALUES (178, 14, 5, NULL);
INSERT INTO evaluation_details (evaluation_id, question_id, score, comment) VALUES (178, 15, 4, NULL);
INSERT INTO evaluation_details (evaluation_id, question_id, score, comment) VALUES (178, 16, 4, NULL);
INSERT INTO evaluation_details (evaluation_id, question_id, score, comment) VALUES (178, 17, 5, NULL);
INSERT INTO evaluation_details (evaluation_id, question_id, score, comment) VALUES (178, 18, 5, NULL);
INSERT INTO evaluation_details (evaluation_id, question_id, score, comment) VALUES (178, 19, 5, NULL);
INSERT INTO evaluation_details (evaluation_id, question_id, score, comment) VALUES (178, 20, NULL, 'Las clases son súper claras, los ejemplos en vivo ayudan muchísimo.');
INSERT INTO evaluations (id, evaluatee_id, form_id, period_id, is_anonymous, status, submitted_at, created_at) VALUES (179, 4, 1, 2, FALSE, 'submitted', '2026-04-10 10:00:00', '2026-04-10 10:00:00');
INSERT INTO evaluation_submissions (evaluator_id, evaluatee_id, period_id, evaluation_id, created_at) VALUES (79, 4, 2, 179, '2026-04-10 10:00:00');
INSERT INTO evaluation_details (evaluation_id, question_id, score, comment) VALUES (179, 1, 4, NULL);
INSERT INTO evaluation_details (evaluation_id, question_id, score, comment) VALUES (179, 2, 5, NULL);
INSERT INTO evaluation_details (evaluation_id, question_id, score, comment) VALUES (179, 3, 5, NULL);
INSERT INTO evaluation_details (evaluation_id, question_id, score, comment) VALUES (179, 4, 5, NULL);
INSERT INTO evaluation_details (evaluation_id, question_id, score, comment) VALUES (179, 5, 3, NULL);
INSERT INTO evaluation_details (evaluation_id, question_id, score, comment) VALUES (179, 6, 3, NULL);
INSERT INTO evaluation_details (evaluation_id, question_id, score, comment) VALUES (179, 7, 5, NULL);
INSERT INTO evaluation_details (evaluation_id, question_id, score, comment) VALUES (179, 8, 5, NULL);
INSERT INTO evaluation_details (evaluation_id, question_id, score, comment) VALUES (179, 9, 3, NULL);
INSERT INTO evaluation_details (evaluation_id, question_id, score, comment) VALUES (179, 10, 4, NULL);
INSERT INTO evaluation_details (evaluation_id, question_id, score, comment) VALUES (179, 11, NULL, 'Me encanta su forma de liderar, he aprendido mucho de él.');
INSERT INTO evaluations (id, evaluatee_id, form_id, period_id, is_anonymous, status, submitted_at, created_at) VALUES (180, 7, 2, 2, TRUE, 'submitted', '2026-04-10 10:00:00', '2026-04-10 10:00:00');
INSERT INTO evaluation_submissions (evaluator_id, evaluatee_id, period_id, evaluation_id, created_at) VALUES (79, 7, 2, 180, '2026-04-10 10:00:00');
INSERT INTO evaluation_details (evaluation_id, question_id, score, comment) VALUES (180, 12, 4, NULL);
INSERT INTO evaluation_details (evaluation_id, question_id, score, comment) VALUES (180, 13, 4, NULL);
INSERT INTO evaluation_details (evaluation_id, question_id, score, comment) VALUES (180, 14, 4, NULL);
INSERT INTO evaluation_details (evaluation_id, question_id, score, comment) VALUES (180, 15, 5, NULL);
INSERT INTO evaluation_details (evaluation_id, question_id, score, comment) VALUES (180, 16, 5, NULL);
INSERT INTO evaluation_details (evaluation_id, question_id, score, comment) VALUES (180, 17, 5, NULL);
INSERT INTO evaluation_details (evaluation_id, question_id, score, comment) VALUES (180, 18, 5, NULL);
INSERT INTO evaluation_details (evaluation_id, question_id, score, comment) VALUES (180, 19, 5, NULL);
INSERT INTO evaluation_details (evaluation_id, question_id, score, comment) VALUES (180, 20, NULL, 'Es muy amable y sabe cómo explicar temas difíciles.');
INSERT INTO evaluations (id, evaluatee_id, form_id, period_id, is_anonymous, status, submitted_at, created_at) VALUES (181, 4, 1, 2, TRUE, 'submitted', '2026-04-10 10:00:00', '2026-04-10 10:00:00');
INSERT INTO evaluation_submissions (evaluator_id, evaluatee_id, period_id, evaluation_id, created_at) VALUES (80, 4, 2, 181, '2026-04-10 10:00:00');
INSERT INTO evaluation_details (evaluation_id, question_id, score, comment) VALUES (181, 1, 5, NULL);
INSERT INTO evaluation_details (evaluation_id, question_id, score, comment) VALUES (181, 2, 4, NULL);
INSERT INTO evaluation_details (evaluation_id, question_id, score, comment) VALUES (181, 3, 5, NULL);
INSERT INTO evaluation_details (evaluation_id, question_id, score, comment) VALUES (181, 4, 4, NULL);
INSERT INTO evaluation_details (evaluation_id, question_id, score, comment) VALUES (181, 5, 5, NULL);
INSERT INTO evaluation_details (evaluation_id, question_id, score, comment) VALUES (181, 6, 5, NULL);
INSERT INTO evaluation_details (evaluation_id, question_id, score, comment) VALUES (181, 7, 4, NULL);
INSERT INTO evaluation_details (evaluation_id, question_id, score, comment) VALUES (181, 8, 5, NULL);
INSERT INTO evaluation_details (evaluation_id, question_id, score, comment) VALUES (181, 9, 5, NULL);
INSERT INTO evaluation_details (evaluation_id, question_id, score, comment) VALUES (181, 10, 5, NULL);
INSERT INTO evaluations (id, evaluatee_id, form_id, period_id, is_anonymous, status, submitted_at, created_at) VALUES (182, 7, 2, 2, FALSE, 'submitted', '2026-04-10 10:00:00', '2026-04-10 10:00:00');
INSERT INTO evaluation_submissions (evaluator_id, evaluatee_id, period_id, evaluation_id, created_at) VALUES (80, 7, 2, 182, '2026-04-10 10:00:00');
INSERT INTO evaluation_details (evaluation_id, question_id, score, comment) VALUES (182, 12, 3, NULL);
INSERT INTO evaluation_details (evaluation_id, question_id, score, comment) VALUES (182, 13, 4, NULL);
INSERT INTO evaluation_details (evaluation_id, question_id, score, comment) VALUES (182, 14, 3, NULL);
INSERT INTO evaluation_details (evaluation_id, question_id, score, comment) VALUES (182, 15, 5, NULL);
INSERT INTO evaluation_details (evaluation_id, question_id, score, comment) VALUES (182, 16, 5, NULL);
INSERT INTO evaluation_details (evaluation_id, question_id, score, comment) VALUES (182, 17, 4, NULL);
INSERT INTO evaluation_details (evaluation_id, question_id, score, comment) VALUES (182, 18, 5, NULL);
INSERT INTO evaluation_details (evaluation_id, question_id, score, comment) VALUES (182, 19, 5, NULL);
INSERT INTO evaluation_details (evaluation_id, question_id, score, comment) VALUES (182, 20, NULL, 'Las clases son súper claras, los ejemplos en vivo ayudan muchísimo.');
INSERT INTO evaluations (id, evaluatee_id, form_id, period_id, is_anonymous, status, submitted_at, created_at) VALUES (183, 4, 1, 2, TRUE, 'submitted', '2026-04-10 10:00:00', '2026-04-10 10:00:00');
INSERT INTO evaluation_submissions (evaluator_id, evaluatee_id, period_id, evaluation_id, created_at) VALUES (81, 4, 2, 183, '2026-04-10 10:00:00');
INSERT INTO evaluation_details (evaluation_id, question_id, score, comment) VALUES (183, 1, 3, NULL);
INSERT INTO evaluation_details (evaluation_id, question_id, score, comment) VALUES (183, 2, 4, NULL);
INSERT INTO evaluation_details (evaluation_id, question_id, score, comment) VALUES (183, 3, 4, NULL);
INSERT INTO evaluation_details (evaluation_id, question_id, score, comment) VALUES (183, 4, 3, NULL);
INSERT INTO evaluation_details (evaluation_id, question_id, score, comment) VALUES (183, 5, 4, NULL);
INSERT INTO evaluation_details (evaluation_id, question_id, score, comment) VALUES (183, 6, 5, NULL);
INSERT INTO evaluation_details (evaluation_id, question_id, score, comment) VALUES (183, 7, 4, NULL);
INSERT INTO evaluation_details (evaluation_id, question_id, score, comment) VALUES (183, 8, 3, NULL);
INSERT INTO evaluation_details (evaluation_id, question_id, score, comment) VALUES (183, 9, 4, NULL);
INSERT INTO evaluation_details (evaluation_id, question_id, score, comment) VALUES (183, 10, 3, NULL);
INSERT INTO evaluation_details (evaluation_id, question_id, score, comment) VALUES (183, 11, NULL, 'Explica súper bien los requerimientos de los proyectos.');
INSERT INTO evaluations (id, evaluatee_id, form_id, period_id, is_anonymous, status, submitted_at, created_at) VALUES (184, 7, 2, 2, FALSE, 'submitted', '2026-04-10 10:00:00', '2026-04-10 10:00:00');
INSERT INTO evaluation_submissions (evaluator_id, evaluatee_id, period_id, evaluation_id, created_at) VALUES (81, 7, 2, 184, '2026-04-10 10:00:00');
INSERT INTO evaluation_details (evaluation_id, question_id, score, comment) VALUES (184, 12, 4, NULL);
INSERT INTO evaluation_details (evaluation_id, question_id, score, comment) VALUES (184, 13, 4, NULL);
INSERT INTO evaluation_details (evaluation_id, question_id, score, comment) VALUES (184, 14, 3, NULL);
INSERT INTO evaluation_details (evaluation_id, question_id, score, comment) VALUES (184, 15, 5, NULL);
INSERT INTO evaluation_details (evaluation_id, question_id, score, comment) VALUES (184, 16, 5, NULL);
INSERT INTO evaluation_details (evaluation_id, question_id, score, comment) VALUES (184, 17, 5, NULL);
INSERT INTO evaluation_details (evaluation_id, question_id, score, comment) VALUES (184, 18, 4, NULL);
INSERT INTO evaluation_details (evaluation_id, question_id, score, comment) VALUES (184, 19, 4, NULL);
INSERT INTO evaluation_details (evaluation_id, question_id, score, comment) VALUES (184, 20, NULL, 'Excelente dominio de FastAPI, resuelve las dudas en el acto.');
INSERT INTO evaluations (id, evaluatee_id, form_id, period_id, is_anonymous, status, submitted_at, created_at) VALUES (185, 4, 1, 2, FALSE, 'submitted', '2026-04-10 10:00:00', '2026-04-10 10:00:00');
INSERT INTO evaluation_submissions (evaluator_id, evaluatee_id, period_id, evaluation_id, created_at) VALUES (82, 4, 2, 185, '2026-04-10 10:00:00');
INSERT INTO evaluation_details (evaluation_id, question_id, score, comment) VALUES (185, 1, 5, NULL);
INSERT INTO evaluation_details (evaluation_id, question_id, score, comment) VALUES (185, 2, 4, NULL);
INSERT INTO evaluation_details (evaluation_id, question_id, score, comment) VALUES (185, 3, 3, NULL);
INSERT INTO evaluation_details (evaluation_id, question_id, score, comment) VALUES (185, 4, 5, NULL);
INSERT INTO evaluation_details (evaluation_id, question_id, score, comment) VALUES (185, 5, 5, NULL);
INSERT INTO evaluation_details (evaluation_id, question_id, score, comment) VALUES (185, 6, 4, NULL);
INSERT INTO evaluation_details (evaluation_id, question_id, score, comment) VALUES (185, 7, 5, NULL);
INSERT INTO evaluation_details (evaluation_id, question_id, score, comment) VALUES (185, 8, 5, NULL);
INSERT INTO evaluation_details (evaluation_id, question_id, score, comment) VALUES (185, 9, 3, NULL);
INSERT INTO evaluation_details (evaluation_id, question_id, score, comment) VALUES (185, 10, 5, NULL);
INSERT INTO evaluation_details (evaluation_id, question_id, score, comment) VALUES (185, 11, NULL, 'Podría darnos más recursos externos para estudiar.');
INSERT INTO evaluations (id, evaluatee_id, form_id, period_id, is_anonymous, status, submitted_at, created_at) VALUES (186, 7, 2, 2, FALSE, 'submitted', '2026-04-10 10:00:00', '2026-04-10 10:00:00');
INSERT INTO evaluation_submissions (evaluator_id, evaluatee_id, period_id, evaluation_id, created_at) VALUES (82, 7, 2, 186, '2026-04-10 10:00:00');
INSERT INTO evaluation_details (evaluation_id, question_id, score, comment) VALUES (186, 12, 4, NULL);
INSERT INTO evaluation_details (evaluation_id, question_id, score, comment) VALUES (186, 13, 5, NULL);
INSERT INTO evaluation_details (evaluation_id, question_id, score, comment) VALUES (186, 14, 4, NULL);
INSERT INTO evaluation_details (evaluation_id, question_id, score, comment) VALUES (186, 15, 4, NULL);
INSERT INTO evaluation_details (evaluation_id, question_id, score, comment) VALUES (186, 16, 4, NULL);
INSERT INTO evaluation_details (evaluation_id, question_id, score, comment) VALUES (186, 17, 4, NULL);
INSERT INTO evaluation_details (evaluation_id, question_id, score, comment) VALUES (186, 18, 3, NULL);
INSERT INTO evaluation_details (evaluation_id, question_id, score, comment) VALUES (186, 19, 5, NULL);
INSERT INTO evaluations (id, evaluatee_id, form_id, period_id, is_anonymous, status, submitted_at, created_at) VALUES (187, 4, 1, 2, FALSE, 'submitted', '2026-04-10 10:00:00', '2026-04-10 10:00:00');
INSERT INTO evaluation_submissions (evaluator_id, evaluatee_id, period_id, evaluation_id, created_at) VALUES (83, 4, 2, 187, '2026-04-10 10:00:00');
INSERT INTO evaluation_details (evaluation_id, question_id, score, comment) VALUES (187, 1, 3, NULL);
INSERT INTO evaluation_details (evaluation_id, question_id, score, comment) VALUES (187, 2, 5, NULL);
INSERT INTO evaluation_details (evaluation_id, question_id, score, comment) VALUES (187, 3, 4, NULL);
INSERT INTO evaluation_details (evaluation_id, question_id, score, comment) VALUES (187, 4, 4, NULL);
INSERT INTO evaluation_details (evaluation_id, question_id, score, comment) VALUES (187, 5, 4, NULL);
INSERT INTO evaluation_details (evaluation_id, question_id, score, comment) VALUES (187, 6, 3, NULL);
INSERT INTO evaluation_details (evaluation_id, question_id, score, comment) VALUES (187, 7, 4, NULL);
INSERT INTO evaluation_details (evaluation_id, question_id, score, comment) VALUES (187, 8, 5, NULL);
INSERT INTO evaluation_details (evaluation_id, question_id, score, comment) VALUES (187, 9, 5, NULL);
INSERT INTO evaluation_details (evaluation_id, question_id, score, comment) VALUES (187, 10, 4, NULL);
INSERT INTO evaluations (id, evaluatee_id, form_id, period_id, is_anonymous, status, submitted_at, created_at) VALUES (188, 7, 2, 2, TRUE, 'submitted', '2026-04-10 10:00:00', '2026-04-10 10:00:00');
INSERT INTO evaluation_submissions (evaluator_id, evaluatee_id, period_id, evaluation_id, created_at) VALUES (83, 7, 2, 188, '2026-04-10 10:00:00');
INSERT INTO evaluation_details (evaluation_id, question_id, score, comment) VALUES (188, 12, 5, NULL);
INSERT INTO evaluation_details (evaluation_id, question_id, score, comment) VALUES (188, 13, 4, NULL);
INSERT INTO evaluation_details (evaluation_id, question_id, score, comment) VALUES (188, 14, 4, NULL);
INSERT INTO evaluation_details (evaluation_id, question_id, score, comment) VALUES (188, 15, 5, NULL);
INSERT INTO evaluation_details (evaluation_id, question_id, score, comment) VALUES (188, 16, 4, NULL);
INSERT INTO evaluation_details (evaluation_id, question_id, score, comment) VALUES (188, 17, 3, NULL);
INSERT INTO evaluation_details (evaluation_id, question_id, score, comment) VALUES (188, 18, 5, NULL);
INSERT INTO evaluation_details (evaluation_id, question_id, score, comment) VALUES (188, 19, 5, NULL);
INSERT INTO evaluation_details (evaluation_id, question_id, score, comment) VALUES (188, 20, NULL, 'Excelente dominio de FastAPI, resuelve las dudas en el acto.');
INSERT INTO evaluations (id, evaluatee_id, form_id, period_id, is_anonymous, status, submitted_at, created_at) VALUES (189, 2, 1, 3, FALSE, 'submitted', '2026-06-10 10:00:00', '2026-06-10 10:00:00');
INSERT INTO evaluation_submissions (evaluator_id, evaluatee_id, period_id, evaluation_id, created_at) VALUES (12, 2, 3, 189, '2026-06-10 10:00:00');
INSERT INTO evaluation_details (evaluation_id, question_id, score, comment) VALUES (189, 1, 5, NULL);
INSERT INTO evaluation_details (evaluation_id, question_id, score, comment) VALUES (189, 2, 4, NULL);
INSERT INTO evaluation_details (evaluation_id, question_id, score, comment) VALUES (189, 3, 5, NULL);
INSERT INTO evaluation_details (evaluation_id, question_id, score, comment) VALUES (189, 4, 4, NULL);
INSERT INTO evaluation_details (evaluation_id, question_id, score, comment) VALUES (189, 5, 3, NULL);
INSERT INTO evaluation_details (evaluation_id, question_id, score, comment) VALUES (189, 6, 4, NULL);
INSERT INTO evaluation_details (evaluation_id, question_id, score, comment) VALUES (189, 7, 4, NULL);
INSERT INTO evaluation_details (evaluation_id, question_id, score, comment) VALUES (189, 8, 4, NULL);
INSERT INTO evaluation_details (evaluation_id, question_id, score, comment) VALUES (189, 9, 4, NULL);
INSERT INTO evaluation_details (evaluation_id, question_id, score, comment) VALUES (189, 10, 5, NULL);
INSERT INTO evaluation_details (evaluation_id, question_id, score, comment) VALUES (189, 11, NULL, 'Las dailies son muy útiles, las dirige muy bien.');
INSERT INTO evaluations (id, evaluatee_id, form_id, period_id, is_anonymous, status, submitted_at, created_at) VALUES (190, 2, 1, 3, FALSE, 'submitted', '2026-06-10 10:00:00', '2026-06-10 10:00:00');
INSERT INTO evaluation_submissions (evaluator_id, evaluatee_id, period_id, evaluation_id, created_at) VALUES (13, 2, 3, 190, '2026-06-10 10:00:00');
INSERT INTO evaluation_details (evaluation_id, question_id, score, comment) VALUES (190, 1, 3, NULL);
INSERT INTO evaluation_details (evaluation_id, question_id, score, comment) VALUES (190, 2, 5, NULL);
INSERT INTO evaluation_details (evaluation_id, question_id, score, comment) VALUES (190, 3, 3, NULL);
INSERT INTO evaluation_details (evaluation_id, question_id, score, comment) VALUES (190, 4, 5, NULL);
INSERT INTO evaluation_details (evaluation_id, question_id, score, comment) VALUES (190, 5, 5, NULL);
INSERT INTO evaluation_details (evaluation_id, question_id, score, comment) VALUES (190, 6, 5, NULL);
INSERT INTO evaluation_details (evaluation_id, question_id, score, comment) VALUES (190, 7, 4, NULL);
INSERT INTO evaluation_details (evaluation_id, question_id, score, comment) VALUES (190, 8, 4, NULL);
INSERT INTO evaluation_details (evaluation_id, question_id, score, comment) VALUES (190, 9, 3, NULL);
INSERT INTO evaluation_details (evaluation_id, question_id, score, comment) VALUES (190, 10, 4, NULL);
INSERT INTO evaluations (id, evaluatee_id, form_id, period_id, is_anonymous, status, submitted_at, created_at) VALUES (191, 2, 1, 3, FALSE, 'submitted', '2026-06-10 10:00:00', '2026-06-10 10:00:00');
INSERT INTO evaluation_submissions (evaluator_id, evaluatee_id, period_id, evaluation_id, created_at) VALUES (14, 2, 3, 191, '2026-06-10 10:00:00');
INSERT INTO evaluation_details (evaluation_id, question_id, score, comment) VALUES (191, 1, 5, NULL);
INSERT INTO evaluation_details (evaluation_id, question_id, score, comment) VALUES (191, 2, 5, NULL);
INSERT INTO evaluation_details (evaluation_id, question_id, score, comment) VALUES (191, 3, 5, NULL);
INSERT INTO evaluation_details (evaluation_id, question_id, score, comment) VALUES (191, 4, 4, NULL);
INSERT INTO evaluation_details (evaluation_id, question_id, score, comment) VALUES (191, 5, 4, NULL);
INSERT INTO evaluation_details (evaluation_id, question_id, score, comment) VALUES (191, 6, 5, NULL);
INSERT INTO evaluation_details (evaluation_id, question_id, score, comment) VALUES (191, 7, 3, NULL);
INSERT INTO evaluation_details (evaluation_id, question_id, score, comment) VALUES (191, 8, 4, NULL);
INSERT INTO evaluation_details (evaluation_id, question_id, score, comment) VALUES (191, 9, 3, NULL);
INSERT INTO evaluation_details (evaluation_id, question_id, score, comment) VALUES (191, 10, 5, NULL);
INSERT INTO evaluation_details (evaluation_id, question_id, score, comment) VALUES (191, 11, NULL, 'Me gustaría que las dailies fueran un poco más largas.');
INSERT INTO evaluations (id, evaluatee_id, form_id, period_id, is_anonymous, status, submitted_at, created_at) VALUES (192, 2, 1, 3, FALSE, 'submitted', '2026-06-10 10:00:00', '2026-06-10 10:00:00');
INSERT INTO evaluation_submissions (evaluator_id, evaluatee_id, period_id, evaluation_id, created_at) VALUES (15, 2, 3, 192, '2026-06-10 10:00:00');
INSERT INTO evaluation_details (evaluation_id, question_id, score, comment) VALUES (192, 1, 4, NULL);
INSERT INTO evaluation_details (evaluation_id, question_id, score, comment) VALUES (192, 2, 4, NULL);
INSERT INTO evaluation_details (evaluation_id, question_id, score, comment) VALUES (192, 3, 5, NULL);
INSERT INTO evaluation_details (evaluation_id, question_id, score, comment) VALUES (192, 4, 5, NULL);
INSERT INTO evaluation_details (evaluation_id, question_id, score, comment) VALUES (192, 5, 4, NULL);
INSERT INTO evaluation_details (evaluation_id, question_id, score, comment) VALUES (192, 6, 4, NULL);
INSERT INTO evaluation_details (evaluation_id, question_id, score, comment) VALUES (192, 7, 4, NULL);
INSERT INTO evaluation_details (evaluation_id, question_id, score, comment) VALUES (192, 8, 5, NULL);
INSERT INTO evaluation_details (evaluation_id, question_id, score, comment) VALUES (192, 9, 5, NULL);
INSERT INTO evaluation_details (evaluation_id, question_id, score, comment) VALUES (192, 10, 3, NULL);
INSERT INTO evaluation_details (evaluation_id, question_id, score, comment) VALUES (192, 11, NULL, 'Me encanta su forma de liderar, he aprendido mucho de él.');
INSERT INTO evaluations (id, evaluatee_id, form_id, period_id, is_anonymous, status, submitted_at, created_at) VALUES (193, 2, 1, 3, FALSE, 'submitted', '2026-06-10 10:00:00', '2026-06-10 10:00:00');
INSERT INTO evaluation_submissions (evaluator_id, evaluatee_id, period_id, evaluation_id, created_at) VALUES (16, 2, 3, 193, '2026-06-10 10:00:00');
INSERT INTO evaluation_details (evaluation_id, question_id, score, comment) VALUES (193, 1, 5, NULL);
INSERT INTO evaluation_details (evaluation_id, question_id, score, comment) VALUES (193, 2, 4, NULL);
INSERT INTO evaluation_details (evaluation_id, question_id, score, comment) VALUES (193, 3, 5, NULL);
INSERT INTO evaluation_details (evaluation_id, question_id, score, comment) VALUES (193, 4, 5, NULL);
INSERT INTO evaluation_details (evaluation_id, question_id, score, comment) VALUES (193, 5, 5, NULL);
INSERT INTO evaluation_details (evaluation_id, question_id, score, comment) VALUES (193, 6, 5, NULL);
INSERT INTO evaluation_details (evaluation_id, question_id, score, comment) VALUES (193, 7, 5, NULL);
INSERT INTO evaluation_details (evaluation_id, question_id, score, comment) VALUES (193, 8, 4, NULL);
INSERT INTO evaluation_details (evaluation_id, question_id, score, comment) VALUES (193, 9, 4, NULL);
INSERT INTO evaluation_details (evaluation_id, question_id, score, comment) VALUES (193, 10, 5, NULL);
INSERT INTO evaluation_details (evaluation_id, question_id, score, comment) VALUES (193, 11, NULL, 'Explica súper bien los requerimientos de los proyectos.');
INSERT INTO evaluations (id, evaluatee_id, form_id, period_id, is_anonymous, status, submitted_at, created_at) VALUES (194, 2, 1, 3, FALSE, 'submitted', '2026-06-10 10:00:00', '2026-06-10 10:00:00');
INSERT INTO evaluation_submissions (evaluator_id, evaluatee_id, period_id, evaluation_id, created_at) VALUES (17, 2, 3, 194, '2026-06-10 10:00:00');
INSERT INTO evaluation_details (evaluation_id, question_id, score, comment) VALUES (194, 1, 5, NULL);
INSERT INTO evaluation_details (evaluation_id, question_id, score, comment) VALUES (194, 2, 4, NULL);
INSERT INTO evaluation_details (evaluation_id, question_id, score, comment) VALUES (194, 3, 3, NULL);
INSERT INTO evaluation_details (evaluation_id, question_id, score, comment) VALUES (194, 4, 4, NULL);
INSERT INTO evaluation_details (evaluation_id, question_id, score, comment) VALUES (194, 5, 4, NULL);
INSERT INTO evaluation_details (evaluation_id, question_id, score, comment) VALUES (194, 6, 4, NULL);
INSERT INTO evaluation_details (evaluation_id, question_id, score, comment) VALUES (194, 7, 5, NULL);
INSERT INTO evaluation_details (evaluation_id, question_id, score, comment) VALUES (194, 8, 4, NULL);
INSERT INTO evaluation_details (evaluation_id, question_id, score, comment) VALUES (194, 9, 4, NULL);
INSERT INTO evaluation_details (evaluation_id, question_id, score, comment) VALUES (194, 10, 5, NULL);
INSERT INTO evaluations (id, evaluatee_id, form_id, period_id, is_anonymous, status, submitted_at, created_at) VALUES (195, 2, 1, 3, FALSE, 'submitted', '2026-06-10 10:00:00', '2026-06-10 10:00:00');
INSERT INTO evaluation_submissions (evaluator_id, evaluatee_id, period_id, evaluation_id, created_at) VALUES (18, 2, 3, 195, '2026-06-10 10:00:00');
INSERT INTO evaluation_details (evaluation_id, question_id, score, comment) VALUES (195, 1, 5, NULL);
INSERT INTO evaluation_details (evaluation_id, question_id, score, comment) VALUES (195, 2, 4, NULL);
INSERT INTO evaluation_details (evaluation_id, question_id, score, comment) VALUES (195, 3, 4, NULL);
INSERT INTO evaluation_details (evaluation_id, question_id, score, comment) VALUES (195, 4, 5, NULL);
INSERT INTO evaluation_details (evaluation_id, question_id, score, comment) VALUES (195, 5, 5, NULL);
INSERT INTO evaluation_details (evaluation_id, question_id, score, comment) VALUES (195, 6, 5, NULL);
INSERT INTO evaluation_details (evaluation_id, question_id, score, comment) VALUES (195, 7, 4, NULL);
INSERT INTO evaluation_details (evaluation_id, question_id, score, comment) VALUES (195, 8, 4, NULL);
INSERT INTO evaluation_details (evaluation_id, question_id, score, comment) VALUES (195, 9, 4, NULL);
INSERT INTO evaluation_details (evaluation_id, question_id, score, comment) VALUES (195, 10, 5, NULL);
INSERT INTO evaluations (id, evaluatee_id, form_id, period_id, is_anonymous, status, submitted_at, created_at) VALUES (196, 2, 1, 3, FALSE, 'submitted', '2026-06-10 10:00:00', '2026-06-10 10:00:00');
INSERT INTO evaluation_submissions (evaluator_id, evaluatee_id, period_id, evaluation_id, created_at) VALUES (20, 2, 3, 196, '2026-06-10 10:00:00');
INSERT INTO evaluation_details (evaluation_id, question_id, score, comment) VALUES (196, 1, 5, NULL);
INSERT INTO evaluation_details (evaluation_id, question_id, score, comment) VALUES (196, 2, 5, NULL);
INSERT INTO evaluation_details (evaluation_id, question_id, score, comment) VALUES (196, 3, 4, NULL);
INSERT INTO evaluation_details (evaluation_id, question_id, score, comment) VALUES (196, 4, 3, NULL);
INSERT INTO evaluation_details (evaluation_id, question_id, score, comment) VALUES (196, 5, 4, NULL);
INSERT INTO evaluation_details (evaluation_id, question_id, score, comment) VALUES (196, 6, 5, NULL);
INSERT INTO evaluation_details (evaluation_id, question_id, score, comment) VALUES (196, 7, 4, NULL);
INSERT INTO evaluation_details (evaluation_id, question_id, score, comment) VALUES (196, 8, 4, NULL);
INSERT INTO evaluation_details (evaluation_id, question_id, score, comment) VALUES (196, 9, 3, NULL);
INSERT INTO evaluation_details (evaluation_id, question_id, score, comment) VALUES (196, 10, 5, NULL);
INSERT INTO evaluation_details (evaluation_id, question_id, score, comment) VALUES (196, 11, NULL, 'Gracias a él he mejorado mucho mi lógica.');
INSERT INTO evaluations (id, evaluatee_id, form_id, period_id, is_anonymous, status, submitted_at, created_at) VALUES (197, 2, 1, 3, FALSE, 'submitted', '2026-06-10 10:00:00', '2026-06-10 10:00:00');
INSERT INTO evaluation_submissions (evaluator_id, evaluatee_id, period_id, evaluation_id, created_at) VALUES (21, 2, 3, 197, '2026-06-10 10:00:00');
INSERT INTO evaluation_details (evaluation_id, question_id, score, comment) VALUES (197, 1, 5, NULL);
INSERT INTO evaluation_details (evaluation_id, question_id, score, comment) VALUES (197, 2, 4, NULL);
INSERT INTO evaluation_details (evaluation_id, question_id, score, comment) VALUES (197, 3, 4, NULL);
INSERT INTO evaluation_details (evaluation_id, question_id, score, comment) VALUES (197, 4, 3, NULL);
INSERT INTO evaluation_details (evaluation_id, question_id, score, comment) VALUES (197, 5, 5, NULL);
INSERT INTO evaluation_details (evaluation_id, question_id, score, comment) VALUES (197, 6, 4, NULL);
INSERT INTO evaluation_details (evaluation_id, question_id, score, comment) VALUES (197, 7, 5, NULL);
INSERT INTO evaluation_details (evaluation_id, question_id, score, comment) VALUES (197, 8, 4, NULL);
INSERT INTO evaluation_details (evaluation_id, question_id, score, comment) VALUES (197, 9, 5, NULL);
INSERT INTO evaluation_details (evaluation_id, question_id, score, comment) VALUES (197, 10, 4, NULL);
INSERT INTO evaluations (id, evaluatee_id, form_id, period_id, is_anonymous, status, submitted_at, created_at) VALUES (198, 2, 1, 3, FALSE, 'submitted', '2026-06-10 10:00:00', '2026-06-10 10:00:00');
INSERT INTO evaluation_submissions (evaluator_id, evaluatee_id, period_id, evaluation_id, created_at) VALUES (22, 2, 3, 198, '2026-06-10 10:00:00');
INSERT INTO evaluation_details (evaluation_id, question_id, score, comment) VALUES (198, 1, 4, NULL);
INSERT INTO evaluation_details (evaluation_id, question_id, score, comment) VALUES (198, 2, 5, NULL);
INSERT INTO evaluation_details (evaluation_id, question_id, score, comment) VALUES (198, 3, 5, NULL);
INSERT INTO evaluation_details (evaluation_id, question_id, score, comment) VALUES (198, 4, 5, NULL);
INSERT INTO evaluation_details (evaluation_id, question_id, score, comment) VALUES (198, 5, 5, NULL);
INSERT INTO evaluation_details (evaluation_id, question_id, score, comment) VALUES (198, 6, 4, NULL);
INSERT INTO evaluation_details (evaluation_id, question_id, score, comment) VALUES (198, 7, 5, NULL);
INSERT INTO evaluation_details (evaluation_id, question_id, score, comment) VALUES (198, 8, 4, NULL);
INSERT INTO evaluation_details (evaluation_id, question_id, score, comment) VALUES (198, 9, 5, NULL);
INSERT INTO evaluation_details (evaluation_id, question_id, score, comment) VALUES (198, 10, 4, NULL);
INSERT INTO evaluation_details (evaluation_id, question_id, score, comment) VALUES (198, 11, NULL, 'Explica súper bien los requerimientos de los proyectos.');
INSERT INTO evaluations (id, evaluatee_id, form_id, period_id, is_anonymous, status, submitted_at, created_at) VALUES (199, 2, 1, 3, TRUE, 'submitted', '2026-06-10 10:00:00', '2026-06-10 10:00:00');
INSERT INTO evaluation_submissions (evaluator_id, evaluatee_id, period_id, evaluation_id, created_at) VALUES (23, 2, 3, 199, '2026-06-10 10:00:00');
INSERT INTO evaluation_details (evaluation_id, question_id, score, comment) VALUES (199, 1, 5, NULL);
INSERT INTO evaluation_details (evaluation_id, question_id, score, comment) VALUES (199, 2, 4, NULL);
INSERT INTO evaluation_details (evaluation_id, question_id, score, comment) VALUES (199, 3, 5, NULL);
INSERT INTO evaluation_details (evaluation_id, question_id, score, comment) VALUES (199, 4, 4, NULL);
INSERT INTO evaluation_details (evaluation_id, question_id, score, comment) VALUES (199, 5, 5, NULL);
INSERT INTO evaluation_details (evaluation_id, question_id, score, comment) VALUES (199, 6, 5, NULL);
INSERT INTO evaluation_details (evaluation_id, question_id, score, comment) VALUES (199, 7, 5, NULL);
INSERT INTO evaluation_details (evaluation_id, question_id, score, comment) VALUES (199, 8, 5, NULL);
INSERT INTO evaluation_details (evaluation_id, question_id, score, comment) VALUES (199, 9, 5, NULL);
INSERT INTO evaluation_details (evaluation_id, question_id, score, comment) VALUES (199, 10, 5, NULL);
INSERT INTO evaluations (id, evaluatee_id, form_id, period_id, is_anonymous, status, submitted_at, created_at) VALUES (200, 2, 1, 3, FALSE, 'submitted', '2026-06-10 10:00:00', '2026-06-10 10:00:00');
INSERT INTO evaluation_submissions (evaluator_id, evaluatee_id, period_id, evaluation_id, created_at) VALUES (24, 2, 3, 200, '2026-06-10 10:00:00');
INSERT INTO evaluation_details (evaluation_id, question_id, score, comment) VALUES (200, 1, 5, NULL);
INSERT INTO evaluation_details (evaluation_id, question_id, score, comment) VALUES (200, 2, 5, NULL);
INSERT INTO evaluation_details (evaluation_id, question_id, score, comment) VALUES (200, 3, 5, NULL);
INSERT INTO evaluation_details (evaluation_id, question_id, score, comment) VALUES (200, 4, 5, NULL);
INSERT INTO evaluation_details (evaluation_id, question_id, score, comment) VALUES (200, 5, 5, NULL);
INSERT INTO evaluation_details (evaluation_id, question_id, score, comment) VALUES (200, 6, 3, NULL);
INSERT INTO evaluation_details (evaluation_id, question_id, score, comment) VALUES (200, 7, 5, NULL);
INSERT INTO evaluation_details (evaluation_id, question_id, score, comment) VALUES (200, 8, 5, NULL);
INSERT INTO evaluation_details (evaluation_id, question_id, score, comment) VALUES (200, 9, 4, NULL);
INSERT INTO evaluation_details (evaluation_id, question_id, score, comment) VALUES (200, 10, 5, NULL);
INSERT INTO evaluation_details (evaluation_id, question_id, score, comment) VALUES (200, 11, NULL, 'Me encanta su forma de liderar, he aprendido mucho de él.');
INSERT INTO evaluations (id, evaluatee_id, form_id, period_id, is_anonymous, status, submitted_at, created_at) VALUES (201, 2, 1, 3, FALSE, 'submitted', '2026-06-10 10:00:00', '2026-06-10 10:00:00');
INSERT INTO evaluation_submissions (evaluator_id, evaluatee_id, period_id, evaluation_id, created_at) VALUES (25, 2, 3, 201, '2026-06-10 10:00:00');
INSERT INTO evaluation_details (evaluation_id, question_id, score, comment) VALUES (201, 1, 4, NULL);
INSERT INTO evaluation_details (evaluation_id, question_id, score, comment) VALUES (201, 2, 5, NULL);
INSERT INTO evaluation_details (evaluation_id, question_id, score, comment) VALUES (201, 3, 5, NULL);
INSERT INTO evaluation_details (evaluation_id, question_id, score, comment) VALUES (201, 4, 4, NULL);
INSERT INTO evaluation_details (evaluation_id, question_id, score, comment) VALUES (201, 5, 4, NULL);
INSERT INTO evaluation_details (evaluation_id, question_id, score, comment) VALUES (201, 6, 4, NULL);
INSERT INTO evaluation_details (evaluation_id, question_id, score, comment) VALUES (201, 7, 5, NULL);
INSERT INTO evaluation_details (evaluation_id, question_id, score, comment) VALUES (201, 8, 4, NULL);
INSERT INTO evaluation_details (evaluation_id, question_id, score, comment) VALUES (201, 9, 5, NULL);
INSERT INTO evaluation_details (evaluation_id, question_id, score, comment) VALUES (201, 10, 4, NULL);
INSERT INTO evaluation_details (evaluation_id, question_id, score, comment) VALUES (201, 11, NULL, 'Las dailies son muy útiles, las dirige muy bien.');
INSERT INTO evaluations (id, evaluatee_id, form_id, period_id, is_anonymous, status, submitted_at, created_at) VALUES (202, 2, 1, 3, FALSE, 'submitted', '2026-06-10 10:00:00', '2026-06-10 10:00:00');
INSERT INTO evaluation_submissions (evaluator_id, evaluatee_id, period_id, evaluation_id, created_at) VALUES (26, 2, 3, 202, '2026-06-10 10:00:00');
INSERT INTO evaluation_details (evaluation_id, question_id, score, comment) VALUES (202, 1, 5, NULL);
INSERT INTO evaluation_details (evaluation_id, question_id, score, comment) VALUES (202, 2, 4, NULL);
INSERT INTO evaluation_details (evaluation_id, question_id, score, comment) VALUES (202, 3, 5, NULL);
INSERT INTO evaluation_details (evaluation_id, question_id, score, comment) VALUES (202, 4, 5, NULL);
INSERT INTO evaluation_details (evaluation_id, question_id, score, comment) VALUES (202, 5, 4, NULL);
INSERT INTO evaluation_details (evaluation_id, question_id, score, comment) VALUES (202, 6, 3, NULL);
INSERT INTO evaluation_details (evaluation_id, question_id, score, comment) VALUES (202, 7, 5, NULL);
INSERT INTO evaluation_details (evaluation_id, question_id, score, comment) VALUES (202, 8, 5, NULL);
INSERT INTO evaluation_details (evaluation_id, question_id, score, comment) VALUES (202, 9, 4, NULL);
INSERT INTO evaluation_details (evaluation_id, question_id, score, comment) VALUES (202, 10, 5, NULL);
INSERT INTO evaluation_details (evaluation_id, question_id, score, comment) VALUES (202, 11, NULL, 'Podría darnos más recursos externos para estudiar.');
INSERT INTO evaluations (id, evaluatee_id, form_id, period_id, is_anonymous, status, submitted_at, created_at) VALUES (203, 2, 1, 3, FALSE, 'submitted', '2026-06-10 10:00:00', '2026-06-10 10:00:00');
INSERT INTO evaluation_submissions (evaluator_id, evaluatee_id, period_id, evaluation_id, created_at) VALUES (27, 2, 3, 203, '2026-06-10 10:00:00');
INSERT INTO evaluation_details (evaluation_id, question_id, score, comment) VALUES (203, 1, 4, NULL);
INSERT INTO evaluation_details (evaluation_id, question_id, score, comment) VALUES (203, 2, 4, NULL);
INSERT INTO evaluation_details (evaluation_id, question_id, score, comment) VALUES (203, 3, 4, NULL);
INSERT INTO evaluation_details (evaluation_id, question_id, score, comment) VALUES (203, 4, 5, NULL);
INSERT INTO evaluation_details (evaluation_id, question_id, score, comment) VALUES (203, 5, 4, NULL);
INSERT INTO evaluation_details (evaluation_id, question_id, score, comment) VALUES (203, 6, 3, NULL);
INSERT INTO evaluation_details (evaluation_id, question_id, score, comment) VALUES (203, 7, 5, NULL);
INSERT INTO evaluation_details (evaluation_id, question_id, score, comment) VALUES (203, 8, 4, NULL);
INSERT INTO evaluation_details (evaluation_id, question_id, score, comment) VALUES (203, 9, 4, NULL);
INSERT INTO evaluation_details (evaluation_id, question_id, score, comment) VALUES (203, 10, 4, NULL);
INSERT INTO evaluation_details (evaluation_id, question_id, score, comment) VALUES (203, 11, NULL, 'A veces se demora un poco en contestar por Slack, pero cuando lo hace es muy claro.');
INSERT INTO evaluations (id, evaluatee_id, form_id, period_id, is_anonymous, status, submitted_at, created_at) VALUES (204, 2, 1, 3, FALSE, 'submitted', '2026-06-10 10:00:00', '2026-06-10 10:00:00');
INSERT INTO evaluation_submissions (evaluator_id, evaluatee_id, period_id, evaluation_id, created_at) VALUES (28, 2, 3, 204, '2026-06-10 10:00:00');
INSERT INTO evaluation_details (evaluation_id, question_id, score, comment) VALUES (204, 1, 5, NULL);
INSERT INTO evaluation_details (evaluation_id, question_id, score, comment) VALUES (204, 2, 5, NULL);
INSERT INTO evaluation_details (evaluation_id, question_id, score, comment) VALUES (204, 3, 4, NULL);
INSERT INTO evaluation_details (evaluation_id, question_id, score, comment) VALUES (204, 4, 4, NULL);
INSERT INTO evaluation_details (evaluation_id, question_id, score, comment) VALUES (204, 5, 5, NULL);
INSERT INTO evaluation_details (evaluation_id, question_id, score, comment) VALUES (204, 6, 5, NULL);
INSERT INTO evaluation_details (evaluation_id, question_id, score, comment) VALUES (204, 7, 5, NULL);
INSERT INTO evaluation_details (evaluation_id, question_id, score, comment) VALUES (204, 8, 4, NULL);
INSERT INTO evaluation_details (evaluation_id, question_id, score, comment) VALUES (204, 9, 4, NULL);
INSERT INTO evaluation_details (evaluation_id, question_id, score, comment) VALUES (204, 10, 5, NULL);
INSERT INTO evaluation_details (evaluation_id, question_id, score, comment) VALUES (204, 11, NULL, 'Excelente acompañamiento, siempre está dispuesto a ayudarnos.');
INSERT INTO evaluations (id, evaluatee_id, form_id, period_id, is_anonymous, status, submitted_at, created_at) VALUES (205, 2, 1, 3, FALSE, 'submitted', '2026-06-10 10:00:00', '2026-06-10 10:00:00');
INSERT INTO evaluation_submissions (evaluator_id, evaluatee_id, period_id, evaluation_id, created_at) VALUES (29, 2, 3, 205, '2026-06-10 10:00:00');
INSERT INTO evaluation_details (evaluation_id, question_id, score, comment) VALUES (205, 1, 4, NULL);
INSERT INTO evaluation_details (evaluation_id, question_id, score, comment) VALUES (205, 2, 4, NULL);
INSERT INTO evaluation_details (evaluation_id, question_id, score, comment) VALUES (205, 3, 4, NULL);
INSERT INTO evaluation_details (evaluation_id, question_id, score, comment) VALUES (205, 4, 5, NULL);
INSERT INTO evaluation_details (evaluation_id, question_id, score, comment) VALUES (205, 5, 5, NULL);
INSERT INTO evaluation_details (evaluation_id, question_id, score, comment) VALUES (205, 6, 4, NULL);
INSERT INTO evaluation_details (evaluation_id, question_id, score, comment) VALUES (205, 7, 4, NULL);
INSERT INTO evaluation_details (evaluation_id, question_id, score, comment) VALUES (205, 8, 5, NULL);
INSERT INTO evaluation_details (evaluation_id, question_id, score, comment) VALUES (205, 9, 5, NULL);
INSERT INTO evaluation_details (evaluation_id, question_id, score, comment) VALUES (205, 10, 4, NULL);
INSERT INTO evaluations (id, evaluatee_id, form_id, period_id, is_anonymous, status, submitted_at, created_at) VALUES (206, 2, 1, 3, FALSE, 'submitted', '2026-06-10 10:00:00', '2026-06-10 10:00:00');
INSERT INTO evaluation_submissions (evaluator_id, evaluatee_id, period_id, evaluation_id, created_at) VALUES (30, 2, 3, 206, '2026-06-10 10:00:00');
INSERT INTO evaluation_details (evaluation_id, question_id, score, comment) VALUES (206, 1, 5, NULL);
INSERT INTO evaluation_details (evaluation_id, question_id, score, comment) VALUES (206, 2, 4, NULL);
INSERT INTO evaluation_details (evaluation_id, question_id, score, comment) VALUES (206, 3, 5, NULL);
INSERT INTO evaluation_details (evaluation_id, question_id, score, comment) VALUES (206, 4, 5, NULL);
INSERT INTO evaluation_details (evaluation_id, question_id, score, comment) VALUES (206, 5, 4, NULL);
INSERT INTO evaluation_details (evaluation_id, question_id, score, comment) VALUES (206, 6, 4, NULL);
INSERT INTO evaluation_details (evaluation_id, question_id, score, comment) VALUES (206, 7, 5, NULL);
INSERT INTO evaluation_details (evaluation_id, question_id, score, comment) VALUES (206, 8, 5, NULL);
INSERT INTO evaluation_details (evaluation_id, question_id, score, comment) VALUES (206, 9, 4, NULL);
INSERT INTO evaluation_details (evaluation_id, question_id, score, comment) VALUES (206, 10, 3, NULL);
INSERT INTO evaluations (id, evaluatee_id, form_id, period_id, is_anonymous, status, submitted_at, created_at) VALUES (207, 2, 1, 3, FALSE, 'submitted', '2026-06-10 10:00:00', '2026-06-10 10:00:00');
INSERT INTO evaluation_submissions (evaluator_id, evaluatee_id, period_id, evaluation_id, created_at) VALUES (31, 2, 3, 207, '2026-06-10 10:00:00');
INSERT INTO evaluation_details (evaluation_id, question_id, score, comment) VALUES (207, 1, 5, NULL);
INSERT INTO evaluation_details (evaluation_id, question_id, score, comment) VALUES (207, 2, 5, NULL);
INSERT INTO evaluation_details (evaluation_id, question_id, score, comment) VALUES (207, 3, 4, NULL);
INSERT INTO evaluation_details (evaluation_id, question_id, score, comment) VALUES (207, 4, 4, NULL);
INSERT INTO evaluation_details (evaluation_id, question_id, score, comment) VALUES (207, 5, 5, NULL);
INSERT INTO evaluation_details (evaluation_id, question_id, score, comment) VALUES (207, 6, 5, NULL);
INSERT INTO evaluation_details (evaluation_id, question_id, score, comment) VALUES (207, 7, 3, NULL);
INSERT INTO evaluation_details (evaluation_id, question_id, score, comment) VALUES (207, 8, 5, NULL);
INSERT INTO evaluation_details (evaluation_id, question_id, score, comment) VALUES (207, 9, 3, NULL);
INSERT INTO evaluation_details (evaluation_id, question_id, score, comment) VALUES (207, 10, 4, NULL);
INSERT INTO evaluation_details (evaluation_id, question_id, score, comment) VALUES (207, 11, NULL, 'Muy buen TL, siempre nos guía cuando estamos bloqueados.');
INSERT INTO evaluations (id, evaluatee_id, form_id, period_id, is_anonymous, status, submitted_at, created_at) VALUES (208, 2, 1, 3, FALSE, 'submitted', '2026-06-10 10:00:00', '2026-06-10 10:00:00');
INSERT INTO evaluation_submissions (evaluator_id, evaluatee_id, period_id, evaluation_id, created_at) VALUES (32, 2, 3, 208, '2026-06-10 10:00:00');
INSERT INTO evaluation_details (evaluation_id, question_id, score, comment) VALUES (208, 1, 3, NULL);
INSERT INTO evaluation_details (evaluation_id, question_id, score, comment) VALUES (208, 2, 5, NULL);
INSERT INTO evaluation_details (evaluation_id, question_id, score, comment) VALUES (208, 3, 5, NULL);
INSERT INTO evaluation_details (evaluation_id, question_id, score, comment) VALUES (208, 4, 4, NULL);
INSERT INTO evaluation_details (evaluation_id, question_id, score, comment) VALUES (208, 5, 5, NULL);
INSERT INTO evaluation_details (evaluation_id, question_id, score, comment) VALUES (208, 6, 5, NULL);
INSERT INTO evaluation_details (evaluation_id, question_id, score, comment) VALUES (208, 7, 5, NULL);
INSERT INTO evaluation_details (evaluation_id, question_id, score, comment) VALUES (208, 8, 5, NULL);
INSERT INTO evaluation_details (evaluation_id, question_id, score, comment) VALUES (208, 9, 4, NULL);
INSERT INTO evaluation_details (evaluation_id, question_id, score, comment) VALUES (208, 10, 5, NULL);
INSERT INTO evaluations (id, evaluatee_id, form_id, period_id, is_anonymous, status, submitted_at, created_at) VALUES (209, 2, 1, 3, FALSE, 'submitted', '2026-06-10 10:00:00', '2026-06-10 10:00:00');
INSERT INTO evaluation_submissions (evaluator_id, evaluatee_id, period_id, evaluation_id, created_at) VALUES (33, 2, 3, 209, '2026-06-10 10:00:00');
INSERT INTO evaluation_details (evaluation_id, question_id, score, comment) VALUES (209, 1, 3, NULL);
INSERT INTO evaluation_details (evaluation_id, question_id, score, comment) VALUES (209, 2, 5, NULL);
INSERT INTO evaluation_details (evaluation_id, question_id, score, comment) VALUES (209, 3, 4, NULL);
INSERT INTO evaluation_details (evaluation_id, question_id, score, comment) VALUES (209, 4, 5, NULL);
INSERT INTO evaluation_details (evaluation_id, question_id, score, comment) VALUES (209, 5, 5, NULL);
INSERT INTO evaluation_details (evaluation_id, question_id, score, comment) VALUES (209, 6, 5, NULL);
INSERT INTO evaluation_details (evaluation_id, question_id, score, comment) VALUES (209, 7, 5, NULL);
INSERT INTO evaluation_details (evaluation_id, question_id, score, comment) VALUES (209, 8, 3, NULL);
INSERT INTO evaluation_details (evaluation_id, question_id, score, comment) VALUES (209, 9, 4, NULL);
INSERT INTO evaluation_details (evaluation_id, question_id, score, comment) VALUES (209, 10, 5, NULL);
INSERT INTO evaluations (id, evaluatee_id, form_id, period_id, is_anonymous, status, submitted_at, created_at) VALUES (210, 2, 1, 3, FALSE, 'submitted', '2026-06-10 10:00:00', '2026-06-10 10:00:00');
INSERT INTO evaluation_submissions (evaluator_id, evaluatee_id, period_id, evaluation_id, created_at) VALUES (34, 2, 3, 210, '2026-06-10 10:00:00');
INSERT INTO evaluation_details (evaluation_id, question_id, score, comment) VALUES (210, 1, 5, NULL);
INSERT INTO evaluation_details (evaluation_id, question_id, score, comment) VALUES (210, 2, 5, NULL);
INSERT INTO evaluation_details (evaluation_id, question_id, score, comment) VALUES (210, 3, 4, NULL);
INSERT INTO evaluation_details (evaluation_id, question_id, score, comment) VALUES (210, 4, 4, NULL);
INSERT INTO evaluation_details (evaluation_id, question_id, score, comment) VALUES (210, 5, 4, NULL);
INSERT INTO evaluation_details (evaluation_id, question_id, score, comment) VALUES (210, 6, 5, NULL);
INSERT INTO evaluation_details (evaluation_id, question_id, score, comment) VALUES (210, 7, 5, NULL);
INSERT INTO evaluation_details (evaluation_id, question_id, score, comment) VALUES (210, 8, 5, NULL);
INSERT INTO evaluation_details (evaluation_id, question_id, score, comment) VALUES (210, 9, 5, NULL);
INSERT INTO evaluation_details (evaluation_id, question_id, score, comment) VALUES (210, 10, 4, NULL);
INSERT INTO evaluations (id, evaluatee_id, form_id, period_id, is_anonymous, status, submitted_at, created_at) VALUES (211, 2, 1, 3, FALSE, 'submitted', '2026-06-10 10:00:00', '2026-06-10 10:00:00');
INSERT INTO evaluation_submissions (evaluator_id, evaluatee_id, period_id, evaluation_id, created_at) VALUES (35, 2, 3, 211, '2026-06-10 10:00:00');
INSERT INTO evaluation_details (evaluation_id, question_id, score, comment) VALUES (211, 1, 5, NULL);
INSERT INTO evaluation_details (evaluation_id, question_id, score, comment) VALUES (211, 2, 5, NULL);
INSERT INTO evaluation_details (evaluation_id, question_id, score, comment) VALUES (211, 3, 4, NULL);
INSERT INTO evaluation_details (evaluation_id, question_id, score, comment) VALUES (211, 4, 4, NULL);
INSERT INTO evaluation_details (evaluation_id, question_id, score, comment) VALUES (211, 5, 4, NULL);
INSERT INTO evaluation_details (evaluation_id, question_id, score, comment) VALUES (211, 6, 4, NULL);
INSERT INTO evaluation_details (evaluation_id, question_id, score, comment) VALUES (211, 7, 5, NULL);
INSERT INTO evaluation_details (evaluation_id, question_id, score, comment) VALUES (211, 8, 5, NULL);
INSERT INTO evaluation_details (evaluation_id, question_id, score, comment) VALUES (211, 9, 4, NULL);
INSERT INTO evaluation_details (evaluation_id, question_id, score, comment) VALUES (211, 10, 5, NULL);
INSERT INTO evaluation_details (evaluation_id, question_id, score, comment) VALUES (211, 11, NULL, 'Explica súper bien los requerimientos de los proyectos.');
INSERT INTO evaluations (id, evaluatee_id, form_id, period_id, is_anonymous, status, submitted_at, created_at) VALUES (212, 2, 1, 3, FALSE, 'submitted', '2026-06-10 10:00:00', '2026-06-10 10:00:00');
INSERT INTO evaluation_submissions (evaluator_id, evaluatee_id, period_id, evaluation_id, created_at) VALUES (36, 2, 3, 212, '2026-06-10 10:00:00');
INSERT INTO evaluation_details (evaluation_id, question_id, score, comment) VALUES (212, 1, 4, NULL);
INSERT INTO evaluation_details (evaluation_id, question_id, score, comment) VALUES (212, 2, 5, NULL);
INSERT INTO evaluation_details (evaluation_id, question_id, score, comment) VALUES (212, 3, 5, NULL);
INSERT INTO evaluation_details (evaluation_id, question_id, score, comment) VALUES (212, 4, 5, NULL);
INSERT INTO evaluation_details (evaluation_id, question_id, score, comment) VALUES (212, 5, 4, NULL);
INSERT INTO evaluation_details (evaluation_id, question_id, score, comment) VALUES (212, 6, 4, NULL);
INSERT INTO evaluation_details (evaluation_id, question_id, score, comment) VALUES (212, 7, 5, NULL);
INSERT INTO evaluation_details (evaluation_id, question_id, score, comment) VALUES (212, 8, 5, NULL);
INSERT INTO evaluation_details (evaluation_id, question_id, score, comment) VALUES (212, 9, 5, NULL);
INSERT INTO evaluation_details (evaluation_id, question_id, score, comment) VALUES (212, 10, 4, NULL);
INSERT INTO evaluation_details (evaluation_id, question_id, score, comment) VALUES (212, 11, NULL, 'Me encanta su forma de liderar, he aprendido mucho de él.');
INSERT INTO evaluations (id, evaluatee_id, form_id, period_id, is_anonymous, status, submitted_at, created_at) VALUES (213, 2, 1, 3, FALSE, 'submitted', '2026-06-10 10:00:00', '2026-06-10 10:00:00');
INSERT INTO evaluation_submissions (evaluator_id, evaluatee_id, period_id, evaluation_id, created_at) VALUES (37, 2, 3, 213, '2026-06-10 10:00:00');
INSERT INTO evaluation_details (evaluation_id, question_id, score, comment) VALUES (213, 1, 4, NULL);
INSERT INTO evaluation_details (evaluation_id, question_id, score, comment) VALUES (213, 2, 5, NULL);
INSERT INTO evaluation_details (evaluation_id, question_id, score, comment) VALUES (213, 3, 4, NULL);
INSERT INTO evaluation_details (evaluation_id, question_id, score, comment) VALUES (213, 4, 5, NULL);
INSERT INTO evaluation_details (evaluation_id, question_id, score, comment) VALUES (213, 5, 4, NULL);
INSERT INTO evaluation_details (evaluation_id, question_id, score, comment) VALUES (213, 6, 4, NULL);
INSERT INTO evaluation_details (evaluation_id, question_id, score, comment) VALUES (213, 7, 5, NULL);
INSERT INTO evaluation_details (evaluation_id, question_id, score, comment) VALUES (213, 8, 5, NULL);
INSERT INTO evaluation_details (evaluation_id, question_id, score, comment) VALUES (213, 9, 5, NULL);
INSERT INTO evaluation_details (evaluation_id, question_id, score, comment) VALUES (213, 10, 3, NULL);
INSERT INTO evaluations (id, evaluatee_id, form_id, period_id, is_anonymous, status, submitted_at, created_at) VALUES (214, 2, 1, 3, TRUE, 'submitted', '2026-06-10 10:00:00', '2026-06-10 10:00:00');
INSERT INTO evaluation_submissions (evaluator_id, evaluatee_id, period_id, evaluation_id, created_at) VALUES (38, 2, 3, 214, '2026-06-10 10:00:00');
INSERT INTO evaluation_details (evaluation_id, question_id, score, comment) VALUES (214, 1, 4, NULL);
INSERT INTO evaluation_details (evaluation_id, question_id, score, comment) VALUES (214, 2, 3, NULL);
INSERT INTO evaluation_details (evaluation_id, question_id, score, comment) VALUES (214, 3, 5, NULL);
INSERT INTO evaluation_details (evaluation_id, question_id, score, comment) VALUES (214, 4, 5, NULL);
INSERT INTO evaluation_details (evaluation_id, question_id, score, comment) VALUES (214, 5, 5, NULL);
INSERT INTO evaluation_details (evaluation_id, question_id, score, comment) VALUES (214, 6, 5, NULL);
INSERT INTO evaluation_details (evaluation_id, question_id, score, comment) VALUES (214, 7, 5, NULL);
INSERT INTO evaluation_details (evaluation_id, question_id, score, comment) VALUES (214, 8, 5, NULL);
INSERT INTO evaluation_details (evaluation_id, question_id, score, comment) VALUES (214, 9, 4, NULL);
INSERT INTO evaluation_details (evaluation_id, question_id, score, comment) VALUES (214, 10, 4, NULL);
INSERT INTO evaluation_details (evaluation_id, question_id, score, comment) VALUES (214, 11, NULL, 'A veces se demora un poco en contestar por Slack, pero cuando lo hace es muy claro.');
INSERT INTO evaluations (id, evaluatee_id, form_id, period_id, is_anonymous, status, submitted_at, created_at) VALUES (215, 2, 1, 3, FALSE, 'submitted', '2026-06-10 10:00:00', '2026-06-10 10:00:00');
INSERT INTO evaluation_submissions (evaluator_id, evaluatee_id, period_id, evaluation_id, created_at) VALUES (39, 2, 3, 215, '2026-06-10 10:00:00');
INSERT INTO evaluation_details (evaluation_id, question_id, score, comment) VALUES (215, 1, 4, NULL);
INSERT INTO evaluation_details (evaluation_id, question_id, score, comment) VALUES (215, 2, 3, NULL);
INSERT INTO evaluation_details (evaluation_id, question_id, score, comment) VALUES (215, 3, 5, NULL);
INSERT INTO evaluation_details (evaluation_id, question_id, score, comment) VALUES (215, 4, 4, NULL);
INSERT INTO evaluation_details (evaluation_id, question_id, score, comment) VALUES (215, 5, 5, NULL);
INSERT INTO evaluation_details (evaluation_id, question_id, score, comment) VALUES (215, 6, 5, NULL);
INSERT INTO evaluation_details (evaluation_id, question_id, score, comment) VALUES (215, 7, 5, NULL);
INSERT INTO evaluation_details (evaluation_id, question_id, score, comment) VALUES (215, 8, 4, NULL);
INSERT INTO evaluation_details (evaluation_id, question_id, score, comment) VALUES (215, 9, 4, NULL);
INSERT INTO evaluation_details (evaluation_id, question_id, score, comment) VALUES (215, 10, 5, NULL);
INSERT INTO evaluations (id, evaluatee_id, form_id, period_id, is_anonymous, status, submitted_at, created_at) VALUES (216, 2, 1, 3, FALSE, 'submitted', '2026-06-10 10:00:00', '2026-06-10 10:00:00');
INSERT INTO evaluation_submissions (evaluator_id, evaluatee_id, period_id, evaluation_id, created_at) VALUES (40, 2, 3, 216, '2026-06-10 10:00:00');
INSERT INTO evaluation_details (evaluation_id, question_id, score, comment) VALUES (216, 1, 4, NULL);
INSERT INTO evaluation_details (evaluation_id, question_id, score, comment) VALUES (216, 2, 5, NULL);
INSERT INTO evaluation_details (evaluation_id, question_id, score, comment) VALUES (216, 3, 4, NULL);
INSERT INTO evaluation_details (evaluation_id, question_id, score, comment) VALUES (216, 4, 4, NULL);
INSERT INTO evaluation_details (evaluation_id, question_id, score, comment) VALUES (216, 5, 4, NULL);
INSERT INTO evaluation_details (evaluation_id, question_id, score, comment) VALUES (216, 6, 4, NULL);
INSERT INTO evaluation_details (evaluation_id, question_id, score, comment) VALUES (216, 7, 3, NULL);
INSERT INTO evaluation_details (evaluation_id, question_id, score, comment) VALUES (216, 8, 5, NULL);
INSERT INTO evaluation_details (evaluation_id, question_id, score, comment) VALUES (216, 9, 4, NULL);
INSERT INTO evaluation_details (evaluation_id, question_id, score, comment) VALUES (216, 10, 4, NULL);
INSERT INTO evaluation_details (evaluation_id, question_id, score, comment) VALUES (216, 11, NULL, 'Las dailies son muy útiles, las dirige muy bien.');
INSERT INTO evaluations (id, evaluatee_id, form_id, period_id, is_anonymous, status, submitted_at, created_at) VALUES (217, 2, 1, 3, TRUE, 'submitted', '2026-06-10 10:00:00', '2026-06-10 10:00:00');
INSERT INTO evaluation_submissions (evaluator_id, evaluatee_id, period_id, evaluation_id, created_at) VALUES (41, 2, 3, 217, '2026-06-10 10:00:00');
INSERT INTO evaluation_details (evaluation_id, question_id, score, comment) VALUES (217, 1, 5, NULL);
INSERT INTO evaluation_details (evaluation_id, question_id, score, comment) VALUES (217, 2, 4, NULL);
INSERT INTO evaluation_details (evaluation_id, question_id, score, comment) VALUES (217, 3, 4, NULL);
INSERT INTO evaluation_details (evaluation_id, question_id, score, comment) VALUES (217, 4, 5, NULL);
INSERT INTO evaluation_details (evaluation_id, question_id, score, comment) VALUES (217, 5, 5, NULL);
INSERT INTO evaluation_details (evaluation_id, question_id, score, comment) VALUES (217, 6, 5, NULL);
INSERT INTO evaluation_details (evaluation_id, question_id, score, comment) VALUES (217, 7, 5, NULL);
INSERT INTO evaluation_details (evaluation_id, question_id, score, comment) VALUES (217, 8, 3, NULL);
INSERT INTO evaluation_details (evaluation_id, question_id, score, comment) VALUES (217, 9, 4, NULL);
INSERT INTO evaluation_details (evaluation_id, question_id, score, comment) VALUES (217, 10, 3, NULL);
INSERT INTO evaluations (id, evaluatee_id, form_id, period_id, is_anonymous, status, submitted_at, created_at) VALUES (218, 2, 1, 3, FALSE, 'submitted', '2026-06-10 10:00:00', '2026-06-10 10:00:00');
INSERT INTO evaluation_submissions (evaluator_id, evaluatee_id, period_id, evaluation_id, created_at) VALUES (42, 2, 3, 218, '2026-06-10 10:00:00');
INSERT INTO evaluation_details (evaluation_id, question_id, score, comment) VALUES (218, 1, 3, NULL);
INSERT INTO evaluation_details (evaluation_id, question_id, score, comment) VALUES (218, 2, 4, NULL);
INSERT INTO evaluation_details (evaluation_id, question_id, score, comment) VALUES (218, 3, 4, NULL);
INSERT INTO evaluation_details (evaluation_id, question_id, score, comment) VALUES (218, 4, 5, NULL);
INSERT INTO evaluation_details (evaluation_id, question_id, score, comment) VALUES (218, 5, 4, NULL);
INSERT INTO evaluation_details (evaluation_id, question_id, score, comment) VALUES (218, 6, 4, NULL);
INSERT INTO evaluation_details (evaluation_id, question_id, score, comment) VALUES (218, 7, 5, NULL);
INSERT INTO evaluation_details (evaluation_id, question_id, score, comment) VALUES (218, 8, 4, NULL);
INSERT INTO evaluation_details (evaluation_id, question_id, score, comment) VALUES (218, 9, 5, NULL);
INSERT INTO evaluation_details (evaluation_id, question_id, score, comment) VALUES (218, 10, 4, NULL);
INSERT INTO evaluation_details (evaluation_id, question_id, score, comment) VALUES (218, 11, NULL, 'Muy buen TL, siempre nos guía cuando estamos bloqueados.');
INSERT INTO evaluations (id, evaluatee_id, form_id, period_id, is_anonymous, status, submitted_at, created_at) VALUES (219, 2, 1, 3, FALSE, 'submitted', '2026-06-10 10:00:00', '2026-06-10 10:00:00');
INSERT INTO evaluation_submissions (evaluator_id, evaluatee_id, period_id, evaluation_id, created_at) VALUES (44, 2, 3, 219, '2026-06-10 10:00:00');
INSERT INTO evaluation_details (evaluation_id, question_id, score, comment) VALUES (219, 1, 5, NULL);
INSERT INTO evaluation_details (evaluation_id, question_id, score, comment) VALUES (219, 2, 4, NULL);
INSERT INTO evaluation_details (evaluation_id, question_id, score, comment) VALUES (219, 3, 5, NULL);
INSERT INTO evaluation_details (evaluation_id, question_id, score, comment) VALUES (219, 4, 5, NULL);
INSERT INTO evaluation_details (evaluation_id, question_id, score, comment) VALUES (219, 5, 5, NULL);
INSERT INTO evaluation_details (evaluation_id, question_id, score, comment) VALUES (219, 6, 5, NULL);
INSERT INTO evaluation_details (evaluation_id, question_id, score, comment) VALUES (219, 7, 5, NULL);
INSERT INTO evaluation_details (evaluation_id, question_id, score, comment) VALUES (219, 8, 5, NULL);
INSERT INTO evaluation_details (evaluation_id, question_id, score, comment) VALUES (219, 9, 4, NULL);
INSERT INTO evaluation_details (evaluation_id, question_id, score, comment) VALUES (219, 10, 5, NULL);
INSERT INTO evaluation_details (evaluation_id, question_id, score, comment) VALUES (219, 11, NULL, 'Podría darnos más recursos externos para estudiar.');
INSERT INTO evaluations (id, evaluatee_id, form_id, period_id, is_anonymous, status, submitted_at, created_at) VALUES (220, 2, 1, 3, FALSE, 'submitted', '2026-06-10 10:00:00', '2026-06-10 10:00:00');
INSERT INTO evaluation_submissions (evaluator_id, evaluatee_id, period_id, evaluation_id, created_at) VALUES (45, 2, 3, 220, '2026-06-10 10:00:00');
INSERT INTO evaluation_details (evaluation_id, question_id, score, comment) VALUES (220, 1, 4, NULL);
INSERT INTO evaluation_details (evaluation_id, question_id, score, comment) VALUES (220, 2, 4, NULL);
INSERT INTO evaluation_details (evaluation_id, question_id, score, comment) VALUES (220, 3, 4, NULL);
INSERT INTO evaluation_details (evaluation_id, question_id, score, comment) VALUES (220, 4, 5, NULL);
INSERT INTO evaluation_details (evaluation_id, question_id, score, comment) VALUES (220, 5, 3, NULL);
INSERT INTO evaluation_details (evaluation_id, question_id, score, comment) VALUES (220, 6, 5, NULL);
INSERT INTO evaluation_details (evaluation_id, question_id, score, comment) VALUES (220, 7, 3, NULL);
INSERT INTO evaluation_details (evaluation_id, question_id, score, comment) VALUES (220, 8, 5, NULL);
INSERT INTO evaluation_details (evaluation_id, question_id, score, comment) VALUES (220, 9, 5, NULL);
INSERT INTO evaluation_details (evaluation_id, question_id, score, comment) VALUES (220, 10, 4, NULL);
INSERT INTO evaluation_details (evaluation_id, question_id, score, comment) VALUES (220, 11, NULL, 'Podría darnos más recursos externos para estudiar.');
INSERT INTO evaluations (id, evaluatee_id, form_id, period_id, is_anonymous, status, submitted_at, created_at) VALUES (221, 4, 1, 3, FALSE, 'submitted', '2026-06-10 10:00:00', '2026-06-10 10:00:00');
INSERT INTO evaluation_submissions (evaluator_id, evaluatee_id, period_id, evaluation_id, created_at) VALUES (52, 4, 3, 221, '2026-06-10 10:00:00');
INSERT INTO evaluation_details (evaluation_id, question_id, score, comment) VALUES (221, 1, 4, NULL);
INSERT INTO evaluation_details (evaluation_id, question_id, score, comment) VALUES (221, 2, 4, NULL);
INSERT INTO evaluation_details (evaluation_id, question_id, score, comment) VALUES (221, 3, 4, NULL);
INSERT INTO evaluation_details (evaluation_id, question_id, score, comment) VALUES (221, 4, 4, NULL);
INSERT INTO evaluation_details (evaluation_id, question_id, score, comment) VALUES (221, 5, 5, NULL);
INSERT INTO evaluation_details (evaluation_id, question_id, score, comment) VALUES (221, 6, 3, NULL);
INSERT INTO evaluation_details (evaluation_id, question_id, score, comment) VALUES (221, 7, 3, NULL);
INSERT INTO evaluation_details (evaluation_id, question_id, score, comment) VALUES (221, 8, 4, NULL);
INSERT INTO evaluation_details (evaluation_id, question_id, score, comment) VALUES (221, 9, 5, NULL);
INSERT INTO evaluation_details (evaluation_id, question_id, score, comment) VALUES (221, 10, 4, NULL);
INSERT INTO evaluation_details (evaluation_id, question_id, score, comment) VALUES (221, 11, NULL, 'Debería mantener su paciencia, es un gran líder.');
INSERT INTO evaluations (id, evaluatee_id, form_id, period_id, is_anonymous, status, submitted_at, created_at) VALUES (222, 7, 2, 3, FALSE, 'submitted', '2026-06-10 10:00:00', '2026-06-10 10:00:00');
INSERT INTO evaluation_submissions (evaluator_id, evaluatee_id, period_id, evaluation_id, created_at) VALUES (52, 7, 3, 222, '2026-06-10 10:00:00');
INSERT INTO evaluation_details (evaluation_id, question_id, score, comment) VALUES (222, 12, 5, NULL);
INSERT INTO evaluation_details (evaluation_id, question_id, score, comment) VALUES (222, 13, 5, NULL);
INSERT INTO evaluation_details (evaluation_id, question_id, score, comment) VALUES (222, 14, 4, NULL);
INSERT INTO evaluation_details (evaluation_id, question_id, score, comment) VALUES (222, 15, 3, NULL);
INSERT INTO evaluation_details (evaluation_id, question_id, score, comment) VALUES (222, 16, 3, NULL);
INSERT INTO evaluation_details (evaluation_id, question_id, score, comment) VALUES (222, 17, 5, NULL);
INSERT INTO evaluation_details (evaluation_id, question_id, score, comment) VALUES (222, 18, 4, NULL);
INSERT INTO evaluation_details (evaluation_id, question_id, score, comment) VALUES (222, 19, 5, NULL);
INSERT INTO evaluation_details (evaluation_id, question_id, score, comment) VALUES (222, 20, NULL, 'Es muy amable y sabe cómo explicar temas difíciles.');
INSERT INTO evaluations (id, evaluatee_id, form_id, period_id, is_anonymous, status, submitted_at, created_at) VALUES (223, 4, 1, 3, FALSE, 'submitted', '2026-06-10 10:00:00', '2026-06-10 10:00:00');
INSERT INTO evaluation_submissions (evaluator_id, evaluatee_id, period_id, evaluation_id, created_at) VALUES (53, 4, 3, 223, '2026-06-10 10:00:00');
INSERT INTO evaluation_details (evaluation_id, question_id, score, comment) VALUES (223, 1, 4, NULL);
INSERT INTO evaluation_details (evaluation_id, question_id, score, comment) VALUES (223, 2, 4, NULL);
INSERT INTO evaluation_details (evaluation_id, question_id, score, comment) VALUES (223, 3, 4, NULL);
INSERT INTO evaluation_details (evaluation_id, question_id, score, comment) VALUES (223, 4, 4, NULL);
INSERT INTO evaluation_details (evaluation_id, question_id, score, comment) VALUES (223, 5, 5, NULL);
INSERT INTO evaluation_details (evaluation_id, question_id, score, comment) VALUES (223, 6, 5, NULL);
INSERT INTO evaluation_details (evaluation_id, question_id, score, comment) VALUES (223, 7, 5, NULL);
INSERT INTO evaluation_details (evaluation_id, question_id, score, comment) VALUES (223, 8, 4, NULL);
INSERT INTO evaluation_details (evaluation_id, question_id, score, comment) VALUES (223, 9, 4, NULL);
INSERT INTO evaluation_details (evaluation_id, question_id, score, comment) VALUES (223, 10, 5, NULL);
INSERT INTO evaluations (id, evaluatee_id, form_id, period_id, is_anonymous, status, submitted_at, created_at) VALUES (224, 7, 2, 3, TRUE, 'submitted', '2026-06-10 10:00:00', '2026-06-10 10:00:00');
INSERT INTO evaluation_submissions (evaluator_id, evaluatee_id, period_id, evaluation_id, created_at) VALUES (53, 7, 3, 224, '2026-06-10 10:00:00');
INSERT INTO evaluation_details (evaluation_id, question_id, score, comment) VALUES (224, 12, 5, NULL);
INSERT INTO evaluation_details (evaluation_id, question_id, score, comment) VALUES (224, 13, 4, NULL);
INSERT INTO evaluation_details (evaluation_id, question_id, score, comment) VALUES (224, 14, 4, NULL);
INSERT INTO evaluation_details (evaluation_id, question_id, score, comment) VALUES (224, 15, 5, NULL);
INSERT INTO evaluation_details (evaluation_id, question_id, score, comment) VALUES (224, 16, 5, NULL);
INSERT INTO evaluation_details (evaluation_id, question_id, score, comment) VALUES (224, 17, 4, NULL);
INSERT INTO evaluation_details (evaluation_id, question_id, score, comment) VALUES (224, 18, 5, NULL);
INSERT INTO evaluation_details (evaluation_id, question_id, score, comment) VALUES (224, 19, 5, NULL);
INSERT INTO evaluation_details (evaluation_id, question_id, score, comment) VALUES (224, 20, NULL, 'Me encanta cómo explica la arquitectura de software.');
INSERT INTO evaluations (id, evaluatee_id, form_id, period_id, is_anonymous, status, submitted_at, created_at) VALUES (225, 4, 1, 3, TRUE, 'submitted', '2026-06-10 10:00:00', '2026-06-10 10:00:00');
INSERT INTO evaluation_submissions (evaluator_id, evaluatee_id, period_id, evaluation_id, created_at) VALUES (54, 4, 3, 225, '2026-06-10 10:00:00');
INSERT INTO evaluation_details (evaluation_id, question_id, score, comment) VALUES (225, 1, 4, NULL);
INSERT INTO evaluation_details (evaluation_id, question_id, score, comment) VALUES (225, 2, 4, NULL);
INSERT INTO evaluation_details (evaluation_id, question_id, score, comment) VALUES (225, 3, 5, NULL);
INSERT INTO evaluation_details (evaluation_id, question_id, score, comment) VALUES (225, 4, 4, NULL);
INSERT INTO evaluation_details (evaluation_id, question_id, score, comment) VALUES (225, 5, 5, NULL);
INSERT INTO evaluation_details (evaluation_id, question_id, score, comment) VALUES (225, 6, 4, NULL);
INSERT INTO evaluation_details (evaluation_id, question_id, score, comment) VALUES (225, 7, 5, NULL);
INSERT INTO evaluation_details (evaluation_id, question_id, score, comment) VALUES (225, 8, 4, NULL);
INSERT INTO evaluation_details (evaluation_id, question_id, score, comment) VALUES (225, 9, 4, NULL);
INSERT INTO evaluation_details (evaluation_id, question_id, score, comment) VALUES (225, 10, 5, NULL);
INSERT INTO evaluations (id, evaluatee_id, form_id, period_id, is_anonymous, status, submitted_at, created_at) VALUES (226, 7, 2, 3, FALSE, 'submitted', '2026-06-10 10:00:00', '2026-06-10 10:00:00');
INSERT INTO evaluation_submissions (evaluator_id, evaluatee_id, period_id, evaluation_id, created_at) VALUES (54, 7, 3, 226, '2026-06-10 10:00:00');
INSERT INTO evaluation_details (evaluation_id, question_id, score, comment) VALUES (226, 12, 5, NULL);
INSERT INTO evaluation_details (evaluation_id, question_id, score, comment) VALUES (226, 13, 5, NULL);
INSERT INTO evaluation_details (evaluation_id, question_id, score, comment) VALUES (226, 14, 4, NULL);
INSERT INTO evaluation_details (evaluation_id, question_id, score, comment) VALUES (226, 15, 4, NULL);
INSERT INTO evaluation_details (evaluation_id, question_id, score, comment) VALUES (226, 16, 5, NULL);
INSERT INTO evaluation_details (evaluation_id, question_id, score, comment) VALUES (226, 17, 5, NULL);
INSERT INTO evaluation_details (evaluation_id, question_id, score, comment) VALUES (226, 18, 5, NULL);
INSERT INTO evaluation_details (evaluation_id, question_id, score, comment) VALUES (226, 19, 4, NULL);
INSERT INTO evaluation_details (evaluation_id, question_id, score, comment) VALUES (226, 20, NULL, 'Me encanta cómo explica la arquitectura de software.');
INSERT INTO evaluations (id, evaluatee_id, form_id, period_id, is_anonymous, status, submitted_at, created_at) VALUES (227, 4, 1, 3, FALSE, 'submitted', '2026-06-10 10:00:00', '2026-06-10 10:00:00');
INSERT INTO evaluation_submissions (evaluator_id, evaluatee_id, period_id, evaluation_id, created_at) VALUES (55, 4, 3, 227, '2026-06-10 10:00:00');
INSERT INTO evaluation_details (evaluation_id, question_id, score, comment) VALUES (227, 1, 5, NULL);
INSERT INTO evaluation_details (evaluation_id, question_id, score, comment) VALUES (227, 2, 3, NULL);
INSERT INTO evaluation_details (evaluation_id, question_id, score, comment) VALUES (227, 3, 5, NULL);
INSERT INTO evaluation_details (evaluation_id, question_id, score, comment) VALUES (227, 4, 5, NULL);
INSERT INTO evaluation_details (evaluation_id, question_id, score, comment) VALUES (227, 5, 5, NULL);
INSERT INTO evaluation_details (evaluation_id, question_id, score, comment) VALUES (227, 6, 4, NULL);
INSERT INTO evaluation_details (evaluation_id, question_id, score, comment) VALUES (227, 7, 4, NULL);
INSERT INTO evaluation_details (evaluation_id, question_id, score, comment) VALUES (227, 8, 5, NULL);
INSERT INTO evaluation_details (evaluation_id, question_id, score, comment) VALUES (227, 9, 4, NULL);
INSERT INTO evaluation_details (evaluation_id, question_id, score, comment) VALUES (227, 10, 5, NULL);
INSERT INTO evaluations (id, evaluatee_id, form_id, period_id, is_anonymous, status, submitted_at, created_at) VALUES (228, 7, 2, 3, FALSE, 'submitted', '2026-06-10 10:00:00', '2026-06-10 10:00:00');
INSERT INTO evaluation_submissions (evaluator_id, evaluatee_id, period_id, evaluation_id, created_at) VALUES (55, 7, 3, 228, '2026-06-10 10:00:00');
INSERT INTO evaluation_details (evaluation_id, question_id, score, comment) VALUES (228, 12, 4, NULL);
INSERT INTO evaluation_details (evaluation_id, question_id, score, comment) VALUES (228, 13, 5, NULL);
INSERT INTO evaluation_details (evaluation_id, question_id, score, comment) VALUES (228, 14, 5, NULL);
INSERT INTO evaluation_details (evaluation_id, question_id, score, comment) VALUES (228, 15, 5, NULL);
INSERT INTO evaluation_details (evaluation_id, question_id, score, comment) VALUES (228, 16, 5, NULL);
INSERT INTO evaluation_details (evaluation_id, question_id, score, comment) VALUES (228, 17, 5, NULL);
INSERT INTO evaluation_details (evaluation_id, question_id, score, comment) VALUES (228, 18, 5, NULL);
INSERT INTO evaluation_details (evaluation_id, question_id, score, comment) VALUES (228, 19, 4, NULL);
INSERT INTO evaluation_details (evaluation_id, question_id, score, comment) VALUES (228, 20, NULL, 'A veces va un poco rápido en la clase, pero las grabaciones ayudan.');
INSERT INTO evaluations (id, evaluatee_id, form_id, period_id, is_anonymous, status, submitted_at, created_at) VALUES (229, 4, 1, 3, FALSE, 'submitted', '2026-06-10 10:00:00', '2026-06-10 10:00:00');
INSERT INTO evaluation_submissions (evaluator_id, evaluatee_id, period_id, evaluation_id, created_at) VALUES (56, 4, 3, 229, '2026-06-10 10:00:00');
INSERT INTO evaluation_details (evaluation_id, question_id, score, comment) VALUES (229, 1, 5, NULL);
INSERT INTO evaluation_details (evaluation_id, question_id, score, comment) VALUES (229, 2, 5, NULL);
INSERT INTO evaluation_details (evaluation_id, question_id, score, comment) VALUES (229, 3, 4, NULL);
INSERT INTO evaluation_details (evaluation_id, question_id, score, comment) VALUES (229, 4, 5, NULL);
INSERT INTO evaluation_details (evaluation_id, question_id, score, comment) VALUES (229, 5, 3, NULL);
INSERT INTO evaluation_details (evaluation_id, question_id, score, comment) VALUES (229, 6, 4, NULL);
INSERT INTO evaluation_details (evaluation_id, question_id, score, comment) VALUES (229, 7, 5, NULL);
INSERT INTO evaluation_details (evaluation_id, question_id, score, comment) VALUES (229, 8, 5, NULL);
INSERT INTO evaluation_details (evaluation_id, question_id, score, comment) VALUES (229, 9, 4, NULL);
INSERT INTO evaluation_details (evaluation_id, question_id, score, comment) VALUES (229, 10, 4, NULL);
INSERT INTO evaluation_details (evaluation_id, question_id, score, comment) VALUES (229, 11, NULL, 'Excelente acompañamiento, siempre está dispuesto a ayudarnos.');
INSERT INTO evaluations (id, evaluatee_id, form_id, period_id, is_anonymous, status, submitted_at, created_at) VALUES (230, 7, 2, 3, FALSE, 'submitted', '2026-06-10 10:00:00', '2026-06-10 10:00:00');
INSERT INTO evaluation_submissions (evaluator_id, evaluatee_id, period_id, evaluation_id, created_at) VALUES (56, 7, 3, 230, '2026-06-10 10:00:00');
INSERT INTO evaluation_details (evaluation_id, question_id, score, comment) VALUES (230, 12, 4, NULL);
INSERT INTO evaluation_details (evaluation_id, question_id, score, comment) VALUES (230, 13, 5, NULL);
INSERT INTO evaluation_details (evaluation_id, question_id, score, comment) VALUES (230, 14, 4, NULL);
INSERT INTO evaluation_details (evaluation_id, question_id, score, comment) VALUES (230, 15, 5, NULL);
INSERT INTO evaluation_details (evaluation_id, question_id, score, comment) VALUES (230, 16, 5, NULL);
INSERT INTO evaluation_details (evaluation_id, question_id, score, comment) VALUES (230, 17, 5, NULL);
INSERT INTO evaluation_details (evaluation_id, question_id, score, comment) VALUES (230, 18, 3, NULL);
INSERT INTO evaluation_details (evaluation_id, question_id, score, comment) VALUES (230, 19, 5, NULL);
INSERT INTO evaluation_details (evaluation_id, question_id, score, comment) VALUES (230, 20, NULL, 'Excelente dominio de FastAPI, resuelve las dudas en el acto.');
INSERT INTO evaluations (id, evaluatee_id, form_id, period_id, is_anonymous, status, submitted_at, created_at) VALUES (231, 4, 1, 3, FALSE, 'submitted', '2026-06-10 10:00:00', '2026-06-10 10:00:00');
INSERT INTO evaluation_submissions (evaluator_id, evaluatee_id, period_id, evaluation_id, created_at) VALUES (57, 4, 3, 231, '2026-06-10 10:00:00');
INSERT INTO evaluation_details (evaluation_id, question_id, score, comment) VALUES (231, 1, 4, NULL);
INSERT INTO evaluation_details (evaluation_id, question_id, score, comment) VALUES (231, 2, 5, NULL);
INSERT INTO evaluation_details (evaluation_id, question_id, score, comment) VALUES (231, 3, 4, NULL);
INSERT INTO evaluation_details (evaluation_id, question_id, score, comment) VALUES (231, 4, 5, NULL);
INSERT INTO evaluation_details (evaluation_id, question_id, score, comment) VALUES (231, 5, 5, NULL);
INSERT INTO evaluation_details (evaluation_id, question_id, score, comment) VALUES (231, 6, 4, NULL);
INSERT INTO evaluation_details (evaluation_id, question_id, score, comment) VALUES (231, 7, 5, NULL);
INSERT INTO evaluation_details (evaluation_id, question_id, score, comment) VALUES (231, 8, 3, NULL);
INSERT INTO evaluation_details (evaluation_id, question_id, score, comment) VALUES (231, 9, 4, NULL);
INSERT INTO evaluation_details (evaluation_id, question_id, score, comment) VALUES (231, 10, 3, NULL);
INSERT INTO evaluations (id, evaluatee_id, form_id, period_id, is_anonymous, status, submitted_at, created_at) VALUES (232, 7, 2, 3, FALSE, 'submitted', '2026-06-10 10:00:00', '2026-06-10 10:00:00');
INSERT INTO evaluation_submissions (evaluator_id, evaluatee_id, period_id, evaluation_id, created_at) VALUES (57, 7, 3, 232, '2026-06-10 10:00:00');
INSERT INTO evaluation_details (evaluation_id, question_id, score, comment) VALUES (232, 12, 3, NULL);
INSERT INTO evaluation_details (evaluation_id, question_id, score, comment) VALUES (232, 13, 3, NULL);
INSERT INTO evaluation_details (evaluation_id, question_id, score, comment) VALUES (232, 14, 5, NULL);
INSERT INTO evaluation_details (evaluation_id, question_id, score, comment) VALUES (232, 15, 5, NULL);
INSERT INTO evaluation_details (evaluation_id, question_id, score, comment) VALUES (232, 16, 5, NULL);
INSERT INTO evaluation_details (evaluation_id, question_id, score, comment) VALUES (232, 17, 5, NULL);
INSERT INTO evaluation_details (evaluation_id, question_id, score, comment) VALUES (232, 18, 5, NULL);
INSERT INTO evaluation_details (evaluation_id, question_id, score, comment) VALUES (232, 19, 5, NULL);
INSERT INTO evaluation_details (evaluation_id, question_id, score, comment) VALUES (232, 20, NULL, 'Me encanta cómo explica la arquitectura de software.');
INSERT INTO evaluations (id, evaluatee_id, form_id, period_id, is_anonymous, status, submitted_at, created_at) VALUES (233, 4, 1, 3, FALSE, 'submitted', '2026-06-10 10:00:00', '2026-06-10 10:00:00');
INSERT INTO evaluation_submissions (evaluator_id, evaluatee_id, period_id, evaluation_id, created_at) VALUES (58, 4, 3, 233, '2026-06-10 10:00:00');
INSERT INTO evaluation_details (evaluation_id, question_id, score, comment) VALUES (233, 1, 5, NULL);
INSERT INTO evaluation_details (evaluation_id, question_id, score, comment) VALUES (233, 2, 4, NULL);
INSERT INTO evaluation_details (evaluation_id, question_id, score, comment) VALUES (233, 3, 5, NULL);
INSERT INTO evaluation_details (evaluation_id, question_id, score, comment) VALUES (233, 4, 5, NULL);
INSERT INTO evaluation_details (evaluation_id, question_id, score, comment) VALUES (233, 5, 4, NULL);
INSERT INTO evaluation_details (evaluation_id, question_id, score, comment) VALUES (233, 6, 4, NULL);
INSERT INTO evaluation_details (evaluation_id, question_id, score, comment) VALUES (233, 7, 5, NULL);
INSERT INTO evaluation_details (evaluation_id, question_id, score, comment) VALUES (233, 8, 3, NULL);
INSERT INTO evaluation_details (evaluation_id, question_id, score, comment) VALUES (233, 9, 3, NULL);
INSERT INTO evaluation_details (evaluation_id, question_id, score, comment) VALUES (233, 10, 4, NULL);
INSERT INTO evaluations (id, evaluatee_id, form_id, period_id, is_anonymous, status, submitted_at, created_at) VALUES (234, 7, 2, 3, FALSE, 'submitted', '2026-06-10 10:00:00', '2026-06-10 10:00:00');
INSERT INTO evaluation_submissions (evaluator_id, evaluatee_id, period_id, evaluation_id, created_at) VALUES (58, 7, 3, 234, '2026-06-10 10:00:00');
INSERT INTO evaluation_details (evaluation_id, question_id, score, comment) VALUES (234, 12, 4, NULL);
INSERT INTO evaluation_details (evaluation_id, question_id, score, comment) VALUES (234, 13, 4, NULL);
INSERT INTO evaluation_details (evaluation_id, question_id, score, comment) VALUES (234, 14, 4, NULL);
INSERT INTO evaluation_details (evaluation_id, question_id, score, comment) VALUES (234, 15, 5, NULL);
INSERT INTO evaluation_details (evaluation_id, question_id, score, comment) VALUES (234, 16, 3, NULL);
INSERT INTO evaluation_details (evaluation_id, question_id, score, comment) VALUES (234, 17, 4, NULL);
INSERT INTO evaluation_details (evaluation_id, question_id, score, comment) VALUES (234, 18, 4, NULL);
INSERT INTO evaluation_details (evaluation_id, question_id, score, comment) VALUES (234, 19, 4, NULL);
INSERT INTO evaluation_details (evaluation_id, question_id, score, comment) VALUES (234, 20, NULL, 'A veces va un poco rápido en la clase, pero las grabaciones ayudan.');
INSERT INTO evaluations (id, evaluatee_id, form_id, period_id, is_anonymous, status, submitted_at, created_at) VALUES (235, 4, 1, 3, TRUE, 'submitted', '2026-06-10 10:00:00', '2026-06-10 10:00:00');
INSERT INTO evaluation_submissions (evaluator_id, evaluatee_id, period_id, evaluation_id, created_at) VALUES (59, 4, 3, 235, '2026-06-10 10:00:00');
INSERT INTO evaluation_details (evaluation_id, question_id, score, comment) VALUES (235, 1, 5, NULL);
INSERT INTO evaluation_details (evaluation_id, question_id, score, comment) VALUES (235, 2, 5, NULL);
INSERT INTO evaluation_details (evaluation_id, question_id, score, comment) VALUES (235, 3, 4, NULL);
INSERT INTO evaluation_details (evaluation_id, question_id, score, comment) VALUES (235, 4, 4, NULL);
INSERT INTO evaluation_details (evaluation_id, question_id, score, comment) VALUES (235, 5, 5, NULL);
INSERT INTO evaluation_details (evaluation_id, question_id, score, comment) VALUES (235, 6, 4, NULL);
INSERT INTO evaluation_details (evaluation_id, question_id, score, comment) VALUES (235, 7, 5, NULL);
INSERT INTO evaluation_details (evaluation_id, question_id, score, comment) VALUES (235, 8, 5, NULL);
INSERT INTO evaluation_details (evaluation_id, question_id, score, comment) VALUES (235, 9, 5, NULL);
INSERT INTO evaluation_details (evaluation_id, question_id, score, comment) VALUES (235, 10, 5, NULL);
INSERT INTO evaluation_details (evaluation_id, question_id, score, comment) VALUES (235, 11, NULL, 'Me encanta su forma de liderar, he aprendido mucho de él.');
INSERT INTO evaluations (id, evaluatee_id, form_id, period_id, is_anonymous, status, submitted_at, created_at) VALUES (236, 7, 2, 3, FALSE, 'submitted', '2026-06-10 10:00:00', '2026-06-10 10:00:00');
INSERT INTO evaluation_submissions (evaluator_id, evaluatee_id, period_id, evaluation_id, created_at) VALUES (59, 7, 3, 236, '2026-06-10 10:00:00');
INSERT INTO evaluation_details (evaluation_id, question_id, score, comment) VALUES (236, 12, 4, NULL);
INSERT INTO evaluation_details (evaluation_id, question_id, score, comment) VALUES (236, 13, 4, NULL);
INSERT INTO evaluation_details (evaluation_id, question_id, score, comment) VALUES (236, 14, 5, NULL);
INSERT INTO evaluation_details (evaluation_id, question_id, score, comment) VALUES (236, 15, 4, NULL);
INSERT INTO evaluation_details (evaluation_id, question_id, score, comment) VALUES (236, 16, 5, NULL);
INSERT INTO evaluation_details (evaluation_id, question_id, score, comment) VALUES (236, 17, 5, NULL);
INSERT INTO evaluation_details (evaluation_id, question_id, score, comment) VALUES (236, 18, 4, NULL);
INSERT INTO evaluation_details (evaluation_id, question_id, score, comment) VALUES (236, 19, 4, NULL);
INSERT INTO evaluation_details (evaluation_id, question_id, score, comment) VALUES (236, 20, NULL, 'Las clases son súper claras, los ejemplos en vivo ayudan muchísimo.');
INSERT INTO evaluations (id, evaluatee_id, form_id, period_id, is_anonymous, status, submitted_at, created_at) VALUES (237, 4, 1, 3, FALSE, 'submitted', '2026-06-10 10:00:00', '2026-06-10 10:00:00');
INSERT INTO evaluation_submissions (evaluator_id, evaluatee_id, period_id, evaluation_id, created_at) VALUES (60, 4, 3, 237, '2026-06-10 10:00:00');
INSERT INTO evaluation_details (evaluation_id, question_id, score, comment) VALUES (237, 1, 3, NULL);
INSERT INTO evaluation_details (evaluation_id, question_id, score, comment) VALUES (237, 2, 4, NULL);
INSERT INTO evaluation_details (evaluation_id, question_id, score, comment) VALUES (237, 3, 5, NULL);
INSERT INTO evaluation_details (evaluation_id, question_id, score, comment) VALUES (237, 4, 3, NULL);
INSERT INTO evaluation_details (evaluation_id, question_id, score, comment) VALUES (237, 5, 4, NULL);
INSERT INTO evaluation_details (evaluation_id, question_id, score, comment) VALUES (237, 6, 5, NULL);
INSERT INTO evaluation_details (evaluation_id, question_id, score, comment) VALUES (237, 7, 4, NULL);
INSERT INTO evaluation_details (evaluation_id, question_id, score, comment) VALUES (237, 8, 4, NULL);
INSERT INTO evaluation_details (evaluation_id, question_id, score, comment) VALUES (237, 9, 4, NULL);
INSERT INTO evaluation_details (evaluation_id, question_id, score, comment) VALUES (237, 10, 4, NULL);
INSERT INTO evaluation_details (evaluation_id, question_id, score, comment) VALUES (237, 11, NULL, 'Gracias a él he mejorado mucho mi lógica.');
INSERT INTO evaluations (id, evaluatee_id, form_id, period_id, is_anonymous, status, submitted_at, created_at) VALUES (238, 7, 2, 3, FALSE, 'submitted', '2026-06-10 10:00:00', '2026-06-10 10:00:00');
INSERT INTO evaluation_submissions (evaluator_id, evaluatee_id, period_id, evaluation_id, created_at) VALUES (60, 7, 3, 238, '2026-06-10 10:00:00');
INSERT INTO evaluation_details (evaluation_id, question_id, score, comment) VALUES (238, 12, 4, NULL);
INSERT INTO evaluation_details (evaluation_id, question_id, score, comment) VALUES (238, 13, 5, NULL);
INSERT INTO evaluation_details (evaluation_id, question_id, score, comment) VALUES (238, 14, 4, NULL);
INSERT INTO evaluation_details (evaluation_id, question_id, score, comment) VALUES (238, 15, 5, NULL);
INSERT INTO evaluation_details (evaluation_id, question_id, score, comment) VALUES (238, 16, 5, NULL);
INSERT INTO evaluation_details (evaluation_id, question_id, score, comment) VALUES (238, 17, 5, NULL);
INSERT INTO evaluation_details (evaluation_id, question_id, score, comment) VALUES (238, 18, 4, NULL);
INSERT INTO evaluation_details (evaluation_id, question_id, score, comment) VALUES (238, 19, 4, NULL);
INSERT INTO evaluations (id, evaluatee_id, form_id, period_id, is_anonymous, status, submitted_at, created_at) VALUES (239, 4, 1, 3, FALSE, 'submitted', '2026-06-10 10:00:00', '2026-06-10 10:00:00');
INSERT INTO evaluation_submissions (evaluator_id, evaluatee_id, period_id, evaluation_id, created_at) VALUES (62, 4, 3, 239, '2026-06-10 10:00:00');
INSERT INTO evaluation_details (evaluation_id, question_id, score, comment) VALUES (239, 1, 4, NULL);
INSERT INTO evaluation_details (evaluation_id, question_id, score, comment) VALUES (239, 2, 4, NULL);
INSERT INTO evaluation_details (evaluation_id, question_id, score, comment) VALUES (239, 3, 4, NULL);
INSERT INTO evaluation_details (evaluation_id, question_id, score, comment) VALUES (239, 4, 3, NULL);
INSERT INTO evaluation_details (evaluation_id, question_id, score, comment) VALUES (239, 5, 3, NULL);
INSERT INTO evaluation_details (evaluation_id, question_id, score, comment) VALUES (239, 6, 4, NULL);
INSERT INTO evaluation_details (evaluation_id, question_id, score, comment) VALUES (239, 7, 5, NULL);
INSERT INTO evaluation_details (evaluation_id, question_id, score, comment) VALUES (239, 8, 5, NULL);
INSERT INTO evaluation_details (evaluation_id, question_id, score, comment) VALUES (239, 9, 4, NULL);
INSERT INTO evaluation_details (evaluation_id, question_id, score, comment) VALUES (239, 10, 5, NULL);
INSERT INTO evaluations (id, evaluatee_id, form_id, period_id, is_anonymous, status, submitted_at, created_at) VALUES (240, 7, 2, 3, FALSE, 'submitted', '2026-06-10 10:00:00', '2026-06-10 10:00:00');
INSERT INTO evaluation_submissions (evaluator_id, evaluatee_id, period_id, evaluation_id, created_at) VALUES (62, 7, 3, 240, '2026-06-10 10:00:00');
INSERT INTO evaluation_details (evaluation_id, question_id, score, comment) VALUES (240, 12, 5, NULL);
INSERT INTO evaluation_details (evaluation_id, question_id, score, comment) VALUES (240, 13, 4, NULL);
INSERT INTO evaluation_details (evaluation_id, question_id, score, comment) VALUES (240, 14, 4, NULL);
INSERT INTO evaluation_details (evaluation_id, question_id, score, comment) VALUES (240, 15, 5, NULL);
INSERT INTO evaluation_details (evaluation_id, question_id, score, comment) VALUES (240, 16, 4, NULL);
INSERT INTO evaluation_details (evaluation_id, question_id, score, comment) VALUES (240, 17, 4, NULL);
INSERT INTO evaluation_details (evaluation_id, question_id, score, comment) VALUES (240, 18, 5, NULL);
INSERT INTO evaluation_details (evaluation_id, question_id, score, comment) VALUES (240, 19, 5, NULL);
INSERT INTO evaluation_details (evaluation_id, question_id, score, comment) VALUES (240, 20, NULL, 'Es muy amable y sabe cómo explicar temas difíciles.');
INSERT INTO evaluations (id, evaluatee_id, form_id, period_id, is_anonymous, status, submitted_at, created_at) VALUES (241, 4, 1, 3, FALSE, 'submitted', '2026-06-10 10:00:00', '2026-06-10 10:00:00');
INSERT INTO evaluation_submissions (evaluator_id, evaluatee_id, period_id, evaluation_id, created_at) VALUES (63, 4, 3, 241, '2026-06-10 10:00:00');
INSERT INTO evaluation_details (evaluation_id, question_id, score, comment) VALUES (241, 1, 4, NULL);
INSERT INTO evaluation_details (evaluation_id, question_id, score, comment) VALUES (241, 2, 4, NULL);
INSERT INTO evaluation_details (evaluation_id, question_id, score, comment) VALUES (241, 3, 4, NULL);
INSERT INTO evaluation_details (evaluation_id, question_id, score, comment) VALUES (241, 4, 5, NULL);
INSERT INTO evaluation_details (evaluation_id, question_id, score, comment) VALUES (241, 5, 4, NULL);
INSERT INTO evaluation_details (evaluation_id, question_id, score, comment) VALUES (241, 6, 5, NULL);
INSERT INTO evaluation_details (evaluation_id, question_id, score, comment) VALUES (241, 7, 4, NULL);
INSERT INTO evaluation_details (evaluation_id, question_id, score, comment) VALUES (241, 8, 4, NULL);
INSERT INTO evaluation_details (evaluation_id, question_id, score, comment) VALUES (241, 9, 5, NULL);
INSERT INTO evaluation_details (evaluation_id, question_id, score, comment) VALUES (241, 10, 4, NULL);
INSERT INTO evaluation_details (evaluation_id, question_id, score, comment) VALUES (241, 11, NULL, 'Gracias a él he mejorado mucho mi lógica.');
INSERT INTO evaluations (id, evaluatee_id, form_id, period_id, is_anonymous, status, submitted_at, created_at) VALUES (242, 7, 2, 3, TRUE, 'submitted', '2026-06-10 10:00:00', '2026-06-10 10:00:00');
INSERT INTO evaluation_submissions (evaluator_id, evaluatee_id, period_id, evaluation_id, created_at) VALUES (63, 7, 3, 242, '2026-06-10 10:00:00');
INSERT INTO evaluation_details (evaluation_id, question_id, score, comment) VALUES (242, 12, 4, NULL);
INSERT INTO evaluation_details (evaluation_id, question_id, score, comment) VALUES (242, 13, 5, NULL);
INSERT INTO evaluation_details (evaluation_id, question_id, score, comment) VALUES (242, 14, 5, NULL);
INSERT INTO evaluation_details (evaluation_id, question_id, score, comment) VALUES (242, 15, 5, NULL);
INSERT INTO evaluation_details (evaluation_id, question_id, score, comment) VALUES (242, 16, 5, NULL);
INSERT INTO evaluation_details (evaluation_id, question_id, score, comment) VALUES (242, 17, 4, NULL);
INSERT INTO evaluation_details (evaluation_id, question_id, score, comment) VALUES (242, 18, 5, NULL);
INSERT INTO evaluation_details (evaluation_id, question_id, score, comment) VALUES (242, 19, 5, NULL);
INSERT INTO evaluations (id, evaluatee_id, form_id, period_id, is_anonymous, status, submitted_at, created_at) VALUES (243, 4, 1, 3, FALSE, 'submitted', '2026-06-10 10:00:00', '2026-06-10 10:00:00');
INSERT INTO evaluation_submissions (evaluator_id, evaluatee_id, period_id, evaluation_id, created_at) VALUES (64, 4, 3, 243, '2026-06-10 10:00:00');
INSERT INTO evaluation_details (evaluation_id, question_id, score, comment) VALUES (243, 1, 5, NULL);
INSERT INTO evaluation_details (evaluation_id, question_id, score, comment) VALUES (243, 2, 5, NULL);
INSERT INTO evaluation_details (evaluation_id, question_id, score, comment) VALUES (243, 3, 5, NULL);
INSERT INTO evaluation_details (evaluation_id, question_id, score, comment) VALUES (243, 4, 5, NULL);
INSERT INTO evaluation_details (evaluation_id, question_id, score, comment) VALUES (243, 5, 3, NULL);
INSERT INTO evaluation_details (evaluation_id, question_id, score, comment) VALUES (243, 6, 5, NULL);
INSERT INTO evaluation_details (evaluation_id, question_id, score, comment) VALUES (243, 7, 4, NULL);
INSERT INTO evaluation_details (evaluation_id, question_id, score, comment) VALUES (243, 8, 4, NULL);
INSERT INTO evaluation_details (evaluation_id, question_id, score, comment) VALUES (243, 9, 4, NULL);
INSERT INTO evaluation_details (evaluation_id, question_id, score, comment) VALUES (243, 10, 5, NULL);
INSERT INTO evaluations (id, evaluatee_id, form_id, period_id, is_anonymous, status, submitted_at, created_at) VALUES (244, 7, 2, 3, FALSE, 'submitted', '2026-06-10 10:00:00', '2026-06-10 10:00:00');
INSERT INTO evaluation_submissions (evaluator_id, evaluatee_id, period_id, evaluation_id, created_at) VALUES (64, 7, 3, 244, '2026-06-10 10:00:00');
INSERT INTO evaluation_details (evaluation_id, question_id, score, comment) VALUES (244, 12, 5, NULL);
INSERT INTO evaluation_details (evaluation_id, question_id, score, comment) VALUES (244, 13, 5, NULL);
INSERT INTO evaluation_details (evaluation_id, question_id, score, comment) VALUES (244, 14, 5, NULL);
INSERT INTO evaluation_details (evaluation_id, question_id, score, comment) VALUES (244, 15, 4, NULL);
INSERT INTO evaluation_details (evaluation_id, question_id, score, comment) VALUES (244, 16, 4, NULL);
INSERT INTO evaluation_details (evaluation_id, question_id, score, comment) VALUES (244, 17, 4, NULL);
INSERT INTO evaluation_details (evaluation_id, question_id, score, comment) VALUES (244, 18, 5, NULL);
INSERT INTO evaluation_details (evaluation_id, question_id, score, comment) VALUES (244, 19, 5, NULL);
INSERT INTO evaluation_details (evaluation_id, question_id, score, comment) VALUES (244, 20, NULL, 'Excelente dominio de FastAPI, resuelve las dudas en el acto.');
INSERT INTO evaluations (id, evaluatee_id, form_id, period_id, is_anonymous, status, submitted_at, created_at) VALUES (245, 4, 1, 3, FALSE, 'submitted', '2026-06-10 10:00:00', '2026-06-10 10:00:00');
INSERT INTO evaluation_submissions (evaluator_id, evaluatee_id, period_id, evaluation_id, created_at) VALUES (65, 4, 3, 245, '2026-06-10 10:00:00');
INSERT INTO evaluation_details (evaluation_id, question_id, score, comment) VALUES (245, 1, 5, NULL);
INSERT INTO evaluation_details (evaluation_id, question_id, score, comment) VALUES (245, 2, 3, NULL);
INSERT INTO evaluation_details (evaluation_id, question_id, score, comment) VALUES (245, 3, 4, NULL);
INSERT INTO evaluation_details (evaluation_id, question_id, score, comment) VALUES (245, 4, 5, NULL);
INSERT INTO evaluation_details (evaluation_id, question_id, score, comment) VALUES (245, 5, 4, NULL);
INSERT INTO evaluation_details (evaluation_id, question_id, score, comment) VALUES (245, 6, 3, NULL);
INSERT INTO evaluation_details (evaluation_id, question_id, score, comment) VALUES (245, 7, 5, NULL);
INSERT INTO evaluation_details (evaluation_id, question_id, score, comment) VALUES (245, 8, 5, NULL);
INSERT INTO evaluation_details (evaluation_id, question_id, score, comment) VALUES (245, 9, 4, NULL);
INSERT INTO evaluation_details (evaluation_id, question_id, score, comment) VALUES (245, 10, 4, NULL);
INSERT INTO evaluation_details (evaluation_id, question_id, score, comment) VALUES (245, 11, NULL, 'Excelente acompañamiento, siempre está dispuesto a ayudarnos.');
INSERT INTO evaluations (id, evaluatee_id, form_id, period_id, is_anonymous, status, submitted_at, created_at) VALUES (246, 7, 2, 3, FALSE, 'submitted', '2026-06-10 10:00:00', '2026-06-10 10:00:00');
INSERT INTO evaluation_submissions (evaluator_id, evaluatee_id, period_id, evaluation_id, created_at) VALUES (65, 7, 3, 246, '2026-06-10 10:00:00');
INSERT INTO evaluation_details (evaluation_id, question_id, score, comment) VALUES (246, 12, 4, NULL);
INSERT INTO evaluation_details (evaluation_id, question_id, score, comment) VALUES (246, 13, 5, NULL);
INSERT INTO evaluation_details (evaluation_id, question_id, score, comment) VALUES (246, 14, 4, NULL);
INSERT INTO evaluation_details (evaluation_id, question_id, score, comment) VALUES (246, 15, 4, NULL);
INSERT INTO evaluation_details (evaluation_id, question_id, score, comment) VALUES (246, 16, 5, NULL);
INSERT INTO evaluation_details (evaluation_id, question_id, score, comment) VALUES (246, 17, 3, NULL);
INSERT INTO evaluation_details (evaluation_id, question_id, score, comment) VALUES (246, 18, 4, NULL);
INSERT INTO evaluation_details (evaluation_id, question_id, score, comment) VALUES (246, 19, 4, NULL);
INSERT INTO evaluations (id, evaluatee_id, form_id, period_id, is_anonymous, status, submitted_at, created_at) VALUES (247, 4, 1, 3, FALSE, 'submitted', '2026-06-10 10:00:00', '2026-06-10 10:00:00');
INSERT INTO evaluation_submissions (evaluator_id, evaluatee_id, period_id, evaluation_id, created_at) VALUES (66, 4, 3, 247, '2026-06-10 10:00:00');
INSERT INTO evaluation_details (evaluation_id, question_id, score, comment) VALUES (247, 1, 4, NULL);
INSERT INTO evaluation_details (evaluation_id, question_id, score, comment) VALUES (247, 2, 4, NULL);
INSERT INTO evaluation_details (evaluation_id, question_id, score, comment) VALUES (247, 3, 5, NULL);
INSERT INTO evaluation_details (evaluation_id, question_id, score, comment) VALUES (247, 4, 5, NULL);
INSERT INTO evaluation_details (evaluation_id, question_id, score, comment) VALUES (247, 5, 5, NULL);
INSERT INTO evaluation_details (evaluation_id, question_id, score, comment) VALUES (247, 6, 4, NULL);
INSERT INTO evaluation_details (evaluation_id, question_id, score, comment) VALUES (247, 7, 5, NULL);
INSERT INTO evaluation_details (evaluation_id, question_id, score, comment) VALUES (247, 8, 5, NULL);
INSERT INTO evaluation_details (evaluation_id, question_id, score, comment) VALUES (247, 9, 5, NULL);
INSERT INTO evaluation_details (evaluation_id, question_id, score, comment) VALUES (247, 10, 5, NULL);
INSERT INTO evaluation_details (evaluation_id, question_id, score, comment) VALUES (247, 11, NULL, 'Explica súper bien los requerimientos de los proyectos.');
INSERT INTO evaluations (id, evaluatee_id, form_id, period_id, is_anonymous, status, submitted_at, created_at) VALUES (248, 7, 2, 3, TRUE, 'submitted', '2026-06-10 10:00:00', '2026-06-10 10:00:00');
INSERT INTO evaluation_submissions (evaluator_id, evaluatee_id, period_id, evaluation_id, created_at) VALUES (66, 7, 3, 248, '2026-06-10 10:00:00');
INSERT INTO evaluation_details (evaluation_id, question_id, score, comment) VALUES (248, 12, 5, NULL);
INSERT INTO evaluation_details (evaluation_id, question_id, score, comment) VALUES (248, 13, 5, NULL);
INSERT INTO evaluation_details (evaluation_id, question_id, score, comment) VALUES (248, 14, 4, NULL);
INSERT INTO evaluation_details (evaluation_id, question_id, score, comment) VALUES (248, 15, 3, NULL);
INSERT INTO evaluation_details (evaluation_id, question_id, score, comment) VALUES (248, 16, 3, NULL);
INSERT INTO evaluation_details (evaluation_id, question_id, score, comment) VALUES (248, 17, 4, NULL);
INSERT INTO evaluation_details (evaluation_id, question_id, score, comment) VALUES (248, 18, 4, NULL);
INSERT INTO evaluation_details (evaluation_id, question_id, score, comment) VALUES (248, 19, 3, NULL);
INSERT INTO evaluations (id, evaluatee_id, form_id, period_id, is_anonymous, status, submitted_at, created_at) VALUES (249, 4, 1, 3, FALSE, 'submitted', '2026-06-10 10:00:00', '2026-06-10 10:00:00');
INSERT INTO evaluation_submissions (evaluator_id, evaluatee_id, period_id, evaluation_id, created_at) VALUES (67, 4, 3, 249, '2026-06-10 10:00:00');
INSERT INTO evaluation_details (evaluation_id, question_id, score, comment) VALUES (249, 1, 5, NULL);
INSERT INTO evaluation_details (evaluation_id, question_id, score, comment) VALUES (249, 2, 4, NULL);
INSERT INTO evaluation_details (evaluation_id, question_id, score, comment) VALUES (249, 3, 5, NULL);
INSERT INTO evaluation_details (evaluation_id, question_id, score, comment) VALUES (249, 4, 4, NULL);
INSERT INTO evaluation_details (evaluation_id, question_id, score, comment) VALUES (249, 5, 4, NULL);
INSERT INTO evaluation_details (evaluation_id, question_id, score, comment) VALUES (249, 6, 5, NULL);
INSERT INTO evaluation_details (evaluation_id, question_id, score, comment) VALUES (249, 7, 5, NULL);
INSERT INTO evaluation_details (evaluation_id, question_id, score, comment) VALUES (249, 8, 3, NULL);
INSERT INTO evaluation_details (evaluation_id, question_id, score, comment) VALUES (249, 9, 5, NULL);
INSERT INTO evaluation_details (evaluation_id, question_id, score, comment) VALUES (249, 10, 4, NULL);
INSERT INTO evaluation_details (evaluation_id, question_id, score, comment) VALUES (249, 11, NULL, 'Debería mantener su paciencia, es un gran líder.');
INSERT INTO evaluations (id, evaluatee_id, form_id, period_id, is_anonymous, status, submitted_at, created_at) VALUES (250, 7, 2, 3, FALSE, 'submitted', '2026-06-10 10:00:00', '2026-06-10 10:00:00');
INSERT INTO evaluation_submissions (evaluator_id, evaluatee_id, period_id, evaluation_id, created_at) VALUES (67, 7, 3, 250, '2026-06-10 10:00:00');
INSERT INTO evaluation_details (evaluation_id, question_id, score, comment) VALUES (250, 12, 5, NULL);
INSERT INTO evaluation_details (evaluation_id, question_id, score, comment) VALUES (250, 13, 3, NULL);
INSERT INTO evaluation_details (evaluation_id, question_id, score, comment) VALUES (250, 14, 3, NULL);
INSERT INTO evaluation_details (evaluation_id, question_id, score, comment) VALUES (250, 15, 3, NULL);
INSERT INTO evaluation_details (evaluation_id, question_id, score, comment) VALUES (250, 16, 5, NULL);
INSERT INTO evaluation_details (evaluation_id, question_id, score, comment) VALUES (250, 17, 3, NULL);
INSERT INTO evaluation_details (evaluation_id, question_id, score, comment) VALUES (250, 18, 4, NULL);
INSERT INTO evaluation_details (evaluation_id, question_id, score, comment) VALUES (250, 19, 4, NULL);
INSERT INTO evaluation_details (evaluation_id, question_id, score, comment) VALUES (250, 20, NULL, 'Me encanta cómo explica la arquitectura de software.');
INSERT INTO evaluations (id, evaluatee_id, form_id, period_id, is_anonymous, status, submitted_at, created_at) VALUES (251, 4, 1, 3, TRUE, 'submitted', '2026-06-10 10:00:00', '2026-06-10 10:00:00');
INSERT INTO evaluation_submissions (evaluator_id, evaluatee_id, period_id, evaluation_id, created_at) VALUES (68, 4, 3, 251, '2026-06-10 10:00:00');
INSERT INTO evaluation_details (evaluation_id, question_id, score, comment) VALUES (251, 1, 5, NULL);
INSERT INTO evaluation_details (evaluation_id, question_id, score, comment) VALUES (251, 2, 3, NULL);
INSERT INTO evaluation_details (evaluation_id, question_id, score, comment) VALUES (251, 3, 5, NULL);
INSERT INTO evaluation_details (evaluation_id, question_id, score, comment) VALUES (251, 4, 4, NULL);
INSERT INTO evaluation_details (evaluation_id, question_id, score, comment) VALUES (251, 5, 4, NULL);
INSERT INTO evaluation_details (evaluation_id, question_id, score, comment) VALUES (251, 6, 4, NULL);
INSERT INTO evaluation_details (evaluation_id, question_id, score, comment) VALUES (251, 7, 4, NULL);
INSERT INTO evaluation_details (evaluation_id, question_id, score, comment) VALUES (251, 8, 4, NULL);
INSERT INTO evaluation_details (evaluation_id, question_id, score, comment) VALUES (251, 9, 5, NULL);
INSERT INTO evaluation_details (evaluation_id, question_id, score, comment) VALUES (251, 10, 5, NULL);
INSERT INTO evaluations (id, evaluatee_id, form_id, period_id, is_anonymous, status, submitted_at, created_at) VALUES (252, 7, 2, 3, FALSE, 'submitted', '2026-06-10 10:00:00', '2026-06-10 10:00:00');
INSERT INTO evaluation_submissions (evaluator_id, evaluatee_id, period_id, evaluation_id, created_at) VALUES (68, 7, 3, 252, '2026-06-10 10:00:00');
INSERT INTO evaluation_details (evaluation_id, question_id, score, comment) VALUES (252, 12, 4, NULL);
INSERT INTO evaluation_details (evaluation_id, question_id, score, comment) VALUES (252, 13, 4, NULL);
INSERT INTO evaluation_details (evaluation_id, question_id, score, comment) VALUES (252, 14, 3, NULL);
INSERT INTO evaluation_details (evaluation_id, question_id, score, comment) VALUES (252, 15, 3, NULL);
INSERT INTO evaluation_details (evaluation_id, question_id, score, comment) VALUES (252, 16, 4, NULL);
INSERT INTO evaluation_details (evaluation_id, question_id, score, comment) VALUES (252, 17, 3, NULL);
INSERT INTO evaluation_details (evaluation_id, question_id, score, comment) VALUES (252, 18, 4, NULL);
INSERT INTO evaluation_details (evaluation_id, question_id, score, comment) VALUES (252, 19, 5, NULL);
INSERT INTO evaluations (id, evaluatee_id, form_id, period_id, is_anonymous, status, submitted_at, created_at) VALUES (253, 4, 1, 3, FALSE, 'submitted', '2026-06-10 10:00:00', '2026-06-10 10:00:00');
INSERT INTO evaluation_submissions (evaluator_id, evaluatee_id, period_id, evaluation_id, created_at) VALUES (69, 4, 3, 253, '2026-06-10 10:00:00');
INSERT INTO evaluation_details (evaluation_id, question_id, score, comment) VALUES (253, 1, 5, NULL);
INSERT INTO evaluation_details (evaluation_id, question_id, score, comment) VALUES (253, 2, 4, NULL);
INSERT INTO evaluation_details (evaluation_id, question_id, score, comment) VALUES (253, 3, 4, NULL);
INSERT INTO evaluation_details (evaluation_id, question_id, score, comment) VALUES (253, 4, 4, NULL);
INSERT INTO evaluation_details (evaluation_id, question_id, score, comment) VALUES (253, 5, 5, NULL);
INSERT INTO evaluation_details (evaluation_id, question_id, score, comment) VALUES (253, 6, 5, NULL);
INSERT INTO evaluation_details (evaluation_id, question_id, score, comment) VALUES (253, 7, 3, NULL);
INSERT INTO evaluation_details (evaluation_id, question_id, score, comment) VALUES (253, 8, 5, NULL);
INSERT INTO evaluation_details (evaluation_id, question_id, score, comment) VALUES (253, 9, 4, NULL);
INSERT INTO evaluation_details (evaluation_id, question_id, score, comment) VALUES (253, 10, 4, NULL);
INSERT INTO evaluation_details (evaluation_id, question_id, score, comment) VALUES (253, 11, NULL, 'A veces se demora un poco en contestar por Slack, pero cuando lo hace es muy claro.');
INSERT INTO evaluations (id, evaluatee_id, form_id, period_id, is_anonymous, status, submitted_at, created_at) VALUES (254, 7, 2, 3, FALSE, 'submitted', '2026-06-10 10:00:00', '2026-06-10 10:00:00');
INSERT INTO evaluation_submissions (evaluator_id, evaluatee_id, period_id, evaluation_id, created_at) VALUES (69, 7, 3, 254, '2026-06-10 10:00:00');
INSERT INTO evaluation_details (evaluation_id, question_id, score, comment) VALUES (254, 12, 5, NULL);
INSERT INTO evaluation_details (evaluation_id, question_id, score, comment) VALUES (254, 13, 3, NULL);
INSERT INTO evaluation_details (evaluation_id, question_id, score, comment) VALUES (254, 14, 4, NULL);
INSERT INTO evaluation_details (evaluation_id, question_id, score, comment) VALUES (254, 15, 5, NULL);
INSERT INTO evaluation_details (evaluation_id, question_id, score, comment) VALUES (254, 16, 5, NULL);
INSERT INTO evaluation_details (evaluation_id, question_id, score, comment) VALUES (254, 17, 5, NULL);
INSERT INTO evaluation_details (evaluation_id, question_id, score, comment) VALUES (254, 18, 5, NULL);
INSERT INTO evaluation_details (evaluation_id, question_id, score, comment) VALUES (254, 19, 5, NULL);
INSERT INTO evaluation_details (evaluation_id, question_id, score, comment) VALUES (254, 20, NULL, 'Me gustaría más ejercicios prácticos en vivo.');
INSERT INTO evaluations (id, evaluatee_id, form_id, period_id, is_anonymous, status, submitted_at, created_at) VALUES (255, 4, 1, 3, FALSE, 'submitted', '2026-06-10 10:00:00', '2026-06-10 10:00:00');
INSERT INTO evaluation_submissions (evaluator_id, evaluatee_id, period_id, evaluation_id, created_at) VALUES (70, 4, 3, 255, '2026-06-10 10:00:00');
INSERT INTO evaluation_details (evaluation_id, question_id, score, comment) VALUES (255, 1, 5, NULL);
INSERT INTO evaluation_details (evaluation_id, question_id, score, comment) VALUES (255, 2, 5, NULL);
INSERT INTO evaluation_details (evaluation_id, question_id, score, comment) VALUES (255, 3, 5, NULL);
INSERT INTO evaluation_details (evaluation_id, question_id, score, comment) VALUES (255, 4, 4, NULL);
INSERT INTO evaluation_details (evaluation_id, question_id, score, comment) VALUES (255, 5, 4, NULL);
INSERT INTO evaluation_details (evaluation_id, question_id, score, comment) VALUES (255, 6, 3, NULL);
INSERT INTO evaluation_details (evaluation_id, question_id, score, comment) VALUES (255, 7, 5, NULL);
INSERT INTO evaluation_details (evaluation_id, question_id, score, comment) VALUES (255, 8, 4, NULL);
INSERT INTO evaluation_details (evaluation_id, question_id, score, comment) VALUES (255, 9, 4, NULL);
INSERT INTO evaluation_details (evaluation_id, question_id, score, comment) VALUES (255, 10, 4, NULL);
INSERT INTO evaluation_details (evaluation_id, question_id, score, comment) VALUES (255, 11, NULL, 'Excelente acompañamiento, siempre está dispuesto a ayudarnos.');
INSERT INTO evaluations (id, evaluatee_id, form_id, period_id, is_anonymous, status, submitted_at, created_at) VALUES (256, 7, 2, 3, FALSE, 'submitted', '2026-06-10 10:00:00', '2026-06-10 10:00:00');
INSERT INTO evaluation_submissions (evaluator_id, evaluatee_id, period_id, evaluation_id, created_at) VALUES (70, 7, 3, 256, '2026-06-10 10:00:00');
INSERT INTO evaluation_details (evaluation_id, question_id, score, comment) VALUES (256, 12, 5, NULL);
INSERT INTO evaluation_details (evaluation_id, question_id, score, comment) VALUES (256, 13, 3, NULL);
INSERT INTO evaluation_details (evaluation_id, question_id, score, comment) VALUES (256, 14, 5, NULL);
INSERT INTO evaluation_details (evaluation_id, question_id, score, comment) VALUES (256, 15, 4, NULL);
INSERT INTO evaluation_details (evaluation_id, question_id, score, comment) VALUES (256, 16, 5, NULL);
INSERT INTO evaluation_details (evaluation_id, question_id, score, comment) VALUES (256, 17, 4, NULL);
INSERT INTO evaluation_details (evaluation_id, question_id, score, comment) VALUES (256, 18, 5, NULL);
INSERT INTO evaluation_details (evaluation_id, question_id, score, comment) VALUES (256, 19, 4, NULL);
INSERT INTO evaluations (id, evaluatee_id, form_id, period_id, is_anonymous, status, submitted_at, created_at) VALUES (257, 4, 1, 3, FALSE, 'submitted', '2026-06-10 10:00:00', '2026-06-10 10:00:00');
INSERT INTO evaluation_submissions (evaluator_id, evaluatee_id, period_id, evaluation_id, created_at) VALUES (71, 4, 3, 257, '2026-06-10 10:00:00');
INSERT INTO evaluation_details (evaluation_id, question_id, score, comment) VALUES (257, 1, 5, NULL);
INSERT INTO evaluation_details (evaluation_id, question_id, score, comment) VALUES (257, 2, 3, NULL);
INSERT INTO evaluation_details (evaluation_id, question_id, score, comment) VALUES (257, 3, 4, NULL);
INSERT INTO evaluation_details (evaluation_id, question_id, score, comment) VALUES (257, 4, 4, NULL);
INSERT INTO evaluation_details (evaluation_id, question_id, score, comment) VALUES (257, 5, 4, NULL);
INSERT INTO evaluation_details (evaluation_id, question_id, score, comment) VALUES (257, 6, 5, NULL);
INSERT INTO evaluation_details (evaluation_id, question_id, score, comment) VALUES (257, 7, 5, NULL);
INSERT INTO evaluation_details (evaluation_id, question_id, score, comment) VALUES (257, 8, 5, NULL);
INSERT INTO evaluation_details (evaluation_id, question_id, score, comment) VALUES (257, 9, 5, NULL);
INSERT INTO evaluation_details (evaluation_id, question_id, score, comment) VALUES (257, 10, 5, NULL);
INSERT INTO evaluation_details (evaluation_id, question_id, score, comment) VALUES (257, 11, NULL, 'Explica súper bien los requerimientos de los proyectos.');
INSERT INTO evaluations (id, evaluatee_id, form_id, period_id, is_anonymous, status, submitted_at, created_at) VALUES (258, 7, 2, 3, FALSE, 'submitted', '2026-06-10 10:00:00', '2026-06-10 10:00:00');
INSERT INTO evaluation_submissions (evaluator_id, evaluatee_id, period_id, evaluation_id, created_at) VALUES (71, 7, 3, 258, '2026-06-10 10:00:00');
INSERT INTO evaluation_details (evaluation_id, question_id, score, comment) VALUES (258, 12, 4, NULL);
INSERT INTO evaluation_details (evaluation_id, question_id, score, comment) VALUES (258, 13, 5, NULL);
INSERT INTO evaluation_details (evaluation_id, question_id, score, comment) VALUES (258, 14, 4, NULL);
INSERT INTO evaluation_details (evaluation_id, question_id, score, comment) VALUES (258, 15, 5, NULL);
INSERT INTO evaluation_details (evaluation_id, question_id, score, comment) VALUES (258, 16, 5, NULL);
INSERT INTO evaluation_details (evaluation_id, question_id, score, comment) VALUES (258, 17, 4, NULL);
INSERT INTO evaluation_details (evaluation_id, question_id, score, comment) VALUES (258, 18, 5, NULL);
INSERT INTO evaluation_details (evaluation_id, question_id, score, comment) VALUES (258, 19, 5, NULL);
INSERT INTO evaluation_details (evaluation_id, question_id, score, comment) VALUES (258, 20, NULL, 'Me gustaría más ejercicios prácticos en vivo.');
INSERT INTO evaluations (id, evaluatee_id, form_id, period_id, is_anonymous, status, submitted_at, created_at) VALUES (259, 4, 1, 3, TRUE, 'submitted', '2026-06-10 10:00:00', '2026-06-10 10:00:00');
INSERT INTO evaluation_submissions (evaluator_id, evaluatee_id, period_id, evaluation_id, created_at) VALUES (72, 4, 3, 259, '2026-06-10 10:00:00');
INSERT INTO evaluation_details (evaluation_id, question_id, score, comment) VALUES (259, 1, 4, NULL);
INSERT INTO evaluation_details (evaluation_id, question_id, score, comment) VALUES (259, 2, 5, NULL);
INSERT INTO evaluation_details (evaluation_id, question_id, score, comment) VALUES (259, 3, 5, NULL);
INSERT INTO evaluation_details (evaluation_id, question_id, score, comment) VALUES (259, 4, 4, NULL);
INSERT INTO evaluation_details (evaluation_id, question_id, score, comment) VALUES (259, 5, 5, NULL);
INSERT INTO evaluation_details (evaluation_id, question_id, score, comment) VALUES (259, 6, 4, NULL);
INSERT INTO evaluation_details (evaluation_id, question_id, score, comment) VALUES (259, 7, 5, NULL);
INSERT INTO evaluation_details (evaluation_id, question_id, score, comment) VALUES (259, 8, 5, NULL);
INSERT INTO evaluation_details (evaluation_id, question_id, score, comment) VALUES (259, 9, 5, NULL);
INSERT INTO evaluation_details (evaluation_id, question_id, score, comment) VALUES (259, 10, 5, NULL);
INSERT INTO evaluation_details (evaluation_id, question_id, score, comment) VALUES (259, 11, NULL, 'Excelente acompañamiento, siempre está dispuesto a ayudarnos.');
INSERT INTO evaluations (id, evaluatee_id, form_id, period_id, is_anonymous, status, submitted_at, created_at) VALUES (260, 7, 2, 3, TRUE, 'submitted', '2026-06-10 10:00:00', '2026-06-10 10:00:00');
INSERT INTO evaluation_submissions (evaluator_id, evaluatee_id, period_id, evaluation_id, created_at) VALUES (72, 7, 3, 260, '2026-06-10 10:00:00');
INSERT INTO evaluation_details (evaluation_id, question_id, score, comment) VALUES (260, 12, 4, NULL);
INSERT INTO evaluation_details (evaluation_id, question_id, score, comment) VALUES (260, 13, 5, NULL);
INSERT INTO evaluation_details (evaluation_id, question_id, score, comment) VALUES (260, 14, 4, NULL);
INSERT INTO evaluation_details (evaluation_id, question_id, score, comment) VALUES (260, 15, 4, NULL);
INSERT INTO evaluation_details (evaluation_id, question_id, score, comment) VALUES (260, 16, 3, NULL);
INSERT INTO evaluation_details (evaluation_id, question_id, score, comment) VALUES (260, 17, 5, NULL);
INSERT INTO evaluation_details (evaluation_id, question_id, score, comment) VALUES (260, 18, 5, NULL);
INSERT INTO evaluation_details (evaluation_id, question_id, score, comment) VALUES (260, 19, 4, NULL);
INSERT INTO evaluation_details (evaluation_id, question_id, score, comment) VALUES (260, 20, NULL, 'Me gustaría más ejercicios prácticos en vivo.');
INSERT INTO evaluations (id, evaluatee_id, form_id, period_id, is_anonymous, status, submitted_at, created_at) VALUES (261, 4, 1, 3, FALSE, 'submitted', '2026-06-10 10:00:00', '2026-06-10 10:00:00');
INSERT INTO evaluation_submissions (evaluator_id, evaluatee_id, period_id, evaluation_id, created_at) VALUES (73, 4, 3, 261, '2026-06-10 10:00:00');
INSERT INTO evaluation_details (evaluation_id, question_id, score, comment) VALUES (261, 1, 4, NULL);
INSERT INTO evaluation_details (evaluation_id, question_id, score, comment) VALUES (261, 2, 4, NULL);
INSERT INTO evaluation_details (evaluation_id, question_id, score, comment) VALUES (261, 3, 5, NULL);
INSERT INTO evaluation_details (evaluation_id, question_id, score, comment) VALUES (261, 4, 4, NULL);
INSERT INTO evaluation_details (evaluation_id, question_id, score, comment) VALUES (261, 5, 4, NULL);
INSERT INTO evaluation_details (evaluation_id, question_id, score, comment) VALUES (261, 6, 4, NULL);
INSERT INTO evaluation_details (evaluation_id, question_id, score, comment) VALUES (261, 7, 4, NULL);
INSERT INTO evaluation_details (evaluation_id, question_id, score, comment) VALUES (261, 8, 5, NULL);
INSERT INTO evaluation_details (evaluation_id, question_id, score, comment) VALUES (261, 9, 5, NULL);
INSERT INTO evaluation_details (evaluation_id, question_id, score, comment) VALUES (261, 10, 5, NULL);
INSERT INTO evaluation_details (evaluation_id, question_id, score, comment) VALUES (261, 11, NULL, 'Gracias a él he mejorado mucho mi lógica.');
INSERT INTO evaluations (id, evaluatee_id, form_id, period_id, is_anonymous, status, submitted_at, created_at) VALUES (262, 7, 2, 3, TRUE, 'submitted', '2026-06-10 10:00:00', '2026-06-10 10:00:00');
INSERT INTO evaluation_submissions (evaluator_id, evaluatee_id, period_id, evaluation_id, created_at) VALUES (73, 7, 3, 262, '2026-06-10 10:00:00');
INSERT INTO evaluation_details (evaluation_id, question_id, score, comment) VALUES (262, 12, 5, NULL);
INSERT INTO evaluation_details (evaluation_id, question_id, score, comment) VALUES (262, 13, 4, NULL);
INSERT INTO evaluation_details (evaluation_id, question_id, score, comment) VALUES (262, 14, 5, NULL);
INSERT INTO evaluation_details (evaluation_id, question_id, score, comment) VALUES (262, 15, 4, NULL);
INSERT INTO evaluation_details (evaluation_id, question_id, score, comment) VALUES (262, 16, 5, NULL);
INSERT INTO evaluation_details (evaluation_id, question_id, score, comment) VALUES (262, 17, 4, NULL);
INSERT INTO evaluation_details (evaluation_id, question_id, score, comment) VALUES (262, 18, 5, NULL);
INSERT INTO evaluation_details (evaluation_id, question_id, score, comment) VALUES (262, 19, 5, NULL);
INSERT INTO evaluations (id, evaluatee_id, form_id, period_id, is_anonymous, status, submitted_at, created_at) VALUES (263, 4, 1, 3, FALSE, 'submitted', '2026-06-10 10:00:00', '2026-06-10 10:00:00');
INSERT INTO evaluation_submissions (evaluator_id, evaluatee_id, period_id, evaluation_id, created_at) VALUES (74, 4, 3, 263, '2026-06-10 10:00:00');
INSERT INTO evaluation_details (evaluation_id, question_id, score, comment) VALUES (263, 1, 3, NULL);
INSERT INTO evaluation_details (evaluation_id, question_id, score, comment) VALUES (263, 2, 5, NULL);
INSERT INTO evaluation_details (evaluation_id, question_id, score, comment) VALUES (263, 3, 5, NULL);
INSERT INTO evaluation_details (evaluation_id, question_id, score, comment) VALUES (263, 4, 4, NULL);
INSERT INTO evaluation_details (evaluation_id, question_id, score, comment) VALUES (263, 5, 4, NULL);
INSERT INTO evaluation_details (evaluation_id, question_id, score, comment) VALUES (263, 6, 3, NULL);
INSERT INTO evaluation_details (evaluation_id, question_id, score, comment) VALUES (263, 7, 5, NULL);
INSERT INTO evaluation_details (evaluation_id, question_id, score, comment) VALUES (263, 8, 5, NULL);
INSERT INTO evaluation_details (evaluation_id, question_id, score, comment) VALUES (263, 9, 5, NULL);
INSERT INTO evaluation_details (evaluation_id, question_id, score, comment) VALUES (263, 10, 5, NULL);
INSERT INTO evaluation_details (evaluation_id, question_id, score, comment) VALUES (263, 11, NULL, 'Explica súper bien los requerimientos de los proyectos.');
INSERT INTO evaluations (id, evaluatee_id, form_id, period_id, is_anonymous, status, submitted_at, created_at) VALUES (264, 7, 2, 3, FALSE, 'submitted', '2026-06-10 10:00:00', '2026-06-10 10:00:00');
INSERT INTO evaluation_submissions (evaluator_id, evaluatee_id, period_id, evaluation_id, created_at) VALUES (74, 7, 3, 264, '2026-06-10 10:00:00');
INSERT INTO evaluation_details (evaluation_id, question_id, score, comment) VALUES (264, 12, 5, NULL);
INSERT INTO evaluation_details (evaluation_id, question_id, score, comment) VALUES (264, 13, 5, NULL);
INSERT INTO evaluation_details (evaluation_id, question_id, score, comment) VALUES (264, 14, 5, NULL);
INSERT INTO evaluation_details (evaluation_id, question_id, score, comment) VALUES (264, 15, 5, NULL);
INSERT INTO evaluation_details (evaluation_id, question_id, score, comment) VALUES (264, 16, 5, NULL);
INSERT INTO evaluation_details (evaluation_id, question_id, score, comment) VALUES (264, 17, 3, NULL);
INSERT INTO evaluation_details (evaluation_id, question_id, score, comment) VALUES (264, 18, 4, NULL);
INSERT INTO evaluation_details (evaluation_id, question_id, score, comment) VALUES (264, 19, 4, NULL);
INSERT INTO evaluation_details (evaluation_id, question_id, score, comment) VALUES (264, 20, NULL, 'Excelente dominio de FastAPI, resuelve las dudas en el acto.');
INSERT INTO evaluations (id, evaluatee_id, form_id, period_id, is_anonymous, status, submitted_at, created_at) VALUES (265, 4, 1, 3, FALSE, 'submitted', '2026-06-10 10:00:00', '2026-06-10 10:00:00');
INSERT INTO evaluation_submissions (evaluator_id, evaluatee_id, period_id, evaluation_id, created_at) VALUES (75, 4, 3, 265, '2026-06-10 10:00:00');
INSERT INTO evaluation_details (evaluation_id, question_id, score, comment) VALUES (265, 1, 3, NULL);
INSERT INTO evaluation_details (evaluation_id, question_id, score, comment) VALUES (265, 2, 3, NULL);
INSERT INTO evaluation_details (evaluation_id, question_id, score, comment) VALUES (265, 3, 5, NULL);
INSERT INTO evaluation_details (evaluation_id, question_id, score, comment) VALUES (265, 4, 4, NULL);
INSERT INTO evaluation_details (evaluation_id, question_id, score, comment) VALUES (265, 5, 4, NULL);
INSERT INTO evaluation_details (evaluation_id, question_id, score, comment) VALUES (265, 6, 5, NULL);
INSERT INTO evaluation_details (evaluation_id, question_id, score, comment) VALUES (265, 7, 4, NULL);
INSERT INTO evaluation_details (evaluation_id, question_id, score, comment) VALUES (265, 8, 5, NULL);
INSERT INTO evaluation_details (evaluation_id, question_id, score, comment) VALUES (265, 9, 5, NULL);
INSERT INTO evaluation_details (evaluation_id, question_id, score, comment) VALUES (265, 10, 4, NULL);
INSERT INTO evaluations (id, evaluatee_id, form_id, period_id, is_anonymous, status, submitted_at, created_at) VALUES (266, 7, 2, 3, FALSE, 'submitted', '2026-06-10 10:00:00', '2026-06-10 10:00:00');
INSERT INTO evaluation_submissions (evaluator_id, evaluatee_id, period_id, evaluation_id, created_at) VALUES (75, 7, 3, 266, '2026-06-10 10:00:00');
INSERT INTO evaluation_details (evaluation_id, question_id, score, comment) VALUES (266, 12, 5, NULL);
INSERT INTO evaluation_details (evaluation_id, question_id, score, comment) VALUES (266, 13, 5, NULL);
INSERT INTO evaluation_details (evaluation_id, question_id, score, comment) VALUES (266, 14, 4, NULL);
INSERT INTO evaluation_details (evaluation_id, question_id, score, comment) VALUES (266, 15, 5, NULL);
INSERT INTO evaluation_details (evaluation_id, question_id, score, comment) VALUES (266, 16, 5, NULL);
INSERT INTO evaluation_details (evaluation_id, question_id, score, comment) VALUES (266, 17, 4, NULL);
INSERT INTO evaluation_details (evaluation_id, question_id, score, comment) VALUES (266, 18, 3, NULL);
INSERT INTO evaluation_details (evaluation_id, question_id, score, comment) VALUES (266, 19, 3, NULL);
INSERT INTO evaluation_details (evaluation_id, question_id, score, comment) VALUES (266, 20, NULL, 'Es muy amable y sabe cómo explicar temas difíciles.');
INSERT INTO evaluations (id, evaluatee_id, form_id, period_id, is_anonymous, status, submitted_at, created_at) VALUES (267, 4, 1, 3, TRUE, 'submitted', '2026-06-10 10:00:00', '2026-06-10 10:00:00');
INSERT INTO evaluation_submissions (evaluator_id, evaluatee_id, period_id, evaluation_id, created_at) VALUES (76, 4, 3, 267, '2026-06-10 10:00:00');
INSERT INTO evaluation_details (evaluation_id, question_id, score, comment) VALUES (267, 1, 5, NULL);
INSERT INTO evaluation_details (evaluation_id, question_id, score, comment) VALUES (267, 2, 3, NULL);
INSERT INTO evaluation_details (evaluation_id, question_id, score, comment) VALUES (267, 3, 5, NULL);
INSERT INTO evaluation_details (evaluation_id, question_id, score, comment) VALUES (267, 4, 5, NULL);
INSERT INTO evaluation_details (evaluation_id, question_id, score, comment) VALUES (267, 5, 4, NULL);
INSERT INTO evaluation_details (evaluation_id, question_id, score, comment) VALUES (267, 6, 4, NULL);
INSERT INTO evaluation_details (evaluation_id, question_id, score, comment) VALUES (267, 7, 4, NULL);
INSERT INTO evaluation_details (evaluation_id, question_id, score, comment) VALUES (267, 8, 5, NULL);
INSERT INTO evaluation_details (evaluation_id, question_id, score, comment) VALUES (267, 9, 4, NULL);
INSERT INTO evaluation_details (evaluation_id, question_id, score, comment) VALUES (267, 10, 4, NULL);
INSERT INTO evaluations (id, evaluatee_id, form_id, period_id, is_anonymous, status, submitted_at, created_at) VALUES (268, 7, 2, 3, FALSE, 'submitted', '2026-06-10 10:00:00', '2026-06-10 10:00:00');
INSERT INTO evaluation_submissions (evaluator_id, evaluatee_id, period_id, evaluation_id, created_at) VALUES (76, 7, 3, 268, '2026-06-10 10:00:00');
INSERT INTO evaluation_details (evaluation_id, question_id, score, comment) VALUES (268, 12, 3, NULL);
INSERT INTO evaluation_details (evaluation_id, question_id, score, comment) VALUES (268, 13, 4, NULL);
INSERT INTO evaluation_details (evaluation_id, question_id, score, comment) VALUES (268, 14, 4, NULL);
INSERT INTO evaluation_details (evaluation_id, question_id, score, comment) VALUES (268, 15, 5, NULL);
INSERT INTO evaluation_details (evaluation_id, question_id, score, comment) VALUES (268, 16, 4, NULL);
INSERT INTO evaluation_details (evaluation_id, question_id, score, comment) VALUES (268, 17, 5, NULL);
INSERT INTO evaluation_details (evaluation_id, question_id, score, comment) VALUES (268, 18, 5, NULL);
INSERT INTO evaluation_details (evaluation_id, question_id, score, comment) VALUES (268, 19, 5, NULL);
INSERT INTO evaluation_details (evaluation_id, question_id, score, comment) VALUES (268, 20, NULL, 'Es muy amable y sabe cómo explicar temas difíciles.');
INSERT INTO evaluations (id, evaluatee_id, form_id, period_id, is_anonymous, status, submitted_at, created_at) VALUES (269, 4, 1, 3, TRUE, 'submitted', '2026-06-10 10:00:00', '2026-06-10 10:00:00');
INSERT INTO evaluation_submissions (evaluator_id, evaluatee_id, period_id, evaluation_id, created_at) VALUES (77, 4, 3, 269, '2026-06-10 10:00:00');
INSERT INTO evaluation_details (evaluation_id, question_id, score, comment) VALUES (269, 1, 5, NULL);
INSERT INTO evaluation_details (evaluation_id, question_id, score, comment) VALUES (269, 2, 4, NULL);
INSERT INTO evaluation_details (evaluation_id, question_id, score, comment) VALUES (269, 3, 4, NULL);
INSERT INTO evaluation_details (evaluation_id, question_id, score, comment) VALUES (269, 4, 4, NULL);
INSERT INTO evaluation_details (evaluation_id, question_id, score, comment) VALUES (269, 5, 5, NULL);
INSERT INTO evaluation_details (evaluation_id, question_id, score, comment) VALUES (269, 6, 5, NULL);
INSERT INTO evaluation_details (evaluation_id, question_id, score, comment) VALUES (269, 7, 3, NULL);
INSERT INTO evaluation_details (evaluation_id, question_id, score, comment) VALUES (269, 8, 5, NULL);
INSERT INTO evaluation_details (evaluation_id, question_id, score, comment) VALUES (269, 9, 5, NULL);
INSERT INTO evaluation_details (evaluation_id, question_id, score, comment) VALUES (269, 10, 4, NULL);
INSERT INTO evaluations (id, evaluatee_id, form_id, period_id, is_anonymous, status, submitted_at, created_at) VALUES (270, 7, 2, 3, FALSE, 'submitted', '2026-06-10 10:00:00', '2026-06-10 10:00:00');
INSERT INTO evaluation_submissions (evaluator_id, evaluatee_id, period_id, evaluation_id, created_at) VALUES (77, 7, 3, 270, '2026-06-10 10:00:00');
INSERT INTO evaluation_details (evaluation_id, question_id, score, comment) VALUES (270, 12, 3, NULL);
INSERT INTO evaluation_details (evaluation_id, question_id, score, comment) VALUES (270, 13, 4, NULL);
INSERT INTO evaluation_details (evaluation_id, question_id, score, comment) VALUES (270, 14, 5, NULL);
INSERT INTO evaluation_details (evaluation_id, question_id, score, comment) VALUES (270, 15, 5, NULL);
INSERT INTO evaluation_details (evaluation_id, question_id, score, comment) VALUES (270, 16, 5, NULL);
INSERT INTO evaluation_details (evaluation_id, question_id, score, comment) VALUES (270, 17, 3, NULL);
INSERT INTO evaluation_details (evaluation_id, question_id, score, comment) VALUES (270, 18, 4, NULL);
INSERT INTO evaluation_details (evaluation_id, question_id, score, comment) VALUES (270, 19, 4, NULL);
INSERT INTO evaluations (id, evaluatee_id, form_id, period_id, is_anonymous, status, submitted_at, created_at) VALUES (271, 4, 1, 3, FALSE, 'submitted', '2026-06-10 10:00:00', '2026-06-10 10:00:00');
INSERT INTO evaluation_submissions (evaluator_id, evaluatee_id, period_id, evaluation_id, created_at) VALUES (78, 4, 3, 271, '2026-06-10 10:00:00');
INSERT INTO evaluation_details (evaluation_id, question_id, score, comment) VALUES (271, 1, 4, NULL);
INSERT INTO evaluation_details (evaluation_id, question_id, score, comment) VALUES (271, 2, 5, NULL);
INSERT INTO evaluation_details (evaluation_id, question_id, score, comment) VALUES (271, 3, 5, NULL);
INSERT INTO evaluation_details (evaluation_id, question_id, score, comment) VALUES (271, 4, 5, NULL);
INSERT INTO evaluation_details (evaluation_id, question_id, score, comment) VALUES (271, 5, 4, NULL);
INSERT INTO evaluation_details (evaluation_id, question_id, score, comment) VALUES (271, 6, 4, NULL);
INSERT INTO evaluation_details (evaluation_id, question_id, score, comment) VALUES (271, 7, 5, NULL);
INSERT INTO evaluation_details (evaluation_id, question_id, score, comment) VALUES (271, 8, 5, NULL);
INSERT INTO evaluation_details (evaluation_id, question_id, score, comment) VALUES (271, 9, 5, NULL);
INSERT INTO evaluation_details (evaluation_id, question_id, score, comment) VALUES (271, 10, 4, NULL);
INSERT INTO evaluations (id, evaluatee_id, form_id, period_id, is_anonymous, status, submitted_at, created_at) VALUES (272, 7, 2, 3, FALSE, 'submitted', '2026-06-10 10:00:00', '2026-06-10 10:00:00');
INSERT INTO evaluation_submissions (evaluator_id, evaluatee_id, period_id, evaluation_id, created_at) VALUES (78, 7, 3, 272, '2026-06-10 10:00:00');
INSERT INTO evaluation_details (evaluation_id, question_id, score, comment) VALUES (272, 12, 5, NULL);
INSERT INTO evaluation_details (evaluation_id, question_id, score, comment) VALUES (272, 13, 4, NULL);
INSERT INTO evaluation_details (evaluation_id, question_id, score, comment) VALUES (272, 14, 4, NULL);
INSERT INTO evaluation_details (evaluation_id, question_id, score, comment) VALUES (272, 15, 4, NULL);
INSERT INTO evaluation_details (evaluation_id, question_id, score, comment) VALUES (272, 16, 5, NULL);
INSERT INTO evaluation_details (evaluation_id, question_id, score, comment) VALUES (272, 17, 4, NULL);
INSERT INTO evaluation_details (evaluation_id, question_id, score, comment) VALUES (272, 18, 5, NULL);
INSERT INTO evaluation_details (evaluation_id, question_id, score, comment) VALUES (272, 19, 4, NULL);
INSERT INTO evaluation_details (evaluation_id, question_id, score, comment) VALUES (272, 20, NULL, 'Es muy amable y sabe cómo explicar temas difíciles.');
INSERT INTO evaluations (id, evaluatee_id, form_id, period_id, is_anonymous, status, submitted_at, created_at) VALUES (273, 4, 1, 3, TRUE, 'submitted', '2026-06-10 10:00:00', '2026-06-10 10:00:00');
INSERT INTO evaluation_submissions (evaluator_id, evaluatee_id, period_id, evaluation_id, created_at) VALUES (79, 4, 3, 273, '2026-06-10 10:00:00');
INSERT INTO evaluation_details (evaluation_id, question_id, score, comment) VALUES (273, 1, 4, NULL);
INSERT INTO evaluation_details (evaluation_id, question_id, score, comment) VALUES (273, 2, 5, NULL);
INSERT INTO evaluation_details (evaluation_id, question_id, score, comment) VALUES (273, 3, 4, NULL);
INSERT INTO evaluation_details (evaluation_id, question_id, score, comment) VALUES (273, 4, 5, NULL);
INSERT INTO evaluation_details (evaluation_id, question_id, score, comment) VALUES (273, 5, 4, NULL);
INSERT INTO evaluation_details (evaluation_id, question_id, score, comment) VALUES (273, 6, 4, NULL);
INSERT INTO evaluation_details (evaluation_id, question_id, score, comment) VALUES (273, 7, 5, NULL);
INSERT INTO evaluation_details (evaluation_id, question_id, score, comment) VALUES (273, 8, 3, NULL);
INSERT INTO evaluation_details (evaluation_id, question_id, score, comment) VALUES (273, 9, 5, NULL);
INSERT INTO evaluation_details (evaluation_id, question_id, score, comment) VALUES (273, 10, 5, NULL);
INSERT INTO evaluation_details (evaluation_id, question_id, score, comment) VALUES (273, 11, NULL, 'Me encanta su forma de liderar, he aprendido mucho de él.');
INSERT INTO evaluations (id, evaluatee_id, form_id, period_id, is_anonymous, status, submitted_at, created_at) VALUES (274, 7, 2, 3, TRUE, 'submitted', '2026-06-10 10:00:00', '2026-06-10 10:00:00');
INSERT INTO evaluation_submissions (evaluator_id, evaluatee_id, period_id, evaluation_id, created_at) VALUES (79, 7, 3, 274, '2026-06-10 10:00:00');
INSERT INTO evaluation_details (evaluation_id, question_id, score, comment) VALUES (274, 12, 5, NULL);
INSERT INTO evaluation_details (evaluation_id, question_id, score, comment) VALUES (274, 13, 5, NULL);
INSERT INTO evaluation_details (evaluation_id, question_id, score, comment) VALUES (274, 14, 5, NULL);
INSERT INTO evaluation_details (evaluation_id, question_id, score, comment) VALUES (274, 15, 3, NULL);
INSERT INTO evaluation_details (evaluation_id, question_id, score, comment) VALUES (274, 16, 5, NULL);
INSERT INTO evaluation_details (evaluation_id, question_id, score, comment) VALUES (274, 17, 3, NULL);
INSERT INTO evaluation_details (evaluation_id, question_id, score, comment) VALUES (274, 18, 4, NULL);
INSERT INTO evaluation_details (evaluation_id, question_id, score, comment) VALUES (274, 19, 4, NULL);
INSERT INTO evaluations (id, evaluatee_id, form_id, period_id, is_anonymous, status, submitted_at, created_at) VALUES (275, 4, 1, 3, FALSE, 'submitted', '2026-06-10 10:00:00', '2026-06-10 10:00:00');
INSERT INTO evaluation_submissions (evaluator_id, evaluatee_id, period_id, evaluation_id, created_at) VALUES (80, 4, 3, 275, '2026-06-10 10:00:00');
INSERT INTO evaluation_details (evaluation_id, question_id, score, comment) VALUES (275, 1, 5, NULL);
INSERT INTO evaluation_details (evaluation_id, question_id, score, comment) VALUES (275, 2, 5, NULL);
INSERT INTO evaluation_details (evaluation_id, question_id, score, comment) VALUES (275, 3, 4, NULL);
INSERT INTO evaluation_details (evaluation_id, question_id, score, comment) VALUES (275, 4, 4, NULL);
INSERT INTO evaluation_details (evaluation_id, question_id, score, comment) VALUES (275, 5, 5, NULL);
INSERT INTO evaluation_details (evaluation_id, question_id, score, comment) VALUES (275, 6, 5, NULL);
INSERT INTO evaluation_details (evaluation_id, question_id, score, comment) VALUES (275, 7, 3, NULL);
INSERT INTO evaluation_details (evaluation_id, question_id, score, comment) VALUES (275, 8, 5, NULL);
INSERT INTO evaluation_details (evaluation_id, question_id, score, comment) VALUES (275, 9, 4, NULL);
INSERT INTO evaluation_details (evaluation_id, question_id, score, comment) VALUES (275, 10, 5, NULL);
INSERT INTO evaluation_details (evaluation_id, question_id, score, comment) VALUES (275, 11, NULL, 'A veces se demora un poco en contestar por Slack, pero cuando lo hace es muy claro.');
INSERT INTO evaluations (id, evaluatee_id, form_id, period_id, is_anonymous, status, submitted_at, created_at) VALUES (276, 7, 2, 3, TRUE, 'submitted', '2026-06-10 10:00:00', '2026-06-10 10:00:00');
INSERT INTO evaluation_submissions (evaluator_id, evaluatee_id, period_id, evaluation_id, created_at) VALUES (80, 7, 3, 276, '2026-06-10 10:00:00');
INSERT INTO evaluation_details (evaluation_id, question_id, score, comment) VALUES (276, 12, 5, NULL);
INSERT INTO evaluation_details (evaluation_id, question_id, score, comment) VALUES (276, 13, 4, NULL);
INSERT INTO evaluation_details (evaluation_id, question_id, score, comment) VALUES (276, 14, 4, NULL);
INSERT INTO evaluation_details (evaluation_id, question_id, score, comment) VALUES (276, 15, 5, NULL);
INSERT INTO evaluation_details (evaluation_id, question_id, score, comment) VALUES (276, 16, 5, NULL);
INSERT INTO evaluation_details (evaluation_id, question_id, score, comment) VALUES (276, 17, 4, NULL);
INSERT INTO evaluation_details (evaluation_id, question_id, score, comment) VALUES (276, 18, 4, NULL);
INSERT INTO evaluation_details (evaluation_id, question_id, score, comment) VALUES (276, 19, 4, NULL);
INSERT INTO evaluations (id, evaluatee_id, form_id, period_id, is_anonymous, status, submitted_at, created_at) VALUES (277, 4, 1, 3, FALSE, 'submitted', '2026-06-10 10:00:00', '2026-06-10 10:00:00');
INSERT INTO evaluation_submissions (evaluator_id, evaluatee_id, period_id, evaluation_id, created_at) VALUES (81, 4, 3, 277, '2026-06-10 10:00:00');
INSERT INTO evaluation_details (evaluation_id, question_id, score, comment) VALUES (277, 1, 5, NULL);
INSERT INTO evaluation_details (evaluation_id, question_id, score, comment) VALUES (277, 2, 5, NULL);
INSERT INTO evaluation_details (evaluation_id, question_id, score, comment) VALUES (277, 3, 5, NULL);
INSERT INTO evaluation_details (evaluation_id, question_id, score, comment) VALUES (277, 4, 4, NULL);
INSERT INTO evaluation_details (evaluation_id, question_id, score, comment) VALUES (277, 5, 4, NULL);
INSERT INTO evaluation_details (evaluation_id, question_id, score, comment) VALUES (277, 6, 4, NULL);
INSERT INTO evaluation_details (evaluation_id, question_id, score, comment) VALUES (277, 7, 5, NULL);
INSERT INTO evaluation_details (evaluation_id, question_id, score, comment) VALUES (277, 8, 5, NULL);
INSERT INTO evaluation_details (evaluation_id, question_id, score, comment) VALUES (277, 9, 4, NULL);
INSERT INTO evaluation_details (evaluation_id, question_id, score, comment) VALUES (277, 10, 4, NULL);
INSERT INTO evaluations (id, evaluatee_id, form_id, period_id, is_anonymous, status, submitted_at, created_at) VALUES (278, 7, 2, 3, FALSE, 'submitted', '2026-06-10 10:00:00', '2026-06-10 10:00:00');
INSERT INTO evaluation_submissions (evaluator_id, evaluatee_id, period_id, evaluation_id, created_at) VALUES (81, 7, 3, 278, '2026-06-10 10:00:00');
INSERT INTO evaluation_details (evaluation_id, question_id, score, comment) VALUES (278, 12, 5, NULL);
INSERT INTO evaluation_details (evaluation_id, question_id, score, comment) VALUES (278, 13, 4, NULL);
INSERT INTO evaluation_details (evaluation_id, question_id, score, comment) VALUES (278, 14, 4, NULL);
INSERT INTO evaluation_details (evaluation_id, question_id, score, comment) VALUES (278, 15, 5, NULL);
INSERT INTO evaluation_details (evaluation_id, question_id, score, comment) VALUES (278, 16, 5, NULL);
INSERT INTO evaluation_details (evaluation_id, question_id, score, comment) VALUES (278, 17, 5, NULL);
INSERT INTO evaluation_details (evaluation_id, question_id, score, comment) VALUES (278, 18, 5, NULL);
INSERT INTO evaluation_details (evaluation_id, question_id, score, comment) VALUES (278, 19, 4, NULL);
INSERT INTO evaluations (id, evaluatee_id, form_id, period_id, is_anonymous, status, submitted_at, created_at) VALUES (279, 4, 1, 3, FALSE, 'submitted', '2026-06-10 10:00:00', '2026-06-10 10:00:00');
INSERT INTO evaluation_submissions (evaluator_id, evaluatee_id, period_id, evaluation_id, created_at) VALUES (82, 4, 3, 279, '2026-06-10 10:00:00');
INSERT INTO evaluation_details (evaluation_id, question_id, score, comment) VALUES (279, 1, 5, NULL);
INSERT INTO evaluation_details (evaluation_id, question_id, score, comment) VALUES (279, 2, 4, NULL);
INSERT INTO evaluation_details (evaluation_id, question_id, score, comment) VALUES (279, 3, 5, NULL);
INSERT INTO evaluation_details (evaluation_id, question_id, score, comment) VALUES (279, 4, 4, NULL);
INSERT INTO evaluation_details (evaluation_id, question_id, score, comment) VALUES (279, 5, 5, NULL);
INSERT INTO evaluation_details (evaluation_id, question_id, score, comment) VALUES (279, 6, 5, NULL);
INSERT INTO evaluation_details (evaluation_id, question_id, score, comment) VALUES (279, 7, 4, NULL);
INSERT INTO evaluation_details (evaluation_id, question_id, score, comment) VALUES (279, 8, 5, NULL);
INSERT INTO evaluation_details (evaluation_id, question_id, score, comment) VALUES (279, 9, 5, NULL);
INSERT INTO evaluation_details (evaluation_id, question_id, score, comment) VALUES (279, 10, 5, NULL);
INSERT INTO evaluation_details (evaluation_id, question_id, score, comment) VALUES (279, 11, NULL, 'Debería mantener su paciencia, es un gran líder.');
INSERT INTO evaluations (id, evaluatee_id, form_id, period_id, is_anonymous, status, submitted_at, created_at) VALUES (280, 7, 2, 3, FALSE, 'submitted', '2026-06-10 10:00:00', '2026-06-10 10:00:00');
INSERT INTO evaluation_submissions (evaluator_id, evaluatee_id, period_id, evaluation_id, created_at) VALUES (82, 7, 3, 280, '2026-06-10 10:00:00');
INSERT INTO evaluation_details (evaluation_id, question_id, score, comment) VALUES (280, 12, 4, NULL);
INSERT INTO evaluation_details (evaluation_id, question_id, score, comment) VALUES (280, 13, 4, NULL);
INSERT INTO evaluation_details (evaluation_id, question_id, score, comment) VALUES (280, 14, 3, NULL);
INSERT INTO evaluation_details (evaluation_id, question_id, score, comment) VALUES (280, 15, 3, NULL);
INSERT INTO evaluation_details (evaluation_id, question_id, score, comment) VALUES (280, 16, 4, NULL);
INSERT INTO evaluation_details (evaluation_id, question_id, score, comment) VALUES (280, 17, 4, NULL);
INSERT INTO evaluation_details (evaluation_id, question_id, score, comment) VALUES (280, 18, 5, NULL);
INSERT INTO evaluation_details (evaluation_id, question_id, score, comment) VALUES (280, 19, 5, NULL);
INSERT INTO evaluation_details (evaluation_id, question_id, score, comment) VALUES (280, 20, NULL, 'Es muy amable y sabe cómo explicar temas difíciles.');
INSERT INTO evaluations (id, evaluatee_id, form_id, period_id, is_anonymous, status, submitted_at, created_at) VALUES (281, 4, 1, 3, FALSE, 'submitted', '2026-06-10 10:00:00', '2026-06-10 10:00:00');
INSERT INTO evaluation_submissions (evaluator_id, evaluatee_id, period_id, evaluation_id, created_at) VALUES (83, 4, 3, 281, '2026-06-10 10:00:00');
INSERT INTO evaluation_details (evaluation_id, question_id, score, comment) VALUES (281, 1, 4, NULL);
INSERT INTO evaluation_details (evaluation_id, question_id, score, comment) VALUES (281, 2, 4, NULL);
INSERT INTO evaluation_details (evaluation_id, question_id, score, comment) VALUES (281, 3, 4, NULL);
INSERT INTO evaluation_details (evaluation_id, question_id, score, comment) VALUES (281, 4, 4, NULL);
INSERT INTO evaluation_details (evaluation_id, question_id, score, comment) VALUES (281, 5, 5, NULL);
INSERT INTO evaluation_details (evaluation_id, question_id, score, comment) VALUES (281, 6, 5, NULL);
INSERT INTO evaluation_details (evaluation_id, question_id, score, comment) VALUES (281, 7, 4, NULL);
INSERT INTO evaluation_details (evaluation_id, question_id, score, comment) VALUES (281, 8, 3, NULL);
INSERT INTO evaluation_details (evaluation_id, question_id, score, comment) VALUES (281, 9, 5, NULL);
INSERT INTO evaluation_details (evaluation_id, question_id, score, comment) VALUES (281, 10, 3, NULL);
INSERT INTO evaluation_details (evaluation_id, question_id, score, comment) VALUES (281, 11, NULL, 'Las dailies son muy útiles, las dirige muy bien.');
INSERT INTO evaluations (id, evaluatee_id, form_id, period_id, is_anonymous, status, submitted_at, created_at) VALUES (282, 7, 2, 3, FALSE, 'submitted', '2026-06-10 10:00:00', '2026-06-10 10:00:00');
INSERT INTO evaluation_submissions (evaluator_id, evaluatee_id, period_id, evaluation_id, created_at) VALUES (83, 7, 3, 282, '2026-06-10 10:00:00');
INSERT INTO evaluation_details (evaluation_id, question_id, score, comment) VALUES (282, 12, 5, NULL);
INSERT INTO evaluation_details (evaluation_id, question_id, score, comment) VALUES (282, 13, 5, NULL);
INSERT INTO evaluation_details (evaluation_id, question_id, score, comment) VALUES (282, 14, 5, NULL);
INSERT INTO evaluation_details (evaluation_id, question_id, score, comment) VALUES (282, 15, 5, NULL);
INSERT INTO evaluation_details (evaluation_id, question_id, score, comment) VALUES (282, 16, 4, NULL);
INSERT INTO evaluation_details (evaluation_id, question_id, score, comment) VALUES (282, 17, 5, NULL);
INSERT INTO evaluation_details (evaluation_id, question_id, score, comment) VALUES (282, 18, 3, NULL);
INSERT INTO evaluation_details (evaluation_id, question_id, score, comment) VALUES (282, 19, 5, NULL);
INSERT INTO evaluations (id, evaluatee_id, form_id, period_id, is_anonymous, status, submitted_at, created_at) VALUES (283, 2, 1, 4, TRUE, 'submitted', '2026-07-10 10:00:00', '2026-07-10 10:00:00');
INSERT INTO evaluation_submissions (evaluator_id, evaluatee_id, period_id, evaluation_id, created_at) VALUES (12, 2, 4, 283, '2026-07-10 10:00:00');
INSERT INTO evaluation_details (evaluation_id, question_id, score, comment) VALUES (283, 1, 5, NULL);
INSERT INTO evaluation_details (evaluation_id, question_id, score, comment) VALUES (283, 2, 4, NULL);
INSERT INTO evaluation_details (evaluation_id, question_id, score, comment) VALUES (283, 3, 4, NULL);
INSERT INTO evaluation_details (evaluation_id, question_id, score, comment) VALUES (283, 4, 3, NULL);
INSERT INTO evaluation_details (evaluation_id, question_id, score, comment) VALUES (283, 5, 4, NULL);
INSERT INTO evaluation_details (evaluation_id, question_id, score, comment) VALUES (283, 6, 5, NULL);
INSERT INTO evaluation_details (evaluation_id, question_id, score, comment) VALUES (283, 7, 5, NULL);
INSERT INTO evaluation_details (evaluation_id, question_id, score, comment) VALUES (283, 8, 5, NULL);
INSERT INTO evaluation_details (evaluation_id, question_id, score, comment) VALUES (283, 9, 4, NULL);
INSERT INTO evaluation_details (evaluation_id, question_id, score, comment) VALUES (283, 10, 5, NULL);
INSERT INTO evaluation_details (evaluation_id, question_id, score, comment) VALUES (283, 11, NULL, 'Explica súper bien los requerimientos de los proyectos.');
INSERT INTO evaluations (id, evaluatee_id, form_id, period_id, is_anonymous, status, submitted_at, created_at) VALUES (284, 2, 1, 4, FALSE, 'submitted', '2026-07-10 10:00:00', '2026-07-10 10:00:00');
INSERT INTO evaluation_submissions (evaluator_id, evaluatee_id, period_id, evaluation_id, created_at) VALUES (13, 2, 4, 284, '2026-07-10 10:00:00');
INSERT INTO evaluation_details (evaluation_id, question_id, score, comment) VALUES (284, 1, 5, NULL);
INSERT INTO evaluation_details (evaluation_id, question_id, score, comment) VALUES (284, 2, 4, NULL);
INSERT INTO evaluation_details (evaluation_id, question_id, score, comment) VALUES (284, 3, 5, NULL);
INSERT INTO evaluation_details (evaluation_id, question_id, score, comment) VALUES (284, 4, 5, NULL);
INSERT INTO evaluation_details (evaluation_id, question_id, score, comment) VALUES (284, 5, 4, NULL);
INSERT INTO evaluation_details (evaluation_id, question_id, score, comment) VALUES (284, 6, 4, NULL);
INSERT INTO evaluation_details (evaluation_id, question_id, score, comment) VALUES (284, 7, 4, NULL);
INSERT INTO evaluation_details (evaluation_id, question_id, score, comment) VALUES (284, 8, 4, NULL);
INSERT INTO evaluation_details (evaluation_id, question_id, score, comment) VALUES (284, 9, 5, NULL);
INSERT INTO evaluation_details (evaluation_id, question_id, score, comment) VALUES (284, 10, 5, NULL);
INSERT INTO evaluations (id, evaluatee_id, form_id, period_id, is_anonymous, status, submitted_at, created_at) VALUES (285, 2, 1, 4, FALSE, 'submitted', '2026-07-10 10:00:00', '2026-07-10 10:00:00');
INSERT INTO evaluation_submissions (evaluator_id, evaluatee_id, period_id, evaluation_id, created_at) VALUES (14, 2, 4, 285, '2026-07-10 10:00:00');
INSERT INTO evaluation_details (evaluation_id, question_id, score, comment) VALUES (285, 1, 5, NULL);
INSERT INTO evaluation_details (evaluation_id, question_id, score, comment) VALUES (285, 2, 5, NULL);
INSERT INTO evaluation_details (evaluation_id, question_id, score, comment) VALUES (285, 3, 5, NULL);
INSERT INTO evaluation_details (evaluation_id, question_id, score, comment) VALUES (285, 4, 4, NULL);
INSERT INTO evaluation_details (evaluation_id, question_id, score, comment) VALUES (285, 5, 4, NULL);
INSERT INTO evaluation_details (evaluation_id, question_id, score, comment) VALUES (285, 6, 5, NULL);
INSERT INTO evaluation_details (evaluation_id, question_id, score, comment) VALUES (285, 7, 5, NULL);
INSERT INTO evaluation_details (evaluation_id, question_id, score, comment) VALUES (285, 8, 4, NULL);
INSERT INTO evaluation_details (evaluation_id, question_id, score, comment) VALUES (285, 9, 5, NULL);
INSERT INTO evaluation_details (evaluation_id, question_id, score, comment) VALUES (285, 10, 5, NULL);
INSERT INTO evaluations (id, evaluatee_id, form_id, period_id, is_anonymous, status, submitted_at, created_at) VALUES (286, 2, 1, 4, FALSE, 'submitted', '2026-07-10 10:00:00', '2026-07-10 10:00:00');
INSERT INTO evaluation_submissions (evaluator_id, evaluatee_id, period_id, evaluation_id, created_at) VALUES (15, 2, 4, 286, '2026-07-10 10:00:00');
INSERT INTO evaluation_details (evaluation_id, question_id, score, comment) VALUES (286, 1, 3, NULL);
INSERT INTO evaluation_details (evaluation_id, question_id, score, comment) VALUES (286, 2, 5, NULL);
INSERT INTO evaluation_details (evaluation_id, question_id, score, comment) VALUES (286, 3, 5, NULL);
INSERT INTO evaluation_details (evaluation_id, question_id, score, comment) VALUES (286, 4, 5, NULL);
INSERT INTO evaluation_details (evaluation_id, question_id, score, comment) VALUES (286, 5, 5, NULL);
INSERT INTO evaluation_details (evaluation_id, question_id, score, comment) VALUES (286, 6, 5, NULL);
INSERT INTO evaluation_details (evaluation_id, question_id, score, comment) VALUES (286, 7, 5, NULL);
INSERT INTO evaluation_details (evaluation_id, question_id, score, comment) VALUES (286, 8, 4, NULL);
INSERT INTO evaluation_details (evaluation_id, question_id, score, comment) VALUES (286, 9, 5, NULL);
INSERT INTO evaluation_details (evaluation_id, question_id, score, comment) VALUES (286, 10, 4, NULL);
INSERT INTO evaluation_details (evaluation_id, question_id, score, comment) VALUES (286, 11, NULL, 'Podría darnos más recursos externos para estudiar.');
INSERT INTO evaluations (id, evaluatee_id, form_id, period_id, is_anonymous, status, submitted_at, created_at) VALUES (287, 2, 1, 4, FALSE, 'submitted', '2026-07-10 10:00:00', '2026-07-10 10:00:00');
INSERT INTO evaluation_submissions (evaluator_id, evaluatee_id, period_id, evaluation_id, created_at) VALUES (16, 2, 4, 287, '2026-07-10 10:00:00');
INSERT INTO evaluation_details (evaluation_id, question_id, score, comment) VALUES (287, 1, 4, NULL);
INSERT INTO evaluation_details (evaluation_id, question_id, score, comment) VALUES (287, 2, 5, NULL);
INSERT INTO evaluation_details (evaluation_id, question_id, score, comment) VALUES (287, 3, 5, NULL);
INSERT INTO evaluation_details (evaluation_id, question_id, score, comment) VALUES (287, 4, 4, NULL);
INSERT INTO evaluation_details (evaluation_id, question_id, score, comment) VALUES (287, 5, 4, NULL);
INSERT INTO evaluation_details (evaluation_id, question_id, score, comment) VALUES (287, 6, 4, NULL);
INSERT INTO evaluation_details (evaluation_id, question_id, score, comment) VALUES (287, 7, 4, NULL);
INSERT INTO evaluation_details (evaluation_id, question_id, score, comment) VALUES (287, 8, 5, NULL);
INSERT INTO evaluation_details (evaluation_id, question_id, score, comment) VALUES (287, 9, 5, NULL);
INSERT INTO evaluation_details (evaluation_id, question_id, score, comment) VALUES (287, 10, 4, NULL);
INSERT INTO evaluation_details (evaluation_id, question_id, score, comment) VALUES (287, 11, NULL, 'Muy buen TL, siempre nos guía cuando estamos bloqueados.');
INSERT INTO evaluations (id, evaluatee_id, form_id, period_id, is_anonymous, status, submitted_at, created_at) VALUES (288, 2, 1, 4, FALSE, 'submitted', '2026-07-10 10:00:00', '2026-07-10 10:00:00');
INSERT INTO evaluation_submissions (evaluator_id, evaluatee_id, period_id, evaluation_id, created_at) VALUES (17, 2, 4, 288, '2026-07-10 10:00:00');
INSERT INTO evaluation_details (evaluation_id, question_id, score, comment) VALUES (288, 1, 4, NULL);
INSERT INTO evaluation_details (evaluation_id, question_id, score, comment) VALUES (288, 2, 5, NULL);
INSERT INTO evaluation_details (evaluation_id, question_id, score, comment) VALUES (288, 3, 4, NULL);
INSERT INTO evaluation_details (evaluation_id, question_id, score, comment) VALUES (288, 4, 4, NULL);
INSERT INTO evaluation_details (evaluation_id, question_id, score, comment) VALUES (288, 5, 4, NULL);
INSERT INTO evaluation_details (evaluation_id, question_id, score, comment) VALUES (288, 6, 5, NULL);
INSERT INTO evaluation_details (evaluation_id, question_id, score, comment) VALUES (288, 7, 5, NULL);
INSERT INTO evaluation_details (evaluation_id, question_id, score, comment) VALUES (288, 8, 3, NULL);
INSERT INTO evaluation_details (evaluation_id, question_id, score, comment) VALUES (288, 9, 5, NULL);
INSERT INTO evaluation_details (evaluation_id, question_id, score, comment) VALUES (288, 10, 4, NULL);
INSERT INTO evaluations (id, evaluatee_id, form_id, period_id, is_anonymous, status, submitted_at, created_at) VALUES (289, 2, 1, 4, TRUE, 'submitted', '2026-07-10 10:00:00', '2026-07-10 10:00:00');
INSERT INTO evaluation_submissions (evaluator_id, evaluatee_id, period_id, evaluation_id, created_at) VALUES (18, 2, 4, 289, '2026-07-10 10:00:00');
INSERT INTO evaluation_details (evaluation_id, question_id, score, comment) VALUES (289, 1, 4, NULL);
INSERT INTO evaluation_details (evaluation_id, question_id, score, comment) VALUES (289, 2, 4, NULL);
INSERT INTO evaluation_details (evaluation_id, question_id, score, comment) VALUES (289, 3, 4, NULL);
INSERT INTO evaluation_details (evaluation_id, question_id, score, comment) VALUES (289, 4, 5, NULL);
INSERT INTO evaluation_details (evaluation_id, question_id, score, comment) VALUES (289, 5, 5, NULL);
INSERT INTO evaluation_details (evaluation_id, question_id, score, comment) VALUES (289, 6, 4, NULL);
INSERT INTO evaluation_details (evaluation_id, question_id, score, comment) VALUES (289, 7, 4, NULL);
INSERT INTO evaluation_details (evaluation_id, question_id, score, comment) VALUES (289, 8, 5, NULL);
INSERT INTO evaluation_details (evaluation_id, question_id, score, comment) VALUES (289, 9, 5, NULL);
INSERT INTO evaluation_details (evaluation_id, question_id, score, comment) VALUES (289, 10, 5, NULL);
INSERT INTO evaluation_details (evaluation_id, question_id, score, comment) VALUES (289, 11, NULL, 'Las dailies son muy útiles, las dirige muy bien.');
INSERT INTO evaluations (id, evaluatee_id, form_id, period_id, is_anonymous, status, submitted_at, created_at) VALUES (290, 2, 1, 4, FALSE, 'submitted', '2026-07-10 10:00:00', '2026-07-10 10:00:00');
INSERT INTO evaluation_submissions (evaluator_id, evaluatee_id, period_id, evaluation_id, created_at) VALUES (20, 2, 4, 290, '2026-07-10 10:00:00');
INSERT INTO evaluation_details (evaluation_id, question_id, score, comment) VALUES (290, 1, 5, NULL);
INSERT INTO evaluation_details (evaluation_id, question_id, score, comment) VALUES (290, 2, 5, NULL);
INSERT INTO evaluation_details (evaluation_id, question_id, score, comment) VALUES (290, 3, 5, NULL);
INSERT INTO evaluation_details (evaluation_id, question_id, score, comment) VALUES (290, 4, 5, NULL);
INSERT INTO evaluation_details (evaluation_id, question_id, score, comment) VALUES (290, 5, 5, NULL);
INSERT INTO evaluation_details (evaluation_id, question_id, score, comment) VALUES (290, 6, 5, NULL);
INSERT INTO evaluation_details (evaluation_id, question_id, score, comment) VALUES (290, 7, 5, NULL);
INSERT INTO evaluation_details (evaluation_id, question_id, score, comment) VALUES (290, 8, 4, NULL);
INSERT INTO evaluation_details (evaluation_id, question_id, score, comment) VALUES (290, 9, 5, NULL);
INSERT INTO evaluation_details (evaluation_id, question_id, score, comment) VALUES (290, 10, 4, NULL);
INSERT INTO evaluation_details (evaluation_id, question_id, score, comment) VALUES (290, 11, NULL, 'Podría darnos más recursos externos para estudiar.');
INSERT INTO evaluations (id, evaluatee_id, form_id, period_id, is_anonymous, status, submitted_at, created_at) VALUES (291, 2, 1, 4, FALSE, 'submitted', '2026-07-10 10:00:00', '2026-07-10 10:00:00');
INSERT INTO evaluation_submissions (evaluator_id, evaluatee_id, period_id, evaluation_id, created_at) VALUES (21, 2, 4, 291, '2026-07-10 10:00:00');
INSERT INTO evaluation_details (evaluation_id, question_id, score, comment) VALUES (291, 1, 5, NULL);
INSERT INTO evaluation_details (evaluation_id, question_id, score, comment) VALUES (291, 2, 4, NULL);
INSERT INTO evaluation_details (evaluation_id, question_id, score, comment) VALUES (291, 3, 5, NULL);
INSERT INTO evaluation_details (evaluation_id, question_id, score, comment) VALUES (291, 4, 3, NULL);
INSERT INTO evaluation_details (evaluation_id, question_id, score, comment) VALUES (291, 5, 4, NULL);
INSERT INTO evaluation_details (evaluation_id, question_id, score, comment) VALUES (291, 6, 5, NULL);
INSERT INTO evaluation_details (evaluation_id, question_id, score, comment) VALUES (291, 7, 5, NULL);
INSERT INTO evaluation_details (evaluation_id, question_id, score, comment) VALUES (291, 8, 4, NULL);
INSERT INTO evaluation_details (evaluation_id, question_id, score, comment) VALUES (291, 9, 4, NULL);
INSERT INTO evaluation_details (evaluation_id, question_id, score, comment) VALUES (291, 10, 4, NULL);
INSERT INTO evaluation_details (evaluation_id, question_id, score, comment) VALUES (291, 11, NULL, 'Las dailies son muy útiles, las dirige muy bien.');
INSERT INTO evaluations (id, evaluatee_id, form_id, period_id, is_anonymous, status, submitted_at, created_at) VALUES (292, 2, 1, 4, FALSE, 'submitted', '2026-07-10 10:00:00', '2026-07-10 10:00:00');
INSERT INTO evaluation_submissions (evaluator_id, evaluatee_id, period_id, evaluation_id, created_at) VALUES (22, 2, 4, 292, '2026-07-10 10:00:00');
INSERT INTO evaluation_details (evaluation_id, question_id, score, comment) VALUES (292, 1, 4, NULL);
INSERT INTO evaluation_details (evaluation_id, question_id, score, comment) VALUES (292, 2, 4, NULL);
INSERT INTO evaluation_details (evaluation_id, question_id, score, comment) VALUES (292, 3, 3, NULL);
INSERT INTO evaluation_details (evaluation_id, question_id, score, comment) VALUES (292, 4, 4, NULL);
INSERT INTO evaluation_details (evaluation_id, question_id, score, comment) VALUES (292, 5, 5, NULL);
INSERT INTO evaluation_details (evaluation_id, question_id, score, comment) VALUES (292, 6, 4, NULL);
INSERT INTO evaluation_details (evaluation_id, question_id, score, comment) VALUES (292, 7, 4, NULL);
INSERT INTO evaluation_details (evaluation_id, question_id, score, comment) VALUES (292, 8, 4, NULL);
INSERT INTO evaluation_details (evaluation_id, question_id, score, comment) VALUES (292, 9, 3, NULL);
INSERT INTO evaluation_details (evaluation_id, question_id, score, comment) VALUES (292, 10, 5, NULL);
INSERT INTO evaluation_details (evaluation_id, question_id, score, comment) VALUES (292, 11, NULL, 'Me encanta su forma de liderar, he aprendido mucho de él.');
INSERT INTO evaluations (id, evaluatee_id, form_id, period_id, is_anonymous, status, submitted_at, created_at) VALUES (293, 2, 1, 4, TRUE, 'submitted', '2026-07-10 10:00:00', '2026-07-10 10:00:00');
INSERT INTO evaluation_submissions (evaluator_id, evaluatee_id, period_id, evaluation_id, created_at) VALUES (23, 2, 4, 293, '2026-07-10 10:00:00');
INSERT INTO evaluation_details (evaluation_id, question_id, score, comment) VALUES (293, 1, 5, NULL);
INSERT INTO evaluation_details (evaluation_id, question_id, score, comment) VALUES (293, 2, 5, NULL);
INSERT INTO evaluation_details (evaluation_id, question_id, score, comment) VALUES (293, 3, 5, NULL);
INSERT INTO evaluation_details (evaluation_id, question_id, score, comment) VALUES (293, 4, 5, NULL);
INSERT INTO evaluation_details (evaluation_id, question_id, score, comment) VALUES (293, 5, 5, NULL);
INSERT INTO evaluation_details (evaluation_id, question_id, score, comment) VALUES (293, 6, 4, NULL);
INSERT INTO evaluation_details (evaluation_id, question_id, score, comment) VALUES (293, 7, 4, NULL);
INSERT INTO evaluation_details (evaluation_id, question_id, score, comment) VALUES (293, 8, 4, NULL);
INSERT INTO evaluation_details (evaluation_id, question_id, score, comment) VALUES (293, 9, 5, NULL);
INSERT INTO evaluation_details (evaluation_id, question_id, score, comment) VALUES (293, 10, 4, NULL);
INSERT INTO evaluation_details (evaluation_id, question_id, score, comment) VALUES (293, 11, NULL, 'Debería mantener su paciencia, es un gran líder.');
INSERT INTO evaluations (id, evaluatee_id, form_id, period_id, is_anonymous, status, submitted_at, created_at) VALUES (294, 2, 1, 4, FALSE, 'submitted', '2026-07-10 10:00:00', '2026-07-10 10:00:00');
INSERT INTO evaluation_submissions (evaluator_id, evaluatee_id, period_id, evaluation_id, created_at) VALUES (24, 2, 4, 294, '2026-07-10 10:00:00');
INSERT INTO evaluation_details (evaluation_id, question_id, score, comment) VALUES (294, 1, 4, NULL);
INSERT INTO evaluation_details (evaluation_id, question_id, score, comment) VALUES (294, 2, 5, NULL);
INSERT INTO evaluation_details (evaluation_id, question_id, score, comment) VALUES (294, 3, 5, NULL);
INSERT INTO evaluation_details (evaluation_id, question_id, score, comment) VALUES (294, 4, 5, NULL);
INSERT INTO evaluation_details (evaluation_id, question_id, score, comment) VALUES (294, 5, 5, NULL);
INSERT INTO evaluation_details (evaluation_id, question_id, score, comment) VALUES (294, 6, 4, NULL);
INSERT INTO evaluation_details (evaluation_id, question_id, score, comment) VALUES (294, 7, 5, NULL);
INSERT INTO evaluation_details (evaluation_id, question_id, score, comment) VALUES (294, 8, 4, NULL);
INSERT INTO evaluation_details (evaluation_id, question_id, score, comment) VALUES (294, 9, 5, NULL);
INSERT INTO evaluation_details (evaluation_id, question_id, score, comment) VALUES (294, 10, 5, NULL);
INSERT INTO evaluation_details (evaluation_id, question_id, score, comment) VALUES (294, 11, NULL, 'Me encanta su forma de liderar, he aprendido mucho de él.');
INSERT INTO evaluations (id, evaluatee_id, form_id, period_id, is_anonymous, status, submitted_at, created_at) VALUES (295, 2, 1, 4, FALSE, 'submitted', '2026-07-10 10:00:00', '2026-07-10 10:00:00');
INSERT INTO evaluation_submissions (evaluator_id, evaluatee_id, period_id, evaluation_id, created_at) VALUES (25, 2, 4, 295, '2026-07-10 10:00:00');
INSERT INTO evaluation_details (evaluation_id, question_id, score, comment) VALUES (295, 1, 4, NULL);
INSERT INTO evaluation_details (evaluation_id, question_id, score, comment) VALUES (295, 2, 5, NULL);
INSERT INTO evaluation_details (evaluation_id, question_id, score, comment) VALUES (295, 3, 5, NULL);
INSERT INTO evaluation_details (evaluation_id, question_id, score, comment) VALUES (295, 4, 4, NULL);
INSERT INTO evaluation_details (evaluation_id, question_id, score, comment) VALUES (295, 5, 5, NULL);
INSERT INTO evaluation_details (evaluation_id, question_id, score, comment) VALUES (295, 6, 4, NULL);
INSERT INTO evaluation_details (evaluation_id, question_id, score, comment) VALUES (295, 7, 4, NULL);
INSERT INTO evaluation_details (evaluation_id, question_id, score, comment) VALUES (295, 8, 4, NULL);
INSERT INTO evaluation_details (evaluation_id, question_id, score, comment) VALUES (295, 9, 5, NULL);
INSERT INTO evaluation_details (evaluation_id, question_id, score, comment) VALUES (295, 10, 5, NULL);
INSERT INTO evaluations (id, evaluatee_id, form_id, period_id, is_anonymous, status, submitted_at, created_at) VALUES (296, 2, 1, 4, TRUE, 'submitted', '2026-07-10 10:00:00', '2026-07-10 10:00:00');
INSERT INTO evaluation_submissions (evaluator_id, evaluatee_id, period_id, evaluation_id, created_at) VALUES (26, 2, 4, 296, '2026-07-10 10:00:00');
INSERT INTO evaluation_details (evaluation_id, question_id, score, comment) VALUES (296, 1, 5, NULL);
INSERT INTO evaluation_details (evaluation_id, question_id, score, comment) VALUES (296, 2, 5, NULL);
INSERT INTO evaluation_details (evaluation_id, question_id, score, comment) VALUES (296, 3, 4, NULL);
INSERT INTO evaluation_details (evaluation_id, question_id, score, comment) VALUES (296, 4, 5, NULL);
INSERT INTO evaluation_details (evaluation_id, question_id, score, comment) VALUES (296, 5, 4, NULL);
INSERT INTO evaluation_details (evaluation_id, question_id, score, comment) VALUES (296, 6, 4, NULL);
INSERT INTO evaluation_details (evaluation_id, question_id, score, comment) VALUES (296, 7, 4, NULL);
INSERT INTO evaluation_details (evaluation_id, question_id, score, comment) VALUES (296, 8, 4, NULL);
INSERT INTO evaluation_details (evaluation_id, question_id, score, comment) VALUES (296, 9, 4, NULL);
INSERT INTO evaluation_details (evaluation_id, question_id, score, comment) VALUES (296, 10, 5, NULL);
INSERT INTO evaluations (id, evaluatee_id, form_id, period_id, is_anonymous, status, submitted_at, created_at) VALUES (297, 2, 1, 4, FALSE, 'submitted', '2026-07-10 10:00:00', '2026-07-10 10:00:00');
INSERT INTO evaluation_submissions (evaluator_id, evaluatee_id, period_id, evaluation_id, created_at) VALUES (27, 2, 4, 297, '2026-07-10 10:00:00');
INSERT INTO evaluation_details (evaluation_id, question_id, score, comment) VALUES (297, 1, 5, NULL);
INSERT INTO evaluation_details (evaluation_id, question_id, score, comment) VALUES (297, 2, 5, NULL);
INSERT INTO evaluation_details (evaluation_id, question_id, score, comment) VALUES (297, 3, 5, NULL);
INSERT INTO evaluation_details (evaluation_id, question_id, score, comment) VALUES (297, 4, 4, NULL);
INSERT INTO evaluation_details (evaluation_id, question_id, score, comment) VALUES (297, 5, 5, NULL);
INSERT INTO evaluation_details (evaluation_id, question_id, score, comment) VALUES (297, 6, 4, NULL);
INSERT INTO evaluation_details (evaluation_id, question_id, score, comment) VALUES (297, 7, 4, NULL);
INSERT INTO evaluation_details (evaluation_id, question_id, score, comment) VALUES (297, 8, 4, NULL);
INSERT INTO evaluation_details (evaluation_id, question_id, score, comment) VALUES (297, 9, 5, NULL);
INSERT INTO evaluation_details (evaluation_id, question_id, score, comment) VALUES (297, 10, 5, NULL);
INSERT INTO evaluations (id, evaluatee_id, form_id, period_id, is_anonymous, status, submitted_at, created_at) VALUES (298, 2, 1, 4, FALSE, 'submitted', '2026-07-10 10:00:00', '2026-07-10 10:00:00');
INSERT INTO evaluation_submissions (evaluator_id, evaluatee_id, period_id, evaluation_id, created_at) VALUES (28, 2, 4, 298, '2026-07-10 10:00:00');
INSERT INTO evaluation_details (evaluation_id, question_id, score, comment) VALUES (298, 1, 5, NULL);
INSERT INTO evaluation_details (evaluation_id, question_id, score, comment) VALUES (298, 2, 5, NULL);
INSERT INTO evaluation_details (evaluation_id, question_id, score, comment) VALUES (298, 3, 4, NULL);
INSERT INTO evaluation_details (evaluation_id, question_id, score, comment) VALUES (298, 4, 4, NULL);
INSERT INTO evaluation_details (evaluation_id, question_id, score, comment) VALUES (298, 5, 3, NULL);
INSERT INTO evaluation_details (evaluation_id, question_id, score, comment) VALUES (298, 6, 3, NULL);
INSERT INTO evaluation_details (evaluation_id, question_id, score, comment) VALUES (298, 7, 4, NULL);
INSERT INTO evaluation_details (evaluation_id, question_id, score, comment) VALUES (298, 8, 4, NULL);
INSERT INTO evaluation_details (evaluation_id, question_id, score, comment) VALUES (298, 9, 4, NULL);
INSERT INTO evaluation_details (evaluation_id, question_id, score, comment) VALUES (298, 10, 4, NULL);
INSERT INTO evaluations (id, evaluatee_id, form_id, period_id, is_anonymous, status, submitted_at, created_at) VALUES (299, 2, 1, 4, FALSE, 'submitted', '2026-07-10 10:00:00', '2026-07-10 10:00:00');
INSERT INTO evaluation_submissions (evaluator_id, evaluatee_id, period_id, evaluation_id, created_at) VALUES (29, 2, 4, 299, '2026-07-10 10:00:00');
INSERT INTO evaluation_details (evaluation_id, question_id, score, comment) VALUES (299, 1, 5, NULL);
INSERT INTO evaluation_details (evaluation_id, question_id, score, comment) VALUES (299, 2, 5, NULL);
INSERT INTO evaluation_details (evaluation_id, question_id, score, comment) VALUES (299, 3, 5, NULL);
INSERT INTO evaluation_details (evaluation_id, question_id, score, comment) VALUES (299, 4, 4, NULL);
INSERT INTO evaluation_details (evaluation_id, question_id, score, comment) VALUES (299, 5, 5, NULL);
INSERT INTO evaluation_details (evaluation_id, question_id, score, comment) VALUES (299, 6, 5, NULL);
INSERT INTO evaluation_details (evaluation_id, question_id, score, comment) VALUES (299, 7, 5, NULL);
INSERT INTO evaluation_details (evaluation_id, question_id, score, comment) VALUES (299, 8, 4, NULL);
INSERT INTO evaluation_details (evaluation_id, question_id, score, comment) VALUES (299, 9, 4, NULL);
INSERT INTO evaluation_details (evaluation_id, question_id, score, comment) VALUES (299, 10, 4, NULL);
INSERT INTO evaluations (id, evaluatee_id, form_id, period_id, is_anonymous, status, submitted_at, created_at) VALUES (300, 2, 1, 4, TRUE, 'submitted', '2026-07-10 10:00:00', '2026-07-10 10:00:00');
INSERT INTO evaluation_submissions (evaluator_id, evaluatee_id, period_id, evaluation_id, created_at) VALUES (30, 2, 4, 300, '2026-07-10 10:00:00');
INSERT INTO evaluation_details (evaluation_id, question_id, score, comment) VALUES (300, 1, 5, NULL);
INSERT INTO evaluation_details (evaluation_id, question_id, score, comment) VALUES (300, 2, 5, NULL);
INSERT INTO evaluation_details (evaluation_id, question_id, score, comment) VALUES (300, 3, 3, NULL);
INSERT INTO evaluation_details (evaluation_id, question_id, score, comment) VALUES (300, 4, 5, NULL);
INSERT INTO evaluation_details (evaluation_id, question_id, score, comment) VALUES (300, 5, 4, NULL);
INSERT INTO evaluation_details (evaluation_id, question_id, score, comment) VALUES (300, 6, 4, NULL);
INSERT INTO evaluation_details (evaluation_id, question_id, score, comment) VALUES (300, 7, 5, NULL);
INSERT INTO evaluation_details (evaluation_id, question_id, score, comment) VALUES (300, 8, 4, NULL);
INSERT INTO evaluation_details (evaluation_id, question_id, score, comment) VALUES (300, 9, 5, NULL);
INSERT INTO evaluation_details (evaluation_id, question_id, score, comment) VALUES (300, 10, 5, NULL);
INSERT INTO evaluation_details (evaluation_id, question_id, score, comment) VALUES (300, 11, NULL, 'Me gustaría que las dailies fueran un poco más largas.');
INSERT INTO evaluations (id, evaluatee_id, form_id, period_id, is_anonymous, status, submitted_at, created_at) VALUES (301, 2, 1, 4, FALSE, 'submitted', '2026-07-10 10:00:00', '2026-07-10 10:00:00');
INSERT INTO evaluation_submissions (evaluator_id, evaluatee_id, period_id, evaluation_id, created_at) VALUES (31, 2, 4, 301, '2026-07-10 10:00:00');
INSERT INTO evaluation_details (evaluation_id, question_id, score, comment) VALUES (301, 1, 4, NULL);
INSERT INTO evaluation_details (evaluation_id, question_id, score, comment) VALUES (301, 2, 4, NULL);
INSERT INTO evaluation_details (evaluation_id, question_id, score, comment) VALUES (301, 3, 3, NULL);
INSERT INTO evaluation_details (evaluation_id, question_id, score, comment) VALUES (301, 4, 5, NULL);
INSERT INTO evaluation_details (evaluation_id, question_id, score, comment) VALUES (301, 5, 4, NULL);
INSERT INTO evaluation_details (evaluation_id, question_id, score, comment) VALUES (301, 6, 5, NULL);
INSERT INTO evaluation_details (evaluation_id, question_id, score, comment) VALUES (301, 7, 5, NULL);
INSERT INTO evaluation_details (evaluation_id, question_id, score, comment) VALUES (301, 8, 5, NULL);
INSERT INTO evaluation_details (evaluation_id, question_id, score, comment) VALUES (301, 9, 5, NULL);
INSERT INTO evaluation_details (evaluation_id, question_id, score, comment) VALUES (301, 10, 5, NULL);
INSERT INTO evaluation_details (evaluation_id, question_id, score, comment) VALUES (301, 11, NULL, 'Las dailies son muy útiles, las dirige muy bien.');
INSERT INTO evaluations (id, evaluatee_id, form_id, period_id, is_anonymous, status, submitted_at, created_at) VALUES (302, 2, 1, 4, FALSE, 'submitted', '2026-07-10 10:00:00', '2026-07-10 10:00:00');
INSERT INTO evaluation_submissions (evaluator_id, evaluatee_id, period_id, evaluation_id, created_at) VALUES (32, 2, 4, 302, '2026-07-10 10:00:00');
INSERT INTO evaluation_details (evaluation_id, question_id, score, comment) VALUES (302, 1, 5, NULL);
INSERT INTO evaluation_details (evaluation_id, question_id, score, comment) VALUES (302, 2, 4, NULL);
INSERT INTO evaluation_details (evaluation_id, question_id, score, comment) VALUES (302, 3, 5, NULL);
INSERT INTO evaluation_details (evaluation_id, question_id, score, comment) VALUES (302, 4, 5, NULL);
INSERT INTO evaluation_details (evaluation_id, question_id, score, comment) VALUES (302, 5, 5, NULL);
INSERT INTO evaluation_details (evaluation_id, question_id, score, comment) VALUES (302, 6, 5, NULL);
INSERT INTO evaluation_details (evaluation_id, question_id, score, comment) VALUES (302, 7, 5, NULL);
INSERT INTO evaluation_details (evaluation_id, question_id, score, comment) VALUES (302, 8, 5, NULL);
INSERT INTO evaluation_details (evaluation_id, question_id, score, comment) VALUES (302, 9, 3, NULL);
INSERT INTO evaluation_details (evaluation_id, question_id, score, comment) VALUES (302, 10, 3, NULL);
INSERT INTO evaluation_details (evaluation_id, question_id, score, comment) VALUES (302, 11, NULL, 'Las dailies son muy útiles, las dirige muy bien.');
INSERT INTO evaluations (id, evaluatee_id, form_id, period_id, is_anonymous, status, submitted_at, created_at) VALUES (303, 2, 1, 4, FALSE, 'submitted', '2026-07-10 10:00:00', '2026-07-10 10:00:00');
INSERT INTO evaluation_submissions (evaluator_id, evaluatee_id, period_id, evaluation_id, created_at) VALUES (33, 2, 4, 303, '2026-07-10 10:00:00');
INSERT INTO evaluation_details (evaluation_id, question_id, score, comment) VALUES (303, 1, 5, NULL);
INSERT INTO evaluation_details (evaluation_id, question_id, score, comment) VALUES (303, 2, 5, NULL);
INSERT INTO evaluation_details (evaluation_id, question_id, score, comment) VALUES (303, 3, 5, NULL);
INSERT INTO evaluation_details (evaluation_id, question_id, score, comment) VALUES (303, 4, 3, NULL);
INSERT INTO evaluation_details (evaluation_id, question_id, score, comment) VALUES (303, 5, 3, NULL);
INSERT INTO evaluation_details (evaluation_id, question_id, score, comment) VALUES (303, 6, 5, NULL);
INSERT INTO evaluation_details (evaluation_id, question_id, score, comment) VALUES (303, 7, 5, NULL);
INSERT INTO evaluation_details (evaluation_id, question_id, score, comment) VALUES (303, 8, 4, NULL);
INSERT INTO evaluation_details (evaluation_id, question_id, score, comment) VALUES (303, 9, 5, NULL);
INSERT INTO evaluation_details (evaluation_id, question_id, score, comment) VALUES (303, 10, 5, NULL);
INSERT INTO evaluation_details (evaluation_id, question_id, score, comment) VALUES (303, 11, NULL, 'Gracias a él he mejorado mucho mi lógica.');
INSERT INTO evaluations (id, evaluatee_id, form_id, period_id, is_anonymous, status, submitted_at, created_at) VALUES (304, 2, 1, 4, FALSE, 'submitted', '2026-07-10 10:00:00', '2026-07-10 10:00:00');
INSERT INTO evaluation_submissions (evaluator_id, evaluatee_id, period_id, evaluation_id, created_at) VALUES (34, 2, 4, 304, '2026-07-10 10:00:00');
INSERT INTO evaluation_details (evaluation_id, question_id, score, comment) VALUES (304, 1, 4, NULL);
INSERT INTO evaluation_details (evaluation_id, question_id, score, comment) VALUES (304, 2, 5, NULL);
INSERT INTO evaluation_details (evaluation_id, question_id, score, comment) VALUES (304, 3, 3, NULL);
INSERT INTO evaluation_details (evaluation_id, question_id, score, comment) VALUES (304, 4, 4, NULL);
INSERT INTO evaluation_details (evaluation_id, question_id, score, comment) VALUES (304, 5, 5, NULL);
INSERT INTO evaluation_details (evaluation_id, question_id, score, comment) VALUES (304, 6, 3, NULL);
INSERT INTO evaluation_details (evaluation_id, question_id, score, comment) VALUES (304, 7, 5, NULL);
INSERT INTO evaluation_details (evaluation_id, question_id, score, comment) VALUES (304, 8, 4, NULL);
INSERT INTO evaluation_details (evaluation_id, question_id, score, comment) VALUES (304, 9, 4, NULL);
INSERT INTO evaluation_details (evaluation_id, question_id, score, comment) VALUES (304, 10, 4, NULL);
INSERT INTO evaluation_details (evaluation_id, question_id, score, comment) VALUES (304, 11, NULL, 'Explica súper bien los requerimientos de los proyectos.');
INSERT INTO evaluations (id, evaluatee_id, form_id, period_id, is_anonymous, status, submitted_at, created_at) VALUES (305, 2, 1, 4, TRUE, 'submitted', '2026-07-10 10:00:00', '2026-07-10 10:00:00');
INSERT INTO evaluation_submissions (evaluator_id, evaluatee_id, period_id, evaluation_id, created_at) VALUES (35, 2, 4, 305, '2026-07-10 10:00:00');
INSERT INTO evaluation_details (evaluation_id, question_id, score, comment) VALUES (305, 1, 5, NULL);
INSERT INTO evaluation_details (evaluation_id, question_id, score, comment) VALUES (305, 2, 5, NULL);
INSERT INTO evaluation_details (evaluation_id, question_id, score, comment) VALUES (305, 3, 4, NULL);
INSERT INTO evaluation_details (evaluation_id, question_id, score, comment) VALUES (305, 4, 4, NULL);
INSERT INTO evaluation_details (evaluation_id, question_id, score, comment) VALUES (305, 5, 5, NULL);
INSERT INTO evaluation_details (evaluation_id, question_id, score, comment) VALUES (305, 6, 5, NULL);
INSERT INTO evaluation_details (evaluation_id, question_id, score, comment) VALUES (305, 7, 5, NULL);
INSERT INTO evaluation_details (evaluation_id, question_id, score, comment) VALUES (305, 8, 4, NULL);
INSERT INTO evaluation_details (evaluation_id, question_id, score, comment) VALUES (305, 9, 5, NULL);
INSERT INTO evaluation_details (evaluation_id, question_id, score, comment) VALUES (305, 10, 5, NULL);
INSERT INTO evaluations (id, evaluatee_id, form_id, period_id, is_anonymous, status, submitted_at, created_at) VALUES (306, 2, 1, 4, FALSE, 'submitted', '2026-07-10 10:00:00', '2026-07-10 10:00:00');
INSERT INTO evaluation_submissions (evaluator_id, evaluatee_id, period_id, evaluation_id, created_at) VALUES (36, 2, 4, 306, '2026-07-10 10:00:00');
INSERT INTO evaluation_details (evaluation_id, question_id, score, comment) VALUES (306, 1, 5, NULL);
INSERT INTO evaluation_details (evaluation_id, question_id, score, comment) VALUES (306, 2, 5, NULL);
INSERT INTO evaluation_details (evaluation_id, question_id, score, comment) VALUES (306, 3, 5, NULL);
INSERT INTO evaluation_details (evaluation_id, question_id, score, comment) VALUES (306, 4, 4, NULL);
INSERT INTO evaluation_details (evaluation_id, question_id, score, comment) VALUES (306, 5, 4, NULL);
INSERT INTO evaluation_details (evaluation_id, question_id, score, comment) VALUES (306, 6, 4, NULL);
INSERT INTO evaluation_details (evaluation_id, question_id, score, comment) VALUES (306, 7, 4, NULL);
INSERT INTO evaluation_details (evaluation_id, question_id, score, comment) VALUES (306, 8, 5, NULL);
INSERT INTO evaluation_details (evaluation_id, question_id, score, comment) VALUES (306, 9, 4, NULL);
INSERT INTO evaluation_details (evaluation_id, question_id, score, comment) VALUES (306, 10, 4, NULL);
INSERT INTO evaluations (id, evaluatee_id, form_id, period_id, is_anonymous, status, submitted_at, created_at) VALUES (307, 2, 1, 4, TRUE, 'submitted', '2026-07-10 10:00:00', '2026-07-10 10:00:00');
INSERT INTO evaluation_submissions (evaluator_id, evaluatee_id, period_id, evaluation_id, created_at) VALUES (37, 2, 4, 307, '2026-07-10 10:00:00');
INSERT INTO evaluation_details (evaluation_id, question_id, score, comment) VALUES (307, 1, 3, NULL);
INSERT INTO evaluation_details (evaluation_id, question_id, score, comment) VALUES (307, 2, 4, NULL);
INSERT INTO evaluation_details (evaluation_id, question_id, score, comment) VALUES (307, 3, 3, NULL);
INSERT INTO evaluation_details (evaluation_id, question_id, score, comment) VALUES (307, 4, 4, NULL);
INSERT INTO evaluation_details (evaluation_id, question_id, score, comment) VALUES (307, 5, 4, NULL);
INSERT INTO evaluation_details (evaluation_id, question_id, score, comment) VALUES (307, 6, 5, NULL);
INSERT INTO evaluation_details (evaluation_id, question_id, score, comment) VALUES (307, 7, 3, NULL);
INSERT INTO evaluation_details (evaluation_id, question_id, score, comment) VALUES (307, 8, 5, NULL);
INSERT INTO evaluation_details (evaluation_id, question_id, score, comment) VALUES (307, 9, 4, NULL);
INSERT INTO evaluation_details (evaluation_id, question_id, score, comment) VALUES (307, 10, 4, NULL);
INSERT INTO evaluations (id, evaluatee_id, form_id, period_id, is_anonymous, status, submitted_at, created_at) VALUES (308, 2, 1, 4, FALSE, 'submitted', '2026-07-10 10:00:00', '2026-07-10 10:00:00');
INSERT INTO evaluation_submissions (evaluator_id, evaluatee_id, period_id, evaluation_id, created_at) VALUES (38, 2, 4, 308, '2026-07-10 10:00:00');
INSERT INTO evaluation_details (evaluation_id, question_id, score, comment) VALUES (308, 1, 4, NULL);
INSERT INTO evaluation_details (evaluation_id, question_id, score, comment) VALUES (308, 2, 3, NULL);
INSERT INTO evaluation_details (evaluation_id, question_id, score, comment) VALUES (308, 3, 5, NULL);
INSERT INTO evaluation_details (evaluation_id, question_id, score, comment) VALUES (308, 4, 4, NULL);
INSERT INTO evaluation_details (evaluation_id, question_id, score, comment) VALUES (308, 5, 5, NULL);
INSERT INTO evaluation_details (evaluation_id, question_id, score, comment) VALUES (308, 6, 4, NULL);
INSERT INTO evaluation_details (evaluation_id, question_id, score, comment) VALUES (308, 7, 5, NULL);
INSERT INTO evaluation_details (evaluation_id, question_id, score, comment) VALUES (308, 8, 5, NULL);
INSERT INTO evaluation_details (evaluation_id, question_id, score, comment) VALUES (308, 9, 3, NULL);
INSERT INTO evaluation_details (evaluation_id, question_id, score, comment) VALUES (308, 10, 5, NULL);
INSERT INTO evaluation_details (evaluation_id, question_id, score, comment) VALUES (308, 11, NULL, 'Podría darnos más recursos externos para estudiar.');
INSERT INTO evaluations (id, evaluatee_id, form_id, period_id, is_anonymous, status, submitted_at, created_at) VALUES (309, 2, 1, 4, FALSE, 'submitted', '2026-07-10 10:00:00', '2026-07-10 10:00:00');
INSERT INTO evaluation_submissions (evaluator_id, evaluatee_id, period_id, evaluation_id, created_at) VALUES (39, 2, 4, 309, '2026-07-10 10:00:00');
INSERT INTO evaluation_details (evaluation_id, question_id, score, comment) VALUES (309, 1, 4, NULL);
INSERT INTO evaluation_details (evaluation_id, question_id, score, comment) VALUES (309, 2, 5, NULL);
INSERT INTO evaluation_details (evaluation_id, question_id, score, comment) VALUES (309, 3, 3, NULL);
INSERT INTO evaluation_details (evaluation_id, question_id, score, comment) VALUES (309, 4, 5, NULL);
INSERT INTO evaluation_details (evaluation_id, question_id, score, comment) VALUES (309, 5, 5, NULL);
INSERT INTO evaluation_details (evaluation_id, question_id, score, comment) VALUES (309, 6, 5, NULL);
INSERT INTO evaluation_details (evaluation_id, question_id, score, comment) VALUES (309, 7, 5, NULL);
INSERT INTO evaluation_details (evaluation_id, question_id, score, comment) VALUES (309, 8, 5, NULL);
INSERT INTO evaluation_details (evaluation_id, question_id, score, comment) VALUES (309, 9, 4, NULL);
INSERT INTO evaluation_details (evaluation_id, question_id, score, comment) VALUES (309, 10, 4, NULL);
INSERT INTO evaluation_details (evaluation_id, question_id, score, comment) VALUES (309, 11, NULL, 'Excelente acompañamiento, siempre está dispuesto a ayudarnos.');
INSERT INTO evaluations (id, evaluatee_id, form_id, period_id, is_anonymous, status, submitted_at, created_at) VALUES (310, 2, 1, 4, FALSE, 'submitted', '2026-07-10 10:00:00', '2026-07-10 10:00:00');
INSERT INTO evaluation_submissions (evaluator_id, evaluatee_id, period_id, evaluation_id, created_at) VALUES (40, 2, 4, 310, '2026-07-10 10:00:00');
INSERT INTO evaluation_details (evaluation_id, question_id, score, comment) VALUES (310, 1, 5, NULL);
INSERT INTO evaluation_details (evaluation_id, question_id, score, comment) VALUES (310, 2, 4, NULL);
INSERT INTO evaluation_details (evaluation_id, question_id, score, comment) VALUES (310, 3, 4, NULL);
INSERT INTO evaluation_details (evaluation_id, question_id, score, comment) VALUES (310, 4, 5, NULL);
INSERT INTO evaluation_details (evaluation_id, question_id, score, comment) VALUES (310, 5, 3, NULL);
INSERT INTO evaluation_details (evaluation_id, question_id, score, comment) VALUES (310, 6, 3, NULL);
INSERT INTO evaluation_details (evaluation_id, question_id, score, comment) VALUES (310, 7, 5, NULL);
INSERT INTO evaluation_details (evaluation_id, question_id, score, comment) VALUES (310, 8, 5, NULL);
INSERT INTO evaluation_details (evaluation_id, question_id, score, comment) VALUES (310, 9, 4, NULL);
INSERT INTO evaluation_details (evaluation_id, question_id, score, comment) VALUES (310, 10, 5, NULL);
INSERT INTO evaluation_details (evaluation_id, question_id, score, comment) VALUES (310, 11, NULL, 'Debería mantener su paciencia, es un gran líder.');
INSERT INTO evaluations (id, evaluatee_id, form_id, period_id, is_anonymous, status, submitted_at, created_at) VALUES (311, 2, 1, 4, FALSE, 'submitted', '2026-07-10 10:00:00', '2026-07-10 10:00:00');
INSERT INTO evaluation_submissions (evaluator_id, evaluatee_id, period_id, evaluation_id, created_at) VALUES (41, 2, 4, 311, '2026-07-10 10:00:00');
INSERT INTO evaluation_details (evaluation_id, question_id, score, comment) VALUES (311, 1, 5, NULL);
INSERT INTO evaluation_details (evaluation_id, question_id, score, comment) VALUES (311, 2, 4, NULL);
INSERT INTO evaluation_details (evaluation_id, question_id, score, comment) VALUES (311, 3, 5, NULL);
INSERT INTO evaluation_details (evaluation_id, question_id, score, comment) VALUES (311, 4, 4, NULL);
INSERT INTO evaluation_details (evaluation_id, question_id, score, comment) VALUES (311, 5, 5, NULL);
INSERT INTO evaluation_details (evaluation_id, question_id, score, comment) VALUES (311, 6, 5, NULL);
INSERT INTO evaluation_details (evaluation_id, question_id, score, comment) VALUES (311, 7, 4, NULL);
INSERT INTO evaluation_details (evaluation_id, question_id, score, comment) VALUES (311, 8, 4, NULL);
INSERT INTO evaluation_details (evaluation_id, question_id, score, comment) VALUES (311, 9, 4, NULL);
INSERT INTO evaluation_details (evaluation_id, question_id, score, comment) VALUES (311, 10, 5, NULL);
INSERT INTO evaluation_details (evaluation_id, question_id, score, comment) VALUES (311, 11, NULL, 'Muy buen TL, siempre nos guía cuando estamos bloqueados.');
INSERT INTO evaluations (id, evaluatee_id, form_id, period_id, is_anonymous, status, submitted_at, created_at) VALUES (312, 2, 1, 4, FALSE, 'submitted', '2026-07-10 10:00:00', '2026-07-10 10:00:00');
INSERT INTO evaluation_submissions (evaluator_id, evaluatee_id, period_id, evaluation_id, created_at) VALUES (42, 2, 4, 312, '2026-07-10 10:00:00');
INSERT INTO evaluation_details (evaluation_id, question_id, score, comment) VALUES (312, 1, 5, NULL);
INSERT INTO evaluation_details (evaluation_id, question_id, score, comment) VALUES (312, 2, 5, NULL);
INSERT INTO evaluation_details (evaluation_id, question_id, score, comment) VALUES (312, 3, 4, NULL);
INSERT INTO evaluation_details (evaluation_id, question_id, score, comment) VALUES (312, 4, 4, NULL);
INSERT INTO evaluation_details (evaluation_id, question_id, score, comment) VALUES (312, 5, 4, NULL);
INSERT INTO evaluation_details (evaluation_id, question_id, score, comment) VALUES (312, 6, 5, NULL);
INSERT INTO evaluation_details (evaluation_id, question_id, score, comment) VALUES (312, 7, 5, NULL);
INSERT INTO evaluation_details (evaluation_id, question_id, score, comment) VALUES (312, 8, 5, NULL);
INSERT INTO evaluation_details (evaluation_id, question_id, score, comment) VALUES (312, 9, 4, NULL);
INSERT INTO evaluation_details (evaluation_id, question_id, score, comment) VALUES (312, 10, 3, NULL);
INSERT INTO evaluation_details (evaluation_id, question_id, score, comment) VALUES (312, 11, NULL, 'Debería mantener su paciencia, es un gran líder.');
INSERT INTO evaluations (id, evaluatee_id, form_id, period_id, is_anonymous, status, submitted_at, created_at) VALUES (313, 2, 1, 4, FALSE, 'submitted', '2026-07-10 10:00:00', '2026-07-10 10:00:00');
INSERT INTO evaluation_submissions (evaluator_id, evaluatee_id, period_id, evaluation_id, created_at) VALUES (44, 2, 4, 313, '2026-07-10 10:00:00');
INSERT INTO evaluation_details (evaluation_id, question_id, score, comment) VALUES (313, 1, 5, NULL);
INSERT INTO evaluation_details (evaluation_id, question_id, score, comment) VALUES (313, 2, 5, NULL);
INSERT INTO evaluation_details (evaluation_id, question_id, score, comment) VALUES (313, 3, 5, NULL);
INSERT INTO evaluation_details (evaluation_id, question_id, score, comment) VALUES (313, 4, 5, NULL);
INSERT INTO evaluation_details (evaluation_id, question_id, score, comment) VALUES (313, 5, 5, NULL);
INSERT INTO evaluation_details (evaluation_id, question_id, score, comment) VALUES (313, 6, 4, NULL);
INSERT INTO evaluation_details (evaluation_id, question_id, score, comment) VALUES (313, 7, 4, NULL);
INSERT INTO evaluation_details (evaluation_id, question_id, score, comment) VALUES (313, 8, 5, NULL);
INSERT INTO evaluation_details (evaluation_id, question_id, score, comment) VALUES (313, 9, 3, NULL);
INSERT INTO evaluation_details (evaluation_id, question_id, score, comment) VALUES (313, 10, 4, NULL);
INSERT INTO evaluation_details (evaluation_id, question_id, score, comment) VALUES (313, 11, NULL, 'Las dailies son muy útiles, las dirige muy bien.');
INSERT INTO evaluations (id, evaluatee_id, form_id, period_id, is_anonymous, status, submitted_at, created_at) VALUES (314, 2, 1, 4, FALSE, 'submitted', '2026-07-10 10:00:00', '2026-07-10 10:00:00');
INSERT INTO evaluation_submissions (evaluator_id, evaluatee_id, period_id, evaluation_id, created_at) VALUES (45, 2, 4, 314, '2026-07-10 10:00:00');
INSERT INTO evaluation_details (evaluation_id, question_id, score, comment) VALUES (314, 1, 5, NULL);
INSERT INTO evaluation_details (evaluation_id, question_id, score, comment) VALUES (314, 2, 3, NULL);
INSERT INTO evaluation_details (evaluation_id, question_id, score, comment) VALUES (314, 3, 5, NULL);
INSERT INTO evaluation_details (evaluation_id, question_id, score, comment) VALUES (314, 4, 5, NULL);
INSERT INTO evaluation_details (evaluation_id, question_id, score, comment) VALUES (314, 5, 4, NULL);
INSERT INTO evaluation_details (evaluation_id, question_id, score, comment) VALUES (314, 6, 5, NULL);
INSERT INTO evaluation_details (evaluation_id, question_id, score, comment) VALUES (314, 7, 4, NULL);
INSERT INTO evaluation_details (evaluation_id, question_id, score, comment) VALUES (314, 8, 5, NULL);
INSERT INTO evaluation_details (evaluation_id, question_id, score, comment) VALUES (314, 9, 5, NULL);
INSERT INTO evaluation_details (evaluation_id, question_id, score, comment) VALUES (314, 10, 4, NULL);
INSERT INTO evaluations (id, evaluatee_id, form_id, period_id, is_anonymous, status, submitted_at, created_at) VALUES (315, 4, 1, 4, TRUE, 'submitted', '2026-07-10 10:00:00', '2026-07-10 10:00:00');
INSERT INTO evaluation_submissions (evaluator_id, evaluatee_id, period_id, evaluation_id, created_at) VALUES (52, 4, 4, 315, '2026-07-10 10:00:00');
INSERT INTO evaluation_details (evaluation_id, question_id, score, comment) VALUES (315, 1, 5, NULL);
INSERT INTO evaluation_details (evaluation_id, question_id, score, comment) VALUES (315, 2, 5, NULL);
INSERT INTO evaluation_details (evaluation_id, question_id, score, comment) VALUES (315, 3, 4, NULL);
INSERT INTO evaluation_details (evaluation_id, question_id, score, comment) VALUES (315, 4, 4, NULL);
INSERT INTO evaluation_details (evaluation_id, question_id, score, comment) VALUES (315, 5, 4, NULL);
INSERT INTO evaluation_details (evaluation_id, question_id, score, comment) VALUES (315, 6, 4, NULL);
INSERT INTO evaluation_details (evaluation_id, question_id, score, comment) VALUES (315, 7, 5, NULL);
INSERT INTO evaluation_details (evaluation_id, question_id, score, comment) VALUES (315, 8, 4, NULL);
INSERT INTO evaluation_details (evaluation_id, question_id, score, comment) VALUES (315, 9, 5, NULL);
INSERT INTO evaluation_details (evaluation_id, question_id, score, comment) VALUES (315, 10, 4, NULL);
INSERT INTO evaluation_details (evaluation_id, question_id, score, comment) VALUES (315, 11, NULL, 'Debería mantener su paciencia, es un gran líder.');
INSERT INTO evaluations (id, evaluatee_id, form_id, period_id, is_anonymous, status, submitted_at, created_at) VALUES (316, 7, 2, 4, FALSE, 'submitted', '2026-07-10 10:00:00', '2026-07-10 10:00:00');
INSERT INTO evaluation_submissions (evaluator_id, evaluatee_id, period_id, evaluation_id, created_at) VALUES (52, 7, 4, 316, '2026-07-10 10:00:00');
INSERT INTO evaluation_details (evaluation_id, question_id, score, comment) VALUES (316, 12, 5, NULL);
INSERT INTO evaluation_details (evaluation_id, question_id, score, comment) VALUES (316, 13, 5, NULL);
INSERT INTO evaluation_details (evaluation_id, question_id, score, comment) VALUES (316, 14, 3, NULL);
INSERT INTO evaluation_details (evaluation_id, question_id, score, comment) VALUES (316, 15, 5, NULL);
INSERT INTO evaluation_details (evaluation_id, question_id, score, comment) VALUES (316, 16, 3, NULL);
INSERT INTO evaluation_details (evaluation_id, question_id, score, comment) VALUES (316, 17, 4, NULL);
INSERT INTO evaluation_details (evaluation_id, question_id, score, comment) VALUES (316, 18, 5, NULL);
INSERT INTO evaluation_details (evaluation_id, question_id, score, comment) VALUES (316, 19, 5, NULL);
INSERT INTO evaluations (id, evaluatee_id, form_id, period_id, is_anonymous, status, submitted_at, created_at) VALUES (317, 4, 1, 4, FALSE, 'submitted', '2026-07-10 10:00:00', '2026-07-10 10:00:00');
INSERT INTO evaluation_submissions (evaluator_id, evaluatee_id, period_id, evaluation_id, created_at) VALUES (53, 4, 4, 317, '2026-07-10 10:00:00');
INSERT INTO evaluation_details (evaluation_id, question_id, score, comment) VALUES (317, 1, 5, NULL);
INSERT INTO evaluation_details (evaluation_id, question_id, score, comment) VALUES (317, 2, 4, NULL);
INSERT INTO evaluation_details (evaluation_id, question_id, score, comment) VALUES (317, 3, 5, NULL);
INSERT INTO evaluation_details (evaluation_id, question_id, score, comment) VALUES (317, 4, 4, NULL);
INSERT INTO evaluation_details (evaluation_id, question_id, score, comment) VALUES (317, 5, 4, NULL);
INSERT INTO evaluation_details (evaluation_id, question_id, score, comment) VALUES (317, 6, 5, NULL);
INSERT INTO evaluation_details (evaluation_id, question_id, score, comment) VALUES (317, 7, 5, NULL);
INSERT INTO evaluation_details (evaluation_id, question_id, score, comment) VALUES (317, 8, 4, NULL);
INSERT INTO evaluation_details (evaluation_id, question_id, score, comment) VALUES (317, 9, 4, NULL);
INSERT INTO evaluation_details (evaluation_id, question_id, score, comment) VALUES (317, 10, 4, NULL);
INSERT INTO evaluation_details (evaluation_id, question_id, score, comment) VALUES (317, 11, NULL, 'Me gustaría que las dailies fueran un poco más largas.');
INSERT INTO evaluations (id, evaluatee_id, form_id, period_id, is_anonymous, status, submitted_at, created_at) VALUES (318, 7, 2, 4, FALSE, 'submitted', '2026-07-10 10:00:00', '2026-07-10 10:00:00');
INSERT INTO evaluation_submissions (evaluator_id, evaluatee_id, period_id, evaluation_id, created_at) VALUES (53, 7, 4, 318, '2026-07-10 10:00:00');
INSERT INTO evaluation_details (evaluation_id, question_id, score, comment) VALUES (318, 12, 5, NULL);
INSERT INTO evaluation_details (evaluation_id, question_id, score, comment) VALUES (318, 13, 5, NULL);
INSERT INTO evaluation_details (evaluation_id, question_id, score, comment) VALUES (318, 14, 5, NULL);
INSERT INTO evaluation_details (evaluation_id, question_id, score, comment) VALUES (318, 15, 4, NULL);
INSERT INTO evaluation_details (evaluation_id, question_id, score, comment) VALUES (318, 16, 5, NULL);
INSERT INTO evaluation_details (evaluation_id, question_id, score, comment) VALUES (318, 17, 5, NULL);
INSERT INTO evaluation_details (evaluation_id, question_id, score, comment) VALUES (318, 18, 3, NULL);
INSERT INTO evaluation_details (evaluation_id, question_id, score, comment) VALUES (318, 19, 5, NULL);
INSERT INTO evaluations (id, evaluatee_id, form_id, period_id, is_anonymous, status, submitted_at, created_at) VALUES (319, 4, 1, 4, FALSE, 'submitted', '2026-07-10 10:00:00', '2026-07-10 10:00:00');
INSERT INTO evaluation_submissions (evaluator_id, evaluatee_id, period_id, evaluation_id, created_at) VALUES (54, 4, 4, 319, '2026-07-10 10:00:00');
INSERT INTO evaluation_details (evaluation_id, question_id, score, comment) VALUES (319, 1, 5, NULL);
INSERT INTO evaluation_details (evaluation_id, question_id, score, comment) VALUES (319, 2, 5, NULL);
INSERT INTO evaluation_details (evaluation_id, question_id, score, comment) VALUES (319, 3, 5, NULL);
INSERT INTO evaluation_details (evaluation_id, question_id, score, comment) VALUES (319, 4, 4, NULL);
INSERT INTO evaluation_details (evaluation_id, question_id, score, comment) VALUES (319, 5, 4, NULL);
INSERT INTO evaluation_details (evaluation_id, question_id, score, comment) VALUES (319, 6, 4, NULL);
INSERT INTO evaluation_details (evaluation_id, question_id, score, comment) VALUES (319, 7, 4, NULL);
INSERT INTO evaluation_details (evaluation_id, question_id, score, comment) VALUES (319, 8, 4, NULL);
INSERT INTO evaluation_details (evaluation_id, question_id, score, comment) VALUES (319, 9, 4, NULL);
INSERT INTO evaluation_details (evaluation_id, question_id, score, comment) VALUES (319, 10, 4, NULL);
INSERT INTO evaluation_details (evaluation_id, question_id, score, comment) VALUES (319, 11, NULL, 'Excelente acompañamiento, siempre está dispuesto a ayudarnos.');
INSERT INTO evaluations (id, evaluatee_id, form_id, period_id, is_anonymous, status, submitted_at, created_at) VALUES (320, 7, 2, 4, FALSE, 'submitted', '2026-07-10 10:00:00', '2026-07-10 10:00:00');
INSERT INTO evaluation_submissions (evaluator_id, evaluatee_id, period_id, evaluation_id, created_at) VALUES (54, 7, 4, 320, '2026-07-10 10:00:00');
INSERT INTO evaluation_details (evaluation_id, question_id, score, comment) VALUES (320, 12, 5, NULL);
INSERT INTO evaluation_details (evaluation_id, question_id, score, comment) VALUES (320, 13, 4, NULL);
INSERT INTO evaluation_details (evaluation_id, question_id, score, comment) VALUES (320, 14, 5, NULL);
INSERT INTO evaluation_details (evaluation_id, question_id, score, comment) VALUES (320, 15, 4, NULL);
INSERT INTO evaluation_details (evaluation_id, question_id, score, comment) VALUES (320, 16, 5, NULL);
INSERT INTO evaluation_details (evaluation_id, question_id, score, comment) VALUES (320, 17, 5, NULL);
INSERT INTO evaluation_details (evaluation_id, question_id, score, comment) VALUES (320, 18, 4, NULL);
INSERT INTO evaluation_details (evaluation_id, question_id, score, comment) VALUES (320, 19, 4, NULL);
INSERT INTO evaluation_details (evaluation_id, question_id, score, comment) VALUES (320, 20, NULL, 'Me gustaría más ejercicios prácticos en vivo.');
INSERT INTO evaluations (id, evaluatee_id, form_id, period_id, is_anonymous, status, submitted_at, created_at) VALUES (321, 4, 1, 4, FALSE, 'submitted', '2026-07-10 10:00:00', '2026-07-10 10:00:00');
INSERT INTO evaluation_submissions (evaluator_id, evaluatee_id, period_id, evaluation_id, created_at) VALUES (55, 4, 4, 321, '2026-07-10 10:00:00');
INSERT INTO evaluation_details (evaluation_id, question_id, score, comment) VALUES (321, 1, 5, NULL);
INSERT INTO evaluation_details (evaluation_id, question_id, score, comment) VALUES (321, 2, 4, NULL);
INSERT INTO evaluation_details (evaluation_id, question_id, score, comment) VALUES (321, 3, 5, NULL);
INSERT INTO evaluation_details (evaluation_id, question_id, score, comment) VALUES (321, 4, 4, NULL);
INSERT INTO evaluation_details (evaluation_id, question_id, score, comment) VALUES (321, 5, 5, NULL);
INSERT INTO evaluation_details (evaluation_id, question_id, score, comment) VALUES (321, 6, 5, NULL);
INSERT INTO evaluation_details (evaluation_id, question_id, score, comment) VALUES (321, 7, 5, NULL);
INSERT INTO evaluation_details (evaluation_id, question_id, score, comment) VALUES (321, 8, 3, NULL);
INSERT INTO evaluation_details (evaluation_id, question_id, score, comment) VALUES (321, 9, 5, NULL);
INSERT INTO evaluation_details (evaluation_id, question_id, score, comment) VALUES (321, 10, 4, NULL);
INSERT INTO evaluation_details (evaluation_id, question_id, score, comment) VALUES (321, 11, NULL, 'Explica súper bien los requerimientos de los proyectos.');
INSERT INTO evaluations (id, evaluatee_id, form_id, period_id, is_anonymous, status, submitted_at, created_at) VALUES (322, 7, 2, 4, FALSE, 'submitted', '2026-07-10 10:00:00', '2026-07-10 10:00:00');
INSERT INTO evaluation_submissions (evaluator_id, evaluatee_id, period_id, evaluation_id, created_at) VALUES (55, 7, 4, 322, '2026-07-10 10:00:00');
INSERT INTO evaluation_details (evaluation_id, question_id, score, comment) VALUES (322, 12, 4, NULL);
INSERT INTO evaluation_details (evaluation_id, question_id, score, comment) VALUES (322, 13, 4, NULL);
INSERT INTO evaluation_details (evaluation_id, question_id, score, comment) VALUES (322, 14, 4, NULL);
INSERT INTO evaluation_details (evaluation_id, question_id, score, comment) VALUES (322, 15, 4, NULL);
INSERT INTO evaluation_details (evaluation_id, question_id, score, comment) VALUES (322, 16, 5, NULL);
INSERT INTO evaluation_details (evaluation_id, question_id, score, comment) VALUES (322, 17, 5, NULL);
INSERT INTO evaluation_details (evaluation_id, question_id, score, comment) VALUES (322, 18, 4, NULL);
INSERT INTO evaluation_details (evaluation_id, question_id, score, comment) VALUES (322, 19, 5, NULL);
INSERT INTO evaluation_details (evaluation_id, question_id, score, comment) VALUES (322, 20, NULL, 'Me encanta cómo explica la arquitectura de software.');
INSERT INTO evaluations (id, evaluatee_id, form_id, period_id, is_anonymous, status, submitted_at, created_at) VALUES (323, 4, 1, 4, FALSE, 'submitted', '2026-07-10 10:00:00', '2026-07-10 10:00:00');
INSERT INTO evaluation_submissions (evaluator_id, evaluatee_id, period_id, evaluation_id, created_at) VALUES (56, 4, 4, 323, '2026-07-10 10:00:00');
INSERT INTO evaluation_details (evaluation_id, question_id, score, comment) VALUES (323, 1, 4, NULL);
INSERT INTO evaluation_details (evaluation_id, question_id, score, comment) VALUES (323, 2, 4, NULL);
INSERT INTO evaluation_details (evaluation_id, question_id, score, comment) VALUES (323, 3, 4, NULL);
INSERT INTO evaluation_details (evaluation_id, question_id, score, comment) VALUES (323, 4, 5, NULL);
INSERT INTO evaluation_details (evaluation_id, question_id, score, comment) VALUES (323, 5, 3, NULL);
INSERT INTO evaluation_details (evaluation_id, question_id, score, comment) VALUES (323, 6, 5, NULL);
INSERT INTO evaluation_details (evaluation_id, question_id, score, comment) VALUES (323, 7, 4, NULL);
INSERT INTO evaluation_details (evaluation_id, question_id, score, comment) VALUES (323, 8, 5, NULL);
INSERT INTO evaluation_details (evaluation_id, question_id, score, comment) VALUES (323, 9, 4, NULL);
INSERT INTO evaluation_details (evaluation_id, question_id, score, comment) VALUES (323, 10, 5, NULL);
INSERT INTO evaluation_details (evaluation_id, question_id, score, comment) VALUES (323, 11, NULL, 'Explica súper bien los requerimientos de los proyectos.');
INSERT INTO evaluations (id, evaluatee_id, form_id, period_id, is_anonymous, status, submitted_at, created_at) VALUES (324, 7, 2, 4, FALSE, 'submitted', '2026-07-10 10:00:00', '2026-07-10 10:00:00');
INSERT INTO evaluation_submissions (evaluator_id, evaluatee_id, period_id, evaluation_id, created_at) VALUES (56, 7, 4, 324, '2026-07-10 10:00:00');
INSERT INTO evaluation_details (evaluation_id, question_id, score, comment) VALUES (324, 12, 3, NULL);
INSERT INTO evaluation_details (evaluation_id, question_id, score, comment) VALUES (324, 13, 5, NULL);
INSERT INTO evaluation_details (evaluation_id, question_id, score, comment) VALUES (324, 14, 4, NULL);
INSERT INTO evaluation_details (evaluation_id, question_id, score, comment) VALUES (324, 15, 4, NULL);
INSERT INTO evaluation_details (evaluation_id, question_id, score, comment) VALUES (324, 16, 5, NULL);
INSERT INTO evaluation_details (evaluation_id, question_id, score, comment) VALUES (324, 17, 5, NULL);
INSERT INTO evaluation_details (evaluation_id, question_id, score, comment) VALUES (324, 18, 4, NULL);
INSERT INTO evaluation_details (evaluation_id, question_id, score, comment) VALUES (324, 19, 4, NULL);
INSERT INTO evaluations (id, evaluatee_id, form_id, period_id, is_anonymous, status, submitted_at, created_at) VALUES (325, 4, 1, 4, FALSE, 'submitted', '2026-07-10 10:00:00', '2026-07-10 10:00:00');
INSERT INTO evaluation_submissions (evaluator_id, evaluatee_id, period_id, evaluation_id, created_at) VALUES (57, 4, 4, 325, '2026-07-10 10:00:00');
INSERT INTO evaluation_details (evaluation_id, question_id, score, comment) VALUES (325, 1, 5, NULL);
INSERT INTO evaluation_details (evaluation_id, question_id, score, comment) VALUES (325, 2, 5, NULL);
INSERT INTO evaluation_details (evaluation_id, question_id, score, comment) VALUES (325, 3, 4, NULL);
INSERT INTO evaluation_details (evaluation_id, question_id, score, comment) VALUES (325, 4, 5, NULL);
INSERT INTO evaluation_details (evaluation_id, question_id, score, comment) VALUES (325, 5, 5, NULL);
INSERT INTO evaluation_details (evaluation_id, question_id, score, comment) VALUES (325, 6, 5, NULL);
INSERT INTO evaluation_details (evaluation_id, question_id, score, comment) VALUES (325, 7, 4, NULL);
INSERT INTO evaluation_details (evaluation_id, question_id, score, comment) VALUES (325, 8, 4, NULL);
INSERT INTO evaluation_details (evaluation_id, question_id, score, comment) VALUES (325, 9, 4, NULL);
INSERT INTO evaluation_details (evaluation_id, question_id, score, comment) VALUES (325, 10, 4, NULL);
INSERT INTO evaluation_details (evaluation_id, question_id, score, comment) VALUES (325, 11, NULL, 'A veces se demora un poco en contestar por Slack, pero cuando lo hace es muy claro.');
INSERT INTO evaluations (id, evaluatee_id, form_id, period_id, is_anonymous, status, submitted_at, created_at) VALUES (326, 7, 2, 4, FALSE, 'submitted', '2026-07-10 10:00:00', '2026-07-10 10:00:00');
INSERT INTO evaluation_submissions (evaluator_id, evaluatee_id, period_id, evaluation_id, created_at) VALUES (57, 7, 4, 326, '2026-07-10 10:00:00');
INSERT INTO evaluation_details (evaluation_id, question_id, score, comment) VALUES (326, 12, 4, NULL);
INSERT INTO evaluation_details (evaluation_id, question_id, score, comment) VALUES (326, 13, 3, NULL);
INSERT INTO evaluation_details (evaluation_id, question_id, score, comment) VALUES (326, 14, 5, NULL);
INSERT INTO evaluation_details (evaluation_id, question_id, score, comment) VALUES (326, 15, 4, NULL);
INSERT INTO evaluation_details (evaluation_id, question_id, score, comment) VALUES (326, 16, 3, NULL);
INSERT INTO evaluation_details (evaluation_id, question_id, score, comment) VALUES (326, 17, 5, NULL);
INSERT INTO evaluation_details (evaluation_id, question_id, score, comment) VALUES (326, 18, 3, NULL);
INSERT INTO evaluation_details (evaluation_id, question_id, score, comment) VALUES (326, 19, 4, NULL);
INSERT INTO evaluations (id, evaluatee_id, form_id, period_id, is_anonymous, status, submitted_at, created_at) VALUES (327, 4, 1, 4, FALSE, 'submitted', '2026-07-10 10:00:00', '2026-07-10 10:00:00');
INSERT INTO evaluation_submissions (evaluator_id, evaluatee_id, period_id, evaluation_id, created_at) VALUES (58, 4, 4, 327, '2026-07-10 10:00:00');
INSERT INTO evaluation_details (evaluation_id, question_id, score, comment) VALUES (327, 1, 3, NULL);
INSERT INTO evaluation_details (evaluation_id, question_id, score, comment) VALUES (327, 2, 5, NULL);
INSERT INTO evaluation_details (evaluation_id, question_id, score, comment) VALUES (327, 3, 4, NULL);
INSERT INTO evaluation_details (evaluation_id, question_id, score, comment) VALUES (327, 4, 4, NULL);
INSERT INTO evaluation_details (evaluation_id, question_id, score, comment) VALUES (327, 5, 5, NULL);
INSERT INTO evaluation_details (evaluation_id, question_id, score, comment) VALUES (327, 6, 5, NULL);
INSERT INTO evaluation_details (evaluation_id, question_id, score, comment) VALUES (327, 7, 3, NULL);
INSERT INTO evaluation_details (evaluation_id, question_id, score, comment) VALUES (327, 8, 5, NULL);
INSERT INTO evaluation_details (evaluation_id, question_id, score, comment) VALUES (327, 9, 4, NULL);
INSERT INTO evaluation_details (evaluation_id, question_id, score, comment) VALUES (327, 10, 4, NULL);
INSERT INTO evaluation_details (evaluation_id, question_id, score, comment) VALUES (327, 11, NULL, 'Muy buen TL, siempre nos guía cuando estamos bloqueados.');
INSERT INTO evaluations (id, evaluatee_id, form_id, period_id, is_anonymous, status, submitted_at, created_at) VALUES (328, 7, 2, 4, FALSE, 'submitted', '2026-07-10 10:00:00', '2026-07-10 10:00:00');
INSERT INTO evaluation_submissions (evaluator_id, evaluatee_id, period_id, evaluation_id, created_at) VALUES (58, 7, 4, 328, '2026-07-10 10:00:00');
INSERT INTO evaluation_details (evaluation_id, question_id, score, comment) VALUES (328, 12, 4, NULL);
INSERT INTO evaluation_details (evaluation_id, question_id, score, comment) VALUES (328, 13, 3, NULL);
INSERT INTO evaluation_details (evaluation_id, question_id, score, comment) VALUES (328, 14, 4, NULL);
INSERT INTO evaluation_details (evaluation_id, question_id, score, comment) VALUES (328, 15, 5, NULL);
INSERT INTO evaluation_details (evaluation_id, question_id, score, comment) VALUES (328, 16, 3, NULL);
INSERT INTO evaluation_details (evaluation_id, question_id, score, comment) VALUES (328, 17, 5, NULL);
INSERT INTO evaluation_details (evaluation_id, question_id, score, comment) VALUES (328, 18, 5, NULL);
INSERT INTO evaluation_details (evaluation_id, question_id, score, comment) VALUES (328, 19, 4, NULL);
INSERT INTO evaluation_details (evaluation_id, question_id, score, comment) VALUES (328, 20, NULL, 'Las clases son súper claras, los ejemplos en vivo ayudan muchísimo.');
INSERT INTO evaluations (id, evaluatee_id, form_id, period_id, is_anonymous, status, submitted_at, created_at) VALUES (329, 4, 1, 4, FALSE, 'submitted', '2026-07-10 10:00:00', '2026-07-10 10:00:00');
INSERT INTO evaluation_submissions (evaluator_id, evaluatee_id, period_id, evaluation_id, created_at) VALUES (59, 4, 4, 329, '2026-07-10 10:00:00');
INSERT INTO evaluation_details (evaluation_id, question_id, score, comment) VALUES (329, 1, 4, NULL);
INSERT INTO evaluation_details (evaluation_id, question_id, score, comment) VALUES (329, 2, 4, NULL);
INSERT INTO evaluation_details (evaluation_id, question_id, score, comment) VALUES (329, 3, 5, NULL);
INSERT INTO evaluation_details (evaluation_id, question_id, score, comment) VALUES (329, 4, 4, NULL);
INSERT INTO evaluation_details (evaluation_id, question_id, score, comment) VALUES (329, 5, 5, NULL);
INSERT INTO evaluation_details (evaluation_id, question_id, score, comment) VALUES (329, 6, 5, NULL);
INSERT INTO evaluation_details (evaluation_id, question_id, score, comment) VALUES (329, 7, 3, NULL);
INSERT INTO evaluation_details (evaluation_id, question_id, score, comment) VALUES (329, 8, 4, NULL);
INSERT INTO evaluation_details (evaluation_id, question_id, score, comment) VALUES (329, 9, 4, NULL);
INSERT INTO evaluation_details (evaluation_id, question_id, score, comment) VALUES (329, 10, 5, NULL);
INSERT INTO evaluations (id, evaluatee_id, form_id, period_id, is_anonymous, status, submitted_at, created_at) VALUES (330, 7, 2, 4, TRUE, 'submitted', '2026-07-10 10:00:00', '2026-07-10 10:00:00');
INSERT INTO evaluation_submissions (evaluator_id, evaluatee_id, period_id, evaluation_id, created_at) VALUES (59, 7, 4, 330, '2026-07-10 10:00:00');
INSERT INTO evaluation_details (evaluation_id, question_id, score, comment) VALUES (330, 12, 5, NULL);
INSERT INTO evaluation_details (evaluation_id, question_id, score, comment) VALUES (330, 13, 4, NULL);
INSERT INTO evaluation_details (evaluation_id, question_id, score, comment) VALUES (330, 14, 5, NULL);
INSERT INTO evaluation_details (evaluation_id, question_id, score, comment) VALUES (330, 15, 4, NULL);
INSERT INTO evaluation_details (evaluation_id, question_id, score, comment) VALUES (330, 16, 3, NULL);
INSERT INTO evaluation_details (evaluation_id, question_id, score, comment) VALUES (330, 17, 4, NULL);
INSERT INTO evaluation_details (evaluation_id, question_id, score, comment) VALUES (330, 18, 4, NULL);
INSERT INTO evaluation_details (evaluation_id, question_id, score, comment) VALUES (330, 19, 4, NULL);
INSERT INTO evaluation_details (evaluation_id, question_id, score, comment) VALUES (330, 20, NULL, 'Me encanta cómo explica la arquitectura de software.');
INSERT INTO evaluations (id, evaluatee_id, form_id, period_id, is_anonymous, status, submitted_at, created_at) VALUES (331, 4, 1, 4, FALSE, 'submitted', '2026-07-10 10:00:00', '2026-07-10 10:00:00');
INSERT INTO evaluation_submissions (evaluator_id, evaluatee_id, period_id, evaluation_id, created_at) VALUES (60, 4, 4, 331, '2026-07-10 10:00:00');
INSERT INTO evaluation_details (evaluation_id, question_id, score, comment) VALUES (331, 1, 5, NULL);
INSERT INTO evaluation_details (evaluation_id, question_id, score, comment) VALUES (331, 2, 5, NULL);
INSERT INTO evaluation_details (evaluation_id, question_id, score, comment) VALUES (331, 3, 4, NULL);
INSERT INTO evaluation_details (evaluation_id, question_id, score, comment) VALUES (331, 4, 5, NULL);
INSERT INTO evaluation_details (evaluation_id, question_id, score, comment) VALUES (331, 5, 5, NULL);
INSERT INTO evaluation_details (evaluation_id, question_id, score, comment) VALUES (331, 6, 4, NULL);
INSERT INTO evaluation_details (evaluation_id, question_id, score, comment) VALUES (331, 7, 4, NULL);
INSERT INTO evaluation_details (evaluation_id, question_id, score, comment) VALUES (331, 8, 4, NULL);
INSERT INTO evaluation_details (evaluation_id, question_id, score, comment) VALUES (331, 9, 4, NULL);
INSERT INTO evaluation_details (evaluation_id, question_id, score, comment) VALUES (331, 10, 5, NULL);
INSERT INTO evaluations (id, evaluatee_id, form_id, period_id, is_anonymous, status, submitted_at, created_at) VALUES (332, 7, 2, 4, FALSE, 'submitted', '2026-07-10 10:00:00', '2026-07-10 10:00:00');
INSERT INTO evaluation_submissions (evaluator_id, evaluatee_id, period_id, evaluation_id, created_at) VALUES (60, 7, 4, 332, '2026-07-10 10:00:00');
INSERT INTO evaluation_details (evaluation_id, question_id, score, comment) VALUES (332, 12, 4, NULL);
INSERT INTO evaluation_details (evaluation_id, question_id, score, comment) VALUES (332, 13, 5, NULL);
INSERT INTO evaluation_details (evaluation_id, question_id, score, comment) VALUES (332, 14, 4, NULL);
INSERT INTO evaluation_details (evaluation_id, question_id, score, comment) VALUES (332, 15, 4, NULL);
INSERT INTO evaluation_details (evaluation_id, question_id, score, comment) VALUES (332, 16, 4, NULL);
INSERT INTO evaluation_details (evaluation_id, question_id, score, comment) VALUES (332, 17, 4, NULL);
INSERT INTO evaluation_details (evaluation_id, question_id, score, comment) VALUES (332, 18, 5, NULL);
INSERT INTO evaluation_details (evaluation_id, question_id, score, comment) VALUES (332, 19, 4, NULL);
INSERT INTO evaluation_details (evaluation_id, question_id, score, comment) VALUES (332, 20, NULL, 'Las clases son súper claras, los ejemplos en vivo ayudan muchísimo.');
INSERT INTO evaluations (id, evaluatee_id, form_id, period_id, is_anonymous, status, submitted_at, created_at) VALUES (333, 4, 1, 4, FALSE, 'submitted', '2026-07-10 10:00:00', '2026-07-10 10:00:00');
INSERT INTO evaluation_submissions (evaluator_id, evaluatee_id, period_id, evaluation_id, created_at) VALUES (62, 4, 4, 333, '2026-07-10 10:00:00');
INSERT INTO evaluation_details (evaluation_id, question_id, score, comment) VALUES (333, 1, 3, NULL);
INSERT INTO evaluation_details (evaluation_id, question_id, score, comment) VALUES (333, 2, 5, NULL);
INSERT INTO evaluation_details (evaluation_id, question_id, score, comment) VALUES (333, 3, 5, NULL);
INSERT INTO evaluation_details (evaluation_id, question_id, score, comment) VALUES (333, 4, 4, NULL);
INSERT INTO evaluation_details (evaluation_id, question_id, score, comment) VALUES (333, 5, 5, NULL);
INSERT INTO evaluation_details (evaluation_id, question_id, score, comment) VALUES (333, 6, 4, NULL);
INSERT INTO evaluation_details (evaluation_id, question_id, score, comment) VALUES (333, 7, 3, NULL);
INSERT INTO evaluation_details (evaluation_id, question_id, score, comment) VALUES (333, 8, 4, NULL);
INSERT INTO evaluation_details (evaluation_id, question_id, score, comment) VALUES (333, 9, 5, NULL);
INSERT INTO evaluation_details (evaluation_id, question_id, score, comment) VALUES (333, 10, 3, NULL);
INSERT INTO evaluation_details (evaluation_id, question_id, score, comment) VALUES (333, 11, NULL, 'Explica súper bien los requerimientos de los proyectos.');
INSERT INTO evaluations (id, evaluatee_id, form_id, period_id, is_anonymous, status, submitted_at, created_at) VALUES (334, 7, 2, 4, FALSE, 'submitted', '2026-07-10 10:00:00', '2026-07-10 10:00:00');
INSERT INTO evaluation_submissions (evaluator_id, evaluatee_id, period_id, evaluation_id, created_at) VALUES (62, 7, 4, 334, '2026-07-10 10:00:00');
INSERT INTO evaluation_details (evaluation_id, question_id, score, comment) VALUES (334, 12, 4, NULL);
INSERT INTO evaluation_details (evaluation_id, question_id, score, comment) VALUES (334, 13, 5, NULL);
INSERT INTO evaluation_details (evaluation_id, question_id, score, comment) VALUES (334, 14, 5, NULL);
INSERT INTO evaluation_details (evaluation_id, question_id, score, comment) VALUES (334, 15, 5, NULL);
INSERT INTO evaluation_details (evaluation_id, question_id, score, comment) VALUES (334, 16, 5, NULL);
INSERT INTO evaluation_details (evaluation_id, question_id, score, comment) VALUES (334, 17, 5, NULL);
INSERT INTO evaluation_details (evaluation_id, question_id, score, comment) VALUES (334, 18, 4, NULL);
INSERT INTO evaluation_details (evaluation_id, question_id, score, comment) VALUES (334, 19, 3, NULL);
INSERT INTO evaluations (id, evaluatee_id, form_id, period_id, is_anonymous, status, submitted_at, created_at) VALUES (335, 4, 1, 4, FALSE, 'submitted', '2026-07-10 10:00:00', '2026-07-10 10:00:00');
INSERT INTO evaluation_submissions (evaluator_id, evaluatee_id, period_id, evaluation_id, created_at) VALUES (63, 4, 4, 335, '2026-07-10 10:00:00');
INSERT INTO evaluation_details (evaluation_id, question_id, score, comment) VALUES (335, 1, 3, NULL);
INSERT INTO evaluation_details (evaluation_id, question_id, score, comment) VALUES (335, 2, 5, NULL);
INSERT INTO evaluation_details (evaluation_id, question_id, score, comment) VALUES (335, 3, 4, NULL);
INSERT INTO evaluation_details (evaluation_id, question_id, score, comment) VALUES (335, 4, 4, NULL);
INSERT INTO evaluation_details (evaluation_id, question_id, score, comment) VALUES (335, 5, 3, NULL);
INSERT INTO evaluation_details (evaluation_id, question_id, score, comment) VALUES (335, 6, 4, NULL);
INSERT INTO evaluation_details (evaluation_id, question_id, score, comment) VALUES (335, 7, 4, NULL);
INSERT INTO evaluation_details (evaluation_id, question_id, score, comment) VALUES (335, 8, 3, NULL);
INSERT INTO evaluation_details (evaluation_id, question_id, score, comment) VALUES (335, 9, 4, NULL);
INSERT INTO evaluation_details (evaluation_id, question_id, score, comment) VALUES (335, 10, 5, NULL);
INSERT INTO evaluation_details (evaluation_id, question_id, score, comment) VALUES (335, 11, NULL, 'Gracias a él he mejorado mucho mi lógica.');
INSERT INTO evaluations (id, evaluatee_id, form_id, period_id, is_anonymous, status, submitted_at, created_at) VALUES (336, 7, 2, 4, FALSE, 'submitted', '2026-07-10 10:00:00', '2026-07-10 10:00:00');
INSERT INTO evaluation_submissions (evaluator_id, evaluatee_id, period_id, evaluation_id, created_at) VALUES (63, 7, 4, 336, '2026-07-10 10:00:00');
INSERT INTO evaluation_details (evaluation_id, question_id, score, comment) VALUES (336, 12, 5, NULL);
INSERT INTO evaluation_details (evaluation_id, question_id, score, comment) VALUES (336, 13, 5, NULL);
INSERT INTO evaluation_details (evaluation_id, question_id, score, comment) VALUES (336, 14, 4, NULL);
INSERT INTO evaluation_details (evaluation_id, question_id, score, comment) VALUES (336, 15, 4, NULL);
INSERT INTO evaluation_details (evaluation_id, question_id, score, comment) VALUES (336, 16, 5, NULL);
INSERT INTO evaluation_details (evaluation_id, question_id, score, comment) VALUES (336, 17, 3, NULL);
INSERT INTO evaluation_details (evaluation_id, question_id, score, comment) VALUES (336, 18, 4, NULL);
INSERT INTO evaluation_details (evaluation_id, question_id, score, comment) VALUES (336, 19, 5, NULL);
INSERT INTO evaluations (id, evaluatee_id, form_id, period_id, is_anonymous, status, submitted_at, created_at) VALUES (337, 4, 1, 4, FALSE, 'submitted', '2026-07-10 10:00:00', '2026-07-10 10:00:00');
INSERT INTO evaluation_submissions (evaluator_id, evaluatee_id, period_id, evaluation_id, created_at) VALUES (64, 4, 4, 337, '2026-07-10 10:00:00');
INSERT INTO evaluation_details (evaluation_id, question_id, score, comment) VALUES (337, 1, 5, NULL);
INSERT INTO evaluation_details (evaluation_id, question_id, score, comment) VALUES (337, 2, 4, NULL);
INSERT INTO evaluation_details (evaluation_id, question_id, score, comment) VALUES (337, 3, 5, NULL);
INSERT INTO evaluation_details (evaluation_id, question_id, score, comment) VALUES (337, 4, 4, NULL);
INSERT INTO evaluation_details (evaluation_id, question_id, score, comment) VALUES (337, 5, 4, NULL);
INSERT INTO evaluation_details (evaluation_id, question_id, score, comment) VALUES (337, 6, 4, NULL);
INSERT INTO evaluation_details (evaluation_id, question_id, score, comment) VALUES (337, 7, 4, NULL);
INSERT INTO evaluation_details (evaluation_id, question_id, score, comment) VALUES (337, 8, 5, NULL);
INSERT INTO evaluation_details (evaluation_id, question_id, score, comment) VALUES (337, 9, 3, NULL);
INSERT INTO evaluation_details (evaluation_id, question_id, score, comment) VALUES (337, 10, 4, NULL);
INSERT INTO evaluation_details (evaluation_id, question_id, score, comment) VALUES (337, 11, NULL, 'Excelente acompañamiento, siempre está dispuesto a ayudarnos.');
INSERT INTO evaluations (id, evaluatee_id, form_id, period_id, is_anonymous, status, submitted_at, created_at) VALUES (338, 7, 2, 4, FALSE, 'submitted', '2026-07-10 10:00:00', '2026-07-10 10:00:00');
INSERT INTO evaluation_submissions (evaluator_id, evaluatee_id, period_id, evaluation_id, created_at) VALUES (64, 7, 4, 338, '2026-07-10 10:00:00');
INSERT INTO evaluation_details (evaluation_id, question_id, score, comment) VALUES (338, 12, 5, NULL);
INSERT INTO evaluation_details (evaluation_id, question_id, score, comment) VALUES (338, 13, 4, NULL);
INSERT INTO evaluation_details (evaluation_id, question_id, score, comment) VALUES (338, 14, 5, NULL);
INSERT INTO evaluation_details (evaluation_id, question_id, score, comment) VALUES (338, 15, 5, NULL);
INSERT INTO evaluation_details (evaluation_id, question_id, score, comment) VALUES (338, 16, 4, NULL);
INSERT INTO evaluation_details (evaluation_id, question_id, score, comment) VALUES (338, 17, 4, NULL);
INSERT INTO evaluation_details (evaluation_id, question_id, score, comment) VALUES (338, 18, 4, NULL);
INSERT INTO evaluation_details (evaluation_id, question_id, score, comment) VALUES (338, 19, 5, NULL);
INSERT INTO evaluation_details (evaluation_id, question_id, score, comment) VALUES (338, 20, NULL, 'Me encanta cómo explica la arquitectura de software.');
INSERT INTO evaluations (id, evaluatee_id, form_id, period_id, is_anonymous, status, submitted_at, created_at) VALUES (339, 4, 1, 4, TRUE, 'submitted', '2026-07-10 10:00:00', '2026-07-10 10:00:00');
INSERT INTO evaluation_submissions (evaluator_id, evaluatee_id, period_id, evaluation_id, created_at) VALUES (65, 4, 4, 339, '2026-07-10 10:00:00');
INSERT INTO evaluation_details (evaluation_id, question_id, score, comment) VALUES (339, 1, 4, NULL);
INSERT INTO evaluation_details (evaluation_id, question_id, score, comment) VALUES (339, 2, 4, NULL);
INSERT INTO evaluation_details (evaluation_id, question_id, score, comment) VALUES (339, 3, 5, NULL);
INSERT INTO evaluation_details (evaluation_id, question_id, score, comment) VALUES (339, 4, 5, NULL);
INSERT INTO evaluation_details (evaluation_id, question_id, score, comment) VALUES (339, 5, 5, NULL);
INSERT INTO evaluation_details (evaluation_id, question_id, score, comment) VALUES (339, 6, 5, NULL);
INSERT INTO evaluation_details (evaluation_id, question_id, score, comment) VALUES (339, 7, 5, NULL);
INSERT INTO evaluation_details (evaluation_id, question_id, score, comment) VALUES (339, 8, 5, NULL);
INSERT INTO evaluation_details (evaluation_id, question_id, score, comment) VALUES (339, 9, 5, NULL);
INSERT INTO evaluation_details (evaluation_id, question_id, score, comment) VALUES (339, 10, 3, NULL);
INSERT INTO evaluation_details (evaluation_id, question_id, score, comment) VALUES (339, 11, NULL, 'Excelente acompañamiento, siempre está dispuesto a ayudarnos.');
INSERT INTO evaluations (id, evaluatee_id, form_id, period_id, is_anonymous, status, submitted_at, created_at) VALUES (340, 7, 2, 4, FALSE, 'submitted', '2026-07-10 10:00:00', '2026-07-10 10:00:00');
INSERT INTO evaluation_submissions (evaluator_id, evaluatee_id, period_id, evaluation_id, created_at) VALUES (65, 7, 4, 340, '2026-07-10 10:00:00');
INSERT INTO evaluation_details (evaluation_id, question_id, score, comment) VALUES (340, 12, 4, NULL);
INSERT INTO evaluation_details (evaluation_id, question_id, score, comment) VALUES (340, 13, 5, NULL);
INSERT INTO evaluation_details (evaluation_id, question_id, score, comment) VALUES (340, 14, 4, NULL);
INSERT INTO evaluation_details (evaluation_id, question_id, score, comment) VALUES (340, 15, 4, NULL);
INSERT INTO evaluation_details (evaluation_id, question_id, score, comment) VALUES (340, 16, 4, NULL);
INSERT INTO evaluation_details (evaluation_id, question_id, score, comment) VALUES (340, 17, 3, NULL);
INSERT INTO evaluation_details (evaluation_id, question_id, score, comment) VALUES (340, 18, 5, NULL);
INSERT INTO evaluation_details (evaluation_id, question_id, score, comment) VALUES (340, 19, 4, NULL);
INSERT INTO evaluation_details (evaluation_id, question_id, score, comment) VALUES (340, 20, NULL, 'Me encanta cómo explica la arquitectura de software.');
INSERT INTO evaluations (id, evaluatee_id, form_id, period_id, is_anonymous, status, submitted_at, created_at) VALUES (341, 4, 1, 4, FALSE, 'submitted', '2026-07-10 10:00:00', '2026-07-10 10:00:00');
INSERT INTO evaluation_submissions (evaluator_id, evaluatee_id, period_id, evaluation_id, created_at) VALUES (66, 4, 4, 341, '2026-07-10 10:00:00');
INSERT INTO evaluation_details (evaluation_id, question_id, score, comment) VALUES (341, 1, 4, NULL);
INSERT INTO evaluation_details (evaluation_id, question_id, score, comment) VALUES (341, 2, 4, NULL);
INSERT INTO evaluation_details (evaluation_id, question_id, score, comment) VALUES (341, 3, 4, NULL);
INSERT INTO evaluation_details (evaluation_id, question_id, score, comment) VALUES (341, 4, 4, NULL);
INSERT INTO evaluation_details (evaluation_id, question_id, score, comment) VALUES (341, 5, 4, NULL);
INSERT INTO evaluation_details (evaluation_id, question_id, score, comment) VALUES (341, 6, 5, NULL);
INSERT INTO evaluation_details (evaluation_id, question_id, score, comment) VALUES (341, 7, 5, NULL);
INSERT INTO evaluation_details (evaluation_id, question_id, score, comment) VALUES (341, 8, 5, NULL);
INSERT INTO evaluation_details (evaluation_id, question_id, score, comment) VALUES (341, 9, 4, NULL);
INSERT INTO evaluation_details (evaluation_id, question_id, score, comment) VALUES (341, 10, 5, NULL);
INSERT INTO evaluation_details (evaluation_id, question_id, score, comment) VALUES (341, 11, NULL, 'Explica súper bien los requerimientos de los proyectos.');
INSERT INTO evaluations (id, evaluatee_id, form_id, period_id, is_anonymous, status, submitted_at, created_at) VALUES (342, 7, 2, 4, FALSE, 'submitted', '2026-07-10 10:00:00', '2026-07-10 10:00:00');
INSERT INTO evaluation_submissions (evaluator_id, evaluatee_id, period_id, evaluation_id, created_at) VALUES (66, 7, 4, 342, '2026-07-10 10:00:00');
INSERT INTO evaluation_details (evaluation_id, question_id, score, comment) VALUES (342, 12, 4, NULL);
INSERT INTO evaluation_details (evaluation_id, question_id, score, comment) VALUES (342, 13, 3, NULL);
INSERT INTO evaluation_details (evaluation_id, question_id, score, comment) VALUES (342, 14, 4, NULL);
INSERT INTO evaluation_details (evaluation_id, question_id, score, comment) VALUES (342, 15, 4, NULL);
INSERT INTO evaluation_details (evaluation_id, question_id, score, comment) VALUES (342, 16, 5, NULL);
INSERT INTO evaluation_details (evaluation_id, question_id, score, comment) VALUES (342, 17, 5, NULL);
INSERT INTO evaluation_details (evaluation_id, question_id, score, comment) VALUES (342, 18, 4, NULL);
INSERT INTO evaluation_details (evaluation_id, question_id, score, comment) VALUES (342, 19, 5, NULL);
INSERT INTO evaluations (id, evaluatee_id, form_id, period_id, is_anonymous, status, submitted_at, created_at) VALUES (343, 4, 1, 4, FALSE, 'submitted', '2026-07-10 10:00:00', '2026-07-10 10:00:00');
INSERT INTO evaluation_submissions (evaluator_id, evaluatee_id, period_id, evaluation_id, created_at) VALUES (67, 4, 4, 343, '2026-07-10 10:00:00');
INSERT INTO evaluation_details (evaluation_id, question_id, score, comment) VALUES (343, 1, 5, NULL);
INSERT INTO evaluation_details (evaluation_id, question_id, score, comment) VALUES (343, 2, 5, NULL);
INSERT INTO evaluation_details (evaluation_id, question_id, score, comment) VALUES (343, 3, 5, NULL);
INSERT INTO evaluation_details (evaluation_id, question_id, score, comment) VALUES (343, 4, 5, NULL);
INSERT INTO evaluation_details (evaluation_id, question_id, score, comment) VALUES (343, 5, 4, NULL);
INSERT INTO evaluation_details (evaluation_id, question_id, score, comment) VALUES (343, 6, 4, NULL);
INSERT INTO evaluation_details (evaluation_id, question_id, score, comment) VALUES (343, 7, 5, NULL);
INSERT INTO evaluation_details (evaluation_id, question_id, score, comment) VALUES (343, 8, 5, NULL);
INSERT INTO evaluation_details (evaluation_id, question_id, score, comment) VALUES (343, 9, 5, NULL);
INSERT INTO evaluation_details (evaluation_id, question_id, score, comment) VALUES (343, 10, 4, NULL);
INSERT INTO evaluations (id, evaluatee_id, form_id, period_id, is_anonymous, status, submitted_at, created_at) VALUES (344, 7, 2, 4, TRUE, 'submitted', '2026-07-10 10:00:00', '2026-07-10 10:00:00');
INSERT INTO evaluation_submissions (evaluator_id, evaluatee_id, period_id, evaluation_id, created_at) VALUES (67, 7, 4, 344, '2026-07-10 10:00:00');
INSERT INTO evaluation_details (evaluation_id, question_id, score, comment) VALUES (344, 12, 3, NULL);
INSERT INTO evaluation_details (evaluation_id, question_id, score, comment) VALUES (344, 13, 4, NULL);
INSERT INTO evaluation_details (evaluation_id, question_id, score, comment) VALUES (344, 14, 5, NULL);
INSERT INTO evaluation_details (evaluation_id, question_id, score, comment) VALUES (344, 15, 4, NULL);
INSERT INTO evaluation_details (evaluation_id, question_id, score, comment) VALUES (344, 16, 5, NULL);
INSERT INTO evaluation_details (evaluation_id, question_id, score, comment) VALUES (344, 17, 3, NULL);
INSERT INTO evaluation_details (evaluation_id, question_id, score, comment) VALUES (344, 18, 4, NULL);
INSERT INTO evaluation_details (evaluation_id, question_id, score, comment) VALUES (344, 19, 3, NULL);
INSERT INTO evaluations (id, evaluatee_id, form_id, period_id, is_anonymous, status, submitted_at, created_at) VALUES (345, 4, 1, 4, FALSE, 'submitted', '2026-07-10 10:00:00', '2026-07-10 10:00:00');
INSERT INTO evaluation_submissions (evaluator_id, evaluatee_id, period_id, evaluation_id, created_at) VALUES (68, 4, 4, 345, '2026-07-10 10:00:00');
INSERT INTO evaluation_details (evaluation_id, question_id, score, comment) VALUES (345, 1, 3, NULL);
INSERT INTO evaluation_details (evaluation_id, question_id, score, comment) VALUES (345, 2, 4, NULL);
INSERT INTO evaluation_details (evaluation_id, question_id, score, comment) VALUES (345, 3, 5, NULL);
INSERT INTO evaluation_details (evaluation_id, question_id, score, comment) VALUES (345, 4, 5, NULL);
INSERT INTO evaluation_details (evaluation_id, question_id, score, comment) VALUES (345, 5, 5, NULL);
INSERT INTO evaluation_details (evaluation_id, question_id, score, comment) VALUES (345, 6, 5, NULL);
INSERT INTO evaluation_details (evaluation_id, question_id, score, comment) VALUES (345, 7, 5, NULL);
INSERT INTO evaluation_details (evaluation_id, question_id, score, comment) VALUES (345, 8, 5, NULL);
INSERT INTO evaluation_details (evaluation_id, question_id, score, comment) VALUES (345, 9, 5, NULL);
INSERT INTO evaluation_details (evaluation_id, question_id, score, comment) VALUES (345, 10, 3, NULL);
INSERT INTO evaluation_details (evaluation_id, question_id, score, comment) VALUES (345, 11, NULL, 'Me encanta su forma de liderar, he aprendido mucho de él.');
INSERT INTO evaluations (id, evaluatee_id, form_id, period_id, is_anonymous, status, submitted_at, created_at) VALUES (346, 7, 2, 4, TRUE, 'submitted', '2026-07-10 10:00:00', '2026-07-10 10:00:00');
INSERT INTO evaluation_submissions (evaluator_id, evaluatee_id, period_id, evaluation_id, created_at) VALUES (68, 7, 4, 346, '2026-07-10 10:00:00');
INSERT INTO evaluation_details (evaluation_id, question_id, score, comment) VALUES (346, 12, 5, NULL);
INSERT INTO evaluation_details (evaluation_id, question_id, score, comment) VALUES (346, 13, 4, NULL);
INSERT INTO evaluation_details (evaluation_id, question_id, score, comment) VALUES (346, 14, 4, NULL);
INSERT INTO evaluation_details (evaluation_id, question_id, score, comment) VALUES (346, 15, 4, NULL);
INSERT INTO evaluation_details (evaluation_id, question_id, score, comment) VALUES (346, 16, 5, NULL);
INSERT INTO evaluation_details (evaluation_id, question_id, score, comment) VALUES (346, 17, 5, NULL);
INSERT INTO evaluation_details (evaluation_id, question_id, score, comment) VALUES (346, 18, 5, NULL);
INSERT INTO evaluation_details (evaluation_id, question_id, score, comment) VALUES (346, 19, 5, NULL);
INSERT INTO evaluation_details (evaluation_id, question_id, score, comment) VALUES (346, 20, NULL, 'Me encanta cómo explica la arquitectura de software.');
INSERT INTO evaluations (id, evaluatee_id, form_id, period_id, is_anonymous, status, submitted_at, created_at) VALUES (347, 4, 1, 4, FALSE, 'submitted', '2026-07-10 10:00:00', '2026-07-10 10:00:00');
INSERT INTO evaluation_submissions (evaluator_id, evaluatee_id, period_id, evaluation_id, created_at) VALUES (69, 4, 4, 347, '2026-07-10 10:00:00');
INSERT INTO evaluation_details (evaluation_id, question_id, score, comment) VALUES (347, 1, 3, NULL);
INSERT INTO evaluation_details (evaluation_id, question_id, score, comment) VALUES (347, 2, 5, NULL);
INSERT INTO evaluation_details (evaluation_id, question_id, score, comment) VALUES (347, 3, 5, NULL);
INSERT INTO evaluation_details (evaluation_id, question_id, score, comment) VALUES (347, 4, 4, NULL);
INSERT INTO evaluation_details (evaluation_id, question_id, score, comment) VALUES (347, 5, 4, NULL);
INSERT INTO evaluation_details (evaluation_id, question_id, score, comment) VALUES (347, 6, 5, NULL);
INSERT INTO evaluation_details (evaluation_id, question_id, score, comment) VALUES (347, 7, 5, NULL);
INSERT INTO evaluation_details (evaluation_id, question_id, score, comment) VALUES (347, 8, 5, NULL);
INSERT INTO evaluation_details (evaluation_id, question_id, score, comment) VALUES (347, 9, 5, NULL);
INSERT INTO evaluation_details (evaluation_id, question_id, score, comment) VALUES (347, 10, 5, NULL);
INSERT INTO evaluation_details (evaluation_id, question_id, score, comment) VALUES (347, 11, NULL, 'Debería mantener su paciencia, es un gran líder.');
INSERT INTO evaluations (id, evaluatee_id, form_id, period_id, is_anonymous, status, submitted_at, created_at) VALUES (348, 7, 2, 4, FALSE, 'submitted', '2026-07-10 10:00:00', '2026-07-10 10:00:00');
INSERT INTO evaluation_submissions (evaluator_id, evaluatee_id, period_id, evaluation_id, created_at) VALUES (69, 7, 4, 348, '2026-07-10 10:00:00');
INSERT INTO evaluation_details (evaluation_id, question_id, score, comment) VALUES (348, 12, 5, NULL);
INSERT INTO evaluation_details (evaluation_id, question_id, score, comment) VALUES (348, 13, 4, NULL);
INSERT INTO evaluation_details (evaluation_id, question_id, score, comment) VALUES (348, 14, 5, NULL);
INSERT INTO evaluation_details (evaluation_id, question_id, score, comment) VALUES (348, 15, 5, NULL);
INSERT INTO evaluation_details (evaluation_id, question_id, score, comment) VALUES (348, 16, 5, NULL);
INSERT INTO evaluation_details (evaluation_id, question_id, score, comment) VALUES (348, 17, 5, NULL);
INSERT INTO evaluation_details (evaluation_id, question_id, score, comment) VALUES (348, 18, 5, NULL);
INSERT INTO evaluation_details (evaluation_id, question_id, score, comment) VALUES (348, 19, 4, NULL);
INSERT INTO evaluation_details (evaluation_id, question_id, score, comment) VALUES (348, 20, NULL, 'Me encanta cómo explica la arquitectura de software.');
INSERT INTO evaluations (id, evaluatee_id, form_id, period_id, is_anonymous, status, submitted_at, created_at) VALUES (349, 4, 1, 4, FALSE, 'submitted', '2026-07-10 10:00:00', '2026-07-10 10:00:00');
INSERT INTO evaluation_submissions (evaluator_id, evaluatee_id, period_id, evaluation_id, created_at) VALUES (70, 4, 4, 349, '2026-07-10 10:00:00');
INSERT INTO evaluation_details (evaluation_id, question_id, score, comment) VALUES (349, 1, 3, NULL);
INSERT INTO evaluation_details (evaluation_id, question_id, score, comment) VALUES (349, 2, 4, NULL);
INSERT INTO evaluation_details (evaluation_id, question_id, score, comment) VALUES (349, 3, 4, NULL);
INSERT INTO evaluation_details (evaluation_id, question_id, score, comment) VALUES (349, 4, 4, NULL);
INSERT INTO evaluation_details (evaluation_id, question_id, score, comment) VALUES (349, 5, 4, NULL);
INSERT INTO evaluation_details (evaluation_id, question_id, score, comment) VALUES (349, 6, 5, NULL);
INSERT INTO evaluation_details (evaluation_id, question_id, score, comment) VALUES (349, 7, 3, NULL);
INSERT INTO evaluation_details (evaluation_id, question_id, score, comment) VALUES (349, 8, 4, NULL);
INSERT INTO evaluation_details (evaluation_id, question_id, score, comment) VALUES (349, 9, 5, NULL);
INSERT INTO evaluation_details (evaluation_id, question_id, score, comment) VALUES (349, 10, 4, NULL);
INSERT INTO evaluations (id, evaluatee_id, form_id, period_id, is_anonymous, status, submitted_at, created_at) VALUES (350, 7, 2, 4, FALSE, 'submitted', '2026-07-10 10:00:00', '2026-07-10 10:00:00');
INSERT INTO evaluation_submissions (evaluator_id, evaluatee_id, period_id, evaluation_id, created_at) VALUES (70, 7, 4, 350, '2026-07-10 10:00:00');
INSERT INTO evaluation_details (evaluation_id, question_id, score, comment) VALUES (350, 12, 4, NULL);
INSERT INTO evaluation_details (evaluation_id, question_id, score, comment) VALUES (350, 13, 5, NULL);
INSERT INTO evaluation_details (evaluation_id, question_id, score, comment) VALUES (350, 14, 5, NULL);
INSERT INTO evaluation_details (evaluation_id, question_id, score, comment) VALUES (350, 15, 3, NULL);
INSERT INTO evaluation_details (evaluation_id, question_id, score, comment) VALUES (350, 16, 5, NULL);
INSERT INTO evaluation_details (evaluation_id, question_id, score, comment) VALUES (350, 17, 5, NULL);
INSERT INTO evaluation_details (evaluation_id, question_id, score, comment) VALUES (350, 18, 4, NULL);
INSERT INTO evaluation_details (evaluation_id, question_id, score, comment) VALUES (350, 19, 4, NULL);
INSERT INTO evaluations (id, evaluatee_id, form_id, period_id, is_anonymous, status, submitted_at, created_at) VALUES (351, 4, 1, 4, TRUE, 'submitted', '2026-07-10 10:00:00', '2026-07-10 10:00:00');
INSERT INTO evaluation_submissions (evaluator_id, evaluatee_id, period_id, evaluation_id, created_at) VALUES (71, 4, 4, 351, '2026-07-10 10:00:00');
INSERT INTO evaluation_details (evaluation_id, question_id, score, comment) VALUES (351, 1, 5, NULL);
INSERT INTO evaluation_details (evaluation_id, question_id, score, comment) VALUES (351, 2, 5, NULL);
INSERT INTO evaluation_details (evaluation_id, question_id, score, comment) VALUES (351, 3, 3, NULL);
INSERT INTO evaluation_details (evaluation_id, question_id, score, comment) VALUES (351, 4, 5, NULL);
INSERT INTO evaluation_details (evaluation_id, question_id, score, comment) VALUES (351, 5, 5, NULL);
INSERT INTO evaluation_details (evaluation_id, question_id, score, comment) VALUES (351, 6, 5, NULL);
INSERT INTO evaluation_details (evaluation_id, question_id, score, comment) VALUES (351, 7, 4, NULL);
INSERT INTO evaluation_details (evaluation_id, question_id, score, comment) VALUES (351, 8, 5, NULL);
INSERT INTO evaluation_details (evaluation_id, question_id, score, comment) VALUES (351, 9, 5, NULL);
INSERT INTO evaluation_details (evaluation_id, question_id, score, comment) VALUES (351, 10, 5, NULL);
INSERT INTO evaluation_details (evaluation_id, question_id, score, comment) VALUES (351, 11, NULL, 'A veces se demora un poco en contestar por Slack, pero cuando lo hace es muy claro.');
INSERT INTO evaluations (id, evaluatee_id, form_id, period_id, is_anonymous, status, submitted_at, created_at) VALUES (352, 7, 2, 4, TRUE, 'submitted', '2026-07-10 10:00:00', '2026-07-10 10:00:00');
INSERT INTO evaluation_submissions (evaluator_id, evaluatee_id, period_id, evaluation_id, created_at) VALUES (71, 7, 4, 352, '2026-07-10 10:00:00');
INSERT INTO evaluation_details (evaluation_id, question_id, score, comment) VALUES (352, 12, 4, NULL);
INSERT INTO evaluation_details (evaluation_id, question_id, score, comment) VALUES (352, 13, 5, NULL);
INSERT INTO evaluation_details (evaluation_id, question_id, score, comment) VALUES (352, 14, 4, NULL);
INSERT INTO evaluation_details (evaluation_id, question_id, score, comment) VALUES (352, 15, 5, NULL);
INSERT INTO evaluation_details (evaluation_id, question_id, score, comment) VALUES (352, 16, 5, NULL);
INSERT INTO evaluation_details (evaluation_id, question_id, score, comment) VALUES (352, 17, 4, NULL);
INSERT INTO evaluation_details (evaluation_id, question_id, score, comment) VALUES (352, 18, 5, NULL);
INSERT INTO evaluation_details (evaluation_id, question_id, score, comment) VALUES (352, 19, 4, NULL);
INSERT INTO evaluation_details (evaluation_id, question_id, score, comment) VALUES (352, 20, NULL, 'Me encanta cómo explica la arquitectura de software.');
INSERT INTO evaluations (id, evaluatee_id, form_id, period_id, is_anonymous, status, submitted_at, created_at) VALUES (353, 4, 1, 4, FALSE, 'submitted', '2026-07-10 10:00:00', '2026-07-10 10:00:00');
INSERT INTO evaluation_submissions (evaluator_id, evaluatee_id, period_id, evaluation_id, created_at) VALUES (72, 4, 4, 353, '2026-07-10 10:00:00');
INSERT INTO evaluation_details (evaluation_id, question_id, score, comment) VALUES (353, 1, 4, NULL);
INSERT INTO evaluation_details (evaluation_id, question_id, score, comment) VALUES (353, 2, 3, NULL);
INSERT INTO evaluation_details (evaluation_id, question_id, score, comment) VALUES (353, 3, 3, NULL);
INSERT INTO evaluation_details (evaluation_id, question_id, score, comment) VALUES (353, 4, 4, NULL);
INSERT INTO evaluation_details (evaluation_id, question_id, score, comment) VALUES (353, 5, 4, NULL);
INSERT INTO evaluation_details (evaluation_id, question_id, score, comment) VALUES (353, 6, 4, NULL);
INSERT INTO evaluation_details (evaluation_id, question_id, score, comment) VALUES (353, 7, 5, NULL);
INSERT INTO evaluation_details (evaluation_id, question_id, score, comment) VALUES (353, 8, 3, NULL);
INSERT INTO evaluation_details (evaluation_id, question_id, score, comment) VALUES (353, 9, 4, NULL);
INSERT INTO evaluation_details (evaluation_id, question_id, score, comment) VALUES (353, 10, 4, NULL);
INSERT INTO evaluation_details (evaluation_id, question_id, score, comment) VALUES (353, 11, NULL, 'Excelente acompañamiento, siempre está dispuesto a ayudarnos.');
INSERT INTO evaluations (id, evaluatee_id, form_id, period_id, is_anonymous, status, submitted_at, created_at) VALUES (354, 7, 2, 4, TRUE, 'submitted', '2026-07-10 10:00:00', '2026-07-10 10:00:00');
INSERT INTO evaluation_submissions (evaluator_id, evaluatee_id, period_id, evaluation_id, created_at) VALUES (72, 7, 4, 354, '2026-07-10 10:00:00');
INSERT INTO evaluation_details (evaluation_id, question_id, score, comment) VALUES (354, 12, 4, NULL);
INSERT INTO evaluation_details (evaluation_id, question_id, score, comment) VALUES (354, 13, 4, NULL);
INSERT INTO evaluation_details (evaluation_id, question_id, score, comment) VALUES (354, 14, 4, NULL);
INSERT INTO evaluation_details (evaluation_id, question_id, score, comment) VALUES (354, 15, 5, NULL);
INSERT INTO evaluation_details (evaluation_id, question_id, score, comment) VALUES (354, 16, 5, NULL);
INSERT INTO evaluation_details (evaluation_id, question_id, score, comment) VALUES (354, 17, 4, NULL);
INSERT INTO evaluation_details (evaluation_id, question_id, score, comment) VALUES (354, 18, 5, NULL);
INSERT INTO evaluation_details (evaluation_id, question_id, score, comment) VALUES (354, 19, 5, NULL);
INSERT INTO evaluation_details (evaluation_id, question_id, score, comment) VALUES (354, 20, NULL, 'Me encanta cómo explica la arquitectura de software.');
INSERT INTO evaluations (id, evaluatee_id, form_id, period_id, is_anonymous, status, submitted_at, created_at) VALUES (355, 4, 1, 4, FALSE, 'submitted', '2026-07-10 10:00:00', '2026-07-10 10:00:00');
INSERT INTO evaluation_submissions (evaluator_id, evaluatee_id, period_id, evaluation_id, created_at) VALUES (73, 4, 4, 355, '2026-07-10 10:00:00');
INSERT INTO evaluation_details (evaluation_id, question_id, score, comment) VALUES (355, 1, 5, NULL);
INSERT INTO evaluation_details (evaluation_id, question_id, score, comment) VALUES (355, 2, 5, NULL);
INSERT INTO evaluation_details (evaluation_id, question_id, score, comment) VALUES (355, 3, 5, NULL);
INSERT INTO evaluation_details (evaluation_id, question_id, score, comment) VALUES (355, 4, 4, NULL);
INSERT INTO evaluation_details (evaluation_id, question_id, score, comment) VALUES (355, 5, 4, NULL);
INSERT INTO evaluation_details (evaluation_id, question_id, score, comment) VALUES (355, 6, 5, NULL);
INSERT INTO evaluation_details (evaluation_id, question_id, score, comment) VALUES (355, 7, 5, NULL);
INSERT INTO evaluation_details (evaluation_id, question_id, score, comment) VALUES (355, 8, 5, NULL);
INSERT INTO evaluation_details (evaluation_id, question_id, score, comment) VALUES (355, 9, 4, NULL);
INSERT INTO evaluation_details (evaluation_id, question_id, score, comment) VALUES (355, 10, 4, NULL);
INSERT INTO evaluations (id, evaluatee_id, form_id, period_id, is_anonymous, status, submitted_at, created_at) VALUES (356, 7, 2, 4, TRUE, 'submitted', '2026-07-10 10:00:00', '2026-07-10 10:00:00');
INSERT INTO evaluation_submissions (evaluator_id, evaluatee_id, period_id, evaluation_id, created_at) VALUES (73, 7, 4, 356, '2026-07-10 10:00:00');
INSERT INTO evaluation_details (evaluation_id, question_id, score, comment) VALUES (356, 12, 4, NULL);
INSERT INTO evaluation_details (evaluation_id, question_id, score, comment) VALUES (356, 13, 3, NULL);
INSERT INTO evaluation_details (evaluation_id, question_id, score, comment) VALUES (356, 14, 5, NULL);
INSERT INTO evaluation_details (evaluation_id, question_id, score, comment) VALUES (356, 15, 5, NULL);
INSERT INTO evaluation_details (evaluation_id, question_id, score, comment) VALUES (356, 16, 5, NULL);
INSERT INTO evaluation_details (evaluation_id, question_id, score, comment) VALUES (356, 17, 4, NULL);
INSERT INTO evaluation_details (evaluation_id, question_id, score, comment) VALUES (356, 18, 3, NULL);
INSERT INTO evaluation_details (evaluation_id, question_id, score, comment) VALUES (356, 19, 3, NULL);
INSERT INTO evaluation_details (evaluation_id, question_id, score, comment) VALUES (356, 20, NULL, 'Me gustaría más ejercicios prácticos en vivo.');
INSERT INTO evaluations (id, evaluatee_id, form_id, period_id, is_anonymous, status, submitted_at, created_at) VALUES (357, 4, 1, 4, TRUE, 'submitted', '2026-07-10 10:00:00', '2026-07-10 10:00:00');
INSERT INTO evaluation_submissions (evaluator_id, evaluatee_id, period_id, evaluation_id, created_at) VALUES (74, 4, 4, 357, '2026-07-10 10:00:00');
INSERT INTO evaluation_details (evaluation_id, question_id, score, comment) VALUES (357, 1, 3, NULL);
INSERT INTO evaluation_details (evaluation_id, question_id, score, comment) VALUES (357, 2, 5, NULL);
INSERT INTO evaluation_details (evaluation_id, question_id, score, comment) VALUES (357, 3, 5, NULL);
INSERT INTO evaluation_details (evaluation_id, question_id, score, comment) VALUES (357, 4, 5, NULL);
INSERT INTO evaluation_details (evaluation_id, question_id, score, comment) VALUES (357, 5, 5, NULL);
INSERT INTO evaluation_details (evaluation_id, question_id, score, comment) VALUES (357, 6, 4, NULL);
INSERT INTO evaluation_details (evaluation_id, question_id, score, comment) VALUES (357, 7, 4, NULL);
INSERT INTO evaluation_details (evaluation_id, question_id, score, comment) VALUES (357, 8, 3, NULL);
INSERT INTO evaluation_details (evaluation_id, question_id, score, comment) VALUES (357, 9, 5, NULL);
INSERT INTO evaluation_details (evaluation_id, question_id, score, comment) VALUES (357, 10, 5, NULL);
INSERT INTO evaluation_details (evaluation_id, question_id, score, comment) VALUES (357, 11, NULL, 'Debería mantener su paciencia, es un gran líder.');
INSERT INTO evaluations (id, evaluatee_id, form_id, period_id, is_anonymous, status, submitted_at, created_at) VALUES (358, 7, 2, 4, FALSE, 'submitted', '2026-07-10 10:00:00', '2026-07-10 10:00:00');
INSERT INTO evaluation_submissions (evaluator_id, evaluatee_id, period_id, evaluation_id, created_at) VALUES (74, 7, 4, 358, '2026-07-10 10:00:00');
INSERT INTO evaluation_details (evaluation_id, question_id, score, comment) VALUES (358, 12, 4, NULL);
INSERT INTO evaluation_details (evaluation_id, question_id, score, comment) VALUES (358, 13, 5, NULL);
INSERT INTO evaluation_details (evaluation_id, question_id, score, comment) VALUES (358, 14, 5, NULL);
INSERT INTO evaluation_details (evaluation_id, question_id, score, comment) VALUES (358, 15, 5, NULL);
INSERT INTO evaluation_details (evaluation_id, question_id, score, comment) VALUES (358, 16, 4, NULL);
INSERT INTO evaluation_details (evaluation_id, question_id, score, comment) VALUES (358, 17, 4, NULL);
INSERT INTO evaluation_details (evaluation_id, question_id, score, comment) VALUES (358, 18, 4, NULL);
INSERT INTO evaluation_details (evaluation_id, question_id, score, comment) VALUES (358, 19, 5, NULL);
INSERT INTO evaluation_details (evaluation_id, question_id, score, comment) VALUES (358, 20, NULL, 'Me encanta cómo explica la arquitectura de software.');
INSERT INTO evaluations (id, evaluatee_id, form_id, period_id, is_anonymous, status, submitted_at, created_at) VALUES (359, 4, 1, 4, FALSE, 'submitted', '2026-07-10 10:00:00', '2026-07-10 10:00:00');
INSERT INTO evaluation_submissions (evaluator_id, evaluatee_id, period_id, evaluation_id, created_at) VALUES (75, 4, 4, 359, '2026-07-10 10:00:00');
INSERT INTO evaluation_details (evaluation_id, question_id, score, comment) VALUES (359, 1, 3, NULL);
INSERT INTO evaluation_details (evaluation_id, question_id, score, comment) VALUES (359, 2, 5, NULL);
INSERT INTO evaluation_details (evaluation_id, question_id, score, comment) VALUES (359, 3, 3, NULL);
INSERT INTO evaluation_details (evaluation_id, question_id, score, comment) VALUES (359, 4, 5, NULL);
INSERT INTO evaluation_details (evaluation_id, question_id, score, comment) VALUES (359, 5, 5, NULL);
INSERT INTO evaluation_details (evaluation_id, question_id, score, comment) VALUES (359, 6, 4, NULL);
INSERT INTO evaluation_details (evaluation_id, question_id, score, comment) VALUES (359, 7, 5, NULL);
INSERT INTO evaluation_details (evaluation_id, question_id, score, comment) VALUES (359, 8, 3, NULL);
INSERT INTO evaluation_details (evaluation_id, question_id, score, comment) VALUES (359, 9, 3, NULL);
INSERT INTO evaluation_details (evaluation_id, question_id, score, comment) VALUES (359, 10, 5, NULL);
INSERT INTO evaluations (id, evaluatee_id, form_id, period_id, is_anonymous, status, submitted_at, created_at) VALUES (360, 7, 2, 4, FALSE, 'submitted', '2026-07-10 10:00:00', '2026-07-10 10:00:00');
INSERT INTO evaluation_submissions (evaluator_id, evaluatee_id, period_id, evaluation_id, created_at) VALUES (75, 7, 4, 360, '2026-07-10 10:00:00');
INSERT INTO evaluation_details (evaluation_id, question_id, score, comment) VALUES (360, 12, 4, NULL);
INSERT INTO evaluation_details (evaluation_id, question_id, score, comment) VALUES (360, 13, 4, NULL);
INSERT INTO evaluation_details (evaluation_id, question_id, score, comment) VALUES (360, 14, 5, NULL);
INSERT INTO evaluation_details (evaluation_id, question_id, score, comment) VALUES (360, 15, 4, NULL);
INSERT INTO evaluation_details (evaluation_id, question_id, score, comment) VALUES (360, 16, 5, NULL);
INSERT INTO evaluation_details (evaluation_id, question_id, score, comment) VALUES (360, 17, 3, NULL);
INSERT INTO evaluation_details (evaluation_id, question_id, score, comment) VALUES (360, 18, 4, NULL);
INSERT INTO evaluation_details (evaluation_id, question_id, score, comment) VALUES (360, 19, 4, NULL);
INSERT INTO evaluation_details (evaluation_id, question_id, score, comment) VALUES (360, 20, NULL, 'Me encanta cómo explica la arquitectura de software.');
INSERT INTO evaluations (id, evaluatee_id, form_id, period_id, is_anonymous, status, submitted_at, created_at) VALUES (361, 4, 1, 4, TRUE, 'submitted', '2026-07-10 10:00:00', '2026-07-10 10:00:00');
INSERT INTO evaluation_submissions (evaluator_id, evaluatee_id, period_id, evaluation_id, created_at) VALUES (76, 4, 4, 361, '2026-07-10 10:00:00');
INSERT INTO evaluation_details (evaluation_id, question_id, score, comment) VALUES (361, 1, 5, NULL);
INSERT INTO evaluation_details (evaluation_id, question_id, score, comment) VALUES (361, 2, 3, NULL);
INSERT INTO evaluation_details (evaluation_id, question_id, score, comment) VALUES (361, 3, 5, NULL);
INSERT INTO evaluation_details (evaluation_id, question_id, score, comment) VALUES (361, 4, 5, NULL);
INSERT INTO evaluation_details (evaluation_id, question_id, score, comment) VALUES (361, 5, 5, NULL);
INSERT INTO evaluation_details (evaluation_id, question_id, score, comment) VALUES (361, 6, 4, NULL);
INSERT INTO evaluation_details (evaluation_id, question_id, score, comment) VALUES (361, 7, 4, NULL);
INSERT INTO evaluation_details (evaluation_id, question_id, score, comment) VALUES (361, 8, 5, NULL);
INSERT INTO evaluation_details (evaluation_id, question_id, score, comment) VALUES (361, 9, 4, NULL);
INSERT INTO evaluation_details (evaluation_id, question_id, score, comment) VALUES (361, 10, 4, NULL);
INSERT INTO evaluation_details (evaluation_id, question_id, score, comment) VALUES (361, 11, NULL, 'Explica súper bien los requerimientos de los proyectos.');
INSERT INTO evaluations (id, evaluatee_id, form_id, period_id, is_anonymous, status, submitted_at, created_at) VALUES (362, 7, 2, 4, FALSE, 'submitted', '2026-07-10 10:00:00', '2026-07-10 10:00:00');
INSERT INTO evaluation_submissions (evaluator_id, evaluatee_id, period_id, evaluation_id, created_at) VALUES (76, 7, 4, 362, '2026-07-10 10:00:00');
INSERT INTO evaluation_details (evaluation_id, question_id, score, comment) VALUES (362, 12, 4, NULL);
INSERT INTO evaluation_details (evaluation_id, question_id, score, comment) VALUES (362, 13, 4, NULL);
INSERT INTO evaluation_details (evaluation_id, question_id, score, comment) VALUES (362, 14, 4, NULL);
INSERT INTO evaluation_details (evaluation_id, question_id, score, comment) VALUES (362, 15, 4, NULL);
INSERT INTO evaluation_details (evaluation_id, question_id, score, comment) VALUES (362, 16, 3, NULL);
INSERT INTO evaluation_details (evaluation_id, question_id, score, comment) VALUES (362, 17, 4, NULL);
INSERT INTO evaluation_details (evaluation_id, question_id, score, comment) VALUES (362, 18, 5, NULL);
INSERT INTO evaluation_details (evaluation_id, question_id, score, comment) VALUES (362, 19, 5, NULL);
INSERT INTO evaluation_details (evaluation_id, question_id, score, comment) VALUES (362, 20, NULL, 'Excelente dominio de FastAPI, resuelve las dudas en el acto.');
INSERT INTO evaluations (id, evaluatee_id, form_id, period_id, is_anonymous, status, submitted_at, created_at) VALUES (363, 4, 1, 4, FALSE, 'submitted', '2026-07-10 10:00:00', '2026-07-10 10:00:00');
INSERT INTO evaluation_submissions (evaluator_id, evaluatee_id, period_id, evaluation_id, created_at) VALUES (77, 4, 4, 363, '2026-07-10 10:00:00');
INSERT INTO evaluation_details (evaluation_id, question_id, score, comment) VALUES (363, 1, 4, NULL);
INSERT INTO evaluation_details (evaluation_id, question_id, score, comment) VALUES (363, 2, 4, NULL);
INSERT INTO evaluation_details (evaluation_id, question_id, score, comment) VALUES (363, 3, 5, NULL);
INSERT INTO evaluation_details (evaluation_id, question_id, score, comment) VALUES (363, 4, 4, NULL);
INSERT INTO evaluation_details (evaluation_id, question_id, score, comment) VALUES (363, 5, 5, NULL);
INSERT INTO evaluation_details (evaluation_id, question_id, score, comment) VALUES (363, 6, 5, NULL);
INSERT INTO evaluation_details (evaluation_id, question_id, score, comment) VALUES (363, 7, 5, NULL);
INSERT INTO evaluation_details (evaluation_id, question_id, score, comment) VALUES (363, 8, 4, NULL);
INSERT INTO evaluation_details (evaluation_id, question_id, score, comment) VALUES (363, 9, 5, NULL);
INSERT INTO evaluation_details (evaluation_id, question_id, score, comment) VALUES (363, 10, 4, NULL);
INSERT INTO evaluation_details (evaluation_id, question_id, score, comment) VALUES (363, 11, NULL, 'Muy buen TL, siempre nos guía cuando estamos bloqueados.');
INSERT INTO evaluations (id, evaluatee_id, form_id, period_id, is_anonymous, status, submitted_at, created_at) VALUES (364, 7, 2, 4, FALSE, 'submitted', '2026-07-10 10:00:00', '2026-07-10 10:00:00');
INSERT INTO evaluation_submissions (evaluator_id, evaluatee_id, period_id, evaluation_id, created_at) VALUES (77, 7, 4, 364, '2026-07-10 10:00:00');
INSERT INTO evaluation_details (evaluation_id, question_id, score, comment) VALUES (364, 12, 4, NULL);
INSERT INTO evaluation_details (evaluation_id, question_id, score, comment) VALUES (364, 13, 3, NULL);
INSERT INTO evaluation_details (evaluation_id, question_id, score, comment) VALUES (364, 14, 5, NULL);
INSERT INTO evaluation_details (evaluation_id, question_id, score, comment) VALUES (364, 15, 5, NULL);
INSERT INTO evaluation_details (evaluation_id, question_id, score, comment) VALUES (364, 16, 3, NULL);
INSERT INTO evaluation_details (evaluation_id, question_id, score, comment) VALUES (364, 17, 4, NULL);
INSERT INTO evaluation_details (evaluation_id, question_id, score, comment) VALUES (364, 18, 5, NULL);
INSERT INTO evaluation_details (evaluation_id, question_id, score, comment) VALUES (364, 19, 5, NULL);
INSERT INTO evaluation_details (evaluation_id, question_id, score, comment) VALUES (364, 20, NULL, 'Es muy amable y sabe cómo explicar temas difíciles.');
INSERT INTO evaluations (id, evaluatee_id, form_id, period_id, is_anonymous, status, submitted_at, created_at) VALUES (365, 4, 1, 4, FALSE, 'submitted', '2026-07-10 10:00:00', '2026-07-10 10:00:00');
INSERT INTO evaluation_submissions (evaluator_id, evaluatee_id, period_id, evaluation_id, created_at) VALUES (78, 4, 4, 365, '2026-07-10 10:00:00');
INSERT INTO evaluation_details (evaluation_id, question_id, score, comment) VALUES (365, 1, 4, NULL);
INSERT INTO evaluation_details (evaluation_id, question_id, score, comment) VALUES (365, 2, 5, NULL);
INSERT INTO evaluation_details (evaluation_id, question_id, score, comment) VALUES (365, 3, 4, NULL);
INSERT INTO evaluation_details (evaluation_id, question_id, score, comment) VALUES (365, 4, 4, NULL);
INSERT INTO evaluation_details (evaluation_id, question_id, score, comment) VALUES (365, 5, 4, NULL);
INSERT INTO evaluation_details (evaluation_id, question_id, score, comment) VALUES (365, 6, 5, NULL);
INSERT INTO evaluation_details (evaluation_id, question_id, score, comment) VALUES (365, 7, 5, NULL);
INSERT INTO evaluation_details (evaluation_id, question_id, score, comment) VALUES (365, 8, 5, NULL);
INSERT INTO evaluation_details (evaluation_id, question_id, score, comment) VALUES (365, 9, 4, NULL);
INSERT INTO evaluation_details (evaluation_id, question_id, score, comment) VALUES (365, 10, 3, NULL);
INSERT INTO evaluation_details (evaluation_id, question_id, score, comment) VALUES (365, 11, NULL, 'A veces se demora un poco en contestar por Slack, pero cuando lo hace es muy claro.');
INSERT INTO evaluations (id, evaluatee_id, form_id, period_id, is_anonymous, status, submitted_at, created_at) VALUES (366, 7, 2, 4, TRUE, 'submitted', '2026-07-10 10:00:00', '2026-07-10 10:00:00');
INSERT INTO evaluation_submissions (evaluator_id, evaluatee_id, period_id, evaluation_id, created_at) VALUES (78, 7, 4, 366, '2026-07-10 10:00:00');
INSERT INTO evaluation_details (evaluation_id, question_id, score, comment) VALUES (366, 12, 3, NULL);
INSERT INTO evaluation_details (evaluation_id, question_id, score, comment) VALUES (366, 13, 4, NULL);
INSERT INTO evaluation_details (evaluation_id, question_id, score, comment) VALUES (366, 14, 4, NULL);
INSERT INTO evaluation_details (evaluation_id, question_id, score, comment) VALUES (366, 15, 4, NULL);
INSERT INTO evaluation_details (evaluation_id, question_id, score, comment) VALUES (366, 16, 4, NULL);
INSERT INTO evaluation_details (evaluation_id, question_id, score, comment) VALUES (366, 17, 4, NULL);
INSERT INTO evaluation_details (evaluation_id, question_id, score, comment) VALUES (366, 18, 5, NULL);
INSERT INTO evaluation_details (evaluation_id, question_id, score, comment) VALUES (366, 19, 5, NULL);
INSERT INTO evaluation_details (evaluation_id, question_id, score, comment) VALUES (366, 20, NULL, 'Excelente dominio de FastAPI, resuelve las dudas en el acto.');
INSERT INTO evaluations (id, evaluatee_id, form_id, period_id, is_anonymous, status, submitted_at, created_at) VALUES (367, 4, 1, 4, FALSE, 'submitted', '2026-07-10 10:00:00', '2026-07-10 10:00:00');
INSERT INTO evaluation_submissions (evaluator_id, evaluatee_id, period_id, evaluation_id, created_at) VALUES (79, 4, 4, 367, '2026-07-10 10:00:00');
INSERT INTO evaluation_details (evaluation_id, question_id, score, comment) VALUES (367, 1, 4, NULL);
INSERT INTO evaluation_details (evaluation_id, question_id, score, comment) VALUES (367, 2, 5, NULL);
INSERT INTO evaluation_details (evaluation_id, question_id, score, comment) VALUES (367, 3, 5, NULL);
INSERT INTO evaluation_details (evaluation_id, question_id, score, comment) VALUES (367, 4, 5, NULL);
INSERT INTO evaluation_details (evaluation_id, question_id, score, comment) VALUES (367, 5, 4, NULL);
INSERT INTO evaluation_details (evaluation_id, question_id, score, comment) VALUES (367, 6, 5, NULL);
INSERT INTO evaluation_details (evaluation_id, question_id, score, comment) VALUES (367, 7, 5, NULL);
INSERT INTO evaluation_details (evaluation_id, question_id, score, comment) VALUES (367, 8, 4, NULL);
INSERT INTO evaluation_details (evaluation_id, question_id, score, comment) VALUES (367, 9, 3, NULL);
INSERT INTO evaluation_details (evaluation_id, question_id, score, comment) VALUES (367, 10, 5, NULL);
INSERT INTO evaluation_details (evaluation_id, question_id, score, comment) VALUES (367, 11, NULL, 'Excelente acompañamiento, siempre está dispuesto a ayudarnos.');
INSERT INTO evaluations (id, evaluatee_id, form_id, period_id, is_anonymous, status, submitted_at, created_at) VALUES (368, 7, 2, 4, FALSE, 'submitted', '2026-07-10 10:00:00', '2026-07-10 10:00:00');
INSERT INTO evaluation_submissions (evaluator_id, evaluatee_id, period_id, evaluation_id, created_at) VALUES (79, 7, 4, 368, '2026-07-10 10:00:00');
INSERT INTO evaluation_details (evaluation_id, question_id, score, comment) VALUES (368, 12, 5, NULL);
INSERT INTO evaluation_details (evaluation_id, question_id, score, comment) VALUES (368, 13, 4, NULL);
INSERT INTO evaluation_details (evaluation_id, question_id, score, comment) VALUES (368, 14, 4, NULL);
INSERT INTO evaluation_details (evaluation_id, question_id, score, comment) VALUES (368, 15, 5, NULL);
INSERT INTO evaluation_details (evaluation_id, question_id, score, comment) VALUES (368, 16, 4, NULL);
INSERT INTO evaluation_details (evaluation_id, question_id, score, comment) VALUES (368, 17, 5, NULL);
INSERT INTO evaluation_details (evaluation_id, question_id, score, comment) VALUES (368, 18, 3, NULL);
INSERT INTO evaluation_details (evaluation_id, question_id, score, comment) VALUES (368, 19, 5, NULL);
INSERT INTO evaluations (id, evaluatee_id, form_id, period_id, is_anonymous, status, submitted_at, created_at) VALUES (369, 4, 1, 4, FALSE, 'submitted', '2026-07-10 10:00:00', '2026-07-10 10:00:00');
INSERT INTO evaluation_submissions (evaluator_id, evaluatee_id, period_id, evaluation_id, created_at) VALUES (80, 4, 4, 369, '2026-07-10 10:00:00');
INSERT INTO evaluation_details (evaluation_id, question_id, score, comment) VALUES (369, 1, 5, NULL);
INSERT INTO evaluation_details (evaluation_id, question_id, score, comment) VALUES (369, 2, 4, NULL);
INSERT INTO evaluation_details (evaluation_id, question_id, score, comment) VALUES (369, 3, 4, NULL);
INSERT INTO evaluation_details (evaluation_id, question_id, score, comment) VALUES (369, 4, 5, NULL);
INSERT INTO evaluation_details (evaluation_id, question_id, score, comment) VALUES (369, 5, 4, NULL);
INSERT INTO evaluation_details (evaluation_id, question_id, score, comment) VALUES (369, 6, 5, NULL);
INSERT INTO evaluation_details (evaluation_id, question_id, score, comment) VALUES (369, 7, 5, NULL);
INSERT INTO evaluation_details (evaluation_id, question_id, score, comment) VALUES (369, 8, 3, NULL);
INSERT INTO evaluation_details (evaluation_id, question_id, score, comment) VALUES (369, 9, 5, NULL);
INSERT INTO evaluation_details (evaluation_id, question_id, score, comment) VALUES (369, 10, 4, NULL);
INSERT INTO evaluations (id, evaluatee_id, form_id, period_id, is_anonymous, status, submitted_at, created_at) VALUES (370, 7, 2, 4, FALSE, 'submitted', '2026-07-10 10:00:00', '2026-07-10 10:00:00');
INSERT INTO evaluation_submissions (evaluator_id, evaluatee_id, period_id, evaluation_id, created_at) VALUES (80, 7, 4, 370, '2026-07-10 10:00:00');
INSERT INTO evaluation_details (evaluation_id, question_id, score, comment) VALUES (370, 12, 4, NULL);
INSERT INTO evaluation_details (evaluation_id, question_id, score, comment) VALUES (370, 13, 4, NULL);
INSERT INTO evaluation_details (evaluation_id, question_id, score, comment) VALUES (370, 14, 4, NULL);
INSERT INTO evaluation_details (evaluation_id, question_id, score, comment) VALUES (370, 15, 4, NULL);
INSERT INTO evaluation_details (evaluation_id, question_id, score, comment) VALUES (370, 16, 3, NULL);
INSERT INTO evaluation_details (evaluation_id, question_id, score, comment) VALUES (370, 17, 4, NULL);
INSERT INTO evaluation_details (evaluation_id, question_id, score, comment) VALUES (370, 18, 5, NULL);
INSERT INTO evaluation_details (evaluation_id, question_id, score, comment) VALUES (370, 19, 5, NULL);
INSERT INTO evaluation_details (evaluation_id, question_id, score, comment) VALUES (370, 20, NULL, 'Es muy amable y sabe cómo explicar temas difíciles.');
INSERT INTO evaluations (id, evaluatee_id, form_id, period_id, is_anonymous, status, submitted_at, created_at) VALUES (371, 4, 1, 4, FALSE, 'submitted', '2026-07-10 10:00:00', '2026-07-10 10:00:00');
INSERT INTO evaluation_submissions (evaluator_id, evaluatee_id, period_id, evaluation_id, created_at) VALUES (81, 4, 4, 371, '2026-07-10 10:00:00');
INSERT INTO evaluation_details (evaluation_id, question_id, score, comment) VALUES (371, 1, 5, NULL);
INSERT INTO evaluation_details (evaluation_id, question_id, score, comment) VALUES (371, 2, 5, NULL);
INSERT INTO evaluation_details (evaluation_id, question_id, score, comment) VALUES (371, 3, 5, NULL);
INSERT INTO evaluation_details (evaluation_id, question_id, score, comment) VALUES (371, 4, 5, NULL);
INSERT INTO evaluation_details (evaluation_id, question_id, score, comment) VALUES (371, 5, 5, NULL);
INSERT INTO evaluation_details (evaluation_id, question_id, score, comment) VALUES (371, 6, 5, NULL);
INSERT INTO evaluation_details (evaluation_id, question_id, score, comment) VALUES (371, 7, 5, NULL);
INSERT INTO evaluation_details (evaluation_id, question_id, score, comment) VALUES (371, 8, 5, NULL);
INSERT INTO evaluation_details (evaluation_id, question_id, score, comment) VALUES (371, 9, 4, NULL);
INSERT INTO evaluation_details (evaluation_id, question_id, score, comment) VALUES (371, 10, 4, NULL);
INSERT INTO evaluation_details (evaluation_id, question_id, score, comment) VALUES (371, 11, NULL, 'Muy buen TL, siempre nos guía cuando estamos bloqueados.');
INSERT INTO evaluations (id, evaluatee_id, form_id, period_id, is_anonymous, status, submitted_at, created_at) VALUES (372, 7, 2, 4, FALSE, 'submitted', '2026-07-10 10:00:00', '2026-07-10 10:00:00');
INSERT INTO evaluation_submissions (evaluator_id, evaluatee_id, period_id, evaluation_id, created_at) VALUES (81, 7, 4, 372, '2026-07-10 10:00:00');
INSERT INTO evaluation_details (evaluation_id, question_id, score, comment) VALUES (372, 12, 4, NULL);
INSERT INTO evaluation_details (evaluation_id, question_id, score, comment) VALUES (372, 13, 5, NULL);
INSERT INTO evaluation_details (evaluation_id, question_id, score, comment) VALUES (372, 14, 5, NULL);
INSERT INTO evaluation_details (evaluation_id, question_id, score, comment) VALUES (372, 15, 4, NULL);
INSERT INTO evaluation_details (evaluation_id, question_id, score, comment) VALUES (372, 16, 5, NULL);
INSERT INTO evaluation_details (evaluation_id, question_id, score, comment) VALUES (372, 17, 4, NULL);
INSERT INTO evaluation_details (evaluation_id, question_id, score, comment) VALUES (372, 18, 4, NULL);
INSERT INTO evaluation_details (evaluation_id, question_id, score, comment) VALUES (372, 19, 3, NULL);
INSERT INTO evaluation_details (evaluation_id, question_id, score, comment) VALUES (372, 20, NULL, 'Me gustaría más ejercicios prácticos en vivo.');
INSERT INTO evaluations (id, evaluatee_id, form_id, period_id, is_anonymous, status, submitted_at, created_at) VALUES (373, 4, 1, 4, FALSE, 'submitted', '2026-07-10 10:00:00', '2026-07-10 10:00:00');
INSERT INTO evaluation_submissions (evaluator_id, evaluatee_id, period_id, evaluation_id, created_at) VALUES (82, 4, 4, 373, '2026-07-10 10:00:00');
INSERT INTO evaluation_details (evaluation_id, question_id, score, comment) VALUES (373, 1, 3, NULL);
INSERT INTO evaluation_details (evaluation_id, question_id, score, comment) VALUES (373, 2, 5, NULL);
INSERT INTO evaluation_details (evaluation_id, question_id, score, comment) VALUES (373, 3, 5, NULL);
INSERT INTO evaluation_details (evaluation_id, question_id, score, comment) VALUES (373, 4, 4, NULL);
INSERT INTO evaluation_details (evaluation_id, question_id, score, comment) VALUES (373, 5, 5, NULL);
INSERT INTO evaluation_details (evaluation_id, question_id, score, comment) VALUES (373, 6, 4, NULL);
INSERT INTO evaluation_details (evaluation_id, question_id, score, comment) VALUES (373, 7, 5, NULL);
INSERT INTO evaluation_details (evaluation_id, question_id, score, comment) VALUES (373, 8, 4, NULL);
INSERT INTO evaluation_details (evaluation_id, question_id, score, comment) VALUES (373, 9, 5, NULL);
INSERT INTO evaluation_details (evaluation_id, question_id, score, comment) VALUES (373, 10, 3, NULL);
INSERT INTO evaluation_details (evaluation_id, question_id, score, comment) VALUES (373, 11, NULL, 'Las dailies son muy útiles, las dirige muy bien.');
INSERT INTO evaluations (id, evaluatee_id, form_id, period_id, is_anonymous, status, submitted_at, created_at) VALUES (374, 7, 2, 4, FALSE, 'submitted', '2026-07-10 10:00:00', '2026-07-10 10:00:00');
INSERT INTO evaluation_submissions (evaluator_id, evaluatee_id, period_id, evaluation_id, created_at) VALUES (82, 7, 4, 374, '2026-07-10 10:00:00');
INSERT INTO evaluation_details (evaluation_id, question_id, score, comment) VALUES (374, 12, 5, NULL);
INSERT INTO evaluation_details (evaluation_id, question_id, score, comment) VALUES (374, 13, 5, NULL);
INSERT INTO evaluation_details (evaluation_id, question_id, score, comment) VALUES (374, 14, 5, NULL);
INSERT INTO evaluation_details (evaluation_id, question_id, score, comment) VALUES (374, 15, 5, NULL);
INSERT INTO evaluation_details (evaluation_id, question_id, score, comment) VALUES (374, 16, 5, NULL);
INSERT INTO evaluation_details (evaluation_id, question_id, score, comment) VALUES (374, 17, 5, NULL);
INSERT INTO evaluation_details (evaluation_id, question_id, score, comment) VALUES (374, 18, 4, NULL);
INSERT INTO evaluation_details (evaluation_id, question_id, score, comment) VALUES (374, 19, 3, NULL);
INSERT INTO evaluation_details (evaluation_id, question_id, score, comment) VALUES (374, 20, NULL, 'Me encanta cómo explica la arquitectura de software.');
INSERT INTO evaluations (id, evaluatee_id, form_id, period_id, is_anonymous, status, submitted_at, created_at) VALUES (375, 4, 1, 4, TRUE, 'submitted', '2026-07-10 10:00:00', '2026-07-10 10:00:00');
INSERT INTO evaluation_submissions (evaluator_id, evaluatee_id, period_id, evaluation_id, created_at) VALUES (83, 4, 4, 375, '2026-07-10 10:00:00');
INSERT INTO evaluation_details (evaluation_id, question_id, score, comment) VALUES (375, 1, 4, NULL);
INSERT INTO evaluation_details (evaluation_id, question_id, score, comment) VALUES (375, 2, 4, NULL);
INSERT INTO evaluation_details (evaluation_id, question_id, score, comment) VALUES (375, 3, 5, NULL);
INSERT INTO evaluation_details (evaluation_id, question_id, score, comment) VALUES (375, 4, 5, NULL);
INSERT INTO evaluation_details (evaluation_id, question_id, score, comment) VALUES (375, 5, 4, NULL);
INSERT INTO evaluation_details (evaluation_id, question_id, score, comment) VALUES (375, 6, 5, NULL);
INSERT INTO evaluation_details (evaluation_id, question_id, score, comment) VALUES (375, 7, 4, NULL);
INSERT INTO evaluation_details (evaluation_id, question_id, score, comment) VALUES (375, 8, 5, NULL);
INSERT INTO evaluation_details (evaluation_id, question_id, score, comment) VALUES (375, 9, 4, NULL);
INSERT INTO evaluation_details (evaluation_id, question_id, score, comment) VALUES (375, 10, 5, NULL);
INSERT INTO evaluations (id, evaluatee_id, form_id, period_id, is_anonymous, status, submitted_at, created_at) VALUES (376, 7, 2, 4, FALSE, 'submitted', '2026-07-10 10:00:00', '2026-07-10 10:00:00');
INSERT INTO evaluation_submissions (evaluator_id, evaluatee_id, period_id, evaluation_id, created_at) VALUES (83, 7, 4, 376, '2026-07-10 10:00:00');
INSERT INTO evaluation_details (evaluation_id, question_id, score, comment) VALUES (376, 12, 4, NULL);
INSERT INTO evaluation_details (evaluation_id, question_id, score, comment) VALUES (376, 13, 5, NULL);
INSERT INTO evaluation_details (evaluation_id, question_id, score, comment) VALUES (376, 14, 5, NULL);
INSERT INTO evaluation_details (evaluation_id, question_id, score, comment) VALUES (376, 15, 5, NULL);
INSERT INTO evaluation_details (evaluation_id, question_id, score, comment) VALUES (376, 16, 5, NULL);
INSERT INTO evaluation_details (evaluation_id, question_id, score, comment) VALUES (376, 17, 4, NULL);
INSERT INTO evaluation_details (evaluation_id, question_id, score, comment) VALUES (376, 18, 3, NULL);
INSERT INTO evaluation_details (evaluation_id, question_id, score, comment) VALUES (376, 19, 5, NULL);
INSERT INTO evaluation_details (evaluation_id, question_id, score, comment) VALUES (376, 20, NULL, 'Las clases son súper claras, los ejemplos en vivo ayudan muchísimo.');
INSERT INTO evaluations (id, evaluatee_id, form_id, period_id, is_anonymous, status, submitted_at, created_at) VALUES (377, 2, 1, 5, FALSE, 'submitted', '2026-10-10 10:00:00', '2026-10-10 10:00:00');
INSERT INTO evaluation_submissions (evaluator_id, evaluatee_id, period_id, evaluation_id, created_at) VALUES (12, 2, 5, 377, '2026-10-10 10:00:00');
INSERT INTO evaluation_details (evaluation_id, question_id, score, comment) VALUES (377, 1, 4, NULL);
INSERT INTO evaluation_details (evaluation_id, question_id, score, comment) VALUES (377, 2, 5, NULL);
INSERT INTO evaluation_details (evaluation_id, question_id, score, comment) VALUES (377, 3, 5, NULL);
INSERT INTO evaluation_details (evaluation_id, question_id, score, comment) VALUES (377, 4, 5, NULL);
INSERT INTO evaluation_details (evaluation_id, question_id, score, comment) VALUES (377, 5, 5, NULL);
INSERT INTO evaluation_details (evaluation_id, question_id, score, comment) VALUES (377, 6, 5, NULL);
INSERT INTO evaluation_details (evaluation_id, question_id, score, comment) VALUES (377, 7, 4, NULL);
INSERT INTO evaluation_details (evaluation_id, question_id, score, comment) VALUES (377, 8, 5, NULL);
INSERT INTO evaluation_details (evaluation_id, question_id, score, comment) VALUES (377, 9, 4, NULL);
INSERT INTO evaluation_details (evaluation_id, question_id, score, comment) VALUES (377, 10, 4, NULL);
INSERT INTO evaluations (id, evaluatee_id, form_id, period_id, is_anonymous, status, submitted_at, created_at) VALUES (378, 2, 1, 5, FALSE, 'submitted', '2026-10-10 10:00:00', '2026-10-10 10:00:00');
INSERT INTO evaluation_submissions (evaluator_id, evaluatee_id, period_id, evaluation_id, created_at) VALUES (13, 2, 5, 378, '2026-10-10 10:00:00');
INSERT INTO evaluation_details (evaluation_id, question_id, score, comment) VALUES (378, 1, 4, NULL);
INSERT INTO evaluation_details (evaluation_id, question_id, score, comment) VALUES (378, 2, 5, NULL);
INSERT INTO evaluation_details (evaluation_id, question_id, score, comment) VALUES (378, 3, 3, NULL);
INSERT INTO evaluation_details (evaluation_id, question_id, score, comment) VALUES (378, 4, 5, NULL);
INSERT INTO evaluation_details (evaluation_id, question_id, score, comment) VALUES (378, 5, 5, NULL);
INSERT INTO evaluation_details (evaluation_id, question_id, score, comment) VALUES (378, 6, 4, NULL);
INSERT INTO evaluation_details (evaluation_id, question_id, score, comment) VALUES (378, 7, 4, NULL);
INSERT INTO evaluation_details (evaluation_id, question_id, score, comment) VALUES (378, 8, 4, NULL);
INSERT INTO evaluation_details (evaluation_id, question_id, score, comment) VALUES (378, 9, 4, NULL);
INSERT INTO evaluation_details (evaluation_id, question_id, score, comment) VALUES (378, 10, 5, NULL);
INSERT INTO evaluation_details (evaluation_id, question_id, score, comment) VALUES (378, 11, NULL, 'Gracias a él he mejorado mucho mi lógica.');
INSERT INTO evaluations (id, evaluatee_id, form_id, period_id, is_anonymous, status, submitted_at, created_at) VALUES (379, 2, 1, 5, FALSE, 'submitted', '2026-10-10 10:00:00', '2026-10-10 10:00:00');
INSERT INTO evaluation_submissions (evaluator_id, evaluatee_id, period_id, evaluation_id, created_at) VALUES (14, 2, 5, 379, '2026-10-10 10:00:00');
INSERT INTO evaluation_details (evaluation_id, question_id, score, comment) VALUES (379, 1, 4, NULL);
INSERT INTO evaluation_details (evaluation_id, question_id, score, comment) VALUES (379, 2, 5, NULL);
INSERT INTO evaluation_details (evaluation_id, question_id, score, comment) VALUES (379, 3, 5, NULL);
INSERT INTO evaluation_details (evaluation_id, question_id, score, comment) VALUES (379, 4, 5, NULL);
INSERT INTO evaluation_details (evaluation_id, question_id, score, comment) VALUES (379, 5, 4, NULL);
INSERT INTO evaluation_details (evaluation_id, question_id, score, comment) VALUES (379, 6, 4, NULL);
INSERT INTO evaluation_details (evaluation_id, question_id, score, comment) VALUES (379, 7, 4, NULL);
INSERT INTO evaluation_details (evaluation_id, question_id, score, comment) VALUES (379, 8, 4, NULL);
INSERT INTO evaluation_details (evaluation_id, question_id, score, comment) VALUES (379, 9, 4, NULL);
INSERT INTO evaluation_details (evaluation_id, question_id, score, comment) VALUES (379, 10, 5, NULL);
INSERT INTO evaluation_details (evaluation_id, question_id, score, comment) VALUES (379, 11, NULL, 'Me encanta su forma de liderar, he aprendido mucho de él.');
INSERT INTO evaluations (id, evaluatee_id, form_id, period_id, is_anonymous, status, submitted_at, created_at) VALUES (380, 2, 1, 5, FALSE, 'submitted', '2026-10-10 10:00:00', '2026-10-10 10:00:00');
INSERT INTO evaluation_submissions (evaluator_id, evaluatee_id, period_id, evaluation_id, created_at) VALUES (15, 2, 5, 380, '2026-10-10 10:00:00');
INSERT INTO evaluation_details (evaluation_id, question_id, score, comment) VALUES (380, 1, 5, NULL);
INSERT INTO evaluation_details (evaluation_id, question_id, score, comment) VALUES (380, 2, 4, NULL);
INSERT INTO evaluation_details (evaluation_id, question_id, score, comment) VALUES (380, 3, 4, NULL);
INSERT INTO evaluation_details (evaluation_id, question_id, score, comment) VALUES (380, 4, 5, NULL);
INSERT INTO evaluation_details (evaluation_id, question_id, score, comment) VALUES (380, 5, 4, NULL);
INSERT INTO evaluation_details (evaluation_id, question_id, score, comment) VALUES (380, 6, 3, NULL);
INSERT INTO evaluation_details (evaluation_id, question_id, score, comment) VALUES (380, 7, 4, NULL);
INSERT INTO evaluation_details (evaluation_id, question_id, score, comment) VALUES (380, 8, 4, NULL);
INSERT INTO evaluation_details (evaluation_id, question_id, score, comment) VALUES (380, 9, 3, NULL);
INSERT INTO evaluation_details (evaluation_id, question_id, score, comment) VALUES (380, 10, 4, NULL);
INSERT INTO evaluation_details (evaluation_id, question_id, score, comment) VALUES (380, 11, NULL, 'Me gustaría que las dailies fueran un poco más largas.');
INSERT INTO evaluations (id, evaluatee_id, form_id, period_id, is_anonymous, status, submitted_at, created_at) VALUES (381, 2, 1, 5, FALSE, 'submitted', '2026-10-10 10:00:00', '2026-10-10 10:00:00');
INSERT INTO evaluation_submissions (evaluator_id, evaluatee_id, period_id, evaluation_id, created_at) VALUES (16, 2, 5, 381, '2026-10-10 10:00:00');
INSERT INTO evaluation_details (evaluation_id, question_id, score, comment) VALUES (381, 1, 5, NULL);
INSERT INTO evaluation_details (evaluation_id, question_id, score, comment) VALUES (381, 2, 5, NULL);
INSERT INTO evaluation_details (evaluation_id, question_id, score, comment) VALUES (381, 3, 5, NULL);
INSERT INTO evaluation_details (evaluation_id, question_id, score, comment) VALUES (381, 4, 4, NULL);
INSERT INTO evaluation_details (evaluation_id, question_id, score, comment) VALUES (381, 5, 5, NULL);
INSERT INTO evaluation_details (evaluation_id, question_id, score, comment) VALUES (381, 6, 3, NULL);
INSERT INTO evaluation_details (evaluation_id, question_id, score, comment) VALUES (381, 7, 5, NULL);
INSERT INTO evaluation_details (evaluation_id, question_id, score, comment) VALUES (381, 8, 4, NULL);
INSERT INTO evaluation_details (evaluation_id, question_id, score, comment) VALUES (381, 9, 3, NULL);
INSERT INTO evaluation_details (evaluation_id, question_id, score, comment) VALUES (381, 10, 5, NULL);
INSERT INTO evaluation_details (evaluation_id, question_id, score, comment) VALUES (381, 11, NULL, 'Muy buen TL, siempre nos guía cuando estamos bloqueados.');
INSERT INTO evaluations (id, evaluatee_id, form_id, period_id, is_anonymous, status, submitted_at, created_at) VALUES (382, 2, 1, 5, FALSE, 'submitted', '2026-10-10 10:00:00', '2026-10-10 10:00:00');
INSERT INTO evaluation_submissions (evaluator_id, evaluatee_id, period_id, evaluation_id, created_at) VALUES (17, 2, 5, 382, '2026-10-10 10:00:00');
INSERT INTO evaluation_details (evaluation_id, question_id, score, comment) VALUES (382, 1, 5, NULL);
INSERT INTO evaluation_details (evaluation_id, question_id, score, comment) VALUES (382, 2, 4, NULL);
INSERT INTO evaluation_details (evaluation_id, question_id, score, comment) VALUES (382, 3, 4, NULL);
INSERT INTO evaluation_details (evaluation_id, question_id, score, comment) VALUES (382, 4, 4, NULL);
INSERT INTO evaluation_details (evaluation_id, question_id, score, comment) VALUES (382, 5, 5, NULL);
INSERT INTO evaluation_details (evaluation_id, question_id, score, comment) VALUES (382, 6, 4, NULL);
INSERT INTO evaluation_details (evaluation_id, question_id, score, comment) VALUES (382, 7, 4, NULL);
INSERT INTO evaluation_details (evaluation_id, question_id, score, comment) VALUES (382, 8, 5, NULL);
INSERT INTO evaluation_details (evaluation_id, question_id, score, comment) VALUES (382, 9, 5, NULL);
INSERT INTO evaluation_details (evaluation_id, question_id, score, comment) VALUES (382, 10, 4, NULL);
INSERT INTO evaluation_details (evaluation_id, question_id, score, comment) VALUES (382, 11, NULL, 'Muy buen TL, siempre nos guía cuando estamos bloqueados.');
INSERT INTO evaluations (id, evaluatee_id, form_id, period_id, is_anonymous, status, submitted_at, created_at) VALUES (383, 2, 1, 5, FALSE, 'submitted', '2026-10-10 10:00:00', '2026-10-10 10:00:00');
INSERT INTO evaluation_submissions (evaluator_id, evaluatee_id, period_id, evaluation_id, created_at) VALUES (18, 2, 5, 383, '2026-10-10 10:00:00');
INSERT INTO evaluation_details (evaluation_id, question_id, score, comment) VALUES (383, 1, 5, NULL);
INSERT INTO evaluation_details (evaluation_id, question_id, score, comment) VALUES (383, 2, 4, NULL);
INSERT INTO evaluation_details (evaluation_id, question_id, score, comment) VALUES (383, 3, 4, NULL);
INSERT INTO evaluation_details (evaluation_id, question_id, score, comment) VALUES (383, 4, 5, NULL);
INSERT INTO evaluation_details (evaluation_id, question_id, score, comment) VALUES (383, 5, 4, NULL);
INSERT INTO evaluation_details (evaluation_id, question_id, score, comment) VALUES (383, 6, 5, NULL);
INSERT INTO evaluation_details (evaluation_id, question_id, score, comment) VALUES (383, 7, 4, NULL);
INSERT INTO evaluation_details (evaluation_id, question_id, score, comment) VALUES (383, 8, 5, NULL);
INSERT INTO evaluation_details (evaluation_id, question_id, score, comment) VALUES (383, 9, 5, NULL);
INSERT INTO evaluation_details (evaluation_id, question_id, score, comment) VALUES (383, 10, 5, NULL);
INSERT INTO evaluation_details (evaluation_id, question_id, score, comment) VALUES (383, 11, NULL, 'Explica súper bien los requerimientos de los proyectos.');
INSERT INTO evaluations (id, evaluatee_id, form_id, period_id, is_anonymous, status, submitted_at, created_at) VALUES (384, 2, 1, 5, FALSE, 'submitted', '2026-10-10 10:00:00', '2026-10-10 10:00:00');
INSERT INTO evaluation_submissions (evaluator_id, evaluatee_id, period_id, evaluation_id, created_at) VALUES (20, 2, 5, 384, '2026-10-10 10:00:00');
INSERT INTO evaluation_details (evaluation_id, question_id, score, comment) VALUES (384, 1, 5, NULL);
INSERT INTO evaluation_details (evaluation_id, question_id, score, comment) VALUES (384, 2, 5, NULL);
INSERT INTO evaluation_details (evaluation_id, question_id, score, comment) VALUES (384, 3, 5, NULL);
INSERT INTO evaluation_details (evaluation_id, question_id, score, comment) VALUES (384, 4, 5, NULL);
INSERT INTO evaluation_details (evaluation_id, question_id, score, comment) VALUES (384, 5, 4, NULL);
INSERT INTO evaluation_details (evaluation_id, question_id, score, comment) VALUES (384, 6, 4, NULL);
INSERT INTO evaluation_details (evaluation_id, question_id, score, comment) VALUES (384, 7, 5, NULL);
INSERT INTO evaluation_details (evaluation_id, question_id, score, comment) VALUES (384, 8, 5, NULL);
INSERT INTO evaluation_details (evaluation_id, question_id, score, comment) VALUES (384, 9, 5, NULL);
INSERT INTO evaluation_details (evaluation_id, question_id, score, comment) VALUES (384, 10, 4, NULL);
INSERT INTO evaluation_details (evaluation_id, question_id, score, comment) VALUES (384, 11, NULL, 'Excelente acompañamiento, siempre está dispuesto a ayudarnos.');
INSERT INTO evaluations (id, evaluatee_id, form_id, period_id, is_anonymous, status, submitted_at, created_at) VALUES (385, 2, 1, 5, FALSE, 'submitted', '2026-10-10 10:00:00', '2026-10-10 10:00:00');
INSERT INTO evaluation_submissions (evaluator_id, evaluatee_id, period_id, evaluation_id, created_at) VALUES (21, 2, 5, 385, '2026-10-10 10:00:00');
INSERT INTO evaluation_details (evaluation_id, question_id, score, comment) VALUES (385, 1, 4, NULL);
INSERT INTO evaluation_details (evaluation_id, question_id, score, comment) VALUES (385, 2, 5, NULL);
INSERT INTO evaluation_details (evaluation_id, question_id, score, comment) VALUES (385, 3, 4, NULL);
INSERT INTO evaluation_details (evaluation_id, question_id, score, comment) VALUES (385, 4, 3, NULL);
INSERT INTO evaluation_details (evaluation_id, question_id, score, comment) VALUES (385, 5, 3, NULL);
INSERT INTO evaluation_details (evaluation_id, question_id, score, comment) VALUES (385, 6, 4, NULL);
INSERT INTO evaluation_details (evaluation_id, question_id, score, comment) VALUES (385, 7, 5, NULL);
INSERT INTO evaluation_details (evaluation_id, question_id, score, comment) VALUES (385, 8, 5, NULL);
INSERT INTO evaluation_details (evaluation_id, question_id, score, comment) VALUES (385, 9, 4, NULL);
INSERT INTO evaluation_details (evaluation_id, question_id, score, comment) VALUES (385, 10, 4, NULL);
INSERT INTO evaluation_details (evaluation_id, question_id, score, comment) VALUES (385, 11, NULL, 'Muy buen TL, siempre nos guía cuando estamos bloqueados.');
INSERT INTO evaluations (id, evaluatee_id, form_id, period_id, is_anonymous, status, submitted_at, created_at) VALUES (386, 2, 1, 5, FALSE, 'submitted', '2026-10-10 10:00:00', '2026-10-10 10:00:00');
INSERT INTO evaluation_submissions (evaluator_id, evaluatee_id, period_id, evaluation_id, created_at) VALUES (22, 2, 5, 386, '2026-10-10 10:00:00');
INSERT INTO evaluation_details (evaluation_id, question_id, score, comment) VALUES (386, 1, 4, NULL);
INSERT INTO evaluation_details (evaluation_id, question_id, score, comment) VALUES (386, 2, 4, NULL);
INSERT INTO evaluation_details (evaluation_id, question_id, score, comment) VALUES (386, 3, 4, NULL);
INSERT INTO evaluation_details (evaluation_id, question_id, score, comment) VALUES (386, 4, 3, NULL);
INSERT INTO evaluation_details (evaluation_id, question_id, score, comment) VALUES (386, 5, 5, NULL);
INSERT INTO evaluation_details (evaluation_id, question_id, score, comment) VALUES (386, 6, 5, NULL);
INSERT INTO evaluation_details (evaluation_id, question_id, score, comment) VALUES (386, 7, 5, NULL);
INSERT INTO evaluation_details (evaluation_id, question_id, score, comment) VALUES (386, 8, 5, NULL);
INSERT INTO evaluation_details (evaluation_id, question_id, score, comment) VALUES (386, 9, 4, NULL);
INSERT INTO evaluation_details (evaluation_id, question_id, score, comment) VALUES (386, 10, 3, NULL);
INSERT INTO evaluations (id, evaluatee_id, form_id, period_id, is_anonymous, status, submitted_at, created_at) VALUES (387, 2, 1, 5, FALSE, 'submitted', '2026-10-10 10:00:00', '2026-10-10 10:00:00');
INSERT INTO evaluation_submissions (evaluator_id, evaluatee_id, period_id, evaluation_id, created_at) VALUES (23, 2, 5, 387, '2026-10-10 10:00:00');
INSERT INTO evaluation_details (evaluation_id, question_id, score, comment) VALUES (387, 1, 5, NULL);
INSERT INTO evaluation_details (evaluation_id, question_id, score, comment) VALUES (387, 2, 4, NULL);
INSERT INTO evaluation_details (evaluation_id, question_id, score, comment) VALUES (387, 3, 4, NULL);
INSERT INTO evaluation_details (evaluation_id, question_id, score, comment) VALUES (387, 4, 3, NULL);
INSERT INTO evaluation_details (evaluation_id, question_id, score, comment) VALUES (387, 5, 4, NULL);
INSERT INTO evaluation_details (evaluation_id, question_id, score, comment) VALUES (387, 6, 5, NULL);
INSERT INTO evaluation_details (evaluation_id, question_id, score, comment) VALUES (387, 7, 5, NULL);
INSERT INTO evaluation_details (evaluation_id, question_id, score, comment) VALUES (387, 8, 5, NULL);
INSERT INTO evaluation_details (evaluation_id, question_id, score, comment) VALUES (387, 9, 4, NULL);
INSERT INTO evaluation_details (evaluation_id, question_id, score, comment) VALUES (387, 10, 4, NULL);
INSERT INTO evaluations (id, evaluatee_id, form_id, period_id, is_anonymous, status, submitted_at, created_at) VALUES (388, 2, 1, 5, FALSE, 'submitted', '2026-10-10 10:00:00', '2026-10-10 10:00:00');
INSERT INTO evaluation_submissions (evaluator_id, evaluatee_id, period_id, evaluation_id, created_at) VALUES (24, 2, 5, 388, '2026-10-10 10:00:00');
INSERT INTO evaluation_details (evaluation_id, question_id, score, comment) VALUES (388, 1, 4, NULL);
INSERT INTO evaluation_details (evaluation_id, question_id, score, comment) VALUES (388, 2, 5, NULL);
INSERT INTO evaluation_details (evaluation_id, question_id, score, comment) VALUES (388, 3, 4, NULL);
INSERT INTO evaluation_details (evaluation_id, question_id, score, comment) VALUES (388, 4, 5, NULL);
INSERT INTO evaluation_details (evaluation_id, question_id, score, comment) VALUES (388, 5, 5, NULL);
INSERT INTO evaluation_details (evaluation_id, question_id, score, comment) VALUES (388, 6, 4, NULL);
INSERT INTO evaluation_details (evaluation_id, question_id, score, comment) VALUES (388, 7, 4, NULL);
INSERT INTO evaluation_details (evaluation_id, question_id, score, comment) VALUES (388, 8, 5, NULL);
INSERT INTO evaluation_details (evaluation_id, question_id, score, comment) VALUES (388, 9, 5, NULL);
INSERT INTO evaluation_details (evaluation_id, question_id, score, comment) VALUES (388, 10, 5, NULL);
INSERT INTO evaluation_details (evaluation_id, question_id, score, comment) VALUES (388, 11, NULL, 'Me gustaría que las dailies fueran un poco más largas.');
INSERT INTO evaluations (id, evaluatee_id, form_id, period_id, is_anonymous, status, submitted_at, created_at) VALUES (389, 2, 1, 5, FALSE, 'submitted', '2026-10-10 10:00:00', '2026-10-10 10:00:00');
INSERT INTO evaluation_submissions (evaluator_id, evaluatee_id, period_id, evaluation_id, created_at) VALUES (25, 2, 5, 389, '2026-10-10 10:00:00');
INSERT INTO evaluation_details (evaluation_id, question_id, score, comment) VALUES (389, 1, 4, NULL);
INSERT INTO evaluation_details (evaluation_id, question_id, score, comment) VALUES (389, 2, 5, NULL);
INSERT INTO evaluation_details (evaluation_id, question_id, score, comment) VALUES (389, 3, 4, NULL);
INSERT INTO evaluation_details (evaluation_id, question_id, score, comment) VALUES (389, 4, 4, NULL);
INSERT INTO evaluation_details (evaluation_id, question_id, score, comment) VALUES (389, 5, 5, NULL);
INSERT INTO evaluation_details (evaluation_id, question_id, score, comment) VALUES (389, 6, 4, NULL);
INSERT INTO evaluation_details (evaluation_id, question_id, score, comment) VALUES (389, 7, 5, NULL);
INSERT INTO evaluation_details (evaluation_id, question_id, score, comment) VALUES (389, 8, 5, NULL);
INSERT INTO evaluation_details (evaluation_id, question_id, score, comment) VALUES (389, 9, 4, NULL);
INSERT INTO evaluation_details (evaluation_id, question_id, score, comment) VALUES (389, 10, 3, NULL);
INSERT INTO evaluations (id, evaluatee_id, form_id, period_id, is_anonymous, status, submitted_at, created_at) VALUES (390, 2, 1, 5, FALSE, 'submitted', '2026-10-10 10:00:00', '2026-10-10 10:00:00');
INSERT INTO evaluation_submissions (evaluator_id, evaluatee_id, period_id, evaluation_id, created_at) VALUES (26, 2, 5, 390, '2026-10-10 10:00:00');
INSERT INTO evaluation_details (evaluation_id, question_id, score, comment) VALUES (390, 1, 3, NULL);
INSERT INTO evaluation_details (evaluation_id, question_id, score, comment) VALUES (390, 2, 5, NULL);
INSERT INTO evaluation_details (evaluation_id, question_id, score, comment) VALUES (390, 3, 5, NULL);
INSERT INTO evaluation_details (evaluation_id, question_id, score, comment) VALUES (390, 4, 4, NULL);
INSERT INTO evaluation_details (evaluation_id, question_id, score, comment) VALUES (390, 5, 5, NULL);
INSERT INTO evaluation_details (evaluation_id, question_id, score, comment) VALUES (390, 6, 5, NULL);
INSERT INTO evaluation_details (evaluation_id, question_id, score, comment) VALUES (390, 7, 4, NULL);
INSERT INTO evaluation_details (evaluation_id, question_id, score, comment) VALUES (390, 8, 3, NULL);
INSERT INTO evaluation_details (evaluation_id, question_id, score, comment) VALUES (390, 9, 4, NULL);
INSERT INTO evaluation_details (evaluation_id, question_id, score, comment) VALUES (390, 10, 5, NULL);
INSERT INTO evaluation_details (evaluation_id, question_id, score, comment) VALUES (390, 11, NULL, 'Debería mantener su paciencia, es un gran líder.');
INSERT INTO evaluations (id, evaluatee_id, form_id, period_id, is_anonymous, status, submitted_at, created_at) VALUES (391, 2, 1, 5, FALSE, 'submitted', '2026-10-10 10:00:00', '2026-10-10 10:00:00');
INSERT INTO evaluation_submissions (evaluator_id, evaluatee_id, period_id, evaluation_id, created_at) VALUES (27, 2, 5, 391, '2026-10-10 10:00:00');
INSERT INTO evaluation_details (evaluation_id, question_id, score, comment) VALUES (391, 1, 4, NULL);
INSERT INTO evaluation_details (evaluation_id, question_id, score, comment) VALUES (391, 2, 5, NULL);
INSERT INTO evaluation_details (evaluation_id, question_id, score, comment) VALUES (391, 3, 5, NULL);
INSERT INTO evaluation_details (evaluation_id, question_id, score, comment) VALUES (391, 4, 5, NULL);
INSERT INTO evaluation_details (evaluation_id, question_id, score, comment) VALUES (391, 5, 5, NULL);
INSERT INTO evaluation_details (evaluation_id, question_id, score, comment) VALUES (391, 6, 5, NULL);
INSERT INTO evaluation_details (evaluation_id, question_id, score, comment) VALUES (391, 7, 4, NULL);
INSERT INTO evaluation_details (evaluation_id, question_id, score, comment) VALUES (391, 8, 4, NULL);
INSERT INTO evaluation_details (evaluation_id, question_id, score, comment) VALUES (391, 9, 5, NULL);
INSERT INTO evaluation_details (evaluation_id, question_id, score, comment) VALUES (391, 10, 4, NULL);
INSERT INTO evaluation_details (evaluation_id, question_id, score, comment) VALUES (391, 11, NULL, 'Explica súper bien los requerimientos de los proyectos.');
INSERT INTO evaluations (id, evaluatee_id, form_id, period_id, is_anonymous, status, submitted_at, created_at) VALUES (392, 2, 1, 5, FALSE, 'submitted', '2026-10-10 10:00:00', '2026-10-10 10:00:00');
INSERT INTO evaluation_submissions (evaluator_id, evaluatee_id, period_id, evaluation_id, created_at) VALUES (28, 2, 5, 392, '2026-10-10 10:00:00');
INSERT INTO evaluation_details (evaluation_id, question_id, score, comment) VALUES (392, 1, 5, NULL);
INSERT INTO evaluation_details (evaluation_id, question_id, score, comment) VALUES (392, 2, 5, NULL);
INSERT INTO evaluation_details (evaluation_id, question_id, score, comment) VALUES (392, 3, 5, NULL);
INSERT INTO evaluation_details (evaluation_id, question_id, score, comment) VALUES (392, 4, 5, NULL);
INSERT INTO evaluation_details (evaluation_id, question_id, score, comment) VALUES (392, 5, 5, NULL);
INSERT INTO evaluation_details (evaluation_id, question_id, score, comment) VALUES (392, 6, 5, NULL);
INSERT INTO evaluation_details (evaluation_id, question_id, score, comment) VALUES (392, 7, 5, NULL);
INSERT INTO evaluation_details (evaluation_id, question_id, score, comment) VALUES (392, 8, 5, NULL);
INSERT INTO evaluation_details (evaluation_id, question_id, score, comment) VALUES (392, 9, 4, NULL);
INSERT INTO evaluation_details (evaluation_id, question_id, score, comment) VALUES (392, 10, 5, NULL);
INSERT INTO evaluation_details (evaluation_id, question_id, score, comment) VALUES (392, 11, NULL, 'Excelente acompañamiento, siempre está dispuesto a ayudarnos.');
INSERT INTO evaluations (id, evaluatee_id, form_id, period_id, is_anonymous, status, submitted_at, created_at) VALUES (393, 2, 1, 5, FALSE, 'submitted', '2026-10-10 10:00:00', '2026-10-10 10:00:00');
INSERT INTO evaluation_submissions (evaluator_id, evaluatee_id, period_id, evaluation_id, created_at) VALUES (29, 2, 5, 393, '2026-10-10 10:00:00');
INSERT INTO evaluation_details (evaluation_id, question_id, score, comment) VALUES (393, 1, 4, NULL);
INSERT INTO evaluation_details (evaluation_id, question_id, score, comment) VALUES (393, 2, 5, NULL);
INSERT INTO evaluation_details (evaluation_id, question_id, score, comment) VALUES (393, 3, 5, NULL);
INSERT INTO evaluation_details (evaluation_id, question_id, score, comment) VALUES (393, 4, 4, NULL);
INSERT INTO evaluation_details (evaluation_id, question_id, score, comment) VALUES (393, 5, 5, NULL);
INSERT INTO evaluation_details (evaluation_id, question_id, score, comment) VALUES (393, 6, 5, NULL);
INSERT INTO evaluation_details (evaluation_id, question_id, score, comment) VALUES (393, 7, 4, NULL);
INSERT INTO evaluation_details (evaluation_id, question_id, score, comment) VALUES (393, 8, 3, NULL);
INSERT INTO evaluation_details (evaluation_id, question_id, score, comment) VALUES (393, 9, 4, NULL);
INSERT INTO evaluation_details (evaluation_id, question_id, score, comment) VALUES (393, 10, 5, NULL);
INSERT INTO evaluation_details (evaluation_id, question_id, score, comment) VALUES (393, 11, NULL, 'Debería mantener su paciencia, es un gran líder.');
INSERT INTO evaluations (id, evaluatee_id, form_id, period_id, is_anonymous, status, submitted_at, created_at) VALUES (394, 2, 1, 5, FALSE, 'submitted', '2026-10-10 10:00:00', '2026-10-10 10:00:00');
INSERT INTO evaluation_submissions (evaluator_id, evaluatee_id, period_id, evaluation_id, created_at) VALUES (30, 2, 5, 394, '2026-10-10 10:00:00');
INSERT INTO evaluation_details (evaluation_id, question_id, score, comment) VALUES (394, 1, 5, NULL);
INSERT INTO evaluation_details (evaluation_id, question_id, score, comment) VALUES (394, 2, 5, NULL);
INSERT INTO evaluation_details (evaluation_id, question_id, score, comment) VALUES (394, 3, 4, NULL);
INSERT INTO evaluation_details (evaluation_id, question_id, score, comment) VALUES (394, 4, 4, NULL);
INSERT INTO evaluation_details (evaluation_id, question_id, score, comment) VALUES (394, 5, 5, NULL);
INSERT INTO evaluation_details (evaluation_id, question_id, score, comment) VALUES (394, 6, 5, NULL);
INSERT INTO evaluation_details (evaluation_id, question_id, score, comment) VALUES (394, 7, 5, NULL);
INSERT INTO evaluation_details (evaluation_id, question_id, score, comment) VALUES (394, 8, 5, NULL);
INSERT INTO evaluation_details (evaluation_id, question_id, score, comment) VALUES (394, 9, 4, NULL);
INSERT INTO evaluation_details (evaluation_id, question_id, score, comment) VALUES (394, 10, 4, NULL);
INSERT INTO evaluation_details (evaluation_id, question_id, score, comment) VALUES (394, 11, NULL, 'Podría darnos más recursos externos para estudiar.');
INSERT INTO evaluations (id, evaluatee_id, form_id, period_id, is_anonymous, status, submitted_at, created_at) VALUES (395, 2, 1, 5, FALSE, 'submitted', '2026-10-10 10:00:00', '2026-10-10 10:00:00');
INSERT INTO evaluation_submissions (evaluator_id, evaluatee_id, period_id, evaluation_id, created_at) VALUES (31, 2, 5, 395, '2026-10-10 10:00:00');
INSERT INTO evaluation_details (evaluation_id, question_id, score, comment) VALUES (395, 1, 4, NULL);
INSERT INTO evaluation_details (evaluation_id, question_id, score, comment) VALUES (395, 2, 5, NULL);
INSERT INTO evaluation_details (evaluation_id, question_id, score, comment) VALUES (395, 3, 5, NULL);
INSERT INTO evaluation_details (evaluation_id, question_id, score, comment) VALUES (395, 4, 4, NULL);
INSERT INTO evaluation_details (evaluation_id, question_id, score, comment) VALUES (395, 5, 5, NULL);
INSERT INTO evaluation_details (evaluation_id, question_id, score, comment) VALUES (395, 6, 4, NULL);
INSERT INTO evaluation_details (evaluation_id, question_id, score, comment) VALUES (395, 7, 4, NULL);
INSERT INTO evaluation_details (evaluation_id, question_id, score, comment) VALUES (395, 8, 5, NULL);
INSERT INTO evaluation_details (evaluation_id, question_id, score, comment) VALUES (395, 9, 5, NULL);
INSERT INTO evaluation_details (evaluation_id, question_id, score, comment) VALUES (395, 10, 4, NULL);
INSERT INTO evaluation_details (evaluation_id, question_id, score, comment) VALUES (395, 11, NULL, 'Muy buen TL, siempre nos guía cuando estamos bloqueados.');
INSERT INTO evaluations (id, evaluatee_id, form_id, period_id, is_anonymous, status, submitted_at, created_at) VALUES (396, 2, 1, 5, FALSE, 'submitted', '2026-10-10 10:00:00', '2026-10-10 10:00:00');
INSERT INTO evaluation_submissions (evaluator_id, evaluatee_id, period_id, evaluation_id, created_at) VALUES (32, 2, 5, 396, '2026-10-10 10:00:00');
INSERT INTO evaluation_details (evaluation_id, question_id, score, comment) VALUES (396, 1, 5, NULL);
INSERT INTO evaluation_details (evaluation_id, question_id, score, comment) VALUES (396, 2, 4, NULL);
INSERT INTO evaluation_details (evaluation_id, question_id, score, comment) VALUES (396, 3, 5, NULL);
INSERT INTO evaluation_details (evaluation_id, question_id, score, comment) VALUES (396, 4, 3, NULL);
INSERT INTO evaluation_details (evaluation_id, question_id, score, comment) VALUES (396, 5, 5, NULL);
INSERT INTO evaluation_details (evaluation_id, question_id, score, comment) VALUES (396, 6, 4, NULL);
INSERT INTO evaluation_details (evaluation_id, question_id, score, comment) VALUES (396, 7, 5, NULL);
INSERT INTO evaluation_details (evaluation_id, question_id, score, comment) VALUES (396, 8, 3, NULL);
INSERT INTO evaluation_details (evaluation_id, question_id, score, comment) VALUES (396, 9, 5, NULL);
INSERT INTO evaluation_details (evaluation_id, question_id, score, comment) VALUES (396, 10, 5, NULL);
INSERT INTO evaluation_details (evaluation_id, question_id, score, comment) VALUES (396, 11, NULL, 'Podría darnos más recursos externos para estudiar.');
INSERT INTO evaluations (id, evaluatee_id, form_id, period_id, is_anonymous, status, submitted_at, created_at) VALUES (397, 2, 1, 5, FALSE, 'submitted', '2026-10-10 10:00:00', '2026-10-10 10:00:00');
INSERT INTO evaluation_submissions (evaluator_id, evaluatee_id, period_id, evaluation_id, created_at) VALUES (33, 2, 5, 397, '2026-10-10 10:00:00');
INSERT INTO evaluation_details (evaluation_id, question_id, score, comment) VALUES (397, 1, 4, NULL);
INSERT INTO evaluation_details (evaluation_id, question_id, score, comment) VALUES (397, 2, 4, NULL);
INSERT INTO evaluation_details (evaluation_id, question_id, score, comment) VALUES (397, 3, 4, NULL);
INSERT INTO evaluation_details (evaluation_id, question_id, score, comment) VALUES (397, 4, 5, NULL);
INSERT INTO evaluation_details (evaluation_id, question_id, score, comment) VALUES (397, 5, 4, NULL);
INSERT INTO evaluation_details (evaluation_id, question_id, score, comment) VALUES (397, 6, 5, NULL);
INSERT INTO evaluation_details (evaluation_id, question_id, score, comment) VALUES (397, 7, 3, NULL);
INSERT INTO evaluation_details (evaluation_id, question_id, score, comment) VALUES (397, 8, 5, NULL);
INSERT INTO evaluation_details (evaluation_id, question_id, score, comment) VALUES (397, 9, 4, NULL);
INSERT INTO evaluation_details (evaluation_id, question_id, score, comment) VALUES (397, 10, 4, NULL);
INSERT INTO evaluation_details (evaluation_id, question_id, score, comment) VALUES (397, 11, NULL, 'Muy buen TL, siempre nos guía cuando estamos bloqueados.');
INSERT INTO evaluations (id, evaluatee_id, form_id, period_id, is_anonymous, status, submitted_at, created_at) VALUES (398, 2, 1, 5, FALSE, 'submitted', '2026-10-10 10:00:00', '2026-10-10 10:00:00');
INSERT INTO evaluation_submissions (evaluator_id, evaluatee_id, period_id, evaluation_id, created_at) VALUES (34, 2, 5, 398, '2026-10-10 10:00:00');
INSERT INTO evaluation_details (evaluation_id, question_id, score, comment) VALUES (398, 1, 5, NULL);
INSERT INTO evaluation_details (evaluation_id, question_id, score, comment) VALUES (398, 2, 5, NULL);
INSERT INTO evaluation_details (evaluation_id, question_id, score, comment) VALUES (398, 3, 5, NULL);
INSERT INTO evaluation_details (evaluation_id, question_id, score, comment) VALUES (398, 4, 5, NULL);
INSERT INTO evaluation_details (evaluation_id, question_id, score, comment) VALUES (398, 5, 4, NULL);
INSERT INTO evaluation_details (evaluation_id, question_id, score, comment) VALUES (398, 6, 5, NULL);
INSERT INTO evaluation_details (evaluation_id, question_id, score, comment) VALUES (398, 7, 4, NULL);
INSERT INTO evaluation_details (evaluation_id, question_id, score, comment) VALUES (398, 8, 4, NULL);
INSERT INTO evaluation_details (evaluation_id, question_id, score, comment) VALUES (398, 9, 5, NULL);
INSERT INTO evaluation_details (evaluation_id, question_id, score, comment) VALUES (398, 10, 3, NULL);
INSERT INTO evaluations (id, evaluatee_id, form_id, period_id, is_anonymous, status, submitted_at, created_at) VALUES (399, 2, 1, 5, FALSE, 'submitted', '2026-10-10 10:00:00', '2026-10-10 10:00:00');
INSERT INTO evaluation_submissions (evaluator_id, evaluatee_id, period_id, evaluation_id, created_at) VALUES (35, 2, 5, 399, '2026-10-10 10:00:00');
INSERT INTO evaluation_details (evaluation_id, question_id, score, comment) VALUES (399, 1, 5, NULL);
INSERT INTO evaluation_details (evaluation_id, question_id, score, comment) VALUES (399, 2, 5, NULL);
INSERT INTO evaluation_details (evaluation_id, question_id, score, comment) VALUES (399, 3, 5, NULL);
INSERT INTO evaluation_details (evaluation_id, question_id, score, comment) VALUES (399, 4, 5, NULL);
INSERT INTO evaluation_details (evaluation_id, question_id, score, comment) VALUES (399, 5, 4, NULL);
INSERT INTO evaluation_details (evaluation_id, question_id, score, comment) VALUES (399, 6, 4, NULL);
INSERT INTO evaluation_details (evaluation_id, question_id, score, comment) VALUES (399, 7, 4, NULL);
INSERT INTO evaluation_details (evaluation_id, question_id, score, comment) VALUES (399, 8, 3, NULL);
INSERT INTO evaluation_details (evaluation_id, question_id, score, comment) VALUES (399, 9, 5, NULL);
INSERT INTO evaluation_details (evaluation_id, question_id, score, comment) VALUES (399, 10, 4, NULL);
INSERT INTO evaluation_details (evaluation_id, question_id, score, comment) VALUES (399, 11, NULL, 'A veces se demora un poco en contestar por Slack, pero cuando lo hace es muy claro.');
INSERT INTO evaluations (id, evaluatee_id, form_id, period_id, is_anonymous, status, submitted_at, created_at) VALUES (400, 2, 1, 5, TRUE, 'submitted', '2026-10-10 10:00:00', '2026-10-10 10:00:00');
INSERT INTO evaluation_submissions (evaluator_id, evaluatee_id, period_id, evaluation_id, created_at) VALUES (36, 2, 5, 400, '2026-10-10 10:00:00');
INSERT INTO evaluation_details (evaluation_id, question_id, score, comment) VALUES (400, 1, 5, NULL);
INSERT INTO evaluation_details (evaluation_id, question_id, score, comment) VALUES (400, 2, 5, NULL);
INSERT INTO evaluation_details (evaluation_id, question_id, score, comment) VALUES (400, 3, 5, NULL);
INSERT INTO evaluation_details (evaluation_id, question_id, score, comment) VALUES (400, 4, 4, NULL);
INSERT INTO evaluation_details (evaluation_id, question_id, score, comment) VALUES (400, 5, 5, NULL);
INSERT INTO evaluation_details (evaluation_id, question_id, score, comment) VALUES (400, 6, 4, NULL);
INSERT INTO evaluation_details (evaluation_id, question_id, score, comment) VALUES (400, 7, 5, NULL);
INSERT INTO evaluation_details (evaluation_id, question_id, score, comment) VALUES (400, 8, 5, NULL);
INSERT INTO evaluation_details (evaluation_id, question_id, score, comment) VALUES (400, 9, 4, NULL);
INSERT INTO evaluation_details (evaluation_id, question_id, score, comment) VALUES (400, 10, 5, NULL);
INSERT INTO evaluation_details (evaluation_id, question_id, score, comment) VALUES (400, 11, NULL, 'Muy buen TL, siempre nos guía cuando estamos bloqueados.');
INSERT INTO evaluations (id, evaluatee_id, form_id, period_id, is_anonymous, status, submitted_at, created_at) VALUES (401, 2, 1, 5, FALSE, 'submitted', '2026-10-10 10:00:00', '2026-10-10 10:00:00');
INSERT INTO evaluation_submissions (evaluator_id, evaluatee_id, period_id, evaluation_id, created_at) VALUES (37, 2, 5, 401, '2026-10-10 10:00:00');
INSERT INTO evaluation_details (evaluation_id, question_id, score, comment) VALUES (401, 1, 5, NULL);
INSERT INTO evaluation_details (evaluation_id, question_id, score, comment) VALUES (401, 2, 4, NULL);
INSERT INTO evaluation_details (evaluation_id, question_id, score, comment) VALUES (401, 3, 5, NULL);
INSERT INTO evaluation_details (evaluation_id, question_id, score, comment) VALUES (401, 4, 5, NULL);
INSERT INTO evaluation_details (evaluation_id, question_id, score, comment) VALUES (401, 5, 5, NULL);
INSERT INTO evaluation_details (evaluation_id, question_id, score, comment) VALUES (401, 6, 3, NULL);
INSERT INTO evaluation_details (evaluation_id, question_id, score, comment) VALUES (401, 7, 4, NULL);
INSERT INTO evaluation_details (evaluation_id, question_id, score, comment) VALUES (401, 8, 5, NULL);
INSERT INTO evaluation_details (evaluation_id, question_id, score, comment) VALUES (401, 9, 5, NULL);
INSERT INTO evaluation_details (evaluation_id, question_id, score, comment) VALUES (401, 10, 4, NULL);
INSERT INTO evaluation_details (evaluation_id, question_id, score, comment) VALUES (401, 11, NULL, 'Las dailies son muy útiles, las dirige muy bien.');
INSERT INTO evaluations (id, evaluatee_id, form_id, period_id, is_anonymous, status, submitted_at, created_at) VALUES (402, 2, 1, 5, FALSE, 'submitted', '2026-10-10 10:00:00', '2026-10-10 10:00:00');
INSERT INTO evaluation_submissions (evaluator_id, evaluatee_id, period_id, evaluation_id, created_at) VALUES (38, 2, 5, 402, '2026-10-10 10:00:00');
INSERT INTO evaluation_details (evaluation_id, question_id, score, comment) VALUES (402, 1, 5, NULL);
INSERT INTO evaluation_details (evaluation_id, question_id, score, comment) VALUES (402, 2, 3, NULL);
INSERT INTO evaluation_details (evaluation_id, question_id, score, comment) VALUES (402, 3, 5, NULL);
INSERT INTO evaluation_details (evaluation_id, question_id, score, comment) VALUES (402, 4, 4, NULL);
INSERT INTO evaluation_details (evaluation_id, question_id, score, comment) VALUES (402, 5, 3, NULL);
INSERT INTO evaluation_details (evaluation_id, question_id, score, comment) VALUES (402, 6, 5, NULL);
INSERT INTO evaluation_details (evaluation_id, question_id, score, comment) VALUES (402, 7, 4, NULL);
INSERT INTO evaluation_details (evaluation_id, question_id, score, comment) VALUES (402, 8, 5, NULL);
INSERT INTO evaluation_details (evaluation_id, question_id, score, comment) VALUES (402, 9, 5, NULL);
INSERT INTO evaluation_details (evaluation_id, question_id, score, comment) VALUES (402, 10, 4, NULL);
INSERT INTO evaluations (id, evaluatee_id, form_id, period_id, is_anonymous, status, submitted_at, created_at) VALUES (403, 2, 1, 5, FALSE, 'submitted', '2026-10-10 10:00:00', '2026-10-10 10:00:00');
INSERT INTO evaluation_submissions (evaluator_id, evaluatee_id, period_id, evaluation_id, created_at) VALUES (39, 2, 5, 403, '2026-10-10 10:00:00');
INSERT INTO evaluation_details (evaluation_id, question_id, score, comment) VALUES (403, 1, 5, NULL);
INSERT INTO evaluation_details (evaluation_id, question_id, score, comment) VALUES (403, 2, 5, NULL);
INSERT INTO evaluation_details (evaluation_id, question_id, score, comment) VALUES (403, 3, 5, NULL);
INSERT INTO evaluation_details (evaluation_id, question_id, score, comment) VALUES (403, 4, 4, NULL);
INSERT INTO evaluation_details (evaluation_id, question_id, score, comment) VALUES (403, 5, 5, NULL);
INSERT INTO evaluation_details (evaluation_id, question_id, score, comment) VALUES (403, 6, 4, NULL);
INSERT INTO evaluation_details (evaluation_id, question_id, score, comment) VALUES (403, 7, 4, NULL);
INSERT INTO evaluation_details (evaluation_id, question_id, score, comment) VALUES (403, 8, 5, NULL);
INSERT INTO evaluation_details (evaluation_id, question_id, score, comment) VALUES (403, 9, 4, NULL);
INSERT INTO evaluation_details (evaluation_id, question_id, score, comment) VALUES (403, 10, 5, NULL);
INSERT INTO evaluations (id, evaluatee_id, form_id, period_id, is_anonymous, status, submitted_at, created_at) VALUES (404, 2, 1, 5, TRUE, 'submitted', '2026-10-10 10:00:00', '2026-10-10 10:00:00');
INSERT INTO evaluation_submissions (evaluator_id, evaluatee_id, period_id, evaluation_id, created_at) VALUES (40, 2, 5, 404, '2026-10-10 10:00:00');
INSERT INTO evaluation_details (evaluation_id, question_id, score, comment) VALUES (404, 1, 5, NULL);
INSERT INTO evaluation_details (evaluation_id, question_id, score, comment) VALUES (404, 2, 3, NULL);
INSERT INTO evaluation_details (evaluation_id, question_id, score, comment) VALUES (404, 3, 5, NULL);
INSERT INTO evaluation_details (evaluation_id, question_id, score, comment) VALUES (404, 4, 5, NULL);
INSERT INTO evaluation_details (evaluation_id, question_id, score, comment) VALUES (404, 5, 5, NULL);
INSERT INTO evaluation_details (evaluation_id, question_id, score, comment) VALUES (404, 6, 5, NULL);
INSERT INTO evaluation_details (evaluation_id, question_id, score, comment) VALUES (404, 7, 5, NULL);
INSERT INTO evaluation_details (evaluation_id, question_id, score, comment) VALUES (404, 8, 3, NULL);
INSERT INTO evaluation_details (evaluation_id, question_id, score, comment) VALUES (404, 9, 5, NULL);
INSERT INTO evaluation_details (evaluation_id, question_id, score, comment) VALUES (404, 10, 5, NULL);
INSERT INTO evaluation_details (evaluation_id, question_id, score, comment) VALUES (404, 11, NULL, 'Me encanta su forma de liderar, he aprendido mucho de él.');
INSERT INTO evaluations (id, evaluatee_id, form_id, period_id, is_anonymous, status, submitted_at, created_at) VALUES (405, 2, 1, 5, FALSE, 'submitted', '2026-10-10 10:00:00', '2026-10-10 10:00:00');
INSERT INTO evaluation_submissions (evaluator_id, evaluatee_id, period_id, evaluation_id, created_at) VALUES (41, 2, 5, 405, '2026-10-10 10:00:00');
INSERT INTO evaluation_details (evaluation_id, question_id, score, comment) VALUES (405, 1, 5, NULL);
INSERT INTO evaluation_details (evaluation_id, question_id, score, comment) VALUES (405, 2, 4, NULL);
INSERT INTO evaluation_details (evaluation_id, question_id, score, comment) VALUES (405, 3, 5, NULL);
INSERT INTO evaluation_details (evaluation_id, question_id, score, comment) VALUES (405, 4, 5, NULL);
INSERT INTO evaluation_details (evaluation_id, question_id, score, comment) VALUES (405, 5, 4, NULL);
INSERT INTO evaluation_details (evaluation_id, question_id, score, comment) VALUES (405, 6, 4, NULL);
INSERT INTO evaluation_details (evaluation_id, question_id, score, comment) VALUES (405, 7, 3, NULL);
INSERT INTO evaluation_details (evaluation_id, question_id, score, comment) VALUES (405, 8, 5, NULL);
INSERT INTO evaluation_details (evaluation_id, question_id, score, comment) VALUES (405, 9, 5, NULL);
INSERT INTO evaluation_details (evaluation_id, question_id, score, comment) VALUES (405, 10, 4, NULL);
INSERT INTO evaluation_details (evaluation_id, question_id, score, comment) VALUES (405, 11, NULL, 'A veces se demora un poco en contestar por Slack, pero cuando lo hace es muy claro.');
INSERT INTO evaluations (id, evaluatee_id, form_id, period_id, is_anonymous, status, submitted_at, created_at) VALUES (406, 2, 1, 5, FALSE, 'submitted', '2026-10-10 10:00:00', '2026-10-10 10:00:00');
INSERT INTO evaluation_submissions (evaluator_id, evaluatee_id, period_id, evaluation_id, created_at) VALUES (42, 2, 5, 406, '2026-10-10 10:00:00');
INSERT INTO evaluation_details (evaluation_id, question_id, score, comment) VALUES (406, 1, 3, NULL);
INSERT INTO evaluation_details (evaluation_id, question_id, score, comment) VALUES (406, 2, 3, NULL);
INSERT INTO evaluation_details (evaluation_id, question_id, score, comment) VALUES (406, 3, 5, NULL);
INSERT INTO evaluation_details (evaluation_id, question_id, score, comment) VALUES (406, 4, 4, NULL);
INSERT INTO evaluation_details (evaluation_id, question_id, score, comment) VALUES (406, 5, 4, NULL);
INSERT INTO evaluation_details (evaluation_id, question_id, score, comment) VALUES (406, 6, 4, NULL);
INSERT INTO evaluation_details (evaluation_id, question_id, score, comment) VALUES (406, 7, 4, NULL);
INSERT INTO evaluation_details (evaluation_id, question_id, score, comment) VALUES (406, 8, 5, NULL);
INSERT INTO evaluation_details (evaluation_id, question_id, score, comment) VALUES (406, 9, 4, NULL);
INSERT INTO evaluation_details (evaluation_id, question_id, score, comment) VALUES (406, 10, 4, NULL);
INSERT INTO evaluation_details (evaluation_id, question_id, score, comment) VALUES (406, 11, NULL, 'Podría darnos más recursos externos para estudiar.');
INSERT INTO evaluations (id, evaluatee_id, form_id, period_id, is_anonymous, status, submitted_at, created_at) VALUES (407, 2, 1, 5, FALSE, 'submitted', '2026-10-10 10:00:00', '2026-10-10 10:00:00');
INSERT INTO evaluation_submissions (evaluator_id, evaluatee_id, period_id, evaluation_id, created_at) VALUES (44, 2, 5, 407, '2026-10-10 10:00:00');
INSERT INTO evaluation_details (evaluation_id, question_id, score, comment) VALUES (407, 1, 3, NULL);
INSERT INTO evaluation_details (evaluation_id, question_id, score, comment) VALUES (407, 2, 4, NULL);
INSERT INTO evaluation_details (evaluation_id, question_id, score, comment) VALUES (407, 3, 4, NULL);
INSERT INTO evaluation_details (evaluation_id, question_id, score, comment) VALUES (407, 4, 5, NULL);
INSERT INTO evaluation_details (evaluation_id, question_id, score, comment) VALUES (407, 5, 5, NULL);
INSERT INTO evaluation_details (evaluation_id, question_id, score, comment) VALUES (407, 6, 4, NULL);
INSERT INTO evaluation_details (evaluation_id, question_id, score, comment) VALUES (407, 7, 5, NULL);
INSERT INTO evaluation_details (evaluation_id, question_id, score, comment) VALUES (407, 8, 5, NULL);
INSERT INTO evaluation_details (evaluation_id, question_id, score, comment) VALUES (407, 9, 5, NULL);
INSERT INTO evaluation_details (evaluation_id, question_id, score, comment) VALUES (407, 10, 4, NULL);
INSERT INTO evaluation_details (evaluation_id, question_id, score, comment) VALUES (407, 11, NULL, 'Excelente acompañamiento, siempre está dispuesto a ayudarnos.');
INSERT INTO evaluations (id, evaluatee_id, form_id, period_id, is_anonymous, status, submitted_at, created_at) VALUES (408, 2, 1, 5, FALSE, 'submitted', '2026-10-10 10:00:00', '2026-10-10 10:00:00');
INSERT INTO evaluation_submissions (evaluator_id, evaluatee_id, period_id, evaluation_id, created_at) VALUES (45, 2, 5, 408, '2026-10-10 10:00:00');
INSERT INTO evaluation_details (evaluation_id, question_id, score, comment) VALUES (408, 1, 3, NULL);
INSERT INTO evaluation_details (evaluation_id, question_id, score, comment) VALUES (408, 2, 4, NULL);
INSERT INTO evaluation_details (evaluation_id, question_id, score, comment) VALUES (408, 3, 4, NULL);
INSERT INTO evaluation_details (evaluation_id, question_id, score, comment) VALUES (408, 4, 5, NULL);
INSERT INTO evaluation_details (evaluation_id, question_id, score, comment) VALUES (408, 5, 3, NULL);
INSERT INTO evaluation_details (evaluation_id, question_id, score, comment) VALUES (408, 6, 3, NULL);
INSERT INTO evaluation_details (evaluation_id, question_id, score, comment) VALUES (408, 7, 5, NULL);
INSERT INTO evaluation_details (evaluation_id, question_id, score, comment) VALUES (408, 8, 5, NULL);
INSERT INTO evaluation_details (evaluation_id, question_id, score, comment) VALUES (408, 9, 5, NULL);
INSERT INTO evaluation_details (evaluation_id, question_id, score, comment) VALUES (408, 10, 4, NULL);
INSERT INTO evaluation_details (evaluation_id, question_id, score, comment) VALUES (408, 11, NULL, 'Excelente acompañamiento, siempre está dispuesto a ayudarnos.');
INSERT INTO evaluations (id, evaluatee_id, form_id, period_id, is_anonymous, status, submitted_at, created_at) VALUES (409, 4, 1, 5, FALSE, 'submitted', '2026-10-10 10:00:00', '2026-10-10 10:00:00');
INSERT INTO evaluation_submissions (evaluator_id, evaluatee_id, period_id, evaluation_id, created_at) VALUES (52, 4, 5, 409, '2026-10-10 10:00:00');
INSERT INTO evaluation_details (evaluation_id, question_id, score, comment) VALUES (409, 1, 5, NULL);
INSERT INTO evaluation_details (evaluation_id, question_id, score, comment) VALUES (409, 2, 5, NULL);
INSERT INTO evaluation_details (evaluation_id, question_id, score, comment) VALUES (409, 3, 3, NULL);
INSERT INTO evaluation_details (evaluation_id, question_id, score, comment) VALUES (409, 4, 4, NULL);
INSERT INTO evaluation_details (evaluation_id, question_id, score, comment) VALUES (409, 5, 4, NULL);
INSERT INTO evaluation_details (evaluation_id, question_id, score, comment) VALUES (409, 6, 4, NULL);
INSERT INTO evaluation_details (evaluation_id, question_id, score, comment) VALUES (409, 7, 5, NULL);
INSERT INTO evaluation_details (evaluation_id, question_id, score, comment) VALUES (409, 8, 5, NULL);
INSERT INTO evaluation_details (evaluation_id, question_id, score, comment) VALUES (409, 9, 4, NULL);
INSERT INTO evaluation_details (evaluation_id, question_id, score, comment) VALUES (409, 10, 4, NULL);
INSERT INTO evaluations (id, evaluatee_id, form_id, period_id, is_anonymous, status, submitted_at, created_at) VALUES (410, 7, 2, 5, FALSE, 'submitted', '2026-10-10 10:00:00', '2026-10-10 10:00:00');
INSERT INTO evaluation_submissions (evaluator_id, evaluatee_id, period_id, evaluation_id, created_at) VALUES (52, 7, 5, 410, '2026-10-10 10:00:00');
INSERT INTO evaluation_details (evaluation_id, question_id, score, comment) VALUES (410, 12, 4, NULL);
INSERT INTO evaluation_details (evaluation_id, question_id, score, comment) VALUES (410, 13, 5, NULL);
INSERT INTO evaluation_details (evaluation_id, question_id, score, comment) VALUES (410, 14, 4, NULL);
INSERT INTO evaluation_details (evaluation_id, question_id, score, comment) VALUES (410, 15, 3, NULL);
INSERT INTO evaluation_details (evaluation_id, question_id, score, comment) VALUES (410, 16, 4, NULL);
INSERT INTO evaluation_details (evaluation_id, question_id, score, comment) VALUES (410, 17, 4, NULL);
INSERT INTO evaluation_details (evaluation_id, question_id, score, comment) VALUES (410, 18, 5, NULL);
INSERT INTO evaluation_details (evaluation_id, question_id, score, comment) VALUES (410, 19, 5, NULL);
INSERT INTO evaluation_details (evaluation_id, question_id, score, comment) VALUES (410, 20, NULL, 'Me encanta cómo explica la arquitectura de software.');
INSERT INTO evaluations (id, evaluatee_id, form_id, period_id, is_anonymous, status, submitted_at, created_at) VALUES (411, 4, 1, 5, FALSE, 'submitted', '2026-10-10 10:00:00', '2026-10-10 10:00:00');
INSERT INTO evaluation_submissions (evaluator_id, evaluatee_id, period_id, evaluation_id, created_at) VALUES (53, 4, 5, 411, '2026-10-10 10:00:00');
INSERT INTO evaluation_details (evaluation_id, question_id, score, comment) VALUES (411, 1, 4, NULL);
INSERT INTO evaluation_details (evaluation_id, question_id, score, comment) VALUES (411, 2, 4, NULL);
INSERT INTO evaluation_details (evaluation_id, question_id, score, comment) VALUES (411, 3, 5, NULL);
INSERT INTO evaluation_details (evaluation_id, question_id, score, comment) VALUES (411, 4, 5, NULL);
INSERT INTO evaluation_details (evaluation_id, question_id, score, comment) VALUES (411, 5, 3, NULL);
INSERT INTO evaluation_details (evaluation_id, question_id, score, comment) VALUES (411, 6, 5, NULL);
INSERT INTO evaluation_details (evaluation_id, question_id, score, comment) VALUES (411, 7, 4, NULL);
INSERT INTO evaluation_details (evaluation_id, question_id, score, comment) VALUES (411, 8, 5, NULL);
INSERT INTO evaluation_details (evaluation_id, question_id, score, comment) VALUES (411, 9, 4, NULL);
INSERT INTO evaluation_details (evaluation_id, question_id, score, comment) VALUES (411, 10, 4, NULL);
INSERT INTO evaluation_details (evaluation_id, question_id, score, comment) VALUES (411, 11, NULL, 'Gracias a él he mejorado mucho mi lógica.');
INSERT INTO evaluations (id, evaluatee_id, form_id, period_id, is_anonymous, status, submitted_at, created_at) VALUES (412, 7, 2, 5, FALSE, 'submitted', '2026-10-10 10:00:00', '2026-10-10 10:00:00');
INSERT INTO evaluation_submissions (evaluator_id, evaluatee_id, period_id, evaluation_id, created_at) VALUES (53, 7, 5, 412, '2026-10-10 10:00:00');
INSERT INTO evaluation_details (evaluation_id, question_id, score, comment) VALUES (412, 12, 4, NULL);
INSERT INTO evaluation_details (evaluation_id, question_id, score, comment) VALUES (412, 13, 4, NULL);
INSERT INTO evaluation_details (evaluation_id, question_id, score, comment) VALUES (412, 14, 5, NULL);
INSERT INTO evaluation_details (evaluation_id, question_id, score, comment) VALUES (412, 15, 5, NULL);
INSERT INTO evaluation_details (evaluation_id, question_id, score, comment) VALUES (412, 16, 5, NULL);
INSERT INTO evaluation_details (evaluation_id, question_id, score, comment) VALUES (412, 17, 4, NULL);
INSERT INTO evaluation_details (evaluation_id, question_id, score, comment) VALUES (412, 18, 4, NULL);
INSERT INTO evaluation_details (evaluation_id, question_id, score, comment) VALUES (412, 19, 5, NULL);
INSERT INTO evaluation_details (evaluation_id, question_id, score, comment) VALUES (412, 20, NULL, 'Me encanta cómo explica la arquitectura de software.');
INSERT INTO evaluations (id, evaluatee_id, form_id, period_id, is_anonymous, status, submitted_at, created_at) VALUES (413, 4, 1, 5, FALSE, 'submitted', '2026-10-10 10:00:00', '2026-10-10 10:00:00');
INSERT INTO evaluation_submissions (evaluator_id, evaluatee_id, period_id, evaluation_id, created_at) VALUES (54, 4, 5, 413, '2026-10-10 10:00:00');
INSERT INTO evaluation_details (evaluation_id, question_id, score, comment) VALUES (413, 1, 5, NULL);
INSERT INTO evaluation_details (evaluation_id, question_id, score, comment) VALUES (413, 2, 3, NULL);
INSERT INTO evaluation_details (evaluation_id, question_id, score, comment) VALUES (413, 3, 4, NULL);
INSERT INTO evaluation_details (evaluation_id, question_id, score, comment) VALUES (413, 4, 5, NULL);
INSERT INTO evaluation_details (evaluation_id, question_id, score, comment) VALUES (413, 5, 5, NULL);
INSERT INTO evaluation_details (evaluation_id, question_id, score, comment) VALUES (413, 6, 5, NULL);
INSERT INTO evaluation_details (evaluation_id, question_id, score, comment) VALUES (413, 7, 3, NULL);
INSERT INTO evaluation_details (evaluation_id, question_id, score, comment) VALUES (413, 8, 5, NULL);
INSERT INTO evaluation_details (evaluation_id, question_id, score, comment) VALUES (413, 9, 5, NULL);
INSERT INTO evaluation_details (evaluation_id, question_id, score, comment) VALUES (413, 10, 5, NULL);
INSERT INTO evaluation_details (evaluation_id, question_id, score, comment) VALUES (413, 11, NULL, 'Me encanta su forma de liderar, he aprendido mucho de él.');
INSERT INTO evaluations (id, evaluatee_id, form_id, period_id, is_anonymous, status, submitted_at, created_at) VALUES (414, 7, 2, 5, FALSE, 'submitted', '2026-10-10 10:00:00', '2026-10-10 10:00:00');
INSERT INTO evaluation_submissions (evaluator_id, evaluatee_id, period_id, evaluation_id, created_at) VALUES (54, 7, 5, 414, '2026-10-10 10:00:00');
INSERT INTO evaluation_details (evaluation_id, question_id, score, comment) VALUES (414, 12, 5, NULL);
INSERT INTO evaluation_details (evaluation_id, question_id, score, comment) VALUES (414, 13, 5, NULL);
INSERT INTO evaluation_details (evaluation_id, question_id, score, comment) VALUES (414, 14, 4, NULL);
INSERT INTO evaluation_details (evaluation_id, question_id, score, comment) VALUES (414, 15, 5, NULL);
INSERT INTO evaluation_details (evaluation_id, question_id, score, comment) VALUES (414, 16, 5, NULL);
INSERT INTO evaluation_details (evaluation_id, question_id, score, comment) VALUES (414, 17, 3, NULL);
INSERT INTO evaluation_details (evaluation_id, question_id, score, comment) VALUES (414, 18, 5, NULL);
INSERT INTO evaluation_details (evaluation_id, question_id, score, comment) VALUES (414, 19, 4, NULL);
INSERT INTO evaluation_details (evaluation_id, question_id, score, comment) VALUES (414, 20, NULL, 'Es muy amable y sabe cómo explicar temas difíciles.');
INSERT INTO evaluations (id, evaluatee_id, form_id, period_id, is_anonymous, status, submitted_at, created_at) VALUES (415, 4, 1, 5, FALSE, 'submitted', '2026-10-10 10:00:00', '2026-10-10 10:00:00');
INSERT INTO evaluation_submissions (evaluator_id, evaluatee_id, period_id, evaluation_id, created_at) VALUES (55, 4, 5, 415, '2026-10-10 10:00:00');
INSERT INTO evaluation_details (evaluation_id, question_id, score, comment) VALUES (415, 1, 4, NULL);
INSERT INTO evaluation_details (evaluation_id, question_id, score, comment) VALUES (415, 2, 5, NULL);
INSERT INTO evaluation_details (evaluation_id, question_id, score, comment) VALUES (415, 3, 5, NULL);
INSERT INTO evaluation_details (evaluation_id, question_id, score, comment) VALUES (415, 4, 5, NULL);
INSERT INTO evaluation_details (evaluation_id, question_id, score, comment) VALUES (415, 5, 5, NULL);
INSERT INTO evaluation_details (evaluation_id, question_id, score, comment) VALUES (415, 6, 5, NULL);
INSERT INTO evaluation_details (evaluation_id, question_id, score, comment) VALUES (415, 7, 4, NULL);
INSERT INTO evaluation_details (evaluation_id, question_id, score, comment) VALUES (415, 8, 5, NULL);
INSERT INTO evaluation_details (evaluation_id, question_id, score, comment) VALUES (415, 9, 5, NULL);
INSERT INTO evaluation_details (evaluation_id, question_id, score, comment) VALUES (415, 10, 5, NULL);
INSERT INTO evaluation_details (evaluation_id, question_id, score, comment) VALUES (415, 11, NULL, 'Excelente acompañamiento, siempre está dispuesto a ayudarnos.');
INSERT INTO evaluations (id, evaluatee_id, form_id, period_id, is_anonymous, status, submitted_at, created_at) VALUES (416, 7, 2, 5, FALSE, 'submitted', '2026-10-10 10:00:00', '2026-10-10 10:00:00');
INSERT INTO evaluation_submissions (evaluator_id, evaluatee_id, period_id, evaluation_id, created_at) VALUES (55, 7, 5, 416, '2026-10-10 10:00:00');
INSERT INTO evaluation_details (evaluation_id, question_id, score, comment) VALUES (416, 12, 5, NULL);
INSERT INTO evaluation_details (evaluation_id, question_id, score, comment) VALUES (416, 13, 5, NULL);
INSERT INTO evaluation_details (evaluation_id, question_id, score, comment) VALUES (416, 14, 5, NULL);
INSERT INTO evaluation_details (evaluation_id, question_id, score, comment) VALUES (416, 15, 4, NULL);
INSERT INTO evaluation_details (evaluation_id, question_id, score, comment) VALUES (416, 16, 5, NULL);
INSERT INTO evaluation_details (evaluation_id, question_id, score, comment) VALUES (416, 17, 3, NULL);
INSERT INTO evaluation_details (evaluation_id, question_id, score, comment) VALUES (416, 18, 4, NULL);
INSERT INTO evaluation_details (evaluation_id, question_id, score, comment) VALUES (416, 19, 4, NULL);
INSERT INTO evaluations (id, evaluatee_id, form_id, period_id, is_anonymous, status, submitted_at, created_at) VALUES (417, 4, 1, 5, FALSE, 'submitted', '2026-10-10 10:00:00', '2026-10-10 10:00:00');
INSERT INTO evaluation_submissions (evaluator_id, evaluatee_id, period_id, evaluation_id, created_at) VALUES (56, 4, 5, 417, '2026-10-10 10:00:00');
INSERT INTO evaluation_details (evaluation_id, question_id, score, comment) VALUES (417, 1, 5, NULL);
INSERT INTO evaluation_details (evaluation_id, question_id, score, comment) VALUES (417, 2, 4, NULL);
INSERT INTO evaluation_details (evaluation_id, question_id, score, comment) VALUES (417, 3, 5, NULL);
INSERT INTO evaluation_details (evaluation_id, question_id, score, comment) VALUES (417, 4, 4, NULL);
INSERT INTO evaluation_details (evaluation_id, question_id, score, comment) VALUES (417, 5, 5, NULL);
INSERT INTO evaluation_details (evaluation_id, question_id, score, comment) VALUES (417, 6, 4, NULL);
INSERT INTO evaluation_details (evaluation_id, question_id, score, comment) VALUES (417, 7, 5, NULL);
INSERT INTO evaluation_details (evaluation_id, question_id, score, comment) VALUES (417, 8, 5, NULL);
INSERT INTO evaluation_details (evaluation_id, question_id, score, comment) VALUES (417, 9, 4, NULL);
INSERT INTO evaluation_details (evaluation_id, question_id, score, comment) VALUES (417, 10, 4, NULL);
INSERT INTO evaluation_details (evaluation_id, question_id, score, comment) VALUES (417, 11, NULL, 'Excelente acompañamiento, siempre está dispuesto a ayudarnos.');
INSERT INTO evaluations (id, evaluatee_id, form_id, period_id, is_anonymous, status, submitted_at, created_at) VALUES (418, 7, 2, 5, FALSE, 'submitted', '2026-10-10 10:00:00', '2026-10-10 10:00:00');
INSERT INTO evaluation_submissions (evaluator_id, evaluatee_id, period_id, evaluation_id, created_at) VALUES (56, 7, 5, 418, '2026-10-10 10:00:00');
INSERT INTO evaluation_details (evaluation_id, question_id, score, comment) VALUES (418, 12, 5, NULL);
INSERT INTO evaluation_details (evaluation_id, question_id, score, comment) VALUES (418, 13, 4, NULL);
INSERT INTO evaluation_details (evaluation_id, question_id, score, comment) VALUES (418, 14, 4, NULL);
INSERT INTO evaluation_details (evaluation_id, question_id, score, comment) VALUES (418, 15, 5, NULL);
INSERT INTO evaluation_details (evaluation_id, question_id, score, comment) VALUES (418, 16, 4, NULL);
INSERT INTO evaluation_details (evaluation_id, question_id, score, comment) VALUES (418, 17, 5, NULL);
INSERT INTO evaluation_details (evaluation_id, question_id, score, comment) VALUES (418, 18, 5, NULL);
INSERT INTO evaluation_details (evaluation_id, question_id, score, comment) VALUES (418, 19, 5, NULL);
INSERT INTO evaluation_details (evaluation_id, question_id, score, comment) VALUES (418, 20, NULL, 'Las clases son súper claras, los ejemplos en vivo ayudan muchísimo.');
INSERT INTO evaluations (id, evaluatee_id, form_id, period_id, is_anonymous, status, submitted_at, created_at) VALUES (419, 4, 1, 5, FALSE, 'submitted', '2026-10-10 10:00:00', '2026-10-10 10:00:00');
INSERT INTO evaluation_submissions (evaluator_id, evaluatee_id, period_id, evaluation_id, created_at) VALUES (57, 4, 5, 419, '2026-10-10 10:00:00');
INSERT INTO evaluation_details (evaluation_id, question_id, score, comment) VALUES (419, 1, 4, NULL);
INSERT INTO evaluation_details (evaluation_id, question_id, score, comment) VALUES (419, 2, 4, NULL);
INSERT INTO evaluation_details (evaluation_id, question_id, score, comment) VALUES (419, 3, 4, NULL);
INSERT INTO evaluation_details (evaluation_id, question_id, score, comment) VALUES (419, 4, 4, NULL);
INSERT INTO evaluation_details (evaluation_id, question_id, score, comment) VALUES (419, 5, 4, NULL);
INSERT INTO evaluation_details (evaluation_id, question_id, score, comment) VALUES (419, 6, 5, NULL);
INSERT INTO evaluation_details (evaluation_id, question_id, score, comment) VALUES (419, 7, 3, NULL);
INSERT INTO evaluation_details (evaluation_id, question_id, score, comment) VALUES (419, 8, 5, NULL);
INSERT INTO evaluation_details (evaluation_id, question_id, score, comment) VALUES (419, 9, 5, NULL);
INSERT INTO evaluation_details (evaluation_id, question_id, score, comment) VALUES (419, 10, 4, NULL);
INSERT INTO evaluation_details (evaluation_id, question_id, score, comment) VALUES (419, 11, NULL, 'Debería mantener su paciencia, es un gran líder.');
INSERT INTO evaluations (id, evaluatee_id, form_id, period_id, is_anonymous, status, submitted_at, created_at) VALUES (420, 7, 2, 5, TRUE, 'submitted', '2026-10-10 10:00:00', '2026-10-10 10:00:00');
INSERT INTO evaluation_submissions (evaluator_id, evaluatee_id, period_id, evaluation_id, created_at) VALUES (57, 7, 5, 420, '2026-10-10 10:00:00');
INSERT INTO evaluation_details (evaluation_id, question_id, score, comment) VALUES (420, 12, 5, NULL);
INSERT INTO evaluation_details (evaluation_id, question_id, score, comment) VALUES (420, 13, 5, NULL);
INSERT INTO evaluation_details (evaluation_id, question_id, score, comment) VALUES (420, 14, 3, NULL);
INSERT INTO evaluation_details (evaluation_id, question_id, score, comment) VALUES (420, 15, 4, NULL);
INSERT INTO evaluation_details (evaluation_id, question_id, score, comment) VALUES (420, 16, 5, NULL);
INSERT INTO evaluation_details (evaluation_id, question_id, score, comment) VALUES (420, 17, 5, NULL);
INSERT INTO evaluation_details (evaluation_id, question_id, score, comment) VALUES (420, 18, 5, NULL);
INSERT INTO evaluation_details (evaluation_id, question_id, score, comment) VALUES (420, 19, 5, NULL);
INSERT INTO evaluation_details (evaluation_id, question_id, score, comment) VALUES (420, 20, NULL, 'Me encanta cómo explica la arquitectura de software.');
INSERT INTO evaluations (id, evaluatee_id, form_id, period_id, is_anonymous, status, submitted_at, created_at) VALUES (421, 4, 1, 5, FALSE, 'submitted', '2026-10-10 10:00:00', '2026-10-10 10:00:00');
INSERT INTO evaluation_submissions (evaluator_id, evaluatee_id, period_id, evaluation_id, created_at) VALUES (58, 4, 5, 421, '2026-10-10 10:00:00');
INSERT INTO evaluation_details (evaluation_id, question_id, score, comment) VALUES (421, 1, 4, NULL);
INSERT INTO evaluation_details (evaluation_id, question_id, score, comment) VALUES (421, 2, 4, NULL);
INSERT INTO evaluation_details (evaluation_id, question_id, score, comment) VALUES (421, 3, 5, NULL);
INSERT INTO evaluation_details (evaluation_id, question_id, score, comment) VALUES (421, 4, 5, NULL);
INSERT INTO evaluation_details (evaluation_id, question_id, score, comment) VALUES (421, 5, 5, NULL);
INSERT INTO evaluation_details (evaluation_id, question_id, score, comment) VALUES (421, 6, 4, NULL);
INSERT INTO evaluation_details (evaluation_id, question_id, score, comment) VALUES (421, 7, 5, NULL);
INSERT INTO evaluation_details (evaluation_id, question_id, score, comment) VALUES (421, 8, 5, NULL);
INSERT INTO evaluation_details (evaluation_id, question_id, score, comment) VALUES (421, 9, 5, NULL);
INSERT INTO evaluation_details (evaluation_id, question_id, score, comment) VALUES (421, 10, 3, NULL);
INSERT INTO evaluation_details (evaluation_id, question_id, score, comment) VALUES (421, 11, NULL, 'Me encanta su forma de liderar, he aprendido mucho de él.');
INSERT INTO evaluations (id, evaluatee_id, form_id, period_id, is_anonymous, status, submitted_at, created_at) VALUES (422, 7, 2, 5, TRUE, 'submitted', '2026-10-10 10:00:00', '2026-10-10 10:00:00');
INSERT INTO evaluation_submissions (evaluator_id, evaluatee_id, period_id, evaluation_id, created_at) VALUES (58, 7, 5, 422, '2026-10-10 10:00:00');
INSERT INTO evaluation_details (evaluation_id, question_id, score, comment) VALUES (422, 12, 4, NULL);
INSERT INTO evaluation_details (evaluation_id, question_id, score, comment) VALUES (422, 13, 5, NULL);
INSERT INTO evaluation_details (evaluation_id, question_id, score, comment) VALUES (422, 14, 5, NULL);
INSERT INTO evaluation_details (evaluation_id, question_id, score, comment) VALUES (422, 15, 4, NULL);
INSERT INTO evaluation_details (evaluation_id, question_id, score, comment) VALUES (422, 16, 5, NULL);
INSERT INTO evaluation_details (evaluation_id, question_id, score, comment) VALUES (422, 17, 4, NULL);
INSERT INTO evaluation_details (evaluation_id, question_id, score, comment) VALUES (422, 18, 3, NULL);
INSERT INTO evaluation_details (evaluation_id, question_id, score, comment) VALUES (422, 19, 5, NULL);
INSERT INTO evaluation_details (evaluation_id, question_id, score, comment) VALUES (422, 20, NULL, 'Es muy amable y sabe cómo explicar temas difíciles.');
INSERT INTO evaluations (id, evaluatee_id, form_id, period_id, is_anonymous, status, submitted_at, created_at) VALUES (423, 4, 1, 5, FALSE, 'submitted', '2026-10-10 10:00:00', '2026-10-10 10:00:00');
INSERT INTO evaluation_submissions (evaluator_id, evaluatee_id, period_id, evaluation_id, created_at) VALUES (59, 4, 5, 423, '2026-10-10 10:00:00');
INSERT INTO evaluation_details (evaluation_id, question_id, score, comment) VALUES (423, 1, 5, NULL);
INSERT INTO evaluation_details (evaluation_id, question_id, score, comment) VALUES (423, 2, 4, NULL);
INSERT INTO evaluation_details (evaluation_id, question_id, score, comment) VALUES (423, 3, 4, NULL);
INSERT INTO evaluation_details (evaluation_id, question_id, score, comment) VALUES (423, 4, 4, NULL);
INSERT INTO evaluation_details (evaluation_id, question_id, score, comment) VALUES (423, 5, 5, NULL);
INSERT INTO evaluation_details (evaluation_id, question_id, score, comment) VALUES (423, 6, 4, NULL);
INSERT INTO evaluation_details (evaluation_id, question_id, score, comment) VALUES (423, 7, 5, NULL);
INSERT INTO evaluation_details (evaluation_id, question_id, score, comment) VALUES (423, 8, 5, NULL);
INSERT INTO evaluation_details (evaluation_id, question_id, score, comment) VALUES (423, 9, 5, NULL);
INSERT INTO evaluation_details (evaluation_id, question_id, score, comment) VALUES (423, 10, 5, NULL);
INSERT INTO evaluation_details (evaluation_id, question_id, score, comment) VALUES (423, 11, NULL, 'Muy buen TL, siempre nos guía cuando estamos bloqueados.');
INSERT INTO evaluations (id, evaluatee_id, form_id, period_id, is_anonymous, status, submitted_at, created_at) VALUES (424, 7, 2, 5, FALSE, 'submitted', '2026-10-10 10:00:00', '2026-10-10 10:00:00');
INSERT INTO evaluation_submissions (evaluator_id, evaluatee_id, period_id, evaluation_id, created_at) VALUES (59, 7, 5, 424, '2026-10-10 10:00:00');
INSERT INTO evaluation_details (evaluation_id, question_id, score, comment) VALUES (424, 12, 3, NULL);
INSERT INTO evaluation_details (evaluation_id, question_id, score, comment) VALUES (424, 13, 5, NULL);
INSERT INTO evaluation_details (evaluation_id, question_id, score, comment) VALUES (424, 14, 4, NULL);
INSERT INTO evaluation_details (evaluation_id, question_id, score, comment) VALUES (424, 15, 4, NULL);
INSERT INTO evaluation_details (evaluation_id, question_id, score, comment) VALUES (424, 16, 4, NULL);
INSERT INTO evaluation_details (evaluation_id, question_id, score, comment) VALUES (424, 17, 5, NULL);
INSERT INTO evaluation_details (evaluation_id, question_id, score, comment) VALUES (424, 18, 5, NULL);
INSERT INTO evaluation_details (evaluation_id, question_id, score, comment) VALUES (424, 19, 4, NULL);
INSERT INTO evaluations (id, evaluatee_id, form_id, period_id, is_anonymous, status, submitted_at, created_at) VALUES (425, 4, 1, 5, FALSE, 'submitted', '2026-10-10 10:00:00', '2026-10-10 10:00:00');
INSERT INTO evaluation_submissions (evaluator_id, evaluatee_id, period_id, evaluation_id, created_at) VALUES (60, 4, 5, 425, '2026-10-10 10:00:00');
INSERT INTO evaluation_details (evaluation_id, question_id, score, comment) VALUES (425, 1, 4, NULL);
INSERT INTO evaluation_details (evaluation_id, question_id, score, comment) VALUES (425, 2, 4, NULL);
INSERT INTO evaluation_details (evaluation_id, question_id, score, comment) VALUES (425, 3, 4, NULL);
INSERT INTO evaluation_details (evaluation_id, question_id, score, comment) VALUES (425, 4, 5, NULL);
INSERT INTO evaluation_details (evaluation_id, question_id, score, comment) VALUES (425, 5, 5, NULL);
INSERT INTO evaluation_details (evaluation_id, question_id, score, comment) VALUES (425, 6, 4, NULL);
INSERT INTO evaluation_details (evaluation_id, question_id, score, comment) VALUES (425, 7, 5, NULL);
INSERT INTO evaluation_details (evaluation_id, question_id, score, comment) VALUES (425, 8, 4, NULL);
INSERT INTO evaluation_details (evaluation_id, question_id, score, comment) VALUES (425, 9, 5, NULL);
INSERT INTO evaluation_details (evaluation_id, question_id, score, comment) VALUES (425, 10, 4, NULL);
INSERT INTO evaluation_details (evaluation_id, question_id, score, comment) VALUES (425, 11, NULL, 'Debería mantener su paciencia, es un gran líder.');
INSERT INTO evaluations (id, evaluatee_id, form_id, period_id, is_anonymous, status, submitted_at, created_at) VALUES (426, 7, 2, 5, FALSE, 'submitted', '2026-10-10 10:00:00', '2026-10-10 10:00:00');
INSERT INTO evaluation_submissions (evaluator_id, evaluatee_id, period_id, evaluation_id, created_at) VALUES (60, 7, 5, 426, '2026-10-10 10:00:00');
INSERT INTO evaluation_details (evaluation_id, question_id, score, comment) VALUES (426, 12, 5, NULL);
INSERT INTO evaluation_details (evaluation_id, question_id, score, comment) VALUES (426, 13, 5, NULL);
INSERT INTO evaluation_details (evaluation_id, question_id, score, comment) VALUES (426, 14, 4, NULL);
INSERT INTO evaluation_details (evaluation_id, question_id, score, comment) VALUES (426, 15, 5, NULL);
INSERT INTO evaluation_details (evaluation_id, question_id, score, comment) VALUES (426, 16, 5, NULL);
INSERT INTO evaluation_details (evaluation_id, question_id, score, comment) VALUES (426, 17, 4, NULL);
INSERT INTO evaluation_details (evaluation_id, question_id, score, comment) VALUES (426, 18, 3, NULL);
INSERT INTO evaluation_details (evaluation_id, question_id, score, comment) VALUES (426, 19, 5, NULL);
INSERT INTO evaluations (id, evaluatee_id, form_id, period_id, is_anonymous, status, submitted_at, created_at) VALUES (427, 4, 1, 5, FALSE, 'submitted', '2026-10-10 10:00:00', '2026-10-10 10:00:00');
INSERT INTO evaluation_submissions (evaluator_id, evaluatee_id, period_id, evaluation_id, created_at) VALUES (62, 4, 5, 427, '2026-10-10 10:00:00');
INSERT INTO evaluation_details (evaluation_id, question_id, score, comment) VALUES (427, 1, 4, NULL);
INSERT INTO evaluation_details (evaluation_id, question_id, score, comment) VALUES (427, 2, 3, NULL);
INSERT INTO evaluation_details (evaluation_id, question_id, score, comment) VALUES (427, 3, 5, NULL);
INSERT INTO evaluation_details (evaluation_id, question_id, score, comment) VALUES (427, 4, 4, NULL);
INSERT INTO evaluation_details (evaluation_id, question_id, score, comment) VALUES (427, 5, 5, NULL);
INSERT INTO evaluation_details (evaluation_id, question_id, score, comment) VALUES (427, 6, 5, NULL);
INSERT INTO evaluation_details (evaluation_id, question_id, score, comment) VALUES (427, 7, 5, NULL);
INSERT INTO evaluation_details (evaluation_id, question_id, score, comment) VALUES (427, 8, 5, NULL);
INSERT INTO evaluation_details (evaluation_id, question_id, score, comment) VALUES (427, 9, 5, NULL);
INSERT INTO evaluation_details (evaluation_id, question_id, score, comment) VALUES (427, 10, 5, NULL);
INSERT INTO evaluation_details (evaluation_id, question_id, score, comment) VALUES (427, 11, NULL, 'A veces se demora un poco en contestar por Slack, pero cuando lo hace es muy claro.');
INSERT INTO evaluations (id, evaluatee_id, form_id, period_id, is_anonymous, status, submitted_at, created_at) VALUES (428, 7, 2, 5, FALSE, 'submitted', '2026-10-10 10:00:00', '2026-10-10 10:00:00');
INSERT INTO evaluation_submissions (evaluator_id, evaluatee_id, period_id, evaluation_id, created_at) VALUES (62, 7, 5, 428, '2026-10-10 10:00:00');
INSERT INTO evaluation_details (evaluation_id, question_id, score, comment) VALUES (428, 12, 4, NULL);
INSERT INTO evaluation_details (evaluation_id, question_id, score, comment) VALUES (428, 13, 5, NULL);
INSERT INTO evaluation_details (evaluation_id, question_id, score, comment) VALUES (428, 14, 5, NULL);
INSERT INTO evaluation_details (evaluation_id, question_id, score, comment) VALUES (428, 15, 4, NULL);
INSERT INTO evaluation_details (evaluation_id, question_id, score, comment) VALUES (428, 16, 3, NULL);
INSERT INTO evaluation_details (evaluation_id, question_id, score, comment) VALUES (428, 17, 5, NULL);
INSERT INTO evaluation_details (evaluation_id, question_id, score, comment) VALUES (428, 18, 4, NULL);
INSERT INTO evaluation_details (evaluation_id, question_id, score, comment) VALUES (428, 19, 4, NULL);
INSERT INTO evaluation_details (evaluation_id, question_id, score, comment) VALUES (428, 20, NULL, 'Excelente dominio de FastAPI, resuelve las dudas en el acto.');
INSERT INTO evaluations (id, evaluatee_id, form_id, period_id, is_anonymous, status, submitted_at, created_at) VALUES (429, 4, 1, 5, FALSE, 'submitted', '2026-10-10 10:00:00', '2026-10-10 10:00:00');
INSERT INTO evaluation_submissions (evaluator_id, evaluatee_id, period_id, evaluation_id, created_at) VALUES (63, 4, 5, 429, '2026-10-10 10:00:00');
INSERT INTO evaluation_details (evaluation_id, question_id, score, comment) VALUES (429, 1, 5, NULL);
INSERT INTO evaluation_details (evaluation_id, question_id, score, comment) VALUES (429, 2, 4, NULL);
INSERT INTO evaluation_details (evaluation_id, question_id, score, comment) VALUES (429, 3, 5, NULL);
INSERT INTO evaluation_details (evaluation_id, question_id, score, comment) VALUES (429, 4, 4, NULL);
INSERT INTO evaluation_details (evaluation_id, question_id, score, comment) VALUES (429, 5, 3, NULL);
INSERT INTO evaluation_details (evaluation_id, question_id, score, comment) VALUES (429, 6, 5, NULL);
INSERT INTO evaluation_details (evaluation_id, question_id, score, comment) VALUES (429, 7, 5, NULL);
INSERT INTO evaluation_details (evaluation_id, question_id, score, comment) VALUES (429, 8, 5, NULL);
INSERT INTO evaluation_details (evaluation_id, question_id, score, comment) VALUES (429, 9, 4, NULL);
INSERT INTO evaluation_details (evaluation_id, question_id, score, comment) VALUES (429, 10, 5, NULL);
INSERT INTO evaluation_details (evaluation_id, question_id, score, comment) VALUES (429, 11, NULL, 'Excelente acompañamiento, siempre está dispuesto a ayudarnos.');
INSERT INTO evaluations (id, evaluatee_id, form_id, period_id, is_anonymous, status, submitted_at, created_at) VALUES (430, 7, 2, 5, FALSE, 'submitted', '2026-10-10 10:00:00', '2026-10-10 10:00:00');
INSERT INTO evaluation_submissions (evaluator_id, evaluatee_id, period_id, evaluation_id, created_at) VALUES (63, 7, 5, 430, '2026-10-10 10:00:00');
INSERT INTO evaluation_details (evaluation_id, question_id, score, comment) VALUES (430, 12, 3, NULL);
INSERT INTO evaluation_details (evaluation_id, question_id, score, comment) VALUES (430, 13, 4, NULL);
INSERT INTO evaluation_details (evaluation_id, question_id, score, comment) VALUES (430, 14, 5, NULL);
INSERT INTO evaluation_details (evaluation_id, question_id, score, comment) VALUES (430, 15, 3, NULL);
INSERT INTO evaluation_details (evaluation_id, question_id, score, comment) VALUES (430, 16, 3, NULL);
INSERT INTO evaluation_details (evaluation_id, question_id, score, comment) VALUES (430, 17, 4, NULL);
INSERT INTO evaluation_details (evaluation_id, question_id, score, comment) VALUES (430, 18, 4, NULL);
INSERT INTO evaluation_details (evaluation_id, question_id, score, comment) VALUES (430, 19, 5, NULL);
INSERT INTO evaluation_details (evaluation_id, question_id, score, comment) VALUES (430, 20, NULL, 'Me encanta cómo explica la arquitectura de software.');
INSERT INTO evaluations (id, evaluatee_id, form_id, period_id, is_anonymous, status, submitted_at, created_at) VALUES (431, 4, 1, 5, FALSE, 'submitted', '2026-10-10 10:00:00', '2026-10-10 10:00:00');
INSERT INTO evaluation_submissions (evaluator_id, evaluatee_id, period_id, evaluation_id, created_at) VALUES (64, 4, 5, 431, '2026-10-10 10:00:00');
INSERT INTO evaluation_details (evaluation_id, question_id, score, comment) VALUES (431, 1, 5, NULL);
INSERT INTO evaluation_details (evaluation_id, question_id, score, comment) VALUES (431, 2, 4, NULL);
INSERT INTO evaluation_details (evaluation_id, question_id, score, comment) VALUES (431, 3, 5, NULL);
INSERT INTO evaluation_details (evaluation_id, question_id, score, comment) VALUES (431, 4, 5, NULL);
INSERT INTO evaluation_details (evaluation_id, question_id, score, comment) VALUES (431, 5, 4, NULL);
INSERT INTO evaluation_details (evaluation_id, question_id, score, comment) VALUES (431, 6, 5, NULL);
INSERT INTO evaluation_details (evaluation_id, question_id, score, comment) VALUES (431, 7, 5, NULL);
INSERT INTO evaluation_details (evaluation_id, question_id, score, comment) VALUES (431, 8, 5, NULL);
INSERT INTO evaluation_details (evaluation_id, question_id, score, comment) VALUES (431, 9, 4, NULL);
INSERT INTO evaluation_details (evaluation_id, question_id, score, comment) VALUES (431, 10, 4, NULL);
INSERT INTO evaluation_details (evaluation_id, question_id, score, comment) VALUES (431, 11, NULL, 'Las dailies son muy útiles, las dirige muy bien.');
INSERT INTO evaluations (id, evaluatee_id, form_id, period_id, is_anonymous, status, submitted_at, created_at) VALUES (432, 7, 2, 5, FALSE, 'submitted', '2026-10-10 10:00:00', '2026-10-10 10:00:00');
INSERT INTO evaluation_submissions (evaluator_id, evaluatee_id, period_id, evaluation_id, created_at) VALUES (64, 7, 5, 432, '2026-10-10 10:00:00');
INSERT INTO evaluation_details (evaluation_id, question_id, score, comment) VALUES (432, 12, 5, NULL);
INSERT INTO evaluation_details (evaluation_id, question_id, score, comment) VALUES (432, 13, 4, NULL);
INSERT INTO evaluation_details (evaluation_id, question_id, score, comment) VALUES (432, 14, 3, NULL);
INSERT INTO evaluation_details (evaluation_id, question_id, score, comment) VALUES (432, 15, 5, NULL);
INSERT INTO evaluation_details (evaluation_id, question_id, score, comment) VALUES (432, 16, 3, NULL);
INSERT INTO evaluation_details (evaluation_id, question_id, score, comment) VALUES (432, 17, 4, NULL);
INSERT INTO evaluation_details (evaluation_id, question_id, score, comment) VALUES (432, 18, 5, NULL);
INSERT INTO evaluation_details (evaluation_id, question_id, score, comment) VALUES (432, 19, 5, NULL);
INSERT INTO evaluation_details (evaluation_id, question_id, score, comment) VALUES (432, 20, NULL, 'Es muy amable y sabe cómo explicar temas difíciles.');
INSERT INTO evaluations (id, evaluatee_id, form_id, period_id, is_anonymous, status, submitted_at, created_at) VALUES (433, 4, 1, 5, FALSE, 'submitted', '2026-10-10 10:00:00', '2026-10-10 10:00:00');
INSERT INTO evaluation_submissions (evaluator_id, evaluatee_id, period_id, evaluation_id, created_at) VALUES (65, 4, 5, 433, '2026-10-10 10:00:00');
INSERT INTO evaluation_details (evaluation_id, question_id, score, comment) VALUES (433, 1, 4, NULL);
INSERT INTO evaluation_details (evaluation_id, question_id, score, comment) VALUES (433, 2, 5, NULL);
INSERT INTO evaluation_details (evaluation_id, question_id, score, comment) VALUES (433, 3, 5, NULL);
INSERT INTO evaluation_details (evaluation_id, question_id, score, comment) VALUES (433, 4, 5, NULL);
INSERT INTO evaluation_details (evaluation_id, question_id, score, comment) VALUES (433, 5, 4, NULL);
INSERT INTO evaluation_details (evaluation_id, question_id, score, comment) VALUES (433, 6, 5, NULL);
INSERT INTO evaluation_details (evaluation_id, question_id, score, comment) VALUES (433, 7, 5, NULL);
INSERT INTO evaluation_details (evaluation_id, question_id, score, comment) VALUES (433, 8, 5, NULL);
INSERT INTO evaluation_details (evaluation_id, question_id, score, comment) VALUES (433, 9, 4, NULL);
INSERT INTO evaluation_details (evaluation_id, question_id, score, comment) VALUES (433, 10, 4, NULL);
INSERT INTO evaluation_details (evaluation_id, question_id, score, comment) VALUES (433, 11, NULL, 'Las dailies son muy útiles, las dirige muy bien.');
INSERT INTO evaluations (id, evaluatee_id, form_id, period_id, is_anonymous, status, submitted_at, created_at) VALUES (434, 7, 2, 5, FALSE, 'submitted', '2026-10-10 10:00:00', '2026-10-10 10:00:00');
INSERT INTO evaluation_submissions (evaluator_id, evaluatee_id, period_id, evaluation_id, created_at) VALUES (65, 7, 5, 434, '2026-10-10 10:00:00');
INSERT INTO evaluation_details (evaluation_id, question_id, score, comment) VALUES (434, 12, 3, NULL);
INSERT INTO evaluation_details (evaluation_id, question_id, score, comment) VALUES (434, 13, 3, NULL);
INSERT INTO evaluation_details (evaluation_id, question_id, score, comment) VALUES (434, 14, 5, NULL);
INSERT INTO evaluation_details (evaluation_id, question_id, score, comment) VALUES (434, 15, 5, NULL);
INSERT INTO evaluation_details (evaluation_id, question_id, score, comment) VALUES (434, 16, 4, NULL);
INSERT INTO evaluation_details (evaluation_id, question_id, score, comment) VALUES (434, 17, 5, NULL);
INSERT INTO evaluation_details (evaluation_id, question_id, score, comment) VALUES (434, 18, 5, NULL);
INSERT INTO evaluation_details (evaluation_id, question_id, score, comment) VALUES (434, 19, 4, NULL);
INSERT INTO evaluation_details (evaluation_id, question_id, score, comment) VALUES (434, 20, NULL, 'Las clases son súper claras, los ejemplos en vivo ayudan muchísimo.');
INSERT INTO evaluations (id, evaluatee_id, form_id, period_id, is_anonymous, status, submitted_at, created_at) VALUES (435, 4, 1, 5, TRUE, 'submitted', '2026-10-10 10:00:00', '2026-10-10 10:00:00');
INSERT INTO evaluation_submissions (evaluator_id, evaluatee_id, period_id, evaluation_id, created_at) VALUES (66, 4, 5, 435, '2026-10-10 10:00:00');
INSERT INTO evaluation_details (evaluation_id, question_id, score, comment) VALUES (435, 1, 5, NULL);
INSERT INTO evaluation_details (evaluation_id, question_id, score, comment) VALUES (435, 2, 4, NULL);
INSERT INTO evaluation_details (evaluation_id, question_id, score, comment) VALUES (435, 3, 5, NULL);
INSERT INTO evaluation_details (evaluation_id, question_id, score, comment) VALUES (435, 4, 5, NULL);
INSERT INTO evaluation_details (evaluation_id, question_id, score, comment) VALUES (435, 5, 4, NULL);
INSERT INTO evaluation_details (evaluation_id, question_id, score, comment) VALUES (435, 6, 4, NULL);
INSERT INTO evaluation_details (evaluation_id, question_id, score, comment) VALUES (435, 7, 5, NULL);
INSERT INTO evaluation_details (evaluation_id, question_id, score, comment) VALUES (435, 8, 4, NULL);
INSERT INTO evaluation_details (evaluation_id, question_id, score, comment) VALUES (435, 9, 3, NULL);
INSERT INTO evaluation_details (evaluation_id, question_id, score, comment) VALUES (435, 10, 4, NULL);
INSERT INTO evaluations (id, evaluatee_id, form_id, period_id, is_anonymous, status, submitted_at, created_at) VALUES (436, 7, 2, 5, FALSE, 'submitted', '2026-10-10 10:00:00', '2026-10-10 10:00:00');
INSERT INTO evaluation_submissions (evaluator_id, evaluatee_id, period_id, evaluation_id, created_at) VALUES (66, 7, 5, 436, '2026-10-10 10:00:00');
INSERT INTO evaluation_details (evaluation_id, question_id, score, comment) VALUES (436, 12, 5, NULL);
INSERT INTO evaluation_details (evaluation_id, question_id, score, comment) VALUES (436, 13, 4, NULL);
INSERT INTO evaluation_details (evaluation_id, question_id, score, comment) VALUES (436, 14, 4, NULL);
INSERT INTO evaluation_details (evaluation_id, question_id, score, comment) VALUES (436, 15, 5, NULL);
INSERT INTO evaluation_details (evaluation_id, question_id, score, comment) VALUES (436, 16, 4, NULL);
INSERT INTO evaluation_details (evaluation_id, question_id, score, comment) VALUES (436, 17, 5, NULL);
INSERT INTO evaluation_details (evaluation_id, question_id, score, comment) VALUES (436, 18, 5, NULL);
INSERT INTO evaluation_details (evaluation_id, question_id, score, comment) VALUES (436, 19, 4, NULL);
INSERT INTO evaluation_details (evaluation_id, question_id, score, comment) VALUES (436, 20, NULL, 'Me gustaría más ejercicios prácticos en vivo.');
INSERT INTO evaluations (id, evaluatee_id, form_id, period_id, is_anonymous, status, submitted_at, created_at) VALUES (437, 4, 1, 5, FALSE, 'submitted', '2026-10-10 10:00:00', '2026-10-10 10:00:00');
INSERT INTO evaluation_submissions (evaluator_id, evaluatee_id, period_id, evaluation_id, created_at) VALUES (67, 4, 5, 437, '2026-10-10 10:00:00');
INSERT INTO evaluation_details (evaluation_id, question_id, score, comment) VALUES (437, 1, 5, NULL);
INSERT INTO evaluation_details (evaluation_id, question_id, score, comment) VALUES (437, 2, 5, NULL);
INSERT INTO evaluation_details (evaluation_id, question_id, score, comment) VALUES (437, 3, 5, NULL);
INSERT INTO evaluation_details (evaluation_id, question_id, score, comment) VALUES (437, 4, 5, NULL);
INSERT INTO evaluation_details (evaluation_id, question_id, score, comment) VALUES (437, 5, 3, NULL);
INSERT INTO evaluation_details (evaluation_id, question_id, score, comment) VALUES (437, 6, 5, NULL);
INSERT INTO evaluation_details (evaluation_id, question_id, score, comment) VALUES (437, 7, 5, NULL);
INSERT INTO evaluation_details (evaluation_id, question_id, score, comment) VALUES (437, 8, 3, NULL);
INSERT INTO evaluation_details (evaluation_id, question_id, score, comment) VALUES (437, 9, 5, NULL);
INSERT INTO evaluation_details (evaluation_id, question_id, score, comment) VALUES (437, 10, 4, NULL);
INSERT INTO evaluations (id, evaluatee_id, form_id, period_id, is_anonymous, status, submitted_at, created_at) VALUES (438, 7, 2, 5, TRUE, 'submitted', '2026-10-10 10:00:00', '2026-10-10 10:00:00');
INSERT INTO evaluation_submissions (evaluator_id, evaluatee_id, period_id, evaluation_id, created_at) VALUES (67, 7, 5, 438, '2026-10-10 10:00:00');
INSERT INTO evaluation_details (evaluation_id, question_id, score, comment) VALUES (438, 12, 5, NULL);
INSERT INTO evaluation_details (evaluation_id, question_id, score, comment) VALUES (438, 13, 5, NULL);
INSERT INTO evaluation_details (evaluation_id, question_id, score, comment) VALUES (438, 14, 5, NULL);
INSERT INTO evaluation_details (evaluation_id, question_id, score, comment) VALUES (438, 15, 3, NULL);
INSERT INTO evaluation_details (evaluation_id, question_id, score, comment) VALUES (438, 16, 4, NULL);
INSERT INTO evaluation_details (evaluation_id, question_id, score, comment) VALUES (438, 17, 5, NULL);
INSERT INTO evaluation_details (evaluation_id, question_id, score, comment) VALUES (438, 18, 4, NULL);
INSERT INTO evaluation_details (evaluation_id, question_id, score, comment) VALUES (438, 19, 5, NULL);
INSERT INTO evaluation_details (evaluation_id, question_id, score, comment) VALUES (438, 20, NULL, 'Me encanta cómo explica la arquitectura de software.');
INSERT INTO evaluations (id, evaluatee_id, form_id, period_id, is_anonymous, status, submitted_at, created_at) VALUES (439, 4, 1, 5, FALSE, 'submitted', '2026-10-10 10:00:00', '2026-10-10 10:00:00');
INSERT INTO evaluation_submissions (evaluator_id, evaluatee_id, period_id, evaluation_id, created_at) VALUES (68, 4, 5, 439, '2026-10-10 10:00:00');
INSERT INTO evaluation_details (evaluation_id, question_id, score, comment) VALUES (439, 1, 4, NULL);
INSERT INTO evaluation_details (evaluation_id, question_id, score, comment) VALUES (439, 2, 4, NULL);
INSERT INTO evaluation_details (evaluation_id, question_id, score, comment) VALUES (439, 3, 4, NULL);
INSERT INTO evaluation_details (evaluation_id, question_id, score, comment) VALUES (439, 4, 4, NULL);
INSERT INTO evaluation_details (evaluation_id, question_id, score, comment) VALUES (439, 5, 4, NULL);
INSERT INTO evaluation_details (evaluation_id, question_id, score, comment) VALUES (439, 6, 5, NULL);
INSERT INTO evaluation_details (evaluation_id, question_id, score, comment) VALUES (439, 7, 5, NULL);
INSERT INTO evaluation_details (evaluation_id, question_id, score, comment) VALUES (439, 8, 5, NULL);
INSERT INTO evaluation_details (evaluation_id, question_id, score, comment) VALUES (439, 9, 4, NULL);
INSERT INTO evaluation_details (evaluation_id, question_id, score, comment) VALUES (439, 10, 5, NULL);
INSERT INTO evaluation_details (evaluation_id, question_id, score, comment) VALUES (439, 11, NULL, 'Me encanta su forma de liderar, he aprendido mucho de él.');
INSERT INTO evaluations (id, evaluatee_id, form_id, period_id, is_anonymous, status, submitted_at, created_at) VALUES (440, 7, 2, 5, FALSE, 'submitted', '2026-10-10 10:00:00', '2026-10-10 10:00:00');
INSERT INTO evaluation_submissions (evaluator_id, evaluatee_id, period_id, evaluation_id, created_at) VALUES (68, 7, 5, 440, '2026-10-10 10:00:00');
INSERT INTO evaluation_details (evaluation_id, question_id, score, comment) VALUES (440, 12, 4, NULL);
INSERT INTO evaluation_details (evaluation_id, question_id, score, comment) VALUES (440, 13, 4, NULL);
INSERT INTO evaluation_details (evaluation_id, question_id, score, comment) VALUES (440, 14, 4, NULL);
INSERT INTO evaluation_details (evaluation_id, question_id, score, comment) VALUES (440, 15, 5, NULL);
INSERT INTO evaluation_details (evaluation_id, question_id, score, comment) VALUES (440, 16, 4, NULL);
INSERT INTO evaluation_details (evaluation_id, question_id, score, comment) VALUES (440, 17, 4, NULL);
INSERT INTO evaluation_details (evaluation_id, question_id, score, comment) VALUES (440, 18, 5, NULL);
INSERT INTO evaluation_details (evaluation_id, question_id, score, comment) VALUES (440, 19, 5, NULL);
INSERT INTO evaluation_details (evaluation_id, question_id, score, comment) VALUES (440, 20, NULL, 'Me encanta cómo explica la arquitectura de software.');
INSERT INTO evaluations (id, evaluatee_id, form_id, period_id, is_anonymous, status, submitted_at, created_at) VALUES (441, 4, 1, 5, TRUE, 'submitted', '2026-10-10 10:00:00', '2026-10-10 10:00:00');
INSERT INTO evaluation_submissions (evaluator_id, evaluatee_id, period_id, evaluation_id, created_at) VALUES (69, 4, 5, 441, '2026-10-10 10:00:00');
INSERT INTO evaluation_details (evaluation_id, question_id, score, comment) VALUES (441, 1, 5, NULL);
INSERT INTO evaluation_details (evaluation_id, question_id, score, comment) VALUES (441, 2, 3, NULL);
INSERT INTO evaluation_details (evaluation_id, question_id, score, comment) VALUES (441, 3, 4, NULL);
INSERT INTO evaluation_details (evaluation_id, question_id, score, comment) VALUES (441, 4, 4, NULL);
INSERT INTO evaluation_details (evaluation_id, question_id, score, comment) VALUES (441, 5, 4, NULL);
INSERT INTO evaluation_details (evaluation_id, question_id, score, comment) VALUES (441, 6, 4, NULL);
INSERT INTO evaluation_details (evaluation_id, question_id, score, comment) VALUES (441, 7, 4, NULL);
INSERT INTO evaluation_details (evaluation_id, question_id, score, comment) VALUES (441, 8, 4, NULL);
INSERT INTO evaluation_details (evaluation_id, question_id, score, comment) VALUES (441, 9, 5, NULL);
INSERT INTO evaluation_details (evaluation_id, question_id, score, comment) VALUES (441, 10, 3, NULL);
INSERT INTO evaluations (id, evaluatee_id, form_id, period_id, is_anonymous, status, submitted_at, created_at) VALUES (442, 7, 2, 5, FALSE, 'submitted', '2026-10-10 10:00:00', '2026-10-10 10:00:00');
INSERT INTO evaluation_submissions (evaluator_id, evaluatee_id, period_id, evaluation_id, created_at) VALUES (69, 7, 5, 442, '2026-10-10 10:00:00');
INSERT INTO evaluation_details (evaluation_id, question_id, score, comment) VALUES (442, 12, 4, NULL);
INSERT INTO evaluation_details (evaluation_id, question_id, score, comment) VALUES (442, 13, 4, NULL);
INSERT INTO evaluation_details (evaluation_id, question_id, score, comment) VALUES (442, 14, 4, NULL);
INSERT INTO evaluation_details (evaluation_id, question_id, score, comment) VALUES (442, 15, 4, NULL);
INSERT INTO evaluation_details (evaluation_id, question_id, score, comment) VALUES (442, 16, 5, NULL);
INSERT INTO evaluation_details (evaluation_id, question_id, score, comment) VALUES (442, 17, 4, NULL);
INSERT INTO evaluation_details (evaluation_id, question_id, score, comment) VALUES (442, 18, 5, NULL);
INSERT INTO evaluation_details (evaluation_id, question_id, score, comment) VALUES (442, 19, 4, NULL);
INSERT INTO evaluations (id, evaluatee_id, form_id, period_id, is_anonymous, status, submitted_at, created_at) VALUES (443, 4, 1, 5, FALSE, 'submitted', '2026-10-10 10:00:00', '2026-10-10 10:00:00');
INSERT INTO evaluation_submissions (evaluator_id, evaluatee_id, period_id, evaluation_id, created_at) VALUES (70, 4, 5, 443, '2026-10-10 10:00:00');
INSERT INTO evaluation_details (evaluation_id, question_id, score, comment) VALUES (443, 1, 5, NULL);
INSERT INTO evaluation_details (evaluation_id, question_id, score, comment) VALUES (443, 2, 5, NULL);
INSERT INTO evaluation_details (evaluation_id, question_id, score, comment) VALUES (443, 3, 3, NULL);
INSERT INTO evaluation_details (evaluation_id, question_id, score, comment) VALUES (443, 4, 4, NULL);
INSERT INTO evaluation_details (evaluation_id, question_id, score, comment) VALUES (443, 5, 3, NULL);
INSERT INTO evaluation_details (evaluation_id, question_id, score, comment) VALUES (443, 6, 4, NULL);
INSERT INTO evaluation_details (evaluation_id, question_id, score, comment) VALUES (443, 7, 4, NULL);
INSERT INTO evaluation_details (evaluation_id, question_id, score, comment) VALUES (443, 8, 4, NULL);
INSERT INTO evaluation_details (evaluation_id, question_id, score, comment) VALUES (443, 9, 4, NULL);
INSERT INTO evaluation_details (evaluation_id, question_id, score, comment) VALUES (443, 10, 5, NULL);
INSERT INTO evaluation_details (evaluation_id, question_id, score, comment) VALUES (443, 11, NULL, 'Muy buen TL, siempre nos guía cuando estamos bloqueados.');
INSERT INTO evaluations (id, evaluatee_id, form_id, period_id, is_anonymous, status, submitted_at, created_at) VALUES (444, 7, 2, 5, FALSE, 'submitted', '2026-10-10 10:00:00', '2026-10-10 10:00:00');
INSERT INTO evaluation_submissions (evaluator_id, evaluatee_id, period_id, evaluation_id, created_at) VALUES (70, 7, 5, 444, '2026-10-10 10:00:00');
INSERT INTO evaluation_details (evaluation_id, question_id, score, comment) VALUES (444, 12, 5, NULL);
INSERT INTO evaluation_details (evaluation_id, question_id, score, comment) VALUES (444, 13, 4, NULL);
INSERT INTO evaluation_details (evaluation_id, question_id, score, comment) VALUES (444, 14, 5, NULL);
INSERT INTO evaluation_details (evaluation_id, question_id, score, comment) VALUES (444, 15, 5, NULL);
INSERT INTO evaluation_details (evaluation_id, question_id, score, comment) VALUES (444, 16, 5, NULL);
INSERT INTO evaluation_details (evaluation_id, question_id, score, comment) VALUES (444, 17, 4, NULL);
INSERT INTO evaluation_details (evaluation_id, question_id, score, comment) VALUES (444, 18, 5, NULL);
INSERT INTO evaluation_details (evaluation_id, question_id, score, comment) VALUES (444, 19, 5, NULL);
INSERT INTO evaluations (id, evaluatee_id, form_id, period_id, is_anonymous, status, submitted_at, created_at) VALUES (445, 4, 1, 5, TRUE, 'submitted', '2026-10-10 10:00:00', '2026-10-10 10:00:00');
INSERT INTO evaluation_submissions (evaluator_id, evaluatee_id, period_id, evaluation_id, created_at) VALUES (71, 4, 5, 445, '2026-10-10 10:00:00');
INSERT INTO evaluation_details (evaluation_id, question_id, score, comment) VALUES (445, 1, 4, NULL);
INSERT INTO evaluation_details (evaluation_id, question_id, score, comment) VALUES (445, 2, 4, NULL);
INSERT INTO evaluation_details (evaluation_id, question_id, score, comment) VALUES (445, 3, 4, NULL);
INSERT INTO evaluation_details (evaluation_id, question_id, score, comment) VALUES (445, 4, 5, NULL);
INSERT INTO evaluation_details (evaluation_id, question_id, score, comment) VALUES (445, 5, 4, NULL);
INSERT INTO evaluation_details (evaluation_id, question_id, score, comment) VALUES (445, 6, 5, NULL);
INSERT INTO evaluation_details (evaluation_id, question_id, score, comment) VALUES (445, 7, 4, NULL);
INSERT INTO evaluation_details (evaluation_id, question_id, score, comment) VALUES (445, 8, 5, NULL);
INSERT INTO evaluation_details (evaluation_id, question_id, score, comment) VALUES (445, 9, 4, NULL);
INSERT INTO evaluation_details (evaluation_id, question_id, score, comment) VALUES (445, 10, 5, NULL);
INSERT INTO evaluation_details (evaluation_id, question_id, score, comment) VALUES (445, 11, NULL, 'Las dailies son muy útiles, las dirige muy bien.');
INSERT INTO evaluations (id, evaluatee_id, form_id, period_id, is_anonymous, status, submitted_at, created_at) VALUES (446, 7, 2, 5, FALSE, 'submitted', '2026-10-10 10:00:00', '2026-10-10 10:00:00');
INSERT INTO evaluation_submissions (evaluator_id, evaluatee_id, period_id, evaluation_id, created_at) VALUES (71, 7, 5, 446, '2026-10-10 10:00:00');
INSERT INTO evaluation_details (evaluation_id, question_id, score, comment) VALUES (446, 12, 5, NULL);
INSERT INTO evaluation_details (evaluation_id, question_id, score, comment) VALUES (446, 13, 5, NULL);
INSERT INTO evaluation_details (evaluation_id, question_id, score, comment) VALUES (446, 14, 4, NULL);
INSERT INTO evaluation_details (evaluation_id, question_id, score, comment) VALUES (446, 15, 5, NULL);
INSERT INTO evaluation_details (evaluation_id, question_id, score, comment) VALUES (446, 16, 5, NULL);
INSERT INTO evaluation_details (evaluation_id, question_id, score, comment) VALUES (446, 17, 5, NULL);
INSERT INTO evaluation_details (evaluation_id, question_id, score, comment) VALUES (446, 18, 5, NULL);
INSERT INTO evaluation_details (evaluation_id, question_id, score, comment) VALUES (446, 19, 4, NULL);
INSERT INTO evaluation_details (evaluation_id, question_id, score, comment) VALUES (446, 20, NULL, 'Me gustaría más ejercicios prácticos en vivo.');
INSERT INTO evaluations (id, evaluatee_id, form_id, period_id, is_anonymous, status, submitted_at, created_at) VALUES (447, 4, 1, 5, FALSE, 'submitted', '2026-10-10 10:00:00', '2026-10-10 10:00:00');
INSERT INTO evaluation_submissions (evaluator_id, evaluatee_id, period_id, evaluation_id, created_at) VALUES (72, 4, 5, 447, '2026-10-10 10:00:00');
INSERT INTO evaluation_details (evaluation_id, question_id, score, comment) VALUES (447, 1, 5, NULL);
INSERT INTO evaluation_details (evaluation_id, question_id, score, comment) VALUES (447, 2, 5, NULL);
INSERT INTO evaluation_details (evaluation_id, question_id, score, comment) VALUES (447, 3, 5, NULL);
INSERT INTO evaluation_details (evaluation_id, question_id, score, comment) VALUES (447, 4, 5, NULL);
INSERT INTO evaluation_details (evaluation_id, question_id, score, comment) VALUES (447, 5, 4, NULL);
INSERT INTO evaluation_details (evaluation_id, question_id, score, comment) VALUES (447, 6, 5, NULL);
INSERT INTO evaluation_details (evaluation_id, question_id, score, comment) VALUES (447, 7, 4, NULL);
INSERT INTO evaluation_details (evaluation_id, question_id, score, comment) VALUES (447, 8, 4, NULL);
INSERT INTO evaluation_details (evaluation_id, question_id, score, comment) VALUES (447, 9, 5, NULL);
INSERT INTO evaluation_details (evaluation_id, question_id, score, comment) VALUES (447, 10, 4, NULL);
INSERT INTO evaluation_details (evaluation_id, question_id, score, comment) VALUES (447, 11, NULL, 'Excelente acompañamiento, siempre está dispuesto a ayudarnos.');
INSERT INTO evaluations (id, evaluatee_id, form_id, period_id, is_anonymous, status, submitted_at, created_at) VALUES (448, 7, 2, 5, FALSE, 'submitted', '2026-10-10 10:00:00', '2026-10-10 10:00:00');
INSERT INTO evaluation_submissions (evaluator_id, evaluatee_id, period_id, evaluation_id, created_at) VALUES (72, 7, 5, 448, '2026-10-10 10:00:00');
INSERT INTO evaluation_details (evaluation_id, question_id, score, comment) VALUES (448, 12, 4, NULL);
INSERT INTO evaluation_details (evaluation_id, question_id, score, comment) VALUES (448, 13, 3, NULL);
INSERT INTO evaluation_details (evaluation_id, question_id, score, comment) VALUES (448, 14, 5, NULL);
INSERT INTO evaluation_details (evaluation_id, question_id, score, comment) VALUES (448, 15, 5, NULL);
INSERT INTO evaluation_details (evaluation_id, question_id, score, comment) VALUES (448, 16, 4, NULL);
INSERT INTO evaluation_details (evaluation_id, question_id, score, comment) VALUES (448, 17, 5, NULL);
INSERT INTO evaluation_details (evaluation_id, question_id, score, comment) VALUES (448, 18, 5, NULL);
INSERT INTO evaluation_details (evaluation_id, question_id, score, comment) VALUES (448, 19, 5, NULL);
INSERT INTO evaluation_details (evaluation_id, question_id, score, comment) VALUES (448, 20, NULL, 'Me encanta cómo explica la arquitectura de software.');
INSERT INTO evaluations (id, evaluatee_id, form_id, period_id, is_anonymous, status, submitted_at, created_at) VALUES (449, 4, 1, 5, FALSE, 'submitted', '2026-10-10 10:00:00', '2026-10-10 10:00:00');
INSERT INTO evaluation_submissions (evaluator_id, evaluatee_id, period_id, evaluation_id, created_at) VALUES (73, 4, 5, 449, '2026-10-10 10:00:00');
INSERT INTO evaluation_details (evaluation_id, question_id, score, comment) VALUES (449, 1, 3, NULL);
INSERT INTO evaluation_details (evaluation_id, question_id, score, comment) VALUES (449, 2, 5, NULL);
INSERT INTO evaluation_details (evaluation_id, question_id, score, comment) VALUES (449, 3, 5, NULL);
INSERT INTO evaluation_details (evaluation_id, question_id, score, comment) VALUES (449, 4, 4, NULL);
INSERT INTO evaluation_details (evaluation_id, question_id, score, comment) VALUES (449, 5, 5, NULL);
INSERT INTO evaluation_details (evaluation_id, question_id, score, comment) VALUES (449, 6, 5, NULL);
INSERT INTO evaluation_details (evaluation_id, question_id, score, comment) VALUES (449, 7, 3, NULL);
INSERT INTO evaluation_details (evaluation_id, question_id, score, comment) VALUES (449, 8, 4, NULL);
INSERT INTO evaluation_details (evaluation_id, question_id, score, comment) VALUES (449, 9, 5, NULL);
INSERT INTO evaluation_details (evaluation_id, question_id, score, comment) VALUES (449, 10, 5, NULL);
INSERT INTO evaluation_details (evaluation_id, question_id, score, comment) VALUES (449, 11, NULL, 'Me encanta su forma de liderar, he aprendido mucho de él.');
INSERT INTO evaluations (id, evaluatee_id, form_id, period_id, is_anonymous, status, submitted_at, created_at) VALUES (450, 7, 2, 5, TRUE, 'submitted', '2026-10-10 10:00:00', '2026-10-10 10:00:00');
INSERT INTO evaluation_submissions (evaluator_id, evaluatee_id, period_id, evaluation_id, created_at) VALUES (73, 7, 5, 450, '2026-10-10 10:00:00');
INSERT INTO evaluation_details (evaluation_id, question_id, score, comment) VALUES (450, 12, 5, NULL);
INSERT INTO evaluation_details (evaluation_id, question_id, score, comment) VALUES (450, 13, 5, NULL);
INSERT INTO evaluation_details (evaluation_id, question_id, score, comment) VALUES (450, 14, 4, NULL);
INSERT INTO evaluation_details (evaluation_id, question_id, score, comment) VALUES (450, 15, 5, NULL);
INSERT INTO evaluation_details (evaluation_id, question_id, score, comment) VALUES (450, 16, 4, NULL);
INSERT INTO evaluation_details (evaluation_id, question_id, score, comment) VALUES (450, 17, 5, NULL);
INSERT INTO evaluation_details (evaluation_id, question_id, score, comment) VALUES (450, 18, 5, NULL);
INSERT INTO evaluation_details (evaluation_id, question_id, score, comment) VALUES (450, 19, 4, NULL);
INSERT INTO evaluations (id, evaluatee_id, form_id, period_id, is_anonymous, status, submitted_at, created_at) VALUES (451, 4, 1, 5, FALSE, 'submitted', '2026-10-10 10:00:00', '2026-10-10 10:00:00');
INSERT INTO evaluation_submissions (evaluator_id, evaluatee_id, period_id, evaluation_id, created_at) VALUES (74, 4, 5, 451, '2026-10-10 10:00:00');
INSERT INTO evaluation_details (evaluation_id, question_id, score, comment) VALUES (451, 1, 4, NULL);
INSERT INTO evaluation_details (evaluation_id, question_id, score, comment) VALUES (451, 2, 4, NULL);
INSERT INTO evaluation_details (evaluation_id, question_id, score, comment) VALUES (451, 3, 4, NULL);
INSERT INTO evaluation_details (evaluation_id, question_id, score, comment) VALUES (451, 4, 5, NULL);
INSERT INTO evaluation_details (evaluation_id, question_id, score, comment) VALUES (451, 5, 5, NULL);
INSERT INTO evaluation_details (evaluation_id, question_id, score, comment) VALUES (451, 6, 4, NULL);
INSERT INTO evaluation_details (evaluation_id, question_id, score, comment) VALUES (451, 7, 5, NULL);
INSERT INTO evaluation_details (evaluation_id, question_id, score, comment) VALUES (451, 8, 5, NULL);
INSERT INTO evaluation_details (evaluation_id, question_id, score, comment) VALUES (451, 9, 4, NULL);
INSERT INTO evaluation_details (evaluation_id, question_id, score, comment) VALUES (451, 10, 3, NULL);
INSERT INTO evaluation_details (evaluation_id, question_id, score, comment) VALUES (451, 11, NULL, 'Me encanta su forma de liderar, he aprendido mucho de él.');
INSERT INTO evaluations (id, evaluatee_id, form_id, period_id, is_anonymous, status, submitted_at, created_at) VALUES (452, 7, 2, 5, TRUE, 'submitted', '2026-10-10 10:00:00', '2026-10-10 10:00:00');
INSERT INTO evaluation_submissions (evaluator_id, evaluatee_id, period_id, evaluation_id, created_at) VALUES (74, 7, 5, 452, '2026-10-10 10:00:00');
INSERT INTO evaluation_details (evaluation_id, question_id, score, comment) VALUES (452, 12, 5, NULL);
INSERT INTO evaluation_details (evaluation_id, question_id, score, comment) VALUES (452, 13, 4, NULL);
INSERT INTO evaluation_details (evaluation_id, question_id, score, comment) VALUES (452, 14, 4, NULL);
INSERT INTO evaluation_details (evaluation_id, question_id, score, comment) VALUES (452, 15, 4, NULL);
INSERT INTO evaluation_details (evaluation_id, question_id, score, comment) VALUES (452, 16, 4, NULL);
INSERT INTO evaluation_details (evaluation_id, question_id, score, comment) VALUES (452, 17, 4, NULL);
INSERT INTO evaluation_details (evaluation_id, question_id, score, comment) VALUES (452, 18, 4, NULL);
INSERT INTO evaluation_details (evaluation_id, question_id, score, comment) VALUES (452, 19, 5, NULL);
INSERT INTO evaluations (id, evaluatee_id, form_id, period_id, is_anonymous, status, submitted_at, created_at) VALUES (453, 4, 1, 5, FALSE, 'submitted', '2026-10-10 10:00:00', '2026-10-10 10:00:00');
INSERT INTO evaluation_submissions (evaluator_id, evaluatee_id, period_id, evaluation_id, created_at) VALUES (75, 4, 5, 453, '2026-10-10 10:00:00');
INSERT INTO evaluation_details (evaluation_id, question_id, score, comment) VALUES (453, 1, 4, NULL);
INSERT INTO evaluation_details (evaluation_id, question_id, score, comment) VALUES (453, 2, 4, NULL);
INSERT INTO evaluation_details (evaluation_id, question_id, score, comment) VALUES (453, 3, 4, NULL);
INSERT INTO evaluation_details (evaluation_id, question_id, score, comment) VALUES (453, 4, 4, NULL);
INSERT INTO evaluation_details (evaluation_id, question_id, score, comment) VALUES (453, 5, 4, NULL);
INSERT INTO evaluation_details (evaluation_id, question_id, score, comment) VALUES (453, 6, 5, NULL);
INSERT INTO evaluation_details (evaluation_id, question_id, score, comment) VALUES (453, 7, 4, NULL);
INSERT INTO evaluation_details (evaluation_id, question_id, score, comment) VALUES (453, 8, 4, NULL);
INSERT INTO evaluation_details (evaluation_id, question_id, score, comment) VALUES (453, 9, 4, NULL);
INSERT INTO evaluation_details (evaluation_id, question_id, score, comment) VALUES (453, 10, 4, NULL);
INSERT INTO evaluation_details (evaluation_id, question_id, score, comment) VALUES (453, 11, NULL, 'A veces se demora un poco en contestar por Slack, pero cuando lo hace es muy claro.');
INSERT INTO evaluations (id, evaluatee_id, form_id, period_id, is_anonymous, status, submitted_at, created_at) VALUES (454, 7, 2, 5, FALSE, 'submitted', '2026-10-10 10:00:00', '2026-10-10 10:00:00');
INSERT INTO evaluation_submissions (evaluator_id, evaluatee_id, period_id, evaluation_id, created_at) VALUES (75, 7, 5, 454, '2026-10-10 10:00:00');
INSERT INTO evaluation_details (evaluation_id, question_id, score, comment) VALUES (454, 12, 5, NULL);
INSERT INTO evaluation_details (evaluation_id, question_id, score, comment) VALUES (454, 13, 5, NULL);
INSERT INTO evaluation_details (evaluation_id, question_id, score, comment) VALUES (454, 14, 3, NULL);
INSERT INTO evaluation_details (evaluation_id, question_id, score, comment) VALUES (454, 15, 5, NULL);
INSERT INTO evaluation_details (evaluation_id, question_id, score, comment) VALUES (454, 16, 4, NULL);
INSERT INTO evaluation_details (evaluation_id, question_id, score, comment) VALUES (454, 17, 5, NULL);
INSERT INTO evaluation_details (evaluation_id, question_id, score, comment) VALUES (454, 18, 5, NULL);
INSERT INTO evaluation_details (evaluation_id, question_id, score, comment) VALUES (454, 19, 5, NULL);
INSERT INTO evaluations (id, evaluatee_id, form_id, period_id, is_anonymous, status, submitted_at, created_at) VALUES (455, 4, 1, 5, FALSE, 'submitted', '2026-10-10 10:00:00', '2026-10-10 10:00:00');
INSERT INTO evaluation_submissions (evaluator_id, evaluatee_id, period_id, evaluation_id, created_at) VALUES (76, 4, 5, 455, '2026-10-10 10:00:00');
INSERT INTO evaluation_details (evaluation_id, question_id, score, comment) VALUES (455, 1, 5, NULL);
INSERT INTO evaluation_details (evaluation_id, question_id, score, comment) VALUES (455, 2, 5, NULL);
INSERT INTO evaluation_details (evaluation_id, question_id, score, comment) VALUES (455, 3, 5, NULL);
INSERT INTO evaluation_details (evaluation_id, question_id, score, comment) VALUES (455, 4, 4, NULL);
INSERT INTO evaluation_details (evaluation_id, question_id, score, comment) VALUES (455, 5, 4, NULL);
INSERT INTO evaluation_details (evaluation_id, question_id, score, comment) VALUES (455, 6, 5, NULL);
INSERT INTO evaluation_details (evaluation_id, question_id, score, comment) VALUES (455, 7, 5, NULL);
INSERT INTO evaluation_details (evaluation_id, question_id, score, comment) VALUES (455, 8, 4, NULL);
INSERT INTO evaluation_details (evaluation_id, question_id, score, comment) VALUES (455, 9, 4, NULL);
INSERT INTO evaluation_details (evaluation_id, question_id, score, comment) VALUES (455, 10, 5, NULL);
INSERT INTO evaluation_details (evaluation_id, question_id, score, comment) VALUES (455, 11, NULL, 'A veces se demora un poco en contestar por Slack, pero cuando lo hace es muy claro.');
INSERT INTO evaluations (id, evaluatee_id, form_id, period_id, is_anonymous, status, submitted_at, created_at) VALUES (456, 7, 2, 5, FALSE, 'submitted', '2026-10-10 10:00:00', '2026-10-10 10:00:00');
INSERT INTO evaluation_submissions (evaluator_id, evaluatee_id, period_id, evaluation_id, created_at) VALUES (76, 7, 5, 456, '2026-10-10 10:00:00');
INSERT INTO evaluation_details (evaluation_id, question_id, score, comment) VALUES (456, 12, 4, NULL);
INSERT INTO evaluation_details (evaluation_id, question_id, score, comment) VALUES (456, 13, 4, NULL);
INSERT INTO evaluation_details (evaluation_id, question_id, score, comment) VALUES (456, 14, 4, NULL);
INSERT INTO evaluation_details (evaluation_id, question_id, score, comment) VALUES (456, 15, 5, NULL);
INSERT INTO evaluation_details (evaluation_id, question_id, score, comment) VALUES (456, 16, 4, NULL);
INSERT INTO evaluation_details (evaluation_id, question_id, score, comment) VALUES (456, 17, 4, NULL);
INSERT INTO evaluation_details (evaluation_id, question_id, score, comment) VALUES (456, 18, 3, NULL);
INSERT INTO evaluation_details (evaluation_id, question_id, score, comment) VALUES (456, 19, 4, NULL);
INSERT INTO evaluation_details (evaluation_id, question_id, score, comment) VALUES (456, 20, NULL, 'Excelente dominio de FastAPI, resuelve las dudas en el acto.');
INSERT INTO evaluations (id, evaluatee_id, form_id, period_id, is_anonymous, status, submitted_at, created_at) VALUES (457, 4, 1, 5, FALSE, 'submitted', '2026-10-10 10:00:00', '2026-10-10 10:00:00');
INSERT INTO evaluation_submissions (evaluator_id, evaluatee_id, period_id, evaluation_id, created_at) VALUES (77, 4, 5, 457, '2026-10-10 10:00:00');
INSERT INTO evaluation_details (evaluation_id, question_id, score, comment) VALUES (457, 1, 4, NULL);
INSERT INTO evaluation_details (evaluation_id, question_id, score, comment) VALUES (457, 2, 5, NULL);
INSERT INTO evaluation_details (evaluation_id, question_id, score, comment) VALUES (457, 3, 4, NULL);
INSERT INTO evaluation_details (evaluation_id, question_id, score, comment) VALUES (457, 4, 5, NULL);
INSERT INTO evaluation_details (evaluation_id, question_id, score, comment) VALUES (457, 5, 5, NULL);
INSERT INTO evaluation_details (evaluation_id, question_id, score, comment) VALUES (457, 6, 5, NULL);
INSERT INTO evaluation_details (evaluation_id, question_id, score, comment) VALUES (457, 7, 5, NULL);
INSERT INTO evaluation_details (evaluation_id, question_id, score, comment) VALUES (457, 8, 5, NULL);
INSERT INTO evaluation_details (evaluation_id, question_id, score, comment) VALUES (457, 9, 4, NULL);
INSERT INTO evaluation_details (evaluation_id, question_id, score, comment) VALUES (457, 10, 4, NULL);
INSERT INTO evaluation_details (evaluation_id, question_id, score, comment) VALUES (457, 11, NULL, 'Gracias a él he mejorado mucho mi lógica.');
INSERT INTO evaluations (id, evaluatee_id, form_id, period_id, is_anonymous, status, submitted_at, created_at) VALUES (458, 7, 2, 5, FALSE, 'submitted', '2026-10-10 10:00:00', '2026-10-10 10:00:00');
INSERT INTO evaluation_submissions (evaluator_id, evaluatee_id, period_id, evaluation_id, created_at) VALUES (77, 7, 5, 458, '2026-10-10 10:00:00');
INSERT INTO evaluation_details (evaluation_id, question_id, score, comment) VALUES (458, 12, 4, NULL);
INSERT INTO evaluation_details (evaluation_id, question_id, score, comment) VALUES (458, 13, 5, NULL);
INSERT INTO evaluation_details (evaluation_id, question_id, score, comment) VALUES (458, 14, 5, NULL);
INSERT INTO evaluation_details (evaluation_id, question_id, score, comment) VALUES (458, 15, 3, NULL);
INSERT INTO evaluation_details (evaluation_id, question_id, score, comment) VALUES (458, 16, 5, NULL);
INSERT INTO evaluation_details (evaluation_id, question_id, score, comment) VALUES (458, 17, 5, NULL);
INSERT INTO evaluation_details (evaluation_id, question_id, score, comment) VALUES (458, 18, 4, NULL);
INSERT INTO evaluation_details (evaluation_id, question_id, score, comment) VALUES (458, 19, 5, NULL);
INSERT INTO evaluation_details (evaluation_id, question_id, score, comment) VALUES (458, 20, NULL, 'Me encanta cómo explica la arquitectura de software.');
INSERT INTO evaluations (id, evaluatee_id, form_id, period_id, is_anonymous, status, submitted_at, created_at) VALUES (459, 4, 1, 5, FALSE, 'submitted', '2026-10-10 10:00:00', '2026-10-10 10:00:00');
INSERT INTO evaluation_submissions (evaluator_id, evaluatee_id, period_id, evaluation_id, created_at) VALUES (78, 4, 5, 459, '2026-10-10 10:00:00');
INSERT INTO evaluation_details (evaluation_id, question_id, score, comment) VALUES (459, 1, 5, NULL);
INSERT INTO evaluation_details (evaluation_id, question_id, score, comment) VALUES (459, 2, 5, NULL);
INSERT INTO evaluation_details (evaluation_id, question_id, score, comment) VALUES (459, 3, 5, NULL);
INSERT INTO evaluation_details (evaluation_id, question_id, score, comment) VALUES (459, 4, 5, NULL);
INSERT INTO evaluation_details (evaluation_id, question_id, score, comment) VALUES (459, 5, 5, NULL);
INSERT INTO evaluation_details (evaluation_id, question_id, score, comment) VALUES (459, 6, 5, NULL);
INSERT INTO evaluation_details (evaluation_id, question_id, score, comment) VALUES (459, 7, 4, NULL);
INSERT INTO evaluation_details (evaluation_id, question_id, score, comment) VALUES (459, 8, 4, NULL);
INSERT INTO evaluation_details (evaluation_id, question_id, score, comment) VALUES (459, 9, 5, NULL);
INSERT INTO evaluation_details (evaluation_id, question_id, score, comment) VALUES (459, 10, 5, NULL);
INSERT INTO evaluation_details (evaluation_id, question_id, score, comment) VALUES (459, 11, NULL, 'Debería mantener su paciencia, es un gran líder.');
INSERT INTO evaluations (id, evaluatee_id, form_id, period_id, is_anonymous, status, submitted_at, created_at) VALUES (460, 7, 2, 5, FALSE, 'submitted', '2026-10-10 10:00:00', '2026-10-10 10:00:00');
INSERT INTO evaluation_submissions (evaluator_id, evaluatee_id, period_id, evaluation_id, created_at) VALUES (78, 7, 5, 460, '2026-10-10 10:00:00');
INSERT INTO evaluation_details (evaluation_id, question_id, score, comment) VALUES (460, 12, 4, NULL);
INSERT INTO evaluation_details (evaluation_id, question_id, score, comment) VALUES (460, 13, 3, NULL);
INSERT INTO evaluation_details (evaluation_id, question_id, score, comment) VALUES (460, 14, 5, NULL);
INSERT INTO evaluation_details (evaluation_id, question_id, score, comment) VALUES (460, 15, 5, NULL);
INSERT INTO evaluation_details (evaluation_id, question_id, score, comment) VALUES (460, 16, 5, NULL);
INSERT INTO evaluation_details (evaluation_id, question_id, score, comment) VALUES (460, 17, 5, NULL);
INSERT INTO evaluation_details (evaluation_id, question_id, score, comment) VALUES (460, 18, 4, NULL);
INSERT INTO evaluation_details (evaluation_id, question_id, score, comment) VALUES (460, 19, 4, NULL);
INSERT INTO evaluation_details (evaluation_id, question_id, score, comment) VALUES (460, 20, NULL, 'Me encanta cómo explica la arquitectura de software.');
INSERT INTO evaluations (id, evaluatee_id, form_id, period_id, is_anonymous, status, submitted_at, created_at) VALUES (461, 4, 1, 5, FALSE, 'submitted', '2026-10-10 10:00:00', '2026-10-10 10:00:00');
INSERT INTO evaluation_submissions (evaluator_id, evaluatee_id, period_id, evaluation_id, created_at) VALUES (79, 4, 5, 461, '2026-10-10 10:00:00');
INSERT INTO evaluation_details (evaluation_id, question_id, score, comment) VALUES (461, 1, 5, NULL);
INSERT INTO evaluation_details (evaluation_id, question_id, score, comment) VALUES (461, 2, 4, NULL);
INSERT INTO evaluation_details (evaluation_id, question_id, score, comment) VALUES (461, 3, 5, NULL);
INSERT INTO evaluation_details (evaluation_id, question_id, score, comment) VALUES (461, 4, 5, NULL);
INSERT INTO evaluation_details (evaluation_id, question_id, score, comment) VALUES (461, 5, 5, NULL);
INSERT INTO evaluation_details (evaluation_id, question_id, score, comment) VALUES (461, 6, 4, NULL);
INSERT INTO evaluation_details (evaluation_id, question_id, score, comment) VALUES (461, 7, 4, NULL);
INSERT INTO evaluation_details (evaluation_id, question_id, score, comment) VALUES (461, 8, 5, NULL);
INSERT INTO evaluation_details (evaluation_id, question_id, score, comment) VALUES (461, 9, 4, NULL);
INSERT INTO evaluation_details (evaluation_id, question_id, score, comment) VALUES (461, 10, 4, NULL);
INSERT INTO evaluation_details (evaluation_id, question_id, score, comment) VALUES (461, 11, NULL, 'Muy buen TL, siempre nos guía cuando estamos bloqueados.');
INSERT INTO evaluations (id, evaluatee_id, form_id, period_id, is_anonymous, status, submitted_at, created_at) VALUES (462, 7, 2, 5, FALSE, 'submitted', '2026-10-10 10:00:00', '2026-10-10 10:00:00');
INSERT INTO evaluation_submissions (evaluator_id, evaluatee_id, period_id, evaluation_id, created_at) VALUES (79, 7, 5, 462, '2026-10-10 10:00:00');
INSERT INTO evaluation_details (evaluation_id, question_id, score, comment) VALUES (462, 12, 5, NULL);
INSERT INTO evaluation_details (evaluation_id, question_id, score, comment) VALUES (462, 13, 4, NULL);
INSERT INTO evaluation_details (evaluation_id, question_id, score, comment) VALUES (462, 14, 4, NULL);
INSERT INTO evaluation_details (evaluation_id, question_id, score, comment) VALUES (462, 15, 4, NULL);
INSERT INTO evaluation_details (evaluation_id, question_id, score, comment) VALUES (462, 16, 4, NULL);
INSERT INTO evaluation_details (evaluation_id, question_id, score, comment) VALUES (462, 17, 5, NULL);
INSERT INTO evaluation_details (evaluation_id, question_id, score, comment) VALUES (462, 18, 3, NULL);
INSERT INTO evaluation_details (evaluation_id, question_id, score, comment) VALUES (462, 19, 5, NULL);
INSERT INTO evaluations (id, evaluatee_id, form_id, period_id, is_anonymous, status, submitted_at, created_at) VALUES (463, 4, 1, 5, FALSE, 'submitted', '2026-10-10 10:00:00', '2026-10-10 10:00:00');
INSERT INTO evaluation_submissions (evaluator_id, evaluatee_id, period_id, evaluation_id, created_at) VALUES (80, 4, 5, 463, '2026-10-10 10:00:00');
INSERT INTO evaluation_details (evaluation_id, question_id, score, comment) VALUES (463, 1, 4, NULL);
INSERT INTO evaluation_details (evaluation_id, question_id, score, comment) VALUES (463, 2, 5, NULL);
INSERT INTO evaluation_details (evaluation_id, question_id, score, comment) VALUES (463, 3, 5, NULL);
INSERT INTO evaluation_details (evaluation_id, question_id, score, comment) VALUES (463, 4, 5, NULL);
INSERT INTO evaluation_details (evaluation_id, question_id, score, comment) VALUES (463, 5, 5, NULL);
INSERT INTO evaluation_details (evaluation_id, question_id, score, comment) VALUES (463, 6, 5, NULL);
INSERT INTO evaluation_details (evaluation_id, question_id, score, comment) VALUES (463, 7, 5, NULL);
INSERT INTO evaluation_details (evaluation_id, question_id, score, comment) VALUES (463, 8, 4, NULL);
INSERT INTO evaluation_details (evaluation_id, question_id, score, comment) VALUES (463, 9, 5, NULL);
INSERT INTO evaluation_details (evaluation_id, question_id, score, comment) VALUES (463, 10, 5, NULL);
INSERT INTO evaluations (id, evaluatee_id, form_id, period_id, is_anonymous, status, submitted_at, created_at) VALUES (464, 7, 2, 5, FALSE, 'submitted', '2026-10-10 10:00:00', '2026-10-10 10:00:00');
INSERT INTO evaluation_submissions (evaluator_id, evaluatee_id, period_id, evaluation_id, created_at) VALUES (80, 7, 5, 464, '2026-10-10 10:00:00');
INSERT INTO evaluation_details (evaluation_id, question_id, score, comment) VALUES (464, 12, 4, NULL);
INSERT INTO evaluation_details (evaluation_id, question_id, score, comment) VALUES (464, 13, 5, NULL);
INSERT INTO evaluation_details (evaluation_id, question_id, score, comment) VALUES (464, 14, 3, NULL);
INSERT INTO evaluation_details (evaluation_id, question_id, score, comment) VALUES (464, 15, 5, NULL);
INSERT INTO evaluation_details (evaluation_id, question_id, score, comment) VALUES (464, 16, 4, NULL);
INSERT INTO evaluation_details (evaluation_id, question_id, score, comment) VALUES (464, 17, 3, NULL);
INSERT INTO evaluation_details (evaluation_id, question_id, score, comment) VALUES (464, 18, 4, NULL);
INSERT INTO evaluation_details (evaluation_id, question_id, score, comment) VALUES (464, 19, 3, NULL);
INSERT INTO evaluations (id, evaluatee_id, form_id, period_id, is_anonymous, status, submitted_at, created_at) VALUES (465, 4, 1, 5, FALSE, 'submitted', '2026-10-10 10:00:00', '2026-10-10 10:00:00');
INSERT INTO evaluation_submissions (evaluator_id, evaluatee_id, period_id, evaluation_id, created_at) VALUES (81, 4, 5, 465, '2026-10-10 10:00:00');
INSERT INTO evaluation_details (evaluation_id, question_id, score, comment) VALUES (465, 1, 5, NULL);
INSERT INTO evaluation_details (evaluation_id, question_id, score, comment) VALUES (465, 2, 5, NULL);
INSERT INTO evaluation_details (evaluation_id, question_id, score, comment) VALUES (465, 3, 5, NULL);
INSERT INTO evaluation_details (evaluation_id, question_id, score, comment) VALUES (465, 4, 4, NULL);
INSERT INTO evaluation_details (evaluation_id, question_id, score, comment) VALUES (465, 5, 5, NULL);
INSERT INTO evaluation_details (evaluation_id, question_id, score, comment) VALUES (465, 6, 5, NULL);
INSERT INTO evaluation_details (evaluation_id, question_id, score, comment) VALUES (465, 7, 4, NULL);
INSERT INTO evaluation_details (evaluation_id, question_id, score, comment) VALUES (465, 8, 5, NULL);
INSERT INTO evaluation_details (evaluation_id, question_id, score, comment) VALUES (465, 9, 4, NULL);
INSERT INTO evaluation_details (evaluation_id, question_id, score, comment) VALUES (465, 10, 4, NULL);
INSERT INTO evaluation_details (evaluation_id, question_id, score, comment) VALUES (465, 11, NULL, 'A veces se demora un poco en contestar por Slack, pero cuando lo hace es muy claro.');
INSERT INTO evaluations (id, evaluatee_id, form_id, period_id, is_anonymous, status, submitted_at, created_at) VALUES (466, 7, 2, 5, FALSE, 'submitted', '2026-10-10 10:00:00', '2026-10-10 10:00:00');
INSERT INTO evaluation_submissions (evaluator_id, evaluatee_id, period_id, evaluation_id, created_at) VALUES (81, 7, 5, 466, '2026-10-10 10:00:00');
INSERT INTO evaluation_details (evaluation_id, question_id, score, comment) VALUES (466, 12, 4, NULL);
INSERT INTO evaluation_details (evaluation_id, question_id, score, comment) VALUES (466, 13, 4, NULL);
INSERT INTO evaluation_details (evaluation_id, question_id, score, comment) VALUES (466, 14, 5, NULL);
INSERT INTO evaluation_details (evaluation_id, question_id, score, comment) VALUES (466, 15, 5, NULL);
INSERT INTO evaluation_details (evaluation_id, question_id, score, comment) VALUES (466, 16, 5, NULL);
INSERT INTO evaluation_details (evaluation_id, question_id, score, comment) VALUES (466, 17, 5, NULL);
INSERT INTO evaluation_details (evaluation_id, question_id, score, comment) VALUES (466, 18, 3, NULL);
INSERT INTO evaluation_details (evaluation_id, question_id, score, comment) VALUES (466, 19, 5, NULL);
INSERT INTO evaluations (id, evaluatee_id, form_id, period_id, is_anonymous, status, submitted_at, created_at) VALUES (467, 4, 1, 5, FALSE, 'submitted', '2026-10-10 10:00:00', '2026-10-10 10:00:00');
INSERT INTO evaluation_submissions (evaluator_id, evaluatee_id, period_id, evaluation_id, created_at) VALUES (82, 4, 5, 467, '2026-10-10 10:00:00');
INSERT INTO evaluation_details (evaluation_id, question_id, score, comment) VALUES (467, 1, 4, NULL);
INSERT INTO evaluation_details (evaluation_id, question_id, score, comment) VALUES (467, 2, 4, NULL);
INSERT INTO evaluation_details (evaluation_id, question_id, score, comment) VALUES (467, 3, 5, NULL);
INSERT INTO evaluation_details (evaluation_id, question_id, score, comment) VALUES (467, 4, 4, NULL);
INSERT INTO evaluation_details (evaluation_id, question_id, score, comment) VALUES (467, 5, 4, NULL);
INSERT INTO evaluation_details (evaluation_id, question_id, score, comment) VALUES (467, 6, 3, NULL);
INSERT INTO evaluation_details (evaluation_id, question_id, score, comment) VALUES (467, 7, 4, NULL);
INSERT INTO evaluation_details (evaluation_id, question_id, score, comment) VALUES (467, 8, 3, NULL);
INSERT INTO evaluation_details (evaluation_id, question_id, score, comment) VALUES (467, 9, 4, NULL);
INSERT INTO evaluation_details (evaluation_id, question_id, score, comment) VALUES (467, 10, 5, NULL);
INSERT INTO evaluation_details (evaluation_id, question_id, score, comment) VALUES (467, 11, NULL, 'Explica súper bien los requerimientos de los proyectos.');
INSERT INTO evaluations (id, evaluatee_id, form_id, period_id, is_anonymous, status, submitted_at, created_at) VALUES (468, 7, 2, 5, TRUE, 'submitted', '2026-10-10 10:00:00', '2026-10-10 10:00:00');
INSERT INTO evaluation_submissions (evaluator_id, evaluatee_id, period_id, evaluation_id, created_at) VALUES (82, 7, 5, 468, '2026-10-10 10:00:00');
INSERT INTO evaluation_details (evaluation_id, question_id, score, comment) VALUES (468, 12, 5, NULL);
INSERT INTO evaluation_details (evaluation_id, question_id, score, comment) VALUES (468, 13, 3, NULL);
INSERT INTO evaluation_details (evaluation_id, question_id, score, comment) VALUES (468, 14, 4, NULL);
INSERT INTO evaluation_details (evaluation_id, question_id, score, comment) VALUES (468, 15, 4, NULL);
INSERT INTO evaluation_details (evaluation_id, question_id, score, comment) VALUES (468, 16, 4, NULL);
INSERT INTO evaluation_details (evaluation_id, question_id, score, comment) VALUES (468, 17, 5, NULL);
INSERT INTO evaluation_details (evaluation_id, question_id, score, comment) VALUES (468, 18, 5, NULL);
INSERT INTO evaluation_details (evaluation_id, question_id, score, comment) VALUES (468, 19, 5, NULL);
INSERT INTO evaluation_details (evaluation_id, question_id, score, comment) VALUES (468, 20, NULL, 'Me gustaría más ejercicios prácticos en vivo.');
INSERT INTO evaluations (id, evaluatee_id, form_id, period_id, is_anonymous, status, submitted_at, created_at) VALUES (469, 4, 1, 5, FALSE, 'submitted', '2026-10-10 10:00:00', '2026-10-10 10:00:00');
INSERT INTO evaluation_submissions (evaluator_id, evaluatee_id, period_id, evaluation_id, created_at) VALUES (83, 4, 5, 469, '2026-10-10 10:00:00');
INSERT INTO evaluation_details (evaluation_id, question_id, score, comment) VALUES (469, 1, 4, NULL);
INSERT INTO evaluation_details (evaluation_id, question_id, score, comment) VALUES (469, 2, 4, NULL);
INSERT INTO evaluation_details (evaluation_id, question_id, score, comment) VALUES (469, 3, 4, NULL);
INSERT INTO evaluation_details (evaluation_id, question_id, score, comment) VALUES (469, 4, 4, NULL);
INSERT INTO evaluation_details (evaluation_id, question_id, score, comment) VALUES (469, 5, 4, NULL);
INSERT INTO evaluation_details (evaluation_id, question_id, score, comment) VALUES (469, 6, 5, NULL);
INSERT INTO evaluation_details (evaluation_id, question_id, score, comment) VALUES (469, 7, 5, NULL);
INSERT INTO evaluation_details (evaluation_id, question_id, score, comment) VALUES (469, 8, 3, NULL);
INSERT INTO evaluation_details (evaluation_id, question_id, score, comment) VALUES (469, 9, 5, NULL);
INSERT INTO evaluation_details (evaluation_id, question_id, score, comment) VALUES (469, 10, 5, NULL);
INSERT INTO evaluation_details (evaluation_id, question_id, score, comment) VALUES (469, 11, NULL, 'A veces se demora un poco en contestar por Slack, pero cuando lo hace es muy claro.');
INSERT INTO evaluations (id, evaluatee_id, form_id, period_id, is_anonymous, status, submitted_at, created_at) VALUES (470, 7, 2, 5, FALSE, 'submitted', '2026-10-10 10:00:00', '2026-10-10 10:00:00');
INSERT INTO evaluation_submissions (evaluator_id, evaluatee_id, period_id, evaluation_id, created_at) VALUES (83, 7, 5, 470, '2026-10-10 10:00:00');
INSERT INTO evaluation_details (evaluation_id, question_id, score, comment) VALUES (470, 12, 3, NULL);
INSERT INTO evaluation_details (evaluation_id, question_id, score, comment) VALUES (470, 13, 4, NULL);
INSERT INTO evaluation_details (evaluation_id, question_id, score, comment) VALUES (470, 14, 4, NULL);
INSERT INTO evaluation_details (evaluation_id, question_id, score, comment) VALUES (470, 15, 3, NULL);
INSERT INTO evaluation_details (evaluation_id, question_id, score, comment) VALUES (470, 16, 5, NULL);
INSERT INTO evaluation_details (evaluation_id, question_id, score, comment) VALUES (470, 17, 5, NULL);
INSERT INTO evaluation_details (evaluation_id, question_id, score, comment) VALUES (470, 18, 5, NULL);
INSERT INTO evaluation_details (evaluation_id, question_id, score, comment) VALUES (470, 19, 5, NULL);
SET FOREIGN_KEY_CHECKS=1;
