-- Evaluaciones generadas con el esquema correcto y anti-duplicado
DELETE FROM evaluation_details;
DELETE FROM evaluation_submissions;
DELETE FROM evaluations;

INSERT INTO evaluations (id, evaluatee_id, form_id, period_id, is_anonymous, status, submitted_at, created_at) VALUES (1, 2, 1, 1, FALSE, 'submitted', '2026-07-21 12:00:00', '2026-07-21 12:05:00');
INSERT INTO evaluation_submissions (id, evaluator_id, evaluatee_id, period_id, evaluation_id, created_at) VALUES (1, 22, 2, 1, 1, '2026-07-21 12:00:00');
INSERT INTO evaluation_details (id, evaluation_id, question_id, score, comment) VALUES (1, 1, 1, 4, NULL);
INSERT INTO evaluation_details (id, evaluation_id, question_id, score, comment) VALUES (2, 1, 2, 5, NULL);
INSERT INTO evaluation_details (id, evaluation_id, question_id, score, comment) VALUES (3, 1, 3, 4, NULL);
INSERT INTO evaluation_details (id, evaluation_id, question_id, score, comment) VALUES (4, 1, 4, 4, NULL);
INSERT INTO evaluation_details (id, evaluation_id, question_id, score, comment) VALUES (5, 1, 5, 3, NULL);
INSERT INTO evaluation_details (id, evaluation_id, question_id, score, comment) VALUES (6, 1, 6, 5, NULL);
INSERT INTO evaluation_details (id, evaluation_id, question_id, score, comment) VALUES (7, 1, 7, 4, NULL);
INSERT INTO evaluation_details (id, evaluation_id, question_id, score, comment) VALUES (8, 1, 8, 5, NULL);
INSERT INTO evaluation_details (id, evaluation_id, question_id, score, comment) VALUES (9, 1, 9, 4, NULL);
INSERT INTO evaluation_details (id, evaluation_id, question_id, score, comment) VALUES (10, 1, 10, 3, NULL);
INSERT INTO evaluation_details (id, evaluation_id, question_id, score, comment) VALUES (11, 1, 11, NULL, 'Nos ayuda a resolver problemas rápidamente.');
INSERT INTO evaluations (id, evaluatee_id, form_id, period_id, is_anonymous, status, submitted_at, created_at) VALUES (2, 2, 1, 1, FALSE, 'submitted', '2026-07-21 12:00:00', '2026-07-21 12:05:00');
INSERT INTO evaluation_submissions (id, evaluator_id, evaluatee_id, period_id, evaluation_id, created_at) VALUES (2, 37, 2, 1, 2, '2026-07-21 12:00:00');
INSERT INTO evaluation_details (id, evaluation_id, question_id, score, comment) VALUES (12, 2, 1, 4, NULL);
INSERT INTO evaluation_details (id, evaluation_id, question_id, score, comment) VALUES (13, 2, 2, 4, NULL);
INSERT INTO evaluation_details (id, evaluation_id, question_id, score, comment) VALUES (14, 2, 3, 4, NULL);
INSERT INTO evaluation_details (id, evaluation_id, question_id, score, comment) VALUES (15, 2, 4, 3, NULL);
INSERT INTO evaluation_details (id, evaluation_id, question_id, score, comment) VALUES (16, 2, 5, 4, NULL);
INSERT INTO evaluation_details (id, evaluation_id, question_id, score, comment) VALUES (17, 2, 6, 3, NULL);
INSERT INTO evaluation_details (id, evaluation_id, question_id, score, comment) VALUES (18, 2, 7, 4, NULL);
INSERT INTO evaluation_details (id, evaluation_id, question_id, score, comment) VALUES (19, 2, 8, 4, NULL);
INSERT INTO evaluation_details (id, evaluation_id, question_id, score, comment) VALUES (20, 2, 9, 4, NULL);
INSERT INTO evaluation_details (id, evaluation_id, question_id, score, comment) VALUES (21, 2, 10, 4, NULL);
INSERT INTO evaluation_details (id, evaluation_id, question_id, score, comment) VALUES (22, 2, 11, NULL, 'En el módulo actual fue un gran apoyo, muy enfocado.');
INSERT INTO evaluations (id, evaluatee_id, form_id, period_id, is_anonymous, status, submitted_at, created_at) VALUES (3, 2, 1, 1, TRUE, 'submitted', '2026-07-21 12:00:00', '2026-07-21 12:05:00');
INSERT INTO evaluation_submissions (id, evaluator_id, evaluatee_id, period_id, evaluation_id, created_at) VALUES (3, 21, 2, 1, 3, '2026-07-21 12:00:00');
INSERT INTO evaluation_details (id, evaluation_id, question_id, score, comment) VALUES (23, 3, 1, 4, NULL);
INSERT INTO evaluation_details (id, evaluation_id, question_id, score, comment) VALUES (24, 3, 2, 4, NULL);
INSERT INTO evaluation_details (id, evaluation_id, question_id, score, comment) VALUES (25, 3, 3, 5, NULL);
INSERT INTO evaluation_details (id, evaluation_id, question_id, score, comment) VALUES (26, 3, 4, 4, NULL);
INSERT INTO evaluation_details (id, evaluation_id, question_id, score, comment) VALUES (27, 3, 5, 4, NULL);
INSERT INTO evaluation_details (id, evaluation_id, question_id, score, comment) VALUES (28, 3, 6, 4, NULL);
INSERT INTO evaluation_details (id, evaluation_id, question_id, score, comment) VALUES (29, 3, 7, 4, NULL);
INSERT INTO evaluation_details (id, evaluation_id, question_id, score, comment) VALUES (30, 3, 8, 4, NULL);
INSERT INTO evaluation_details (id, evaluation_id, question_id, score, comment) VALUES (31, 3, 9, 4, NULL);
INSERT INTO evaluation_details (id, evaluation_id, question_id, score, comment) VALUES (32, 3, 10, 2, NULL);
INSERT INTO evaluation_details (id, evaluation_id, question_id, score, comment) VALUES (33, 3, 11, NULL, 'Muy buen líder, siempre apoya al equipo.');
INSERT INTO evaluations (id, evaluatee_id, form_id, period_id, is_anonymous, status, submitted_at, created_at) VALUES (4, 2, 1, 1, FALSE, 'submitted', '2026-07-21 12:00:00', '2026-07-21 12:05:00');
INSERT INTO evaluation_submissions (id, evaluator_id, evaluatee_id, period_id, evaluation_id, created_at) VALUES (4, 34, 2, 1, 4, '2026-07-21 12:00:00');
INSERT INTO evaluation_details (id, evaluation_id, question_id, score, comment) VALUES (34, 4, 1, 4, NULL);
INSERT INTO evaluation_details (id, evaluation_id, question_id, score, comment) VALUES (35, 4, 2, 5, NULL);
INSERT INTO evaluation_details (id, evaluation_id, question_id, score, comment) VALUES (36, 4, 3, 5, NULL);
INSERT INTO evaluation_details (id, evaluation_id, question_id, score, comment) VALUES (37, 4, 4, 5, NULL);
INSERT INTO evaluation_details (id, evaluation_id, question_id, score, comment) VALUES (38, 4, 5, 4, NULL);
INSERT INTO evaluation_details (id, evaluation_id, question_id, score, comment) VALUES (39, 4, 6, 5, NULL);
INSERT INTO evaluation_details (id, evaluation_id, question_id, score, comment) VALUES (40, 4, 7, 4, NULL);
INSERT INTO evaluation_details (id, evaluation_id, question_id, score, comment) VALUES (41, 4, 8, 3, NULL);
INSERT INTO evaluation_details (id, evaluation_id, question_id, score, comment) VALUES (42, 4, 9, 4, NULL);
INSERT INTO evaluation_details (id, evaluation_id, question_id, score, comment) VALUES (43, 4, 10, 4, NULL);
INSERT INTO evaluation_details (id, evaluation_id, question_id, score, comment) VALUES (44, 4, 11, NULL, 'Excelente disposición.');
INSERT INTO evaluations (id, evaluatee_id, form_id, period_id, is_anonymous, status, submitted_at, created_at) VALUES (5, 2, 1, 1, FALSE, 'submitted', '2026-07-21 12:00:00', '2026-07-21 12:05:00');
INSERT INTO evaluation_submissions (id, evaluator_id, evaluatee_id, period_id, evaluation_id, created_at) VALUES (5, 20, 2, 1, 5, '2026-07-21 12:00:00');
INSERT INTO evaluation_details (id, evaluation_id, question_id, score, comment) VALUES (45, 5, 1, 5, NULL);
INSERT INTO evaluation_details (id, evaluation_id, question_id, score, comment) VALUES (46, 5, 2, 4, NULL);
INSERT INTO evaluation_details (id, evaluation_id, question_id, score, comment) VALUES (47, 5, 3, 4, NULL);
INSERT INTO evaluation_details (id, evaluation_id, question_id, score, comment) VALUES (48, 5, 4, 4, NULL);
INSERT INTO evaluation_details (id, evaluation_id, question_id, score, comment) VALUES (49, 5, 5, 4, NULL);
INSERT INTO evaluation_details (id, evaluation_id, question_id, score, comment) VALUES (50, 5, 6, 5, NULL);
INSERT INTO evaluation_details (id, evaluation_id, question_id, score, comment) VALUES (51, 5, 7, 4, NULL);
INSERT INTO evaluation_details (id, evaluation_id, question_id, score, comment) VALUES (52, 5, 8, 3, NULL);
INSERT INTO evaluation_details (id, evaluation_id, question_id, score, comment) VALUES (53, 5, 9, 4, NULL);
INSERT INTO evaluation_details (id, evaluation_id, question_id, score, comment) VALUES (54, 5, 10, 4, NULL);
INSERT INTO evaluation_details (id, evaluation_id, question_id, score, comment) VALUES (55, 5, 11, NULL, 'Excelente disposición.');
INSERT INTO evaluations (id, evaluatee_id, form_id, period_id, is_anonymous, status, submitted_at, created_at) VALUES (6, 2, 1, 1, TRUE, 'submitted', '2026-07-21 12:00:00', '2026-07-21 12:05:00');
INSERT INTO evaluation_submissions (id, evaluator_id, evaluatee_id, period_id, evaluation_id, created_at) VALUES (6, 40, 2, 1, 6, '2026-07-21 12:00:00');
INSERT INTO evaluation_details (id, evaluation_id, question_id, score, comment) VALUES (56, 6, 1, 4, NULL);
INSERT INTO evaluation_details (id, evaluation_id, question_id, score, comment) VALUES (57, 6, 2, 4, NULL);
INSERT INTO evaluation_details (id, evaluation_id, question_id, score, comment) VALUES (58, 6, 3, 3, NULL);
INSERT INTO evaluation_details (id, evaluation_id, question_id, score, comment) VALUES (59, 6, 4, 4, NULL);
INSERT INTO evaluation_details (id, evaluation_id, question_id, score, comment) VALUES (60, 6, 5, 4, NULL);
INSERT INTO evaluation_details (id, evaluation_id, question_id, score, comment) VALUES (61, 6, 6, 4, NULL);
INSERT INTO evaluation_details (id, evaluation_id, question_id, score, comment) VALUES (62, 6, 7, 5, NULL);
INSERT INTO evaluation_details (id, evaluation_id, question_id, score, comment) VALUES (63, 6, 8, 4, NULL);
INSERT INTO evaluation_details (id, evaluation_id, question_id, score, comment) VALUES (64, 6, 9, 4, NULL);
INSERT INTO evaluation_details (id, evaluation_id, question_id, score, comment) VALUES (65, 6, 10, 4, NULL);
INSERT INTO evaluation_details (id, evaluation_id, question_id, score, comment) VALUES (66, 6, 11, NULL, 'Me gustaría que hiciera sesiones de pair programming.');
INSERT INTO evaluations (id, evaluatee_id, form_id, period_id, is_anonymous, status, submitted_at, created_at) VALUES (7, 2, 1, 1, FALSE, 'submitted', '2026-07-21 12:00:00', '2026-07-21 12:05:00');
INSERT INTO evaluation_submissions (id, evaluator_id, evaluatee_id, period_id, evaluation_id, created_at) VALUES (7, 42, 2, 1, 7, '2026-07-21 12:00:00');
INSERT INTO evaluation_details (id, evaluation_id, question_id, score, comment) VALUES (67, 7, 1, 4, NULL);
INSERT INTO evaluation_details (id, evaluation_id, question_id, score, comment) VALUES (68, 7, 2, 4, NULL);
INSERT INTO evaluation_details (id, evaluation_id, question_id, score, comment) VALUES (69, 7, 3, 4, NULL);
INSERT INTO evaluation_details (id, evaluation_id, question_id, score, comment) VALUES (70, 7, 4, 4, NULL);
INSERT INTO evaluation_details (id, evaluation_id, question_id, score, comment) VALUES (71, 7, 5, 4, NULL);
INSERT INTO evaluation_details (id, evaluation_id, question_id, score, comment) VALUES (72, 7, 6, 4, NULL);
INSERT INTO evaluation_details (id, evaluation_id, question_id, score, comment) VALUES (73, 7, 7, 4, NULL);
INSERT INTO evaluation_details (id, evaluation_id, question_id, score, comment) VALUES (74, 7, 8, 4, NULL);
INSERT INTO evaluation_details (id, evaluation_id, question_id, score, comment) VALUES (75, 7, 9, 4, NULL);
INSERT INTO evaluation_details (id, evaluation_id, question_id, score, comment) VALUES (76, 7, 10, 4, NULL);
INSERT INTO evaluation_details (id, evaluation_id, question_id, score, comment) VALUES (77, 7, 11, NULL, 'Excelente disposición.');
INSERT INTO evaluations (id, evaluatee_id, form_id, period_id, is_anonymous, status, submitted_at, created_at) VALUES (8, 2, 1, 2, FALSE, 'submitted', '2026-07-21 12:00:00', '2026-07-21 12:05:00');
INSERT INTO evaluation_submissions (id, evaluator_id, evaluatee_id, period_id, evaluation_id, created_at) VALUES (8, 18, 2, 2, 8, '2026-07-21 12:00:00');
INSERT INTO evaluation_details (id, evaluation_id, question_id, score, comment) VALUES (78, 8, 1, 4, NULL);
INSERT INTO evaluation_details (id, evaluation_id, question_id, score, comment) VALUES (79, 8, 2, 4, NULL);
INSERT INTO evaluation_details (id, evaluation_id, question_id, score, comment) VALUES (80, 8, 3, 5, NULL);
INSERT INTO evaluation_details (id, evaluation_id, question_id, score, comment) VALUES (81, 8, 4, 4, NULL);
INSERT INTO evaluation_details (id, evaluation_id, question_id, score, comment) VALUES (82, 8, 5, 5, NULL);
INSERT INTO evaluation_details (id, evaluation_id, question_id, score, comment) VALUES (83, 8, 6, 4, NULL);
INSERT INTO evaluation_details (id, evaluation_id, question_id, score, comment) VALUES (84, 8, 7, 4, NULL);
INSERT INTO evaluation_details (id, evaluation_id, question_id, score, comment) VALUES (85, 8, 8, 5, NULL);
INSERT INTO evaluation_details (id, evaluation_id, question_id, score, comment) VALUES (86, 8, 9, 4, NULL);
INSERT INTO evaluation_details (id, evaluation_id, question_id, score, comment) VALUES (87, 8, 10, 5, NULL);
INSERT INTO evaluation_details (id, evaluation_id, question_id, score, comment) VALUES (88, 8, 11, NULL, 'Me gustaría que hiciera sesiones de pair programming.');
INSERT INTO evaluations (id, evaluatee_id, form_id, period_id, is_anonymous, status, submitted_at, created_at) VALUES (9, 2, 1, 2, TRUE, 'submitted', '2026-07-21 12:00:00', '2026-07-21 12:05:00');
INSERT INTO evaluation_submissions (id, evaluator_id, evaluatee_id, period_id, evaluation_id, created_at) VALUES (9, 42, 2, 2, 9, '2026-07-21 12:00:00');
INSERT INTO evaluation_details (id, evaluation_id, question_id, score, comment) VALUES (89, 9, 1, 4, NULL);
INSERT INTO evaluation_details (id, evaluation_id, question_id, score, comment) VALUES (90, 9, 2, 3, NULL);
INSERT INTO evaluation_details (id, evaluation_id, question_id, score, comment) VALUES (91, 9, 3, 4, NULL);
INSERT INTO evaluation_details (id, evaluation_id, question_id, score, comment) VALUES (92, 9, 4, 5, NULL);
INSERT INTO evaluation_details (id, evaluation_id, question_id, score, comment) VALUES (93, 9, 5, 4, NULL);
INSERT INTO evaluation_details (id, evaluation_id, question_id, score, comment) VALUES (94, 9, 6, 4, NULL);
INSERT INTO evaluation_details (id, evaluation_id, question_id, score, comment) VALUES (95, 9, 7, 4, NULL);
INSERT INTO evaluation_details (id, evaluation_id, question_id, score, comment) VALUES (96, 9, 8, 4, NULL);
INSERT INTO evaluation_details (id, evaluation_id, question_id, score, comment) VALUES (97, 9, 9, 4, NULL);
INSERT INTO evaluation_details (id, evaluation_id, question_id, score, comment) VALUES (98, 9, 10, 4, NULL);
INSERT INTO evaluation_details (id, evaluation_id, question_id, score, comment) VALUES (99, 9, 11, NULL, 'Debería dar más feedback en los PRs.');
INSERT INTO evaluations (id, evaluatee_id, form_id, period_id, is_anonymous, status, submitted_at, created_at) VALUES (10, 2, 1, 2, FALSE, 'submitted', '2026-07-21 12:00:00', '2026-07-21 12:05:00');
INSERT INTO evaluation_submissions (id, evaluator_id, evaluatee_id, period_id, evaluation_id, created_at) VALUES (10, 28, 2, 2, 10, '2026-07-21 12:00:00');
INSERT INTO evaluation_details (id, evaluation_id, question_id, score, comment) VALUES (100, 10, 1, 4, NULL);
INSERT INTO evaluation_details (id, evaluation_id, question_id, score, comment) VALUES (101, 10, 2, 5, NULL);
INSERT INTO evaluation_details (id, evaluation_id, question_id, score, comment) VALUES (102, 10, 3, 5, NULL);
INSERT INTO evaluation_details (id, evaluation_id, question_id, score, comment) VALUES (103, 10, 4, 4, NULL);
INSERT INTO evaluation_details (id, evaluation_id, question_id, score, comment) VALUES (104, 10, 5, 3, NULL);
INSERT INTO evaluation_details (id, evaluation_id, question_id, score, comment) VALUES (105, 10, 6, 4, NULL);
INSERT INTO evaluation_details (id, evaluation_id, question_id, score, comment) VALUES (106, 10, 7, 4, NULL);
INSERT INTO evaluation_details (id, evaluation_id, question_id, score, comment) VALUES (107, 10, 8, 5, NULL);
INSERT INTO evaluation_details (id, evaluation_id, question_id, score, comment) VALUES (108, 10, 9, 3, NULL);
INSERT INTO evaluation_details (id, evaluation_id, question_id, score, comment) VALUES (109, 10, 10, 4, NULL);
INSERT INTO evaluation_details (id, evaluation_id, question_id, score, comment) VALUES (110, 10, 11, NULL, 'Me gustaría que hiciera sesiones de pair programming.');
INSERT INTO evaluations (id, evaluatee_id, form_id, period_id, is_anonymous, status, submitted_at, created_at) VALUES (11, 2, 1, 2, TRUE, 'submitted', '2026-07-21 12:00:00', '2026-07-21 12:05:00');
INSERT INTO evaluation_submissions (id, evaluator_id, evaluatee_id, period_id, evaluation_id, created_at) VALUES (11, 12, 2, 2, 11, '2026-07-21 12:00:00');
INSERT INTO evaluation_details (id, evaluation_id, question_id, score, comment) VALUES (111, 11, 1, 5, NULL);
INSERT INTO evaluation_details (id, evaluation_id, question_id, score, comment) VALUES (112, 11, 2, 4, NULL);
INSERT INTO evaluation_details (id, evaluation_id, question_id, score, comment) VALUES (113, 11, 3, 4, NULL);
INSERT INTO evaluation_details (id, evaluation_id, question_id, score, comment) VALUES (114, 11, 4, 4, NULL);
INSERT INTO evaluation_details (id, evaluation_id, question_id, score, comment) VALUES (115, 11, 5, 4, NULL);
INSERT INTO evaluation_details (id, evaluation_id, question_id, score, comment) VALUES (116, 11, 6, 4, NULL);
INSERT INTO evaluation_details (id, evaluation_id, question_id, score, comment) VALUES (117, 11, 7, 4, NULL);
INSERT INTO evaluation_details (id, evaluation_id, question_id, score, comment) VALUES (118, 11, 8, 4, NULL);
INSERT INTO evaluation_details (id, evaluation_id, question_id, score, comment) VALUES (119, 11, 9, 4, NULL);
INSERT INTO evaluation_details (id, evaluation_id, question_id, score, comment) VALUES (120, 11, 10, 3, NULL);
INSERT INTO evaluation_details (id, evaluation_id, question_id, score, comment) VALUES (121, 11, 11, NULL, 'Nos ayuda a resolver problemas rápidamente.');
INSERT INTO evaluations (id, evaluatee_id, form_id, period_id, is_anonymous, status, submitted_at, created_at) VALUES (12, 2, 1, 2, TRUE, 'submitted', '2026-07-21 12:00:00', '2026-07-21 12:05:00');
INSERT INTO evaluation_submissions (id, evaluator_id, evaluatee_id, period_id, evaluation_id, created_at) VALUES (12, 20, 2, 2, 12, '2026-07-21 12:00:00');
INSERT INTO evaluation_details (id, evaluation_id, question_id, score, comment) VALUES (122, 12, 1, 5, NULL);
INSERT INTO evaluation_details (id, evaluation_id, question_id, score, comment) VALUES (123, 12, 2, 5, NULL);
INSERT INTO evaluation_details (id, evaluation_id, question_id, score, comment) VALUES (124, 12, 3, 3, NULL);
INSERT INTO evaluation_details (id, evaluation_id, question_id, score, comment) VALUES (125, 12, 4, 4, NULL);
INSERT INTO evaluation_details (id, evaluation_id, question_id, score, comment) VALUES (126, 12, 5, 4, NULL);
INSERT INTO evaluation_details (id, evaluation_id, question_id, score, comment) VALUES (127, 12, 6, 5, NULL);
INSERT INTO evaluation_details (id, evaluation_id, question_id, score, comment) VALUES (128, 12, 7, 4, NULL);
INSERT INTO evaluation_details (id, evaluation_id, question_id, score, comment) VALUES (129, 12, 8, 4, NULL);
INSERT INTO evaluation_details (id, evaluation_id, question_id, score, comment) VALUES (130, 12, 9, 4, NULL);
INSERT INTO evaluation_details (id, evaluation_id, question_id, score, comment) VALUES (131, 12, 10, 4, NULL);
INSERT INTO evaluation_details (id, evaluation_id, question_id, score, comment) VALUES (132, 12, 11, NULL, 'Nos ayuda a resolver problemas rápidamente.');
INSERT INTO evaluations (id, evaluatee_id, form_id, period_id, is_anonymous, status, submitted_at, created_at) VALUES (13, 2, 1, 2, TRUE, 'submitted', '2026-07-21 12:00:00', '2026-07-21 12:05:00');
INSERT INTO evaluation_submissions (id, evaluator_id, evaluatee_id, period_id, evaluation_id, created_at) VALUES (13, 41, 2, 2, 13, '2026-07-21 12:00:00');
INSERT INTO evaluation_details (id, evaluation_id, question_id, score, comment) VALUES (133, 13, 1, 4, NULL);
INSERT INTO evaluation_details (id, evaluation_id, question_id, score, comment) VALUES (134, 13, 2, 5, NULL);
INSERT INTO evaluation_details (id, evaluation_id, question_id, score, comment) VALUES (135, 13, 3, 4, NULL);
INSERT INTO evaluation_details (id, evaluation_id, question_id, score, comment) VALUES (136, 13, 4, 4, NULL);
INSERT INTO evaluation_details (id, evaluation_id, question_id, score, comment) VALUES (137, 13, 5, 4, NULL);
INSERT INTO evaluation_details (id, evaluation_id, question_id, score, comment) VALUES (138, 13, 6, 3, NULL);
INSERT INTO evaluation_details (id, evaluation_id, question_id, score, comment) VALUES (139, 13, 7, 3, NULL);
INSERT INTO evaluation_details (id, evaluation_id, question_id, score, comment) VALUES (140, 13, 8, 4, NULL);
INSERT INTO evaluation_details (id, evaluation_id, question_id, score, comment) VALUES (141, 13, 9, 5, NULL);
INSERT INTO evaluation_details (id, evaluation_id, question_id, score, comment) VALUES (142, 13, 10, 4, NULL);
INSERT INTO evaluation_details (id, evaluation_id, question_id, score, comment) VALUES (143, 13, 11, NULL, 'En el módulo actual fue un gran apoyo, muy enfocado.');
INSERT INTO evaluations (id, evaluatee_id, form_id, period_id, is_anonymous, status, submitted_at, created_at) VALUES (14, 2, 1, 2, TRUE, 'submitted', '2026-07-21 12:00:00', '2026-07-21 12:05:00');
INSERT INTO evaluation_submissions (id, evaluator_id, evaluatee_id, period_id, evaluation_id, created_at) VALUES (14, 24, 2, 2, 14, '2026-07-21 12:00:00');
INSERT INTO evaluation_details (id, evaluation_id, question_id, score, comment) VALUES (144, 14, 1, 4, NULL);
INSERT INTO evaluation_details (id, evaluation_id, question_id, score, comment) VALUES (145, 14, 2, 4, NULL);
INSERT INTO evaluation_details (id, evaluation_id, question_id, score, comment) VALUES (146, 14, 3, 3, NULL);
INSERT INTO evaluation_details (id, evaluation_id, question_id, score, comment) VALUES (147, 14, 4, 4, NULL);
INSERT INTO evaluation_details (id, evaluation_id, question_id, score, comment) VALUES (148, 14, 5, 4, NULL);
INSERT INTO evaluation_details (id, evaluation_id, question_id, score, comment) VALUES (149, 14, 6, 4, NULL);
INSERT INTO evaluation_details (id, evaluation_id, question_id, score, comment) VALUES (150, 14, 7, 4, NULL);
INSERT INTO evaluation_details (id, evaluation_id, question_id, score, comment) VALUES (151, 14, 8, 4, NULL);
INSERT INTO evaluation_details (id, evaluation_id, question_id, score, comment) VALUES (152, 14, 9, 5, NULL);
INSERT INTO evaluation_details (id, evaluation_id, question_id, score, comment) VALUES (153, 14, 10, 4, NULL);
INSERT INTO evaluation_details (id, evaluation_id, question_id, score, comment) VALUES (154, 14, 11, NULL, 'Muy buen líder, siempre apoya al equipo.');
INSERT INTO evaluations (id, evaluatee_id, form_id, period_id, is_anonymous, status, submitted_at, created_at) VALUES (15, 2, 1, 2, TRUE, 'submitted', '2026-07-21 12:00:00', '2026-07-21 12:05:00');
INSERT INTO evaluation_submissions (id, evaluator_id, evaluatee_id, period_id, evaluation_id, created_at) VALUES (15, 22, 2, 2, 15, '2026-07-21 12:00:00');
INSERT INTO evaluation_details (id, evaluation_id, question_id, score, comment) VALUES (155, 15, 1, 4, NULL);
INSERT INTO evaluation_details (id, evaluation_id, question_id, score, comment) VALUES (156, 15, 2, 4, NULL);
INSERT INTO evaluation_details (id, evaluation_id, question_id, score, comment) VALUES (157, 15, 3, 5, NULL);
INSERT INTO evaluation_details (id, evaluation_id, question_id, score, comment) VALUES (158, 15, 4, 4, NULL);
INSERT INTO evaluation_details (id, evaluation_id, question_id, score, comment) VALUES (159, 15, 5, 4, NULL);
INSERT INTO evaluation_details (id, evaluation_id, question_id, score, comment) VALUES (160, 15, 6, 5, NULL);
INSERT INTO evaluation_details (id, evaluation_id, question_id, score, comment) VALUES (161, 15, 7, 4, NULL);
INSERT INTO evaluation_details (id, evaluation_id, question_id, score, comment) VALUES (162, 15, 8, 5, NULL);
INSERT INTO evaluation_details (id, evaluation_id, question_id, score, comment) VALUES (163, 15, 9, 4, NULL);
INSERT INTO evaluation_details (id, evaluation_id, question_id, score, comment) VALUES (164, 15, 10, 4, NULL);
INSERT INTO evaluation_details (id, evaluation_id, question_id, score, comment) VALUES (165, 15, 11, NULL, 'Excelente disposición.');
INSERT INTO evaluations (id, evaluatee_id, form_id, period_id, is_anonymous, status, submitted_at, created_at) VALUES (16, 2, 1, 3, TRUE, 'submitted', '2026-07-21 12:00:00', '2026-07-21 12:05:00');
INSERT INTO evaluation_submissions (id, evaluator_id, evaluatee_id, period_id, evaluation_id, created_at) VALUES (16, 28, 2, 3, 16, '2026-07-21 12:00:00');
INSERT INTO evaluation_details (id, evaluation_id, question_id, score, comment) VALUES (166, 16, 1, 5, NULL);
INSERT INTO evaluation_details (id, evaluation_id, question_id, score, comment) VALUES (167, 16, 2, 5, NULL);
INSERT INTO evaluation_details (id, evaluation_id, question_id, score, comment) VALUES (168, 16, 3, 3, NULL);
INSERT INTO evaluation_details (id, evaluation_id, question_id, score, comment) VALUES (169, 16, 4, 5, NULL);
INSERT INTO evaluation_details (id, evaluation_id, question_id, score, comment) VALUES (170, 16, 5, 4, NULL);
INSERT INTO evaluation_details (id, evaluation_id, question_id, score, comment) VALUES (171, 16, 6, 4, NULL);
INSERT INTO evaluation_details (id, evaluation_id, question_id, score, comment) VALUES (172, 16, 7, 5, NULL);
INSERT INTO evaluation_details (id, evaluation_id, question_id, score, comment) VALUES (173, 16, 8, 5, NULL);
INSERT INTO evaluation_details (id, evaluation_id, question_id, score, comment) VALUES (174, 16, 9, 4, NULL);
INSERT INTO evaluation_details (id, evaluation_id, question_id, score, comment) VALUES (175, 16, 10, 5, NULL);
INSERT INTO evaluation_details (id, evaluation_id, question_id, score, comment) VALUES (176, 16, 11, NULL, 'En el módulo actual fue un gran apoyo, muy enfocado.');
INSERT INTO evaluations (id, evaluatee_id, form_id, period_id, is_anonymous, status, submitted_at, created_at) VALUES (17, 2, 1, 3, FALSE, 'submitted', '2026-07-21 12:00:00', '2026-07-21 12:05:00');
INSERT INTO evaluation_submissions (id, evaluator_id, evaluatee_id, period_id, evaluation_id, created_at) VALUES (17, 33, 2, 3, 17, '2026-07-21 12:00:00');
INSERT INTO evaluation_details (id, evaluation_id, question_id, score, comment) VALUES (177, 17, 1, 4, NULL);
INSERT INTO evaluation_details (id, evaluation_id, question_id, score, comment) VALUES (178, 17, 2, 5, NULL);
INSERT INTO evaluation_details (id, evaluation_id, question_id, score, comment) VALUES (179, 17, 3, 4, NULL);
INSERT INTO evaluation_details (id, evaluation_id, question_id, score, comment) VALUES (180, 17, 4, 4, NULL);
INSERT INTO evaluation_details (id, evaluation_id, question_id, score, comment) VALUES (181, 17, 5, 3, NULL);
INSERT INTO evaluation_details (id, evaluation_id, question_id, score, comment) VALUES (182, 17, 6, 3, NULL);
INSERT INTO evaluation_details (id, evaluation_id, question_id, score, comment) VALUES (183, 17, 7, 4, NULL);
INSERT INTO evaluation_details (id, evaluation_id, question_id, score, comment) VALUES (184, 17, 8, 4, NULL);
INSERT INTO evaluation_details (id, evaluation_id, question_id, score, comment) VALUES (185, 17, 9, 5, NULL);
INSERT INTO evaluation_details (id, evaluation_id, question_id, score, comment) VALUES (186, 17, 10, 4, NULL);
INSERT INTO evaluation_details (id, evaluation_id, question_id, score, comment) VALUES (187, 17, 11, NULL, 'En el módulo actual fue un gran apoyo, muy enfocado.');
INSERT INTO evaluations (id, evaluatee_id, form_id, period_id, is_anonymous, status, submitted_at, created_at) VALUES (18, 2, 1, 3, FALSE, 'submitted', '2026-07-21 12:00:00', '2026-07-21 12:05:00');
INSERT INTO evaluation_submissions (id, evaluator_id, evaluatee_id, period_id, evaluation_id, created_at) VALUES (18, 30, 2, 3, 18, '2026-07-21 12:00:00');
INSERT INTO evaluation_details (id, evaluation_id, question_id, score, comment) VALUES (188, 18, 1, 4, NULL);
INSERT INTO evaluation_details (id, evaluation_id, question_id, score, comment) VALUES (189, 18, 2, 4, NULL);
INSERT INTO evaluation_details (id, evaluation_id, question_id, score, comment) VALUES (190, 18, 3, 5, NULL);
INSERT INTO evaluation_details (id, evaluation_id, question_id, score, comment) VALUES (191, 18, 4, 3, NULL);
INSERT INTO evaluation_details (id, evaluation_id, question_id, score, comment) VALUES (192, 18, 5, 4, NULL);
INSERT INTO evaluation_details (id, evaluation_id, question_id, score, comment) VALUES (193, 18, 6, 3, NULL);
INSERT INTO evaluation_details (id, evaluation_id, question_id, score, comment) VALUES (194, 18, 7, 4, NULL);
INSERT INTO evaluation_details (id, evaluation_id, question_id, score, comment) VALUES (195, 18, 8, 4, NULL);
INSERT INTO evaluation_details (id, evaluation_id, question_id, score, comment) VALUES (196, 18, 9, 4, NULL);
INSERT INTO evaluation_details (id, evaluation_id, question_id, score, comment) VALUES (197, 18, 10, 4, NULL);
INSERT INTO evaluation_details (id, evaluation_id, question_id, score, comment) VALUES (198, 18, 11, NULL, 'Excelente disposición.');
INSERT INTO evaluations (id, evaluatee_id, form_id, period_id, is_anonymous, status, submitted_at, created_at) VALUES (19, 2, 1, 3, FALSE, 'submitted', '2026-07-21 12:00:00', '2026-07-21 12:05:00');
INSERT INTO evaluation_submissions (id, evaluator_id, evaluatee_id, period_id, evaluation_id, created_at) VALUES (19, 45, 2, 3, 19, '2026-07-21 12:00:00');
INSERT INTO evaluation_details (id, evaluation_id, question_id, score, comment) VALUES (199, 19, 1, 4, NULL);
INSERT INTO evaluation_details (id, evaluation_id, question_id, score, comment) VALUES (200, 19, 2, 3, NULL);
INSERT INTO evaluation_details (id, evaluation_id, question_id, score, comment) VALUES (201, 19, 3, 4, NULL);
INSERT INTO evaluation_details (id, evaluation_id, question_id, score, comment) VALUES (202, 19, 4, 4, NULL);
INSERT INTO evaluation_details (id, evaluation_id, question_id, score, comment) VALUES (203, 19, 5, 5, NULL);
INSERT INTO evaluation_details (id, evaluation_id, question_id, score, comment) VALUES (204, 19, 6, 3, NULL);
INSERT INTO evaluation_details (id, evaluation_id, question_id, score, comment) VALUES (205, 19, 7, 3, NULL);
INSERT INTO evaluation_details (id, evaluation_id, question_id, score, comment) VALUES (206, 19, 8, 3, NULL);
INSERT INTO evaluation_details (id, evaluation_id, question_id, score, comment) VALUES (207, 19, 9, 4, NULL);
INSERT INTO evaluation_details (id, evaluation_id, question_id, score, comment) VALUES (208, 19, 10, 3, NULL);
INSERT INTO evaluation_details (id, evaluation_id, question_id, score, comment) VALUES (209, 19, 11, NULL, 'Debería dar más feedback en los PRs.');
INSERT INTO evaluations (id, evaluatee_id, form_id, period_id, is_anonymous, status, submitted_at, created_at) VALUES (20, 2, 1, 3, FALSE, 'submitted', '2026-07-21 12:00:00', '2026-07-21 12:05:00');
INSERT INTO evaluation_submissions (id, evaluator_id, evaluatee_id, period_id, evaluation_id, created_at) VALUES (20, 31, 2, 3, 20, '2026-07-21 12:00:00');
INSERT INTO evaluation_details (id, evaluation_id, question_id, score, comment) VALUES (210, 20, 1, 3, NULL);
INSERT INTO evaluation_details (id, evaluation_id, question_id, score, comment) VALUES (211, 20, 2, 4, NULL);
INSERT INTO evaluation_details (id, evaluation_id, question_id, score, comment) VALUES (212, 20, 3, 5, NULL);
INSERT INTO evaluation_details (id, evaluation_id, question_id, score, comment) VALUES (213, 20, 4, 4, NULL);
INSERT INTO evaluation_details (id, evaluation_id, question_id, score, comment) VALUES (214, 20, 5, 4, NULL);
INSERT INTO evaluation_details (id, evaluation_id, question_id, score, comment) VALUES (215, 20, 6, 4, NULL);
INSERT INTO evaluation_details (id, evaluation_id, question_id, score, comment) VALUES (216, 20, 7, 5, NULL);
INSERT INTO evaluation_details (id, evaluation_id, question_id, score, comment) VALUES (217, 20, 8, 4, NULL);
INSERT INTO evaluation_details (id, evaluation_id, question_id, score, comment) VALUES (218, 20, 9, 3, NULL);
INSERT INTO evaluation_details (id, evaluation_id, question_id, score, comment) VALUES (219, 20, 10, 4, NULL);
INSERT INTO evaluation_details (id, evaluation_id, question_id, score, comment) VALUES (220, 20, 11, NULL, 'Nos ayuda a resolver problemas rápidamente.');
INSERT INTO evaluations (id, evaluatee_id, form_id, period_id, is_anonymous, status, submitted_at, created_at) VALUES (21, 2, 1, 3, TRUE, 'submitted', '2026-07-21 12:00:00', '2026-07-21 12:05:00');
INSERT INTO evaluation_submissions (id, evaluator_id, evaluatee_id, period_id, evaluation_id, created_at) VALUES (21, 36, 2, 3, 21, '2026-07-21 12:00:00');
INSERT INTO evaluation_details (id, evaluation_id, question_id, score, comment) VALUES (221, 21, 1, 3, NULL);
INSERT INTO evaluation_details (id, evaluation_id, question_id, score, comment) VALUES (222, 21, 2, 4, NULL);
INSERT INTO evaluation_details (id, evaluation_id, question_id, score, comment) VALUES (223, 21, 3, 3, NULL);
INSERT INTO evaluation_details (id, evaluation_id, question_id, score, comment) VALUES (224, 21, 4, 3, NULL);
INSERT INTO evaluation_details (id, evaluation_id, question_id, score, comment) VALUES (225, 21, 5, 3, NULL);
INSERT INTO evaluation_details (id, evaluation_id, question_id, score, comment) VALUES (226, 21, 6, 4, NULL);
INSERT INTO evaluation_details (id, evaluation_id, question_id, score, comment) VALUES (227, 21, 7, 3, NULL);
INSERT INTO evaluation_details (id, evaluation_id, question_id, score, comment) VALUES (228, 21, 8, 3, NULL);
INSERT INTO evaluation_details (id, evaluation_id, question_id, score, comment) VALUES (229, 21, 9, 4, NULL);
INSERT INTO evaluation_details (id, evaluation_id, question_id, score, comment) VALUES (230, 21, 10, 4, NULL);
INSERT INTO evaluation_details (id, evaluation_id, question_id, score, comment) VALUES (231, 21, 11, NULL, 'En el módulo actual fue un gran apoyo, muy enfocado.');
INSERT INTO evaluations (id, evaluatee_id, form_id, period_id, is_anonymous, status, submitted_at, created_at) VALUES (22, 2, 1, 3, FALSE, 'submitted', '2026-07-21 12:00:00', '2026-07-21 12:05:00');
INSERT INTO evaluation_submissions (id, evaluator_id, evaluatee_id, period_id, evaluation_id, created_at) VALUES (22, 22, 2, 3, 22, '2026-07-21 12:00:00');
INSERT INTO evaluation_details (id, evaluation_id, question_id, score, comment) VALUES (232, 22, 1, 4, NULL);
INSERT INTO evaluation_details (id, evaluation_id, question_id, score, comment) VALUES (233, 22, 2, 4, NULL);
INSERT INTO evaluation_details (id, evaluation_id, question_id, score, comment) VALUES (234, 22, 3, 4, NULL);
INSERT INTO evaluation_details (id, evaluation_id, question_id, score, comment) VALUES (235, 22, 4, 3, NULL);
INSERT INTO evaluation_details (id, evaluation_id, question_id, score, comment) VALUES (236, 22, 5, 4, NULL);
INSERT INTO evaluation_details (id, evaluation_id, question_id, score, comment) VALUES (237, 22, 6, 3, NULL);
INSERT INTO evaluation_details (id, evaluation_id, question_id, score, comment) VALUES (238, 22, 7, 4, NULL);
INSERT INTO evaluation_details (id, evaluation_id, question_id, score, comment) VALUES (239, 22, 8, 4, NULL);
INSERT INTO evaluation_details (id, evaluation_id, question_id, score, comment) VALUES (240, 22, 9, 4, NULL);
INSERT INTO evaluation_details (id, evaluation_id, question_id, score, comment) VALUES (241, 22, 10, 4, NULL);
INSERT INTO evaluation_details (id, evaluation_id, question_id, score, comment) VALUES (242, 22, 11, NULL, 'Me gustaría que hiciera sesiones de pair programming.');
INSERT INTO evaluations (id, evaluatee_id, form_id, period_id, is_anonymous, status, submitted_at, created_at) VALUES (23, 2, 1, 4, FALSE, 'submitted', '2026-07-21 12:00:00', '2026-07-21 12:05:00');
INSERT INTO evaluation_submissions (id, evaluator_id, evaluatee_id, period_id, evaluation_id, created_at) VALUES (23, 23, 2, 4, 23, '2026-07-21 12:00:00');
INSERT INTO evaluation_details (id, evaluation_id, question_id, score, comment) VALUES (243, 23, 1, 4, NULL);
INSERT INTO evaluation_details (id, evaluation_id, question_id, score, comment) VALUES (244, 23, 2, 4, NULL);
INSERT INTO evaluation_details (id, evaluation_id, question_id, score, comment) VALUES (245, 23, 3, 5, NULL);
INSERT INTO evaluation_details (id, evaluation_id, question_id, score, comment) VALUES (246, 23, 4, 3, NULL);
INSERT INTO evaluation_details (id, evaluation_id, question_id, score, comment) VALUES (247, 23, 5, 4, NULL);
INSERT INTO evaluation_details (id, evaluation_id, question_id, score, comment) VALUES (248, 23, 6, 4, NULL);
INSERT INTO evaluation_details (id, evaluation_id, question_id, score, comment) VALUES (249, 23, 7, 4, NULL);
INSERT INTO evaluation_details (id, evaluation_id, question_id, score, comment) VALUES (250, 23, 8, 4, NULL);
INSERT INTO evaluation_details (id, evaluation_id, question_id, score, comment) VALUES (251, 23, 9, 3, NULL);
INSERT INTO evaluation_details (id, evaluation_id, question_id, score, comment) VALUES (252, 23, 10, 4, NULL);
INSERT INTO evaluation_details (id, evaluation_id, question_id, score, comment) VALUES (253, 23, 11, NULL, 'Nos ayuda a resolver problemas rápidamente.');
INSERT INTO evaluations (id, evaluatee_id, form_id, period_id, is_anonymous, status, submitted_at, created_at) VALUES (24, 2, 1, 4, TRUE, 'submitted', '2026-07-21 12:00:00', '2026-07-21 12:05:00');
INSERT INTO evaluation_submissions (id, evaluator_id, evaluatee_id, period_id, evaluation_id, created_at) VALUES (24, 22, 2, 4, 24, '2026-07-21 12:00:00');
INSERT INTO evaluation_details (id, evaluation_id, question_id, score, comment) VALUES (254, 24, 1, 3, NULL);
INSERT INTO evaluation_details (id, evaluation_id, question_id, score, comment) VALUES (255, 24, 2, 4, NULL);
INSERT INTO evaluation_details (id, evaluation_id, question_id, score, comment) VALUES (256, 24, 3, 4, NULL);
INSERT INTO evaluation_details (id, evaluation_id, question_id, score, comment) VALUES (257, 24, 4, 4, NULL);
INSERT INTO evaluation_details (id, evaluation_id, question_id, score, comment) VALUES (258, 24, 5, 4, NULL);
INSERT INTO evaluation_details (id, evaluation_id, question_id, score, comment) VALUES (259, 24, 6, 5, NULL);
INSERT INTO evaluation_details (id, evaluation_id, question_id, score, comment) VALUES (260, 24, 7, 4, NULL);
INSERT INTO evaluation_details (id, evaluation_id, question_id, score, comment) VALUES (261, 24, 8, 4, NULL);
INSERT INTO evaluation_details (id, evaluation_id, question_id, score, comment) VALUES (262, 24, 9, 4, NULL);
INSERT INTO evaluation_details (id, evaluation_id, question_id, score, comment) VALUES (263, 24, 10, 3, NULL);
INSERT INTO evaluation_details (id, evaluation_id, question_id, score, comment) VALUES (264, 24, 11, NULL, 'Excelente disposición.');
INSERT INTO evaluations (id, evaluatee_id, form_id, period_id, is_anonymous, status, submitted_at, created_at) VALUES (25, 2, 1, 4, TRUE, 'submitted', '2026-07-21 12:00:00', '2026-07-21 12:05:00');
INSERT INTO evaluation_submissions (id, evaluator_id, evaluatee_id, period_id, evaluation_id, created_at) VALUES (25, 25, 2, 4, 25, '2026-07-21 12:00:00');
INSERT INTO evaluation_details (id, evaluation_id, question_id, score, comment) VALUES (265, 25, 1, 4, NULL);
INSERT INTO evaluation_details (id, evaluation_id, question_id, score, comment) VALUES (266, 25, 2, 3, NULL);
INSERT INTO evaluation_details (id, evaluation_id, question_id, score, comment) VALUES (267, 25, 3, 4, NULL);
INSERT INTO evaluation_details (id, evaluation_id, question_id, score, comment) VALUES (268, 25, 4, 4, NULL);
INSERT INTO evaluation_details (id, evaluation_id, question_id, score, comment) VALUES (269, 25, 5, 4, NULL);
INSERT INTO evaluation_details (id, evaluation_id, question_id, score, comment) VALUES (270, 25, 6, 4, NULL);
INSERT INTO evaluation_details (id, evaluation_id, question_id, score, comment) VALUES (271, 25, 7, 3, NULL);
INSERT INTO evaluation_details (id, evaluation_id, question_id, score, comment) VALUES (272, 25, 8, 3, NULL);
INSERT INTO evaluation_details (id, evaluation_id, question_id, score, comment) VALUES (273, 25, 9, 4, NULL);
INSERT INTO evaluation_details (id, evaluation_id, question_id, score, comment) VALUES (274, 25, 10, 4, NULL);
INSERT INTO evaluation_details (id, evaluation_id, question_id, score, comment) VALUES (275, 25, 11, NULL, 'Nos ayuda a resolver problemas rápidamente.');
INSERT INTO evaluations (id, evaluatee_id, form_id, period_id, is_anonymous, status, submitted_at, created_at) VALUES (26, 2, 1, 4, FALSE, 'submitted', '2026-07-21 12:00:00', '2026-07-21 12:05:00');
INSERT INTO evaluation_submissions (id, evaluator_id, evaluatee_id, period_id, evaluation_id, created_at) VALUES (26, 45, 2, 4, 26, '2026-07-21 12:00:00');
INSERT INTO evaluation_details (id, evaluation_id, question_id, score, comment) VALUES (276, 26, 1, 4, NULL);
INSERT INTO evaluation_details (id, evaluation_id, question_id, score, comment) VALUES (277, 26, 2, 4, NULL);
INSERT INTO evaluation_details (id, evaluation_id, question_id, score, comment) VALUES (278, 26, 3, 4, NULL);
INSERT INTO evaluation_details (id, evaluation_id, question_id, score, comment) VALUES (279, 26, 4, 4, NULL);
INSERT INTO evaluation_details (id, evaluation_id, question_id, score, comment) VALUES (280, 26, 5, 3, NULL);
INSERT INTO evaluation_details (id, evaluation_id, question_id, score, comment) VALUES (281, 26, 6, 5, NULL);
INSERT INTO evaluation_details (id, evaluation_id, question_id, score, comment) VALUES (282, 26, 7, 4, NULL);
INSERT INTO evaluation_details (id, evaluation_id, question_id, score, comment) VALUES (283, 26, 8, 4, NULL);
INSERT INTO evaluation_details (id, evaluation_id, question_id, score, comment) VALUES (284, 26, 9, 4, NULL);
INSERT INTO evaluation_details (id, evaluation_id, question_id, score, comment) VALUES (285, 26, 10, 4, NULL);
INSERT INTO evaluation_details (id, evaluation_id, question_id, score, comment) VALUES (286, 26, 11, NULL, 'Muy buen líder, siempre apoya al equipo.');
INSERT INTO evaluations (id, evaluatee_id, form_id, period_id, is_anonymous, status, submitted_at, created_at) VALUES (27, 2, 1, 4, FALSE, 'submitted', '2026-07-21 12:00:00', '2026-07-21 12:05:00');
INSERT INTO evaluation_submissions (id, evaluator_id, evaluatee_id, period_id, evaluation_id, created_at) VALUES (27, 17, 2, 4, 27, '2026-07-21 12:00:00');
INSERT INTO evaluation_details (id, evaluation_id, question_id, score, comment) VALUES (287, 27, 1, 4, NULL);
INSERT INTO evaluation_details (id, evaluation_id, question_id, score, comment) VALUES (288, 27, 2, 4, NULL);
INSERT INTO evaluation_details (id, evaluation_id, question_id, score, comment) VALUES (289, 27, 3, 4, NULL);
INSERT INTO evaluation_details (id, evaluation_id, question_id, score, comment) VALUES (290, 27, 4, 5, NULL);
INSERT INTO evaluation_details (id, evaluation_id, question_id, score, comment) VALUES (291, 27, 5, 4, NULL);
INSERT INTO evaluation_details (id, evaluation_id, question_id, score, comment) VALUES (292, 27, 6, 5, NULL);
INSERT INTO evaluation_details (id, evaluation_id, question_id, score, comment) VALUES (293, 27, 7, 5, NULL);
INSERT INTO evaluation_details (id, evaluation_id, question_id, score, comment) VALUES (294, 27, 8, 4, NULL);
INSERT INTO evaluation_details (id, evaluation_id, question_id, score, comment) VALUES (295, 27, 9, 4, NULL);
INSERT INTO evaluation_details (id, evaluation_id, question_id, score, comment) VALUES (296, 27, 10, 5, NULL);
INSERT INTO evaluation_details (id, evaluation_id, question_id, score, comment) VALUES (297, 27, 11, NULL, 'Me gustaría que hiciera sesiones de pair programming.');
INSERT INTO evaluations (id, evaluatee_id, form_id, period_id, is_anonymous, status, submitted_at, created_at) VALUES (28, 2, 1, 4, TRUE, 'submitted', '2026-07-21 12:00:00', '2026-07-21 12:05:00');
INSERT INTO evaluation_submissions (id, evaluator_id, evaluatee_id, period_id, evaluation_id, created_at) VALUES (28, 26, 2, 4, 28, '2026-07-21 12:00:00');
INSERT INTO evaluation_details (id, evaluation_id, question_id, score, comment) VALUES (298, 28, 1, 4, NULL);
INSERT INTO evaluation_details (id, evaluation_id, question_id, score, comment) VALUES (299, 28, 2, 4, NULL);
INSERT INTO evaluation_details (id, evaluation_id, question_id, score, comment) VALUES (300, 28, 3, 4, NULL);
INSERT INTO evaluation_details (id, evaluation_id, question_id, score, comment) VALUES (301, 28, 4, 4, NULL);
INSERT INTO evaluation_details (id, evaluation_id, question_id, score, comment) VALUES (302, 28, 5, 3, NULL);
INSERT INTO evaluation_details (id, evaluation_id, question_id, score, comment) VALUES (303, 28, 6, 5, NULL);
INSERT INTO evaluation_details (id, evaluation_id, question_id, score, comment) VALUES (304, 28, 7, 4, NULL);
INSERT INTO evaluation_details (id, evaluation_id, question_id, score, comment) VALUES (305, 28, 8, 4, NULL);
INSERT INTO evaluation_details (id, evaluation_id, question_id, score, comment) VALUES (306, 28, 9, 5, NULL);
INSERT INTO evaluation_details (id, evaluation_id, question_id, score, comment) VALUES (307, 28, 10, 3, NULL);
INSERT INTO evaluation_details (id, evaluation_id, question_id, score, comment) VALUES (308, 28, 11, NULL, 'En el módulo actual fue un gran apoyo, muy enfocado.');
INSERT INTO evaluations (id, evaluatee_id, form_id, period_id, is_anonymous, status, submitted_at, created_at) VALUES (29, 2, 1, 4, FALSE, 'submitted', '2026-07-21 12:00:00', '2026-07-21 12:05:00');
INSERT INTO evaluation_submissions (id, evaluator_id, evaluatee_id, period_id, evaluation_id, created_at) VALUES (29, 32, 2, 4, 29, '2026-07-21 12:00:00');
INSERT INTO evaluation_details (id, evaluation_id, question_id, score, comment) VALUES (309, 29, 1, 4, NULL);
INSERT INTO evaluation_details (id, evaluation_id, question_id, score, comment) VALUES (310, 29, 2, 5, NULL);
INSERT INTO evaluation_details (id, evaluation_id, question_id, score, comment) VALUES (311, 29, 3, 4, NULL);
INSERT INTO evaluation_details (id, evaluation_id, question_id, score, comment) VALUES (312, 29, 4, 3, NULL);
INSERT INTO evaluation_details (id, evaluation_id, question_id, score, comment) VALUES (313, 29, 5, 4, NULL);
INSERT INTO evaluation_details (id, evaluation_id, question_id, score, comment) VALUES (314, 29, 6, 4, NULL);
INSERT INTO evaluation_details (id, evaluation_id, question_id, score, comment) VALUES (315, 29, 7, 4, NULL);
INSERT INTO evaluation_details (id, evaluation_id, question_id, score, comment) VALUES (316, 29, 8, 4, NULL);
INSERT INTO evaluation_details (id, evaluation_id, question_id, score, comment) VALUES (317, 29, 9, 4, NULL);
INSERT INTO evaluation_details (id, evaluation_id, question_id, score, comment) VALUES (318, 29, 10, 4, NULL);
INSERT INTO evaluation_details (id, evaluation_id, question_id, score, comment) VALUES (319, 29, 11, NULL, 'Debería dar más feedback en los PRs.');
INSERT INTO evaluations (id, evaluatee_id, form_id, period_id, is_anonymous, status, submitted_at, created_at) VALUES (30, 2, 1, 4, FALSE, 'submitted', '2026-07-21 12:00:00', '2026-07-21 12:05:00');
INSERT INTO evaluation_submissions (id, evaluator_id, evaluatee_id, period_id, evaluation_id, created_at) VALUES (30, 44, 2, 4, 30, '2026-07-21 12:00:00');
INSERT INTO evaluation_details (id, evaluation_id, question_id, score, comment) VALUES (320, 30, 1, 4, NULL);
INSERT INTO evaluation_details (id, evaluation_id, question_id, score, comment) VALUES (321, 30, 2, 3, NULL);
INSERT INTO evaluation_details (id, evaluation_id, question_id, score, comment) VALUES (322, 30, 3, 4, NULL);
INSERT INTO evaluation_details (id, evaluation_id, question_id, score, comment) VALUES (323, 30, 4, 4, NULL);
INSERT INTO evaluation_details (id, evaluation_id, question_id, score, comment) VALUES (324, 30, 5, 4, NULL);
INSERT INTO evaluation_details (id, evaluation_id, question_id, score, comment) VALUES (325, 30, 6, 4, NULL);
INSERT INTO evaluation_details (id, evaluation_id, question_id, score, comment) VALUES (326, 30, 7, 5, NULL);
INSERT INTO evaluation_details (id, evaluation_id, question_id, score, comment) VALUES (327, 30, 8, 4, NULL);
INSERT INTO evaluation_details (id, evaluation_id, question_id, score, comment) VALUES (328, 30, 9, 4, NULL);
INSERT INTO evaluation_details (id, evaluation_id, question_id, score, comment) VALUES (329, 30, 10, 4, NULL);
INSERT INTO evaluation_details (id, evaluation_id, question_id, score, comment) VALUES (330, 30, 11, NULL, 'Me gustaría que hiciera sesiones de pair programming.');
INSERT INTO evaluations (id, evaluatee_id, form_id, period_id, is_anonymous, status, submitted_at, created_at) VALUES (31, 2, 1, 4, FALSE, 'submitted', '2026-07-21 12:00:00', '2026-07-21 12:05:00');
INSERT INTO evaluation_submissions (id, evaluator_id, evaluatee_id, period_id, evaluation_id, created_at) VALUES (31, 42, 2, 4, 31, '2026-07-21 12:00:00');
INSERT INTO evaluation_details (id, evaluation_id, question_id, score, comment) VALUES (331, 31, 1, 4, NULL);
INSERT INTO evaluation_details (id, evaluation_id, question_id, score, comment) VALUES (332, 31, 2, 5, NULL);
INSERT INTO evaluation_details (id, evaluation_id, question_id, score, comment) VALUES (333, 31, 3, 4, NULL);
INSERT INTO evaluation_details (id, evaluation_id, question_id, score, comment) VALUES (334, 31, 4, 4, NULL);
INSERT INTO evaluation_details (id, evaluation_id, question_id, score, comment) VALUES (335, 31, 5, 4, NULL);
INSERT INTO evaluation_details (id, evaluation_id, question_id, score, comment) VALUES (336, 31, 6, 3, NULL);
INSERT INTO evaluation_details (id, evaluation_id, question_id, score, comment) VALUES (337, 31, 7, 4, NULL);
INSERT INTO evaluation_details (id, evaluation_id, question_id, score, comment) VALUES (338, 31, 8, 4, NULL);
INSERT INTO evaluation_details (id, evaluation_id, question_id, score, comment) VALUES (339, 31, 9, 4, NULL);
INSERT INTO evaluation_details (id, evaluation_id, question_id, score, comment) VALUES (340, 31, 10, 5, NULL);
INSERT INTO evaluation_details (id, evaluation_id, question_id, score, comment) VALUES (341, 31, 11, NULL, 'Debería dar más feedback en los PRs.');
INSERT INTO evaluations (id, evaluatee_id, form_id, period_id, is_anonymous, status, submitted_at, created_at) VALUES (32, 2, 1, 4, TRUE, 'submitted', '2026-07-21 12:00:00', '2026-07-21 12:05:00');
INSERT INTO evaluation_submissions (id, evaluator_id, evaluatee_id, period_id, evaluation_id, created_at) VALUES (32, 13, 2, 4, 32, '2026-07-21 12:00:00');
INSERT INTO evaluation_details (id, evaluation_id, question_id, score, comment) VALUES (342, 32, 1, 4, NULL);
INSERT INTO evaluation_details (id, evaluation_id, question_id, score, comment) VALUES (343, 32, 2, 4, NULL);
INSERT INTO evaluation_details (id, evaluation_id, question_id, score, comment) VALUES (344, 32, 3, 4, NULL);
INSERT INTO evaluation_details (id, evaluation_id, question_id, score, comment) VALUES (345, 32, 4, 4, NULL);
INSERT INTO evaluation_details (id, evaluation_id, question_id, score, comment) VALUES (346, 32, 5, 4, NULL);
INSERT INTO evaluation_details (id, evaluation_id, question_id, score, comment) VALUES (347, 32, 6, 4, NULL);
INSERT INTO evaluation_details (id, evaluation_id, question_id, score, comment) VALUES (348, 32, 7, 4, NULL);
INSERT INTO evaluation_details (id, evaluation_id, question_id, score, comment) VALUES (349, 32, 8, 4, NULL);
INSERT INTO evaluation_details (id, evaluation_id, question_id, score, comment) VALUES (350, 32, 9, 3, NULL);
INSERT INTO evaluation_details (id, evaluation_id, question_id, score, comment) VALUES (351, 32, 10, 3, NULL);
INSERT INTO evaluation_details (id, evaluation_id, question_id, score, comment) VALUES (352, 32, 11, NULL, 'Nos ayuda a resolver problemas rápidamente.');
INSERT INTO evaluations (id, evaluatee_id, form_id, period_id, is_anonymous, status, submitted_at, created_at) VALUES (33, 3, 1, 1, TRUE, 'submitted', '2026-07-21 12:00:00', '2026-07-21 12:05:00');
INSERT INTO evaluation_submissions (id, evaluator_id, evaluatee_id, period_id, evaluation_id, created_at) VALUES (33, 31, 3, 1, 33, '2026-07-21 12:00:00');
INSERT INTO evaluation_details (id, evaluation_id, question_id, score, comment) VALUES (353, 33, 1, 4, NULL);
INSERT INTO evaluation_details (id, evaluation_id, question_id, score, comment) VALUES (354, 33, 2, 5, NULL);
INSERT INTO evaluation_details (id, evaluation_id, question_id, score, comment) VALUES (355, 33, 3, 5, NULL);
INSERT INTO evaluation_details (id, evaluation_id, question_id, score, comment) VALUES (356, 33, 4, 4, NULL);
INSERT INTO evaluation_details (id, evaluation_id, question_id, score, comment) VALUES (357, 33, 5, 4, NULL);
INSERT INTO evaluation_details (id, evaluation_id, question_id, score, comment) VALUES (358, 33, 6, 5, NULL);
INSERT INTO evaluation_details (id, evaluation_id, question_id, score, comment) VALUES (359, 33, 7, 5, NULL);
INSERT INTO evaluation_details (id, evaluation_id, question_id, score, comment) VALUES (360, 33, 8, 4, NULL);
INSERT INTO evaluation_details (id, evaluation_id, question_id, score, comment) VALUES (361, 33, 9, 4, NULL);
INSERT INTO evaluation_details (id, evaluation_id, question_id, score, comment) VALUES (362, 33, 10, 4, NULL);
INSERT INTO evaluation_details (id, evaluation_id, question_id, score, comment) VALUES (363, 33, 11, NULL, 'Debería dar más feedback en los PRs.');
INSERT INTO evaluations (id, evaluatee_id, form_id, period_id, is_anonymous, status, submitted_at, created_at) VALUES (34, 3, 1, 1, TRUE, 'submitted', '2026-07-21 12:00:00', '2026-07-21 12:05:00');
INSERT INTO evaluation_submissions (id, evaluator_id, evaluatee_id, period_id, evaluation_id, created_at) VALUES (34, 12, 3, 1, 34, '2026-07-21 12:00:00');
INSERT INTO evaluation_details (id, evaluation_id, question_id, score, comment) VALUES (364, 34, 1, 5, NULL);
INSERT INTO evaluation_details (id, evaluation_id, question_id, score, comment) VALUES (365, 34, 2, 4, NULL);
INSERT INTO evaluation_details (id, evaluation_id, question_id, score, comment) VALUES (366, 34, 3, 3, NULL);
INSERT INTO evaluation_details (id, evaluation_id, question_id, score, comment) VALUES (367, 34, 4, 4, NULL);
INSERT INTO evaluation_details (id, evaluation_id, question_id, score, comment) VALUES (368, 34, 5, 3, NULL);
INSERT INTO evaluation_details (id, evaluation_id, question_id, score, comment) VALUES (369, 34, 6, 5, NULL);
INSERT INTO evaluation_details (id, evaluation_id, question_id, score, comment) VALUES (370, 34, 7, 4, NULL);
INSERT INTO evaluation_details (id, evaluation_id, question_id, score, comment) VALUES (371, 34, 8, 4, NULL);
INSERT INTO evaluation_details (id, evaluation_id, question_id, score, comment) VALUES (372, 34, 9, 5, NULL);
INSERT INTO evaluation_details (id, evaluation_id, question_id, score, comment) VALUES (373, 34, 10, 4, NULL);
INSERT INTO evaluation_details (id, evaluation_id, question_id, score, comment) VALUES (374, 34, 11, NULL, 'Debería dar más feedback en los PRs.');
INSERT INTO evaluations (id, evaluatee_id, form_id, period_id, is_anonymous, status, submitted_at, created_at) VALUES (35, 3, 1, 1, FALSE, 'submitted', '2026-07-21 12:00:00', '2026-07-21 12:05:00');
INSERT INTO evaluation_submissions (id, evaluator_id, evaluatee_id, period_id, evaluation_id, created_at) VALUES (35, 13, 3, 1, 35, '2026-07-21 12:00:00');
INSERT INTO evaluation_details (id, evaluation_id, question_id, score, comment) VALUES (375, 35, 1, 3, NULL);
INSERT INTO evaluation_details (id, evaluation_id, question_id, score, comment) VALUES (376, 35, 2, 2, NULL);
INSERT INTO evaluation_details (id, evaluation_id, question_id, score, comment) VALUES (377, 35, 3, 4, NULL);
INSERT INTO evaluation_details (id, evaluation_id, question_id, score, comment) VALUES (378, 35, 4, 4, NULL);
INSERT INTO evaluation_details (id, evaluation_id, question_id, score, comment) VALUES (379, 35, 5, 3, NULL);
INSERT INTO evaluation_details (id, evaluation_id, question_id, score, comment) VALUES (380, 35, 6, 4, NULL);
INSERT INTO evaluation_details (id, evaluation_id, question_id, score, comment) VALUES (381, 35, 7, 4, NULL);
INSERT INTO evaluation_details (id, evaluation_id, question_id, score, comment) VALUES (382, 35, 8, 4, NULL);
INSERT INTO evaluation_details (id, evaluation_id, question_id, score, comment) VALUES (383, 35, 9, 4, NULL);
INSERT INTO evaluation_details (id, evaluation_id, question_id, score, comment) VALUES (384, 35, 10, 4, NULL);
INSERT INTO evaluation_details (id, evaluation_id, question_id, score, comment) VALUES (385, 35, 11, NULL, 'Me gustaría que hiciera sesiones de pair programming.');
INSERT INTO evaluations (id, evaluatee_id, form_id, period_id, is_anonymous, status, submitted_at, created_at) VALUES (36, 3, 1, 1, TRUE, 'submitted', '2026-07-21 12:00:00', '2026-07-21 12:05:00');
INSERT INTO evaluation_submissions (id, evaluator_id, evaluatee_id, period_id, evaluation_id, created_at) VALUES (36, 33, 3, 1, 36, '2026-07-21 12:00:00');
INSERT INTO evaluation_details (id, evaluation_id, question_id, score, comment) VALUES (386, 36, 1, 4, NULL);
INSERT INTO evaluation_details (id, evaluation_id, question_id, score, comment) VALUES (387, 36, 2, 4, NULL);
INSERT INTO evaluation_details (id, evaluation_id, question_id, score, comment) VALUES (388, 36, 3, 4, NULL);
INSERT INTO evaluation_details (id, evaluation_id, question_id, score, comment) VALUES (389, 36, 4, 3, NULL);
INSERT INTO evaluation_details (id, evaluation_id, question_id, score, comment) VALUES (390, 36, 5, 4, NULL);
INSERT INTO evaluation_details (id, evaluation_id, question_id, score, comment) VALUES (391, 36, 6, 4, NULL);
INSERT INTO evaluation_details (id, evaluation_id, question_id, score, comment) VALUES (392, 36, 7, 3, NULL);
INSERT INTO evaluation_details (id, evaluation_id, question_id, score, comment) VALUES (393, 36, 8, 3, NULL);
INSERT INTO evaluation_details (id, evaluation_id, question_id, score, comment) VALUES (394, 36, 9, 3, NULL);
INSERT INTO evaluation_details (id, evaluation_id, question_id, score, comment) VALUES (395, 36, 10, 4, NULL);
INSERT INTO evaluation_details (id, evaluation_id, question_id, score, comment) VALUES (396, 36, 11, NULL, 'Debería dar más feedback en los PRs.');
INSERT INTO evaluations (id, evaluatee_id, form_id, period_id, is_anonymous, status, submitted_at, created_at) VALUES (37, 3, 1, 1, FALSE, 'submitted', '2026-07-21 12:00:00', '2026-07-21 12:05:00');
INSERT INTO evaluation_submissions (id, evaluator_id, evaluatee_id, period_id, evaluation_id, created_at) VALUES (37, 41, 3, 1, 37, '2026-07-21 12:00:00');
INSERT INTO evaluation_details (id, evaluation_id, question_id, score, comment) VALUES (397, 37, 1, 5, NULL);
INSERT INTO evaluation_details (id, evaluation_id, question_id, score, comment) VALUES (398, 37, 2, 5, NULL);
INSERT INTO evaluation_details (id, evaluation_id, question_id, score, comment) VALUES (399, 37, 3, 5, NULL);
INSERT INTO evaluation_details (id, evaluation_id, question_id, score, comment) VALUES (400, 37, 4, 5, NULL);
INSERT INTO evaluation_details (id, evaluation_id, question_id, score, comment) VALUES (401, 37, 5, 4, NULL);
INSERT INTO evaluation_details (id, evaluation_id, question_id, score, comment) VALUES (402, 37, 6, 5, NULL);
INSERT INTO evaluation_details (id, evaluation_id, question_id, score, comment) VALUES (403, 37, 7, 5, NULL);
INSERT INTO evaluation_details (id, evaluation_id, question_id, score, comment) VALUES (404, 37, 8, 3, NULL);
INSERT INTO evaluation_details (id, evaluation_id, question_id, score, comment) VALUES (405, 37, 9, 5, NULL);
INSERT INTO evaluation_details (id, evaluation_id, question_id, score, comment) VALUES (406, 37, 10, 4, NULL);
INSERT INTO evaluation_details (id, evaluation_id, question_id, score, comment) VALUES (407, 37, 11, NULL, 'Muy buen líder, siempre apoya al equipo.');
INSERT INTO evaluations (id, evaluatee_id, form_id, period_id, is_anonymous, status, submitted_at, created_at) VALUES (38, 3, 1, 1, TRUE, 'submitted', '2026-07-21 12:00:00', '2026-07-21 12:05:00');
INSERT INTO evaluation_submissions (id, evaluator_id, evaluatee_id, period_id, evaluation_id, created_at) VALUES (38, 27, 3, 1, 38, '2026-07-21 12:00:00');
INSERT INTO evaluation_details (id, evaluation_id, question_id, score, comment) VALUES (408, 38, 1, 3, NULL);
INSERT INTO evaluation_details (id, evaluation_id, question_id, score, comment) VALUES (409, 38, 2, 3, NULL);
INSERT INTO evaluation_details (id, evaluation_id, question_id, score, comment) VALUES (410, 38, 3, 4, NULL);
INSERT INTO evaluation_details (id, evaluation_id, question_id, score, comment) VALUES (411, 38, 4, 4, NULL);
INSERT INTO evaluation_details (id, evaluation_id, question_id, score, comment) VALUES (412, 38, 5, 4, NULL);
INSERT INTO evaluation_details (id, evaluation_id, question_id, score, comment) VALUES (413, 38, 6, 4, NULL);
INSERT INTO evaluation_details (id, evaluation_id, question_id, score, comment) VALUES (414, 38, 7, 3, NULL);
INSERT INTO evaluation_details (id, evaluation_id, question_id, score, comment) VALUES (415, 38, 8, 4, NULL);
INSERT INTO evaluation_details (id, evaluation_id, question_id, score, comment) VALUES (416, 38, 9, 4, NULL);
INSERT INTO evaluation_details (id, evaluation_id, question_id, score, comment) VALUES (417, 38, 10, 4, NULL);
INSERT INTO evaluation_details (id, evaluation_id, question_id, score, comment) VALUES (418, 38, 11, NULL, 'Debería dar más feedback en los PRs.');
INSERT INTO evaluations (id, evaluatee_id, form_id, period_id, is_anonymous, status, submitted_at, created_at) VALUES (39, 3, 1, 1, TRUE, 'submitted', '2026-07-21 12:00:00', '2026-07-21 12:05:00');
INSERT INTO evaluation_submissions (id, evaluator_id, evaluatee_id, period_id, evaluation_id, created_at) VALUES (39, 18, 3, 1, 39, '2026-07-21 12:00:00');
INSERT INTO evaluation_details (id, evaluation_id, question_id, score, comment) VALUES (419, 39, 1, 4, NULL);
INSERT INTO evaluation_details (id, evaluation_id, question_id, score, comment) VALUES (420, 39, 2, 4, NULL);
INSERT INTO evaluation_details (id, evaluation_id, question_id, score, comment) VALUES (421, 39, 3, 4, NULL);
INSERT INTO evaluation_details (id, evaluation_id, question_id, score, comment) VALUES (422, 39, 4, 3, NULL);
INSERT INTO evaluation_details (id, evaluation_id, question_id, score, comment) VALUES (423, 39, 5, 3, NULL);
INSERT INTO evaluation_details (id, evaluation_id, question_id, score, comment) VALUES (424, 39, 6, 4, NULL);
INSERT INTO evaluation_details (id, evaluation_id, question_id, score, comment) VALUES (425, 39, 7, 3, NULL);
INSERT INTO evaluation_details (id, evaluation_id, question_id, score, comment) VALUES (426, 39, 8, 4, NULL);
INSERT INTO evaluation_details (id, evaluation_id, question_id, score, comment) VALUES (427, 39, 9, 3, NULL);
INSERT INTO evaluation_details (id, evaluation_id, question_id, score, comment) VALUES (428, 39, 10, 4, NULL);
INSERT INTO evaluation_details (id, evaluation_id, question_id, score, comment) VALUES (429, 39, 11, NULL, 'Debería dar más feedback en los PRs.');
INSERT INTO evaluations (id, evaluatee_id, form_id, period_id, is_anonymous, status, submitted_at, created_at) VALUES (40, 3, 1, 1, TRUE, 'submitted', '2026-07-21 12:00:00', '2026-07-21 12:05:00');
INSERT INTO evaluation_submissions (id, evaluator_id, evaluatee_id, period_id, evaluation_id, created_at) VALUES (40, 19, 3, 1, 40, '2026-07-21 12:00:00');
INSERT INTO evaluation_details (id, evaluation_id, question_id, score, comment) VALUES (430, 40, 1, 4, NULL);
INSERT INTO evaluation_details (id, evaluation_id, question_id, score, comment) VALUES (431, 40, 2, 4, NULL);
INSERT INTO evaluation_details (id, evaluation_id, question_id, score, comment) VALUES (432, 40, 3, 5, NULL);
INSERT INTO evaluation_details (id, evaluation_id, question_id, score, comment) VALUES (433, 40, 4, 4, NULL);
INSERT INTO evaluation_details (id, evaluation_id, question_id, score, comment) VALUES (434, 40, 5, 5, NULL);
INSERT INTO evaluation_details (id, evaluation_id, question_id, score, comment) VALUES (435, 40, 6, 4, NULL);
INSERT INTO evaluation_details (id, evaluation_id, question_id, score, comment) VALUES (436, 40, 7, 4, NULL);
INSERT INTO evaluation_details (id, evaluation_id, question_id, score, comment) VALUES (437, 40, 8, 4, NULL);
INSERT INTO evaluation_details (id, evaluation_id, question_id, score, comment) VALUES (438, 40, 9, 4, NULL);
INSERT INTO evaluation_details (id, evaluation_id, question_id, score, comment) VALUES (439, 40, 10, 5, NULL);
INSERT INTO evaluation_details (id, evaluation_id, question_id, score, comment) VALUES (440, 40, 11, NULL, 'Me gustaría que hiciera sesiones de pair programming.');
INSERT INTO evaluations (id, evaluatee_id, form_id, period_id, is_anonymous, status, submitted_at, created_at) VALUES (41, 3, 1, 1, FALSE, 'submitted', '2026-07-21 12:00:00', '2026-07-21 12:05:00');
INSERT INTO evaluation_submissions (id, evaluator_id, evaluatee_id, period_id, evaluation_id, created_at) VALUES (41, 28, 3, 1, 41, '2026-07-21 12:00:00');
INSERT INTO evaluation_details (id, evaluation_id, question_id, score, comment) VALUES (441, 41, 1, 4, NULL);
INSERT INTO evaluation_details (id, evaluation_id, question_id, score, comment) VALUES (442, 41, 2, 3, NULL);
INSERT INTO evaluation_details (id, evaluation_id, question_id, score, comment) VALUES (443, 41, 3, 4, NULL);
INSERT INTO evaluation_details (id, evaluation_id, question_id, score, comment) VALUES (444, 41, 4, 5, NULL);
INSERT INTO evaluation_details (id, evaluation_id, question_id, score, comment) VALUES (445, 41, 5, 5, NULL);
INSERT INTO evaluation_details (id, evaluation_id, question_id, score, comment) VALUES (446, 41, 6, 5, NULL);
INSERT INTO evaluation_details (id, evaluation_id, question_id, score, comment) VALUES (447, 41, 7, 5, NULL);
INSERT INTO evaluation_details (id, evaluation_id, question_id, score, comment) VALUES (448, 41, 8, 4, NULL);
INSERT INTO evaluation_details (id, evaluation_id, question_id, score, comment) VALUES (449, 41, 9, 5, NULL);
INSERT INTO evaluation_details (id, evaluation_id, question_id, score, comment) VALUES (450, 41, 10, 5, NULL);
INSERT INTO evaluation_details (id, evaluation_id, question_id, score, comment) VALUES (451, 41, 11, NULL, 'Debería dar más feedback en los PRs.');
INSERT INTO evaluations (id, evaluatee_id, form_id, period_id, is_anonymous, status, submitted_at, created_at) VALUES (42, 3, 1, 2, TRUE, 'submitted', '2026-07-21 12:00:00', '2026-07-21 12:05:00');
INSERT INTO evaluation_submissions (id, evaluator_id, evaluatee_id, period_id, evaluation_id, created_at) VALUES (42, 36, 3, 2, 42, '2026-07-21 12:00:00');
INSERT INTO evaluation_details (id, evaluation_id, question_id, score, comment) VALUES (452, 42, 1, 4, NULL);
INSERT INTO evaluation_details (id, evaluation_id, question_id, score, comment) VALUES (453, 42, 2, 3, NULL);
INSERT INTO evaluation_details (id, evaluation_id, question_id, score, comment) VALUES (454, 42, 3, 4, NULL);
INSERT INTO evaluation_details (id, evaluation_id, question_id, score, comment) VALUES (455, 42, 4, 3, NULL);
INSERT INTO evaluation_details (id, evaluation_id, question_id, score, comment) VALUES (456, 42, 5, 3, NULL);
INSERT INTO evaluation_details (id, evaluation_id, question_id, score, comment) VALUES (457, 42, 6, 4, NULL);
INSERT INTO evaluation_details (id, evaluation_id, question_id, score, comment) VALUES (458, 42, 7, 4, NULL);
INSERT INTO evaluation_details (id, evaluation_id, question_id, score, comment) VALUES (459, 42, 8, 4, NULL);
INSERT INTO evaluation_details (id, evaluation_id, question_id, score, comment) VALUES (460, 42, 9, 4, NULL);
INSERT INTO evaluation_details (id, evaluation_id, question_id, score, comment) VALUES (461, 42, 10, 4, NULL);
INSERT INTO evaluation_details (id, evaluation_id, question_id, score, comment) VALUES (462, 42, 11, NULL, 'Muy buen líder, siempre apoya al equipo.');
INSERT INTO evaluations (id, evaluatee_id, form_id, period_id, is_anonymous, status, submitted_at, created_at) VALUES (43, 3, 1, 2, TRUE, 'submitted', '2026-07-21 12:00:00', '2026-07-21 12:05:00');
INSERT INTO evaluation_submissions (id, evaluator_id, evaluatee_id, period_id, evaluation_id, created_at) VALUES (43, 39, 3, 2, 43, '2026-07-21 12:00:00');
INSERT INTO evaluation_details (id, evaluation_id, question_id, score, comment) VALUES (463, 43, 1, 5, NULL);
INSERT INTO evaluation_details (id, evaluation_id, question_id, score, comment) VALUES (464, 43, 2, 4, NULL);
INSERT INTO evaluation_details (id, evaluation_id, question_id, score, comment) VALUES (465, 43, 3, 4, NULL);
INSERT INTO evaluation_details (id, evaluation_id, question_id, score, comment) VALUES (466, 43, 4, 4, NULL);
INSERT INTO evaluation_details (id, evaluation_id, question_id, score, comment) VALUES (467, 43, 5, 4, NULL);
INSERT INTO evaluation_details (id, evaluation_id, question_id, score, comment) VALUES (468, 43, 6, 4, NULL);
INSERT INTO evaluation_details (id, evaluation_id, question_id, score, comment) VALUES (469, 43, 7, 4, NULL);
INSERT INTO evaluation_details (id, evaluation_id, question_id, score, comment) VALUES (470, 43, 8, 4, NULL);
INSERT INTO evaluation_details (id, evaluation_id, question_id, score, comment) VALUES (471, 43, 9, 4, NULL);
INSERT INTO evaluation_details (id, evaluation_id, question_id, score, comment) VALUES (472, 43, 10, 3, NULL);
INSERT INTO evaluation_details (id, evaluation_id, question_id, score, comment) VALUES (473, 43, 11, NULL, 'Debería dar más feedback en los PRs.');
INSERT INTO evaluations (id, evaluatee_id, form_id, period_id, is_anonymous, status, submitted_at, created_at) VALUES (44, 3, 1, 2, TRUE, 'submitted', '2026-07-21 12:00:00', '2026-07-21 12:05:00');
INSERT INTO evaluation_submissions (id, evaluator_id, evaluatee_id, period_id, evaluation_id, created_at) VALUES (44, 44, 3, 2, 44, '2026-07-21 12:00:00');
INSERT INTO evaluation_details (id, evaluation_id, question_id, score, comment) VALUES (474, 44, 1, 4, NULL);
INSERT INTO evaluation_details (id, evaluation_id, question_id, score, comment) VALUES (475, 44, 2, 3, NULL);
INSERT INTO evaluation_details (id, evaluation_id, question_id, score, comment) VALUES (476, 44, 3, 3, NULL);
INSERT INTO evaluation_details (id, evaluation_id, question_id, score, comment) VALUES (477, 44, 4, 4, NULL);
INSERT INTO evaluation_details (id, evaluation_id, question_id, score, comment) VALUES (478, 44, 5, 2, NULL);
INSERT INTO evaluation_details (id, evaluation_id, question_id, score, comment) VALUES (479, 44, 6, 4, NULL);
INSERT INTO evaluation_details (id, evaluation_id, question_id, score, comment) VALUES (480, 44, 7, 4, NULL);
INSERT INTO evaluation_details (id, evaluation_id, question_id, score, comment) VALUES (481, 44, 8, 3, NULL);
INSERT INTO evaluation_details (id, evaluation_id, question_id, score, comment) VALUES (482, 44, 9, 5, NULL);
INSERT INTO evaluation_details (id, evaluation_id, question_id, score, comment) VALUES (483, 44, 10, 3, NULL);
INSERT INTO evaluation_details (id, evaluation_id, question_id, score, comment) VALUES (484, 44, 11, NULL, 'Me gustaría que hiciera sesiones de pair programming.');
INSERT INTO evaluations (id, evaluatee_id, form_id, period_id, is_anonymous, status, submitted_at, created_at) VALUES (45, 3, 1, 2, TRUE, 'submitted', '2026-07-21 12:00:00', '2026-07-21 12:05:00');
INSERT INTO evaluation_submissions (id, evaluator_id, evaluatee_id, period_id, evaluation_id, created_at) VALUES (45, 27, 3, 2, 45, '2026-07-21 12:00:00');
INSERT INTO evaluation_details (id, evaluation_id, question_id, score, comment) VALUES (485, 45, 1, 4, NULL);
INSERT INTO evaluation_details (id, evaluation_id, question_id, score, comment) VALUES (486, 45, 2, 4, NULL);
INSERT INTO evaluation_details (id, evaluation_id, question_id, score, comment) VALUES (487, 45, 3, 4, NULL);
INSERT INTO evaluation_details (id, evaluation_id, question_id, score, comment) VALUES (488, 45, 4, 4, NULL);
INSERT INTO evaluation_details (id, evaluation_id, question_id, score, comment) VALUES (489, 45, 5, 4, NULL);
INSERT INTO evaluation_details (id, evaluation_id, question_id, score, comment) VALUES (490, 45, 6, 5, NULL);
INSERT INTO evaluation_details (id, evaluation_id, question_id, score, comment) VALUES (491, 45, 7, 4, NULL);
INSERT INTO evaluation_details (id, evaluation_id, question_id, score, comment) VALUES (492, 45, 8, 4, NULL);
INSERT INTO evaluation_details (id, evaluation_id, question_id, score, comment) VALUES (493, 45, 9, 4, NULL);
INSERT INTO evaluation_details (id, evaluation_id, question_id, score, comment) VALUES (494, 45, 10, 4, NULL);
INSERT INTO evaluation_details (id, evaluation_id, question_id, score, comment) VALUES (495, 45, 11, NULL, 'Debería dar más feedback en los PRs.');
INSERT INTO evaluations (id, evaluatee_id, form_id, period_id, is_anonymous, status, submitted_at, created_at) VALUES (46, 3, 1, 2, FALSE, 'submitted', '2026-07-21 12:00:00', '2026-07-21 12:05:00');
INSERT INTO evaluation_submissions (id, evaluator_id, evaluatee_id, period_id, evaluation_id, created_at) VALUES (46, 28, 3, 2, 46, '2026-07-21 12:00:00');
INSERT INTO evaluation_details (id, evaluation_id, question_id, score, comment) VALUES (496, 46, 1, 4, NULL);
INSERT INTO evaluation_details (id, evaluation_id, question_id, score, comment) VALUES (497, 46, 2, 4, NULL);
INSERT INTO evaluation_details (id, evaluation_id, question_id, score, comment) VALUES (498, 46, 3, 4, NULL);
INSERT INTO evaluation_details (id, evaluation_id, question_id, score, comment) VALUES (499, 46, 4, 4, NULL);
INSERT INTO evaluation_details (id, evaluation_id, question_id, score, comment) VALUES (500, 46, 5, 3, NULL);
INSERT INTO evaluation_details (id, evaluation_id, question_id, score, comment) VALUES (501, 46, 6, 3, NULL);
INSERT INTO evaluation_details (id, evaluation_id, question_id, score, comment) VALUES (502, 46, 7, 3, NULL);
INSERT INTO evaluation_details (id, evaluation_id, question_id, score, comment) VALUES (503, 46, 8, 4, NULL);
INSERT INTO evaluation_details (id, evaluation_id, question_id, score, comment) VALUES (504, 46, 9, 5, NULL);
INSERT INTO evaluation_details (id, evaluation_id, question_id, score, comment) VALUES (505, 46, 10, 4, NULL);
INSERT INTO evaluation_details (id, evaluation_id, question_id, score, comment) VALUES (506, 46, 11, NULL, 'En el módulo actual fue un gran apoyo, muy enfocado.');
INSERT INTO evaluations (id, evaluatee_id, form_id, period_id, is_anonymous, status, submitted_at, created_at) VALUES (47, 3, 1, 2, TRUE, 'submitted', '2026-07-21 12:00:00', '2026-07-21 12:05:00');
INSERT INTO evaluation_submissions (id, evaluator_id, evaluatee_id, period_id, evaluation_id, created_at) VALUES (47, 35, 3, 2, 47, '2026-07-21 12:00:00');
INSERT INTO evaluation_details (id, evaluation_id, question_id, score, comment) VALUES (507, 47, 1, 3, NULL);
INSERT INTO evaluation_details (id, evaluation_id, question_id, score, comment) VALUES (508, 47, 2, 4, NULL);
INSERT INTO evaluation_details (id, evaluation_id, question_id, score, comment) VALUES (509, 47, 3, 4, NULL);
INSERT INTO evaluation_details (id, evaluation_id, question_id, score, comment) VALUES (510, 47, 4, 4, NULL);
INSERT INTO evaluation_details (id, evaluation_id, question_id, score, comment) VALUES (511, 47, 5, 4, NULL);
INSERT INTO evaluation_details (id, evaluation_id, question_id, score, comment) VALUES (512, 47, 6, 4, NULL);
INSERT INTO evaluation_details (id, evaluation_id, question_id, score, comment) VALUES (513, 47, 7, 3, NULL);
INSERT INTO evaluation_details (id, evaluation_id, question_id, score, comment) VALUES (514, 47, 8, 3, NULL);
INSERT INTO evaluation_details (id, evaluation_id, question_id, score, comment) VALUES (515, 47, 9, 5, NULL);
INSERT INTO evaluation_details (id, evaluation_id, question_id, score, comment) VALUES (516, 47, 10, 3, NULL);
INSERT INTO evaluation_details (id, evaluation_id, question_id, score, comment) VALUES (517, 47, 11, NULL, 'Nos ayuda a resolver problemas rápidamente.');
INSERT INTO evaluations (id, evaluatee_id, form_id, period_id, is_anonymous, status, submitted_at, created_at) VALUES (48, 3, 1, 2, FALSE, 'submitted', '2026-07-21 12:00:00', '2026-07-21 12:05:00');
INSERT INTO evaluation_submissions (id, evaluator_id, evaluatee_id, period_id, evaluation_id, created_at) VALUES (48, 17, 3, 2, 48, '2026-07-21 12:00:00');
INSERT INTO evaluation_details (id, evaluation_id, question_id, score, comment) VALUES (518, 48, 1, 3, NULL);
INSERT INTO evaluation_details (id, evaluation_id, question_id, score, comment) VALUES (519, 48, 2, 3, NULL);
INSERT INTO evaluation_details (id, evaluation_id, question_id, score, comment) VALUES (520, 48, 3, 4, NULL);
INSERT INTO evaluation_details (id, evaluation_id, question_id, score, comment) VALUES (521, 48, 4, 4, NULL);
INSERT INTO evaluation_details (id, evaluation_id, question_id, score, comment) VALUES (522, 48, 5, 4, NULL);
INSERT INTO evaluation_details (id, evaluation_id, question_id, score, comment) VALUES (523, 48, 6, 4, NULL);
INSERT INTO evaluation_details (id, evaluation_id, question_id, score, comment) VALUES (524, 48, 7, 3, NULL);
INSERT INTO evaluation_details (id, evaluation_id, question_id, score, comment) VALUES (525, 48, 8, 4, NULL);
INSERT INTO evaluation_details (id, evaluation_id, question_id, score, comment) VALUES (526, 48, 9, 4, NULL);
INSERT INTO evaluation_details (id, evaluation_id, question_id, score, comment) VALUES (527, 48, 10, 4, NULL);
INSERT INTO evaluation_details (id, evaluation_id, question_id, score, comment) VALUES (528, 48, 11, NULL, 'Me gustaría que hiciera sesiones de pair programming.');
INSERT INTO evaluations (id, evaluatee_id, form_id, period_id, is_anonymous, status, submitted_at, created_at) VALUES (49, 3, 1, 2, TRUE, 'submitted', '2026-07-21 12:00:00', '2026-07-21 12:05:00');
INSERT INTO evaluation_submissions (id, evaluator_id, evaluatee_id, period_id, evaluation_id, created_at) VALUES (49, 23, 3, 2, 49, '2026-07-21 12:00:00');
INSERT INTO evaluation_details (id, evaluation_id, question_id, score, comment) VALUES (529, 49, 1, 4, NULL);
INSERT INTO evaluation_details (id, evaluation_id, question_id, score, comment) VALUES (530, 49, 2, 4, NULL);
INSERT INTO evaluation_details (id, evaluation_id, question_id, score, comment) VALUES (531, 49, 3, 4, NULL);
INSERT INTO evaluation_details (id, evaluation_id, question_id, score, comment) VALUES (532, 49, 4, 4, NULL);
INSERT INTO evaluation_details (id, evaluation_id, question_id, score, comment) VALUES (533, 49, 5, 5, NULL);
INSERT INTO evaluation_details (id, evaluation_id, question_id, score, comment) VALUES (534, 49, 6, 4, NULL);
INSERT INTO evaluation_details (id, evaluation_id, question_id, score, comment) VALUES (535, 49, 7, 4, NULL);
INSERT INTO evaluation_details (id, evaluation_id, question_id, score, comment) VALUES (536, 49, 8, 4, NULL);
INSERT INTO evaluation_details (id, evaluation_id, question_id, score, comment) VALUES (537, 49, 9, 5, NULL);
INSERT INTO evaluation_details (id, evaluation_id, question_id, score, comment) VALUES (538, 49, 10, 5, NULL);
INSERT INTO evaluation_details (id, evaluation_id, question_id, score, comment) VALUES (539, 49, 11, NULL, 'Muy buen líder, siempre apoya al equipo.');
INSERT INTO evaluations (id, evaluatee_id, form_id, period_id, is_anonymous, status, submitted_at, created_at) VALUES (50, 3, 1, 2, TRUE, 'submitted', '2026-07-21 12:00:00', '2026-07-21 12:05:00');
INSERT INTO evaluation_submissions (id, evaluator_id, evaluatee_id, period_id, evaluation_id, created_at) VALUES (50, 16, 3, 2, 50, '2026-07-21 12:00:00');
INSERT INTO evaluation_details (id, evaluation_id, question_id, score, comment) VALUES (540, 50, 1, 3, NULL);
INSERT INTO evaluation_details (id, evaluation_id, question_id, score, comment) VALUES (541, 50, 2, 3, NULL);
INSERT INTO evaluation_details (id, evaluation_id, question_id, score, comment) VALUES (542, 50, 3, 4, NULL);
INSERT INTO evaluation_details (id, evaluation_id, question_id, score, comment) VALUES (543, 50, 4, 3, NULL);
INSERT INTO evaluation_details (id, evaluation_id, question_id, score, comment) VALUES (544, 50, 5, 4, NULL);
INSERT INTO evaluation_details (id, evaluation_id, question_id, score, comment) VALUES (545, 50, 6, 4, NULL);
INSERT INTO evaluation_details (id, evaluation_id, question_id, score, comment) VALUES (546, 50, 7, 4, NULL);
INSERT INTO evaluation_details (id, evaluation_id, question_id, score, comment) VALUES (547, 50, 8, 4, NULL);
INSERT INTO evaluation_details (id, evaluation_id, question_id, score, comment) VALUES (548, 50, 9, 4, NULL);
INSERT INTO evaluation_details (id, evaluation_id, question_id, score, comment) VALUES (549, 50, 10, 4, NULL);
INSERT INTO evaluation_details (id, evaluation_id, question_id, score, comment) VALUES (550, 50, 11, NULL, 'Excelente disposición.');
INSERT INTO evaluations (id, evaluatee_id, form_id, period_id, is_anonymous, status, submitted_at, created_at) VALUES (51, 3, 1, 2, TRUE, 'submitted', '2026-07-21 12:00:00', '2026-07-21 12:05:00');
INSERT INTO evaluation_submissions (id, evaluator_id, evaluatee_id, period_id, evaluation_id, created_at) VALUES (51, 29, 3, 2, 51, '2026-07-21 12:00:00');
INSERT INTO evaluation_details (id, evaluation_id, question_id, score, comment) VALUES (551, 51, 1, 3, NULL);
INSERT INTO evaluation_details (id, evaluation_id, question_id, score, comment) VALUES (552, 51, 2, 3, NULL);
INSERT INTO evaluation_details (id, evaluation_id, question_id, score, comment) VALUES (553, 51, 3, 4, NULL);
INSERT INTO evaluation_details (id, evaluation_id, question_id, score, comment) VALUES (554, 51, 4, 4, NULL);
INSERT INTO evaluation_details (id, evaluation_id, question_id, score, comment) VALUES (555, 51, 5, 3, NULL);
INSERT INTO evaluation_details (id, evaluation_id, question_id, score, comment) VALUES (556, 51, 6, 3, NULL);
INSERT INTO evaluation_details (id, evaluation_id, question_id, score, comment) VALUES (557, 51, 7, 4, NULL);
INSERT INTO evaluation_details (id, evaluation_id, question_id, score, comment) VALUES (558, 51, 8, 4, NULL);
INSERT INTO evaluation_details (id, evaluation_id, question_id, score, comment) VALUES (559, 51, 9, 4, NULL);
INSERT INTO evaluation_details (id, evaluation_id, question_id, score, comment) VALUES (560, 51, 10, 3, NULL);
INSERT INTO evaluation_details (id, evaluation_id, question_id, score, comment) VALUES (561, 51, 11, NULL, 'Nos ayuda a resolver problemas rápidamente.');
INSERT INTO evaluations (id, evaluatee_id, form_id, period_id, is_anonymous, status, submitted_at, created_at) VALUES (52, 3, 1, 3, TRUE, 'submitted', '2026-07-21 12:00:00', '2026-07-21 12:05:00');
INSERT INTO evaluation_submissions (id, evaluator_id, evaluatee_id, period_id, evaluation_id, created_at) VALUES (52, 19, 3, 3, 52, '2026-07-21 12:00:00');
INSERT INTO evaluation_details (id, evaluation_id, question_id, score, comment) VALUES (562, 52, 1, 3, NULL);
INSERT INTO evaluation_details (id, evaluation_id, question_id, score, comment) VALUES (563, 52, 2, 4, NULL);
INSERT INTO evaluation_details (id, evaluation_id, question_id, score, comment) VALUES (564, 52, 3, 5, NULL);
INSERT INTO evaluation_details (id, evaluation_id, question_id, score, comment) VALUES (565, 52, 4, 4, NULL);
INSERT INTO evaluation_details (id, evaluation_id, question_id, score, comment) VALUES (566, 52, 5, 4, NULL);
INSERT INTO evaluation_details (id, evaluation_id, question_id, score, comment) VALUES (567, 52, 6, 4, NULL);
INSERT INTO evaluation_details (id, evaluation_id, question_id, score, comment) VALUES (568, 52, 7, 4, NULL);
INSERT INTO evaluation_details (id, evaluation_id, question_id, score, comment) VALUES (569, 52, 8, 4, NULL);
INSERT INTO evaluation_details (id, evaluation_id, question_id, score, comment) VALUES (570, 52, 9, 5, NULL);
INSERT INTO evaluation_details (id, evaluation_id, question_id, score, comment) VALUES (571, 52, 10, 5, NULL);
INSERT INTO evaluation_details (id, evaluation_id, question_id, score, comment) VALUES (572, 52, 11, NULL, 'Muy buen líder, siempre apoya al equipo.');
INSERT INTO evaluations (id, evaluatee_id, form_id, period_id, is_anonymous, status, submitted_at, created_at) VALUES (53, 3, 1, 3, TRUE, 'submitted', '2026-07-21 12:00:00', '2026-07-21 12:05:00');
INSERT INTO evaluation_submissions (id, evaluator_id, evaluatee_id, period_id, evaluation_id, created_at) VALUES (53, 44, 3, 3, 53, '2026-07-21 12:00:00');
INSERT INTO evaluation_details (id, evaluation_id, question_id, score, comment) VALUES (573, 53, 1, 3, NULL);
INSERT INTO evaluation_details (id, evaluation_id, question_id, score, comment) VALUES (574, 53, 2, 4, NULL);
INSERT INTO evaluation_details (id, evaluation_id, question_id, score, comment) VALUES (575, 53, 3, 4, NULL);
INSERT INTO evaluation_details (id, evaluation_id, question_id, score, comment) VALUES (576, 53, 4, 4, NULL);
INSERT INTO evaluation_details (id, evaluation_id, question_id, score, comment) VALUES (577, 53, 5, 3, NULL);
INSERT INTO evaluation_details (id, evaluation_id, question_id, score, comment) VALUES (578, 53, 6, 4, NULL);
INSERT INTO evaluation_details (id, evaluation_id, question_id, score, comment) VALUES (579, 53, 7, 5, NULL);
INSERT INTO evaluation_details (id, evaluation_id, question_id, score, comment) VALUES (580, 53, 8, 4, NULL);
INSERT INTO evaluation_details (id, evaluation_id, question_id, score, comment) VALUES (581, 53, 9, 4, NULL);
INSERT INTO evaluation_details (id, evaluation_id, question_id, score, comment) VALUES (582, 53, 10, 4, NULL);
INSERT INTO evaluation_details (id, evaluation_id, question_id, score, comment) VALUES (583, 53, 11, NULL, 'Nos ayuda a resolver problemas rápidamente.');
INSERT INTO evaluations (id, evaluatee_id, form_id, period_id, is_anonymous, status, submitted_at, created_at) VALUES (54, 3, 1, 3, TRUE, 'submitted', '2026-07-21 12:00:00', '2026-07-21 12:05:00');
INSERT INTO evaluation_submissions (id, evaluator_id, evaluatee_id, period_id, evaluation_id, created_at) VALUES (54, 45, 3, 3, 54, '2026-07-21 12:00:00');
INSERT INTO evaluation_details (id, evaluation_id, question_id, score, comment) VALUES (584, 54, 1, 4, NULL);
INSERT INTO evaluation_details (id, evaluation_id, question_id, score, comment) VALUES (585, 54, 2, 3, NULL);
INSERT INTO evaluation_details (id, evaluation_id, question_id, score, comment) VALUES (586, 54, 3, 3, NULL);
INSERT INTO evaluation_details (id, evaluation_id, question_id, score, comment) VALUES (587, 54, 4, 4, NULL);
INSERT INTO evaluation_details (id, evaluation_id, question_id, score, comment) VALUES (588, 54, 5, 4, NULL);
INSERT INTO evaluation_details (id, evaluation_id, question_id, score, comment) VALUES (589, 54, 6, 4, NULL);
INSERT INTO evaluation_details (id, evaluation_id, question_id, score, comment) VALUES (590, 54, 7, 5, NULL);
INSERT INTO evaluation_details (id, evaluation_id, question_id, score, comment) VALUES (591, 54, 8, 4, NULL);
INSERT INTO evaluation_details (id, evaluation_id, question_id, score, comment) VALUES (592, 54, 9, 3, NULL);
INSERT INTO evaluation_details (id, evaluation_id, question_id, score, comment) VALUES (593, 54, 10, 4, NULL);
INSERT INTO evaluation_details (id, evaluation_id, question_id, score, comment) VALUES (594, 54, 11, NULL, 'Muy buen líder, siempre apoya al equipo.');
INSERT INTO evaluations (id, evaluatee_id, form_id, period_id, is_anonymous, status, submitted_at, created_at) VALUES (55, 3, 1, 3, TRUE, 'submitted', '2026-07-21 12:00:00', '2026-07-21 12:05:00');
INSERT INTO evaluation_submissions (id, evaluator_id, evaluatee_id, period_id, evaluation_id, created_at) VALUES (55, 24, 3, 3, 55, '2026-07-21 12:00:00');
INSERT INTO evaluation_details (id, evaluation_id, question_id, score, comment) VALUES (595, 55, 1, 4, NULL);
INSERT INTO evaluation_details (id, evaluation_id, question_id, score, comment) VALUES (596, 55, 2, 4, NULL);
INSERT INTO evaluation_details (id, evaluation_id, question_id, score, comment) VALUES (597, 55, 3, 4, NULL);
INSERT INTO evaluation_details (id, evaluation_id, question_id, score, comment) VALUES (598, 55, 4, 4, NULL);
INSERT INTO evaluation_details (id, evaluation_id, question_id, score, comment) VALUES (599, 55, 5, 4, NULL);
INSERT INTO evaluation_details (id, evaluation_id, question_id, score, comment) VALUES (600, 55, 6, 4, NULL);
INSERT INTO evaluation_details (id, evaluation_id, question_id, score, comment) VALUES (601, 55, 7, 4, NULL);
INSERT INTO evaluation_details (id, evaluation_id, question_id, score, comment) VALUES (602, 55, 8, 4, NULL);
INSERT INTO evaluation_details (id, evaluation_id, question_id, score, comment) VALUES (603, 55, 9, 5, NULL);
INSERT INTO evaluation_details (id, evaluation_id, question_id, score, comment) VALUES (604, 55, 10, 4, NULL);
INSERT INTO evaluation_details (id, evaluation_id, question_id, score, comment) VALUES (605, 55, 11, NULL, 'Me gustaría que hiciera sesiones de pair programming.');
INSERT INTO evaluations (id, evaluatee_id, form_id, period_id, is_anonymous, status, submitted_at, created_at) VALUES (56, 3, 1, 3, TRUE, 'submitted', '2026-07-21 12:00:00', '2026-07-21 12:05:00');
INSERT INTO evaluation_submissions (id, evaluator_id, evaluatee_id, period_id, evaluation_id, created_at) VALUES (56, 20, 3, 3, 56, '2026-07-21 12:00:00');
INSERT INTO evaluation_details (id, evaluation_id, question_id, score, comment) VALUES (606, 56, 1, 5, NULL);
INSERT INTO evaluation_details (id, evaluation_id, question_id, score, comment) VALUES (607, 56, 2, 4, NULL);
INSERT INTO evaluation_details (id, evaluation_id, question_id, score, comment) VALUES (608, 56, 3, 5, NULL);
INSERT INTO evaluation_details (id, evaluation_id, question_id, score, comment) VALUES (609, 56, 4, 5, NULL);
INSERT INTO evaluation_details (id, evaluation_id, question_id, score, comment) VALUES (610, 56, 5, 4, NULL);
INSERT INTO evaluation_details (id, evaluation_id, question_id, score, comment) VALUES (611, 56, 6, 4, NULL);
INSERT INTO evaluation_details (id, evaluation_id, question_id, score, comment) VALUES (612, 56, 7, 5, NULL);
INSERT INTO evaluation_details (id, evaluation_id, question_id, score, comment) VALUES (613, 56, 8, 4, NULL);
INSERT INTO evaluation_details (id, evaluation_id, question_id, score, comment) VALUES (614, 56, 9, 4, NULL);
INSERT INTO evaluation_details (id, evaluation_id, question_id, score, comment) VALUES (615, 56, 10, 5, NULL);
INSERT INTO evaluation_details (id, evaluation_id, question_id, score, comment) VALUES (616, 56, 11, NULL, 'En el módulo actual fue un gran apoyo, muy enfocado.');
INSERT INTO evaluations (id, evaluatee_id, form_id, period_id, is_anonymous, status, submitted_at, created_at) VALUES (57, 3, 1, 3, TRUE, 'submitted', '2026-07-21 12:00:00', '2026-07-21 12:05:00');
INSERT INTO evaluation_submissions (id, evaluator_id, evaluatee_id, period_id, evaluation_id, created_at) VALUES (57, 33, 3, 3, 57, '2026-07-21 12:00:00');
INSERT INTO evaluation_details (id, evaluation_id, question_id, score, comment) VALUES (617, 57, 1, 4, NULL);
INSERT INTO evaluation_details (id, evaluation_id, question_id, score, comment) VALUES (618, 57, 2, 4, NULL);
INSERT INTO evaluation_details (id, evaluation_id, question_id, score, comment) VALUES (619, 57, 3, 4, NULL);
INSERT INTO evaluation_details (id, evaluation_id, question_id, score, comment) VALUES (620, 57, 4, 5, NULL);
INSERT INTO evaluation_details (id, evaluation_id, question_id, score, comment) VALUES (621, 57, 5, 3, NULL);
INSERT INTO evaluation_details (id, evaluation_id, question_id, score, comment) VALUES (622, 57, 6, 4, NULL);
INSERT INTO evaluation_details (id, evaluation_id, question_id, score, comment) VALUES (623, 57, 7, 3, NULL);
INSERT INTO evaluation_details (id, evaluation_id, question_id, score, comment) VALUES (624, 57, 8, 4, NULL);
INSERT INTO evaluation_details (id, evaluation_id, question_id, score, comment) VALUES (625, 57, 9, 4, NULL);
INSERT INTO evaluation_details (id, evaluation_id, question_id, score, comment) VALUES (626, 57, 10, 5, NULL);
INSERT INTO evaluation_details (id, evaluation_id, question_id, score, comment) VALUES (627, 57, 11, NULL, 'Nos ayuda a resolver problemas rápidamente.');
INSERT INTO evaluations (id, evaluatee_id, form_id, period_id, is_anonymous, status, submitted_at, created_at) VALUES (58, 3, 1, 3, FALSE, 'submitted', '2026-07-21 12:00:00', '2026-07-21 12:05:00');
INSERT INTO evaluation_submissions (id, evaluator_id, evaluatee_id, period_id, evaluation_id, created_at) VALUES (58, 28, 3, 3, 58, '2026-07-21 12:00:00');
INSERT INTO evaluation_details (id, evaluation_id, question_id, score, comment) VALUES (628, 58, 1, 5, NULL);
INSERT INTO evaluation_details (id, evaluation_id, question_id, score, comment) VALUES (629, 58, 2, 3, NULL);
INSERT INTO evaluation_details (id, evaluation_id, question_id, score, comment) VALUES (630, 58, 3, 4, NULL);
INSERT INTO evaluation_details (id, evaluation_id, question_id, score, comment) VALUES (631, 58, 4, 4, NULL);
INSERT INTO evaluation_details (id, evaluation_id, question_id, score, comment) VALUES (632, 58, 5, 4, NULL);
INSERT INTO evaluation_details (id, evaluation_id, question_id, score, comment) VALUES (633, 58, 6, 4, NULL);
INSERT INTO evaluation_details (id, evaluation_id, question_id, score, comment) VALUES (634, 58, 7, 4, NULL);
INSERT INTO evaluation_details (id, evaluation_id, question_id, score, comment) VALUES (635, 58, 8, 4, NULL);
INSERT INTO evaluation_details (id, evaluation_id, question_id, score, comment) VALUES (636, 58, 9, 3, NULL);
INSERT INTO evaluation_details (id, evaluation_id, question_id, score, comment) VALUES (637, 58, 10, 4, NULL);
INSERT INTO evaluation_details (id, evaluation_id, question_id, score, comment) VALUES (638, 58, 11, NULL, 'Nos ayuda a resolver problemas rápidamente.');
INSERT INTO evaluations (id, evaluatee_id, form_id, period_id, is_anonymous, status, submitted_at, created_at) VALUES (59, 3, 1, 3, FALSE, 'submitted', '2026-07-21 12:00:00', '2026-07-21 12:05:00');
INSERT INTO evaluation_submissions (id, evaluator_id, evaluatee_id, period_id, evaluation_id, created_at) VALUES (59, 16, 3, 3, 59, '2026-07-21 12:00:00');
INSERT INTO evaluation_details (id, evaluation_id, question_id, score, comment) VALUES (639, 59, 1, 4, NULL);
INSERT INTO evaluation_details (id, evaluation_id, question_id, score, comment) VALUES (640, 59, 2, 4, NULL);
INSERT INTO evaluation_details (id, evaluation_id, question_id, score, comment) VALUES (641, 59, 3, 4, NULL);
INSERT INTO evaluation_details (id, evaluation_id, question_id, score, comment) VALUES (642, 59, 4, 4, NULL);
INSERT INTO evaluation_details (id, evaluation_id, question_id, score, comment) VALUES (643, 59, 5, 3, NULL);
INSERT INTO evaluation_details (id, evaluation_id, question_id, score, comment) VALUES (644, 59, 6, 3, NULL);
INSERT INTO evaluation_details (id, evaluation_id, question_id, score, comment) VALUES (645, 59, 7, 4, NULL);
INSERT INTO evaluation_details (id, evaluation_id, question_id, score, comment) VALUES (646, 59, 8, 4, NULL);
INSERT INTO evaluation_details (id, evaluation_id, question_id, score, comment) VALUES (647, 59, 9, 4, NULL);
INSERT INTO evaluation_details (id, evaluation_id, question_id, score, comment) VALUES (648, 59, 10, 4, NULL);
INSERT INTO evaluation_details (id, evaluation_id, question_id, score, comment) VALUES (649, 59, 11, NULL, 'Debería dar más feedback en los PRs.');
INSERT INTO evaluations (id, evaluatee_id, form_id, period_id, is_anonymous, status, submitted_at, created_at) VALUES (60, 3, 1, 3, FALSE, 'submitted', '2026-07-21 12:00:00', '2026-07-21 12:05:00');
INSERT INTO evaluation_submissions (id, evaluator_id, evaluatee_id, period_id, evaluation_id, created_at) VALUES (60, 26, 3, 3, 60, '2026-07-21 12:00:00');
INSERT INTO evaluation_details (id, evaluation_id, question_id, score, comment) VALUES (650, 60, 1, 3, NULL);
INSERT INTO evaluation_details (id, evaluation_id, question_id, score, comment) VALUES (651, 60, 2, 5, NULL);
INSERT INTO evaluation_details (id, evaluation_id, question_id, score, comment) VALUES (652, 60, 3, 4, NULL);
INSERT INTO evaluation_details (id, evaluation_id, question_id, score, comment) VALUES (653, 60, 4, 4, NULL);
INSERT INTO evaluation_details (id, evaluation_id, question_id, score, comment) VALUES (654, 60, 5, 4, NULL);
INSERT INTO evaluation_details (id, evaluation_id, question_id, score, comment) VALUES (655, 60, 6, 3, NULL);
INSERT INTO evaluation_details (id, evaluation_id, question_id, score, comment) VALUES (656, 60, 7, 4, NULL);
INSERT INTO evaluation_details (id, evaluation_id, question_id, score, comment) VALUES (657, 60, 8, 4, NULL);
INSERT INTO evaluation_details (id, evaluation_id, question_id, score, comment) VALUES (658, 60, 9, 4, NULL);
INSERT INTO evaluation_details (id, evaluation_id, question_id, score, comment) VALUES (659, 60, 10, 4, NULL);
INSERT INTO evaluation_details (id, evaluation_id, question_id, score, comment) VALUES (660, 60, 11, NULL, 'Muy buen líder, siempre apoya al equipo.');
INSERT INTO evaluations (id, evaluatee_id, form_id, period_id, is_anonymous, status, submitted_at, created_at) VALUES (61, 3, 1, 3, FALSE, 'submitted', '2026-07-21 12:00:00', '2026-07-21 12:05:00');
INSERT INTO evaluation_submissions (id, evaluator_id, evaluatee_id, period_id, evaluation_id, created_at) VALUES (61, 39, 3, 3, 61, '2026-07-21 12:00:00');
INSERT INTO evaluation_details (id, evaluation_id, question_id, score, comment) VALUES (661, 61, 1, 4, NULL);
INSERT INTO evaluation_details (id, evaluation_id, question_id, score, comment) VALUES (662, 61, 2, 5, NULL);
INSERT INTO evaluation_details (id, evaluation_id, question_id, score, comment) VALUES (663, 61, 3, 5, NULL);
INSERT INTO evaluation_details (id, evaluation_id, question_id, score, comment) VALUES (664, 61, 4, 4, NULL);
INSERT INTO evaluation_details (id, evaluation_id, question_id, score, comment) VALUES (665, 61, 5, 4, NULL);
INSERT INTO evaluation_details (id, evaluation_id, question_id, score, comment) VALUES (666, 61, 6, 4, NULL);
INSERT INTO evaluation_details (id, evaluation_id, question_id, score, comment) VALUES (667, 61, 7, 4, NULL);
INSERT INTO evaluation_details (id, evaluation_id, question_id, score, comment) VALUES (668, 61, 8, 4, NULL);
INSERT INTO evaluation_details (id, evaluation_id, question_id, score, comment) VALUES (669, 61, 9, 4, NULL);
INSERT INTO evaluation_details (id, evaluation_id, question_id, score, comment) VALUES (670, 61, 10, 4, NULL);
INSERT INTO evaluation_details (id, evaluation_id, question_id, score, comment) VALUES (671, 61, 11, NULL, 'Excelente disposición.');
INSERT INTO evaluations (id, evaluatee_id, form_id, period_id, is_anonymous, status, submitted_at, created_at) VALUES (62, 3, 1, 3, TRUE, 'submitted', '2026-07-21 12:00:00', '2026-07-21 12:05:00');
INSERT INTO evaluation_submissions (id, evaluator_id, evaluatee_id, period_id, evaluation_id, created_at) VALUES (62, 22, 3, 3, 62, '2026-07-21 12:00:00');
INSERT INTO evaluation_details (id, evaluation_id, question_id, score, comment) VALUES (672, 62, 1, 3, NULL);
INSERT INTO evaluation_details (id, evaluation_id, question_id, score, comment) VALUES (673, 62, 2, 5, NULL);
INSERT INTO evaluation_details (id, evaluation_id, question_id, score, comment) VALUES (674, 62, 3, 4, NULL);
INSERT INTO evaluation_details (id, evaluation_id, question_id, score, comment) VALUES (675, 62, 4, 4, NULL);
INSERT INTO evaluation_details (id, evaluation_id, question_id, score, comment) VALUES (676, 62, 5, 4, NULL);
INSERT INTO evaluation_details (id, evaluation_id, question_id, score, comment) VALUES (677, 62, 6, 4, NULL);
INSERT INTO evaluation_details (id, evaluation_id, question_id, score, comment) VALUES (678, 62, 7, 4, NULL);
INSERT INTO evaluation_details (id, evaluation_id, question_id, score, comment) VALUES (679, 62, 8, 4, NULL);
INSERT INTO evaluation_details (id, evaluation_id, question_id, score, comment) VALUES (680, 62, 9, 4, NULL);
INSERT INTO evaluation_details (id, evaluation_id, question_id, score, comment) VALUES (681, 62, 10, 5, NULL);
INSERT INTO evaluation_details (id, evaluation_id, question_id, score, comment) VALUES (682, 62, 11, NULL, 'Nos ayuda a resolver problemas rápidamente.');
INSERT INTO evaluations (id, evaluatee_id, form_id, period_id, is_anonymous, status, submitted_at, created_at) VALUES (63, 3, 1, 4, TRUE, 'submitted', '2026-07-21 12:00:00', '2026-07-21 12:05:00');
INSERT INTO evaluation_submissions (id, evaluator_id, evaluatee_id, period_id, evaluation_id, created_at) VALUES (63, 30, 3, 4, 63, '2026-07-21 12:00:00');
INSERT INTO evaluation_details (id, evaluation_id, question_id, score, comment) VALUES (683, 63, 1, 4, NULL);
INSERT INTO evaluation_details (id, evaluation_id, question_id, score, comment) VALUES (684, 63, 2, 4, NULL);
INSERT INTO evaluation_details (id, evaluation_id, question_id, score, comment) VALUES (685, 63, 3, 5, NULL);
INSERT INTO evaluation_details (id, evaluation_id, question_id, score, comment) VALUES (686, 63, 4, 5, NULL);
INSERT INTO evaluation_details (id, evaluation_id, question_id, score, comment) VALUES (687, 63, 5, 5, NULL);
INSERT INTO evaluation_details (id, evaluation_id, question_id, score, comment) VALUES (688, 63, 6, 5, NULL);
INSERT INTO evaluation_details (id, evaluation_id, question_id, score, comment) VALUES (689, 63, 7, 4, NULL);
INSERT INTO evaluation_details (id, evaluation_id, question_id, score, comment) VALUES (690, 63, 8, 5, NULL);
INSERT INTO evaluation_details (id, evaluation_id, question_id, score, comment) VALUES (691, 63, 9, 4, NULL);
INSERT INTO evaluation_details (id, evaluation_id, question_id, score, comment) VALUES (692, 63, 10, 4, NULL);
INSERT INTO evaluation_details (id, evaluation_id, question_id, score, comment) VALUES (693, 63, 11, NULL, 'Muy buen líder, siempre apoya al equipo.');
INSERT INTO evaluations (id, evaluatee_id, form_id, period_id, is_anonymous, status, submitted_at, created_at) VALUES (64, 3, 1, 4, TRUE, 'submitted', '2026-07-21 12:00:00', '2026-07-21 12:05:00');
INSERT INTO evaluation_submissions (id, evaluator_id, evaluatee_id, period_id, evaluation_id, created_at) VALUES (64, 27, 3, 4, 64, '2026-07-21 12:00:00');
INSERT INTO evaluation_details (id, evaluation_id, question_id, score, comment) VALUES (694, 64, 1, 4, NULL);
INSERT INTO evaluation_details (id, evaluation_id, question_id, score, comment) VALUES (695, 64, 2, 4, NULL);
INSERT INTO evaluation_details (id, evaluation_id, question_id, score, comment) VALUES (696, 64, 3, 4, NULL);
INSERT INTO evaluation_details (id, evaluation_id, question_id, score, comment) VALUES (697, 64, 4, 5, NULL);
INSERT INTO evaluation_details (id, evaluation_id, question_id, score, comment) VALUES (698, 64, 5, 5, NULL);
INSERT INTO evaluation_details (id, evaluation_id, question_id, score, comment) VALUES (699, 64, 6, 5, NULL);
INSERT INTO evaluation_details (id, evaluation_id, question_id, score, comment) VALUES (700, 64, 7, 4, NULL);
INSERT INTO evaluation_details (id, evaluation_id, question_id, score, comment) VALUES (701, 64, 8, 4, NULL);
INSERT INTO evaluation_details (id, evaluation_id, question_id, score, comment) VALUES (702, 64, 9, 5, NULL);
INSERT INTO evaluation_details (id, evaluation_id, question_id, score, comment) VALUES (703, 64, 10, 3, NULL);
INSERT INTO evaluation_details (id, evaluation_id, question_id, score, comment) VALUES (704, 64, 11, NULL, 'Muy buen líder, siempre apoya al equipo.');
INSERT INTO evaluations (id, evaluatee_id, form_id, period_id, is_anonymous, status, submitted_at, created_at) VALUES (65, 3, 1, 4, FALSE, 'submitted', '2026-07-21 12:00:00', '2026-07-21 12:05:00');
INSERT INTO evaluation_submissions (id, evaluator_id, evaluatee_id, period_id, evaluation_id, created_at) VALUES (65, 35, 3, 4, 65, '2026-07-21 12:00:00');
INSERT INTO evaluation_details (id, evaluation_id, question_id, score, comment) VALUES (705, 65, 1, 4, NULL);
INSERT INTO evaluation_details (id, evaluation_id, question_id, score, comment) VALUES (706, 65, 2, 4, NULL);
INSERT INTO evaluation_details (id, evaluation_id, question_id, score, comment) VALUES (707, 65, 3, 4, NULL);
INSERT INTO evaluation_details (id, evaluation_id, question_id, score, comment) VALUES (708, 65, 4, 3, NULL);
INSERT INTO evaluation_details (id, evaluation_id, question_id, score, comment) VALUES (709, 65, 5, 3, NULL);
INSERT INTO evaluation_details (id, evaluation_id, question_id, score, comment) VALUES (710, 65, 6, 4, NULL);
INSERT INTO evaluation_details (id, evaluation_id, question_id, score, comment) VALUES (711, 65, 7, 3, NULL);
INSERT INTO evaluation_details (id, evaluation_id, question_id, score, comment) VALUES (712, 65, 8, 4, NULL);
INSERT INTO evaluation_details (id, evaluation_id, question_id, score, comment) VALUES (713, 65, 9, 3, NULL);
INSERT INTO evaluation_details (id, evaluation_id, question_id, score, comment) VALUES (714, 65, 10, 4, NULL);
INSERT INTO evaluation_details (id, evaluation_id, question_id, score, comment) VALUES (715, 65, 11, NULL, 'Excelente disposición.');
INSERT INTO evaluations (id, evaluatee_id, form_id, period_id, is_anonymous, status, submitted_at, created_at) VALUES (66, 3, 1, 4, FALSE, 'submitted', '2026-07-21 12:00:00', '2026-07-21 12:05:00');
INSERT INTO evaluation_submissions (id, evaluator_id, evaluatee_id, period_id, evaluation_id, created_at) VALUES (66, 24, 3, 4, 66, '2026-07-21 12:00:00');
INSERT INTO evaluation_details (id, evaluation_id, question_id, score, comment) VALUES (716, 66, 1, 4, NULL);
INSERT INTO evaluation_details (id, evaluation_id, question_id, score, comment) VALUES (717, 66, 2, 5, NULL);
INSERT INTO evaluation_details (id, evaluation_id, question_id, score, comment) VALUES (718, 66, 3, 5, NULL);
INSERT INTO evaluation_details (id, evaluation_id, question_id, score, comment) VALUES (719, 66, 4, 4, NULL);
INSERT INTO evaluation_details (id, evaluation_id, question_id, score, comment) VALUES (720, 66, 5, 5, NULL);
INSERT INTO evaluation_details (id, evaluation_id, question_id, score, comment) VALUES (721, 66, 6, 4, NULL);
INSERT INTO evaluation_details (id, evaluation_id, question_id, score, comment) VALUES (722, 66, 7, 5, NULL);
INSERT INTO evaluation_details (id, evaluation_id, question_id, score, comment) VALUES (723, 66, 8, 4, NULL);
INSERT INTO evaluation_details (id, evaluation_id, question_id, score, comment) VALUES (724, 66, 9, 4, NULL);
INSERT INTO evaluation_details (id, evaluation_id, question_id, score, comment) VALUES (725, 66, 10, 5, NULL);
INSERT INTO evaluation_details (id, evaluation_id, question_id, score, comment) VALUES (726, 66, 11, NULL, 'Nos ayuda a resolver problemas rápidamente.');
INSERT INTO evaluations (id, evaluatee_id, form_id, period_id, is_anonymous, status, submitted_at, created_at) VALUES (67, 3, 1, 4, TRUE, 'submitted', '2026-07-21 12:00:00', '2026-07-21 12:05:00');
INSERT INTO evaluation_submissions (id, evaluator_id, evaluatee_id, period_id, evaluation_id, created_at) VALUES (67, 21, 3, 4, 67, '2026-07-21 12:00:00');
INSERT INTO evaluation_details (id, evaluation_id, question_id, score, comment) VALUES (727, 67, 1, 4, NULL);
INSERT INTO evaluation_details (id, evaluation_id, question_id, score, comment) VALUES (728, 67, 2, 3, NULL);
INSERT INTO evaluation_details (id, evaluation_id, question_id, score, comment) VALUES (729, 67, 3, 4, NULL);
INSERT INTO evaluation_details (id, evaluation_id, question_id, score, comment) VALUES (730, 67, 4, 4, NULL);
INSERT INTO evaluation_details (id, evaluation_id, question_id, score, comment) VALUES (731, 67, 5, 4, NULL);
INSERT INTO evaluation_details (id, evaluation_id, question_id, score, comment) VALUES (732, 67, 6, 3, NULL);
INSERT INTO evaluation_details (id, evaluation_id, question_id, score, comment) VALUES (733, 67, 7, 4, NULL);
INSERT INTO evaluation_details (id, evaluation_id, question_id, score, comment) VALUES (734, 67, 8, 4, NULL);
INSERT INTO evaluation_details (id, evaluation_id, question_id, score, comment) VALUES (735, 67, 9, 5, NULL);
INSERT INTO evaluation_details (id, evaluation_id, question_id, score, comment) VALUES (736, 67, 10, 4, NULL);
INSERT INTO evaluation_details (id, evaluation_id, question_id, score, comment) VALUES (737, 67, 11, NULL, 'Muy buen líder, siempre apoya al equipo.');
INSERT INTO evaluations (id, evaluatee_id, form_id, period_id, is_anonymous, status, submitted_at, created_at) VALUES (68, 3, 1, 4, TRUE, 'submitted', '2026-07-21 12:00:00', '2026-07-21 12:05:00');
INSERT INTO evaluation_submissions (id, evaluator_id, evaluatee_id, period_id, evaluation_id, created_at) VALUES (68, 16, 3, 4, 68, '2026-07-21 12:00:00');
INSERT INTO evaluation_details (id, evaluation_id, question_id, score, comment) VALUES (738, 68, 1, 3, NULL);
INSERT INTO evaluation_details (id, evaluation_id, question_id, score, comment) VALUES (739, 68, 2, 5, NULL);
INSERT INTO evaluation_details (id, evaluation_id, question_id, score, comment) VALUES (740, 68, 3, 3, NULL);
INSERT INTO evaluation_details (id, evaluation_id, question_id, score, comment) VALUES (741, 68, 4, 4, NULL);
INSERT INTO evaluation_details (id, evaluation_id, question_id, score, comment) VALUES (742, 68, 5, 4, NULL);
INSERT INTO evaluation_details (id, evaluation_id, question_id, score, comment) VALUES (743, 68, 6, 3, NULL);
INSERT INTO evaluation_details (id, evaluation_id, question_id, score, comment) VALUES (744, 68, 7, 3, NULL);
INSERT INTO evaluation_details (id, evaluation_id, question_id, score, comment) VALUES (745, 68, 8, 4, NULL);
INSERT INTO evaluation_details (id, evaluation_id, question_id, score, comment) VALUES (746, 68, 9, 4, NULL);
INSERT INTO evaluation_details (id, evaluation_id, question_id, score, comment) VALUES (747, 68, 10, 4, NULL);
INSERT INTO evaluation_details (id, evaluation_id, question_id, score, comment) VALUES (748, 68, 11, NULL, 'Debería dar más feedback en los PRs.');
INSERT INTO evaluations (id, evaluatee_id, form_id, period_id, is_anonymous, status, submitted_at, created_at) VALUES (69, 3, 1, 4, FALSE, 'submitted', '2026-07-21 12:00:00', '2026-07-21 12:05:00');
INSERT INTO evaluation_submissions (id, evaluator_id, evaluatee_id, period_id, evaluation_id, created_at) VALUES (69, 44, 3, 4, 69, '2026-07-21 12:00:00');
INSERT INTO evaluation_details (id, evaluation_id, question_id, score, comment) VALUES (749, 69, 1, 3, NULL);
INSERT INTO evaluation_details (id, evaluation_id, question_id, score, comment) VALUES (750, 69, 2, 4, NULL);
INSERT INTO evaluation_details (id, evaluation_id, question_id, score, comment) VALUES (751, 69, 3, 4, NULL);
INSERT INTO evaluation_details (id, evaluation_id, question_id, score, comment) VALUES (752, 69, 4, 4, NULL);
INSERT INTO evaluation_details (id, evaluation_id, question_id, score, comment) VALUES (753, 69, 5, 4, NULL);
INSERT INTO evaluation_details (id, evaluation_id, question_id, score, comment) VALUES (754, 69, 6, 4, NULL);
INSERT INTO evaluation_details (id, evaluation_id, question_id, score, comment) VALUES (755, 69, 7, 5, NULL);
INSERT INTO evaluation_details (id, evaluation_id, question_id, score, comment) VALUES (756, 69, 8, 4, NULL);
INSERT INTO evaluation_details (id, evaluation_id, question_id, score, comment) VALUES (757, 69, 9, 4, NULL);
INSERT INTO evaluation_details (id, evaluation_id, question_id, score, comment) VALUES (758, 69, 10, 4, NULL);
INSERT INTO evaluation_details (id, evaluation_id, question_id, score, comment) VALUES (759, 69, 11, NULL, 'Excelente disposición.');
INSERT INTO evaluations (id, evaluatee_id, form_id, period_id, is_anonymous, status, submitted_at, created_at) VALUES (70, 3, 1, 4, TRUE, 'submitted', '2026-07-21 12:00:00', '2026-07-21 12:05:00');
INSERT INTO evaluation_submissions (id, evaluator_id, evaluatee_id, period_id, evaluation_id, created_at) VALUES (70, 40, 3, 4, 70, '2026-07-21 12:00:00');
INSERT INTO evaluation_details (id, evaluation_id, question_id, score, comment) VALUES (760, 70, 1, 4, NULL);
INSERT INTO evaluation_details (id, evaluation_id, question_id, score, comment) VALUES (761, 70, 2, 4, NULL);
INSERT INTO evaluation_details (id, evaluation_id, question_id, score, comment) VALUES (762, 70, 3, 4, NULL);
INSERT INTO evaluation_details (id, evaluation_id, question_id, score, comment) VALUES (763, 70, 4, 4, NULL);
INSERT INTO evaluation_details (id, evaluation_id, question_id, score, comment) VALUES (764, 70, 5, 4, NULL);
INSERT INTO evaluation_details (id, evaluation_id, question_id, score, comment) VALUES (765, 70, 6, 4, NULL);
INSERT INTO evaluation_details (id, evaluation_id, question_id, score, comment) VALUES (766, 70, 7, 4, NULL);
INSERT INTO evaluation_details (id, evaluation_id, question_id, score, comment) VALUES (767, 70, 8, 4, NULL);
INSERT INTO evaluation_details (id, evaluation_id, question_id, score, comment) VALUES (768, 70, 9, 4, NULL);
INSERT INTO evaluation_details (id, evaluation_id, question_id, score, comment) VALUES (769, 70, 10, 5, NULL);
INSERT INTO evaluation_details (id, evaluation_id, question_id, score, comment) VALUES (770, 70, 11, NULL, 'Me gustaría que hiciera sesiones de pair programming.');
INSERT INTO evaluations (id, evaluatee_id, form_id, period_id, is_anonymous, status, submitted_at, created_at) VALUES (71, 3, 1, 4, FALSE, 'submitted', '2026-07-21 12:00:00', '2026-07-21 12:05:00');
INSERT INTO evaluation_submissions (id, evaluator_id, evaluatee_id, period_id, evaluation_id, created_at) VALUES (71, 31, 3, 4, 71, '2026-07-21 12:00:00');
INSERT INTO evaluation_details (id, evaluation_id, question_id, score, comment) VALUES (771, 71, 1, 5, NULL);
INSERT INTO evaluation_details (id, evaluation_id, question_id, score, comment) VALUES (772, 71, 2, 3, NULL);
INSERT INTO evaluation_details (id, evaluation_id, question_id, score, comment) VALUES (773, 71, 3, 4, NULL);
INSERT INTO evaluation_details (id, evaluation_id, question_id, score, comment) VALUES (774, 71, 4, 4, NULL);
INSERT INTO evaluation_details (id, evaluation_id, question_id, score, comment) VALUES (775, 71, 5, 4, NULL);
INSERT INTO evaluation_details (id, evaluation_id, question_id, score, comment) VALUES (776, 71, 6, 4, NULL);
INSERT INTO evaluation_details (id, evaluation_id, question_id, score, comment) VALUES (777, 71, 7, 4, NULL);
INSERT INTO evaluation_details (id, evaluation_id, question_id, score, comment) VALUES (778, 71, 8, 4, NULL);
INSERT INTO evaluation_details (id, evaluation_id, question_id, score, comment) VALUES (779, 71, 9, 4, NULL);
INSERT INTO evaluation_details (id, evaluation_id, question_id, score, comment) VALUES (780, 71, 10, 5, NULL);
INSERT INTO evaluation_details (id, evaluation_id, question_id, score, comment) VALUES (781, 71, 11, NULL, 'Muy buen líder, siempre apoya al equipo.');
INSERT INTO evaluations (id, evaluatee_id, form_id, period_id, is_anonymous, status, submitted_at, created_at) VALUES (72, 3, 1, 4, TRUE, 'submitted', '2026-07-21 12:00:00', '2026-07-21 12:05:00');
INSERT INTO evaluation_submissions (id, evaluator_id, evaluatee_id, period_id, evaluation_id, created_at) VALUES (72, 29, 3, 4, 72, '2026-07-21 12:00:00');
INSERT INTO evaluation_details (id, evaluation_id, question_id, score, comment) VALUES (782, 72, 1, 4, NULL);
INSERT INTO evaluation_details (id, evaluation_id, question_id, score, comment) VALUES (783, 72, 2, 5, NULL);
INSERT INTO evaluation_details (id, evaluation_id, question_id, score, comment) VALUES (784, 72, 3, 4, NULL);
INSERT INTO evaluation_details (id, evaluation_id, question_id, score, comment) VALUES (785, 72, 4, 3, NULL);
INSERT INTO evaluation_details (id, evaluation_id, question_id, score, comment) VALUES (786, 72, 5, 4, NULL);
INSERT INTO evaluation_details (id, evaluation_id, question_id, score, comment) VALUES (787, 72, 6, 5, NULL);
INSERT INTO evaluation_details (id, evaluation_id, question_id, score, comment) VALUES (788, 72, 7, 4, NULL);
INSERT INTO evaluation_details (id, evaluation_id, question_id, score, comment) VALUES (789, 72, 8, 3, NULL);
INSERT INTO evaluation_details (id, evaluation_id, question_id, score, comment) VALUES (790, 72, 9, 4, NULL);
INSERT INTO evaluation_details (id, evaluation_id, question_id, score, comment) VALUES (791, 72, 10, 3, NULL);
INSERT INTO evaluation_details (id, evaluation_id, question_id, score, comment) VALUES (792, 72, 11, NULL, 'En el módulo actual fue un gran apoyo, muy enfocado.');
INSERT INTO evaluations (id, evaluatee_id, form_id, period_id, is_anonymous, status, submitted_at, created_at) VALUES (73, 3, 1, 4, TRUE, 'submitted', '2026-07-21 12:00:00', '2026-07-21 12:05:00');
INSERT INTO evaluation_submissions (id, evaluator_id, evaluatee_id, period_id, evaluation_id, created_at) VALUES (73, 14, 3, 4, 73, '2026-07-21 12:00:00');
INSERT INTO evaluation_details (id, evaluation_id, question_id, score, comment) VALUES (793, 73, 1, 3, NULL);
INSERT INTO evaluation_details (id, evaluation_id, question_id, score, comment) VALUES (794, 73, 2, 4, NULL);
INSERT INTO evaluation_details (id, evaluation_id, question_id, score, comment) VALUES (795, 73, 3, 3, NULL);
INSERT INTO evaluation_details (id, evaluation_id, question_id, score, comment) VALUES (796, 73, 4, 3, NULL);
INSERT INTO evaluation_details (id, evaluation_id, question_id, score, comment) VALUES (797, 73, 5, 5, NULL);
INSERT INTO evaluation_details (id, evaluation_id, question_id, score, comment) VALUES (798, 73, 6, 4, NULL);
INSERT INTO evaluation_details (id, evaluation_id, question_id, score, comment) VALUES (799, 73, 7, 4, NULL);
INSERT INTO evaluation_details (id, evaluation_id, question_id, score, comment) VALUES (800, 73, 8, 4, NULL);
INSERT INTO evaluation_details (id, evaluation_id, question_id, score, comment) VALUES (801, 73, 9, 4, NULL);
INSERT INTO evaluation_details (id, evaluation_id, question_id, score, comment) VALUES (802, 73, 10, 5, NULL);
INSERT INTO evaluation_details (id, evaluation_id, question_id, score, comment) VALUES (803, 73, 11, NULL, 'Nos ayuda a resolver problemas rápidamente.');
INSERT INTO evaluations (id, evaluatee_id, form_id, period_id, is_anonymous, status, submitted_at, created_at) VALUES (74, 4, 1, 1, TRUE, 'submitted', '2026-07-21 12:00:00', '2026-07-21 12:05:00');
INSERT INTO evaluation_submissions (id, evaluator_id, evaluatee_id, period_id, evaluation_id, created_at) VALUES (74, 13, 4, 1, 74, '2026-07-21 12:00:00');
INSERT INTO evaluation_details (id, evaluation_id, question_id, score, comment) VALUES (804, 74, 1, 3, NULL);
INSERT INTO evaluation_details (id, evaluation_id, question_id, score, comment) VALUES (805, 74, 2, 4, NULL);
INSERT INTO evaluation_details (id, evaluation_id, question_id, score, comment) VALUES (806, 74, 3, 3, NULL);
INSERT INTO evaluation_details (id, evaluation_id, question_id, score, comment) VALUES (807, 74, 4, 4, NULL);
INSERT INTO evaluation_details (id, evaluation_id, question_id, score, comment) VALUES (808, 74, 5, 3, NULL);
INSERT INTO evaluation_details (id, evaluation_id, question_id, score, comment) VALUES (809, 74, 6, 4, NULL);
INSERT INTO evaluation_details (id, evaluation_id, question_id, score, comment) VALUES (810, 74, 7, 3, NULL);
INSERT INTO evaluation_details (id, evaluation_id, question_id, score, comment) VALUES (811, 74, 8, 3, NULL);
INSERT INTO evaluation_details (id, evaluation_id, question_id, score, comment) VALUES (812, 74, 9, 3, NULL);
INSERT INTO evaluation_details (id, evaluation_id, question_id, score, comment) VALUES (813, 74, 10, 3, NULL);
INSERT INTO evaluation_details (id, evaluation_id, question_id, score, comment) VALUES (814, 74, 11, NULL, 'Debería dar más feedback en los PRs.');
INSERT INTO evaluations (id, evaluatee_id, form_id, period_id, is_anonymous, status, submitted_at, created_at) VALUES (75, 4, 1, 1, TRUE, 'submitted', '2026-07-21 12:00:00', '2026-07-21 12:05:00');
INSERT INTO evaluation_submissions (id, evaluator_id, evaluatee_id, period_id, evaluation_id, created_at) VALUES (75, 26, 4, 1, 75, '2026-07-21 12:00:00');
INSERT INTO evaluation_details (id, evaluation_id, question_id, score, comment) VALUES (815, 75, 1, 3, NULL);
INSERT INTO evaluation_details (id, evaluation_id, question_id, score, comment) VALUES (816, 75, 2, 3, NULL);
INSERT INTO evaluation_details (id, evaluation_id, question_id, score, comment) VALUES (817, 75, 3, 4, NULL);
INSERT INTO evaluation_details (id, evaluation_id, question_id, score, comment) VALUES (818, 75, 4, 5, NULL);
INSERT INTO evaluation_details (id, evaluation_id, question_id, score, comment) VALUES (819, 75, 5, 4, NULL);
INSERT INTO evaluation_details (id, evaluation_id, question_id, score, comment) VALUES (820, 75, 6, 3, NULL);
INSERT INTO evaluation_details (id, evaluation_id, question_id, score, comment) VALUES (821, 75, 7, 4, NULL);
INSERT INTO evaluation_details (id, evaluation_id, question_id, score, comment) VALUES (822, 75, 8, 3, NULL);
INSERT INTO evaluation_details (id, evaluation_id, question_id, score, comment) VALUES (823, 75, 9, 4, NULL);
INSERT INTO evaluation_details (id, evaluation_id, question_id, score, comment) VALUES (824, 75, 10, 3, NULL);
INSERT INTO evaluation_details (id, evaluation_id, question_id, score, comment) VALUES (825, 75, 11, NULL, 'Muy buen líder, siempre apoya al equipo.');
INSERT INTO evaluations (id, evaluatee_id, form_id, period_id, is_anonymous, status, submitted_at, created_at) VALUES (76, 4, 1, 1, FALSE, 'submitted', '2026-07-21 12:00:00', '2026-07-21 12:05:00');
INSERT INTO evaluation_submissions (id, evaluator_id, evaluatee_id, period_id, evaluation_id, created_at) VALUES (76, 42, 4, 1, 76, '2026-07-21 12:00:00');
INSERT INTO evaluation_details (id, evaluation_id, question_id, score, comment) VALUES (826, 76, 1, 5, NULL);
INSERT INTO evaluation_details (id, evaluation_id, question_id, score, comment) VALUES (827, 76, 2, 3, NULL);
INSERT INTO evaluation_details (id, evaluation_id, question_id, score, comment) VALUES (828, 76, 3, 4, NULL);
INSERT INTO evaluation_details (id, evaluation_id, question_id, score, comment) VALUES (829, 76, 4, 3, NULL);
INSERT INTO evaluation_details (id, evaluation_id, question_id, score, comment) VALUES (830, 76, 5, 4, NULL);
INSERT INTO evaluation_details (id, evaluation_id, question_id, score, comment) VALUES (831, 76, 6, 4, NULL);
INSERT INTO evaluation_details (id, evaluation_id, question_id, score, comment) VALUES (832, 76, 7, 4, NULL);
INSERT INTO evaluation_details (id, evaluation_id, question_id, score, comment) VALUES (833, 76, 8, 5, NULL);
INSERT INTO evaluation_details (id, evaluation_id, question_id, score, comment) VALUES (834, 76, 9, 4, NULL);
INSERT INTO evaluation_details (id, evaluation_id, question_id, score, comment) VALUES (835, 76, 10, 4, NULL);
INSERT INTO evaluation_details (id, evaluation_id, question_id, score, comment) VALUES (836, 76, 11, NULL, 'Muy buen líder, siempre apoya al equipo.');
INSERT INTO evaluations (id, evaluatee_id, form_id, period_id, is_anonymous, status, submitted_at, created_at) VALUES (77, 4, 1, 1, FALSE, 'submitted', '2026-07-21 12:00:00', '2026-07-21 12:05:00');
INSERT INTO evaluation_submissions (id, evaluator_id, evaluatee_id, period_id, evaluation_id, created_at) VALUES (77, 12, 4, 1, 77, '2026-07-21 12:00:00');
INSERT INTO evaluation_details (id, evaluation_id, question_id, score, comment) VALUES (837, 77, 1, 4, NULL);
INSERT INTO evaluation_details (id, evaluation_id, question_id, score, comment) VALUES (838, 77, 2, 4, NULL);
INSERT INTO evaluation_details (id, evaluation_id, question_id, score, comment) VALUES (839, 77, 3, 5, NULL);
INSERT INTO evaluation_details (id, evaluation_id, question_id, score, comment) VALUES (840, 77, 4, 5, NULL);
INSERT INTO evaluation_details (id, evaluation_id, question_id, score, comment) VALUES (841, 77, 5, 4, NULL);
INSERT INTO evaluation_details (id, evaluation_id, question_id, score, comment) VALUES (842, 77, 6, 4, NULL);
INSERT INTO evaluation_details (id, evaluation_id, question_id, score, comment) VALUES (843, 77, 7, 5, NULL);
INSERT INTO evaluation_details (id, evaluation_id, question_id, score, comment) VALUES (844, 77, 8, 5, NULL);
INSERT INTO evaluation_details (id, evaluation_id, question_id, score, comment) VALUES (845, 77, 9, 4, NULL);
INSERT INTO evaluation_details (id, evaluation_id, question_id, score, comment) VALUES (846, 77, 10, 3, NULL);
INSERT INTO evaluation_details (id, evaluation_id, question_id, score, comment) VALUES (847, 77, 11, NULL, 'Excelente disposición.');
INSERT INTO evaluations (id, evaluatee_id, form_id, period_id, is_anonymous, status, submitted_at, created_at) VALUES (78, 4, 1, 1, TRUE, 'submitted', '2026-07-21 12:00:00', '2026-07-21 12:05:00');
INSERT INTO evaluation_submissions (id, evaluator_id, evaluatee_id, period_id, evaluation_id, created_at) VALUES (78, 33, 4, 1, 78, '2026-07-21 12:00:00');
INSERT INTO evaluation_details (id, evaluation_id, question_id, score, comment) VALUES (848, 78, 1, 4, NULL);
INSERT INTO evaluation_details (id, evaluation_id, question_id, score, comment) VALUES (849, 78, 2, 4, NULL);
INSERT INTO evaluation_details (id, evaluation_id, question_id, score, comment) VALUES (850, 78, 3, 3, NULL);
INSERT INTO evaluation_details (id, evaluation_id, question_id, score, comment) VALUES (851, 78, 4, 4, NULL);
INSERT INTO evaluation_details (id, evaluation_id, question_id, score, comment) VALUES (852, 78, 5, 4, NULL);
INSERT INTO evaluation_details (id, evaluation_id, question_id, score, comment) VALUES (853, 78, 6, 4, NULL);
INSERT INTO evaluation_details (id, evaluation_id, question_id, score, comment) VALUES (854, 78, 7, 4, NULL);
INSERT INTO evaluation_details (id, evaluation_id, question_id, score, comment) VALUES (855, 78, 8, 3, NULL);
INSERT INTO evaluation_details (id, evaluation_id, question_id, score, comment) VALUES (856, 78, 9, 4, NULL);
INSERT INTO evaluation_details (id, evaluation_id, question_id, score, comment) VALUES (857, 78, 10, 4, NULL);
INSERT INTO evaluation_details (id, evaluation_id, question_id, score, comment) VALUES (858, 78, 11, NULL, 'Excelente disposición.');
INSERT INTO evaluations (id, evaluatee_id, form_id, period_id, is_anonymous, status, submitted_at, created_at) VALUES (79, 4, 1, 1, FALSE, 'submitted', '2026-07-21 12:00:00', '2026-07-21 12:05:00');
INSERT INTO evaluation_submissions (id, evaluator_id, evaluatee_id, period_id, evaluation_id, created_at) VALUES (79, 39, 4, 1, 79, '2026-07-21 12:00:00');
INSERT INTO evaluation_details (id, evaluation_id, question_id, score, comment) VALUES (859, 79, 1, 5, NULL);
INSERT INTO evaluation_details (id, evaluation_id, question_id, score, comment) VALUES (860, 79, 2, 4, NULL);
INSERT INTO evaluation_details (id, evaluation_id, question_id, score, comment) VALUES (861, 79, 3, 4, NULL);
INSERT INTO evaluation_details (id, evaluation_id, question_id, score, comment) VALUES (862, 79, 4, 4, NULL);
INSERT INTO evaluation_details (id, evaluation_id, question_id, score, comment) VALUES (863, 79, 5, 4, NULL);
INSERT INTO evaluation_details (id, evaluation_id, question_id, score, comment) VALUES (864, 79, 6, 4, NULL);
INSERT INTO evaluation_details (id, evaluation_id, question_id, score, comment) VALUES (865, 79, 7, 5, NULL);
INSERT INTO evaluation_details (id, evaluation_id, question_id, score, comment) VALUES (866, 79, 8, 5, NULL);
INSERT INTO evaluation_details (id, evaluation_id, question_id, score, comment) VALUES (867, 79, 9, 4, NULL);
INSERT INTO evaluation_details (id, evaluation_id, question_id, score, comment) VALUES (868, 79, 10, 4, NULL);
INSERT INTO evaluation_details (id, evaluation_id, question_id, score, comment) VALUES (869, 79, 11, NULL, 'Debería dar más feedback en los PRs.');
INSERT INTO evaluations (id, evaluatee_id, form_id, period_id, is_anonymous, status, submitted_at, created_at) VALUES (80, 4, 1, 1, TRUE, 'submitted', '2026-07-21 12:00:00', '2026-07-21 12:05:00');
INSERT INTO evaluation_submissions (id, evaluator_id, evaluatee_id, period_id, evaluation_id, created_at) VALUES (80, 30, 4, 1, 80, '2026-07-21 12:00:00');
INSERT INTO evaluation_details (id, evaluation_id, question_id, score, comment) VALUES (870, 80, 1, 4, NULL);
INSERT INTO evaluation_details (id, evaluation_id, question_id, score, comment) VALUES (871, 80, 2, 4, NULL);
INSERT INTO evaluation_details (id, evaluation_id, question_id, score, comment) VALUES (872, 80, 3, 4, NULL);
INSERT INTO evaluation_details (id, evaluation_id, question_id, score, comment) VALUES (873, 80, 4, 4, NULL);
INSERT INTO evaluation_details (id, evaluation_id, question_id, score, comment) VALUES (874, 80, 5, 3, NULL);
INSERT INTO evaluation_details (id, evaluation_id, question_id, score, comment) VALUES (875, 80, 6, 4, NULL);
INSERT INTO evaluation_details (id, evaluation_id, question_id, score, comment) VALUES (876, 80, 7, 3, NULL);
INSERT INTO evaluation_details (id, evaluation_id, question_id, score, comment) VALUES (877, 80, 8, 4, NULL);
INSERT INTO evaluation_details (id, evaluation_id, question_id, score, comment) VALUES (878, 80, 9, 4, NULL);
INSERT INTO evaluation_details (id, evaluation_id, question_id, score, comment) VALUES (879, 80, 10, 5, NULL);
INSERT INTO evaluation_details (id, evaluation_id, question_id, score, comment) VALUES (880, 80, 11, NULL, 'Muy buen líder, siempre apoya al equipo.');
INSERT INTO evaluations (id, evaluatee_id, form_id, period_id, is_anonymous, status, submitted_at, created_at) VALUES (81, 4, 1, 1, FALSE, 'submitted', '2026-07-21 12:00:00', '2026-07-21 12:05:00');
INSERT INTO evaluation_submissions (id, evaluator_id, evaluatee_id, period_id, evaluation_id, created_at) VALUES (81, 28, 4, 1, 81, '2026-07-21 12:00:00');
INSERT INTO evaluation_details (id, evaluation_id, question_id, score, comment) VALUES (881, 81, 1, 5, NULL);
INSERT INTO evaluation_details (id, evaluation_id, question_id, score, comment) VALUES (882, 81, 2, 4, NULL);
INSERT INTO evaluation_details (id, evaluation_id, question_id, score, comment) VALUES (883, 81, 3, 5, NULL);
INSERT INTO evaluation_details (id, evaluation_id, question_id, score, comment) VALUES (884, 81, 4, 5, NULL);
INSERT INTO evaluation_details (id, evaluation_id, question_id, score, comment) VALUES (885, 81, 5, 4, NULL);
INSERT INTO evaluation_details (id, evaluation_id, question_id, score, comment) VALUES (886, 81, 6, 5, NULL);
INSERT INTO evaluation_details (id, evaluation_id, question_id, score, comment) VALUES (887, 81, 7, 5, NULL);
INSERT INTO evaluation_details (id, evaluation_id, question_id, score, comment) VALUES (888, 81, 8, 5, NULL);
INSERT INTO evaluation_details (id, evaluation_id, question_id, score, comment) VALUES (889, 81, 9, 5, NULL);
INSERT INTO evaluation_details (id, evaluation_id, question_id, score, comment) VALUES (890, 81, 10, 5, NULL);
INSERT INTO evaluation_details (id, evaluation_id, question_id, score, comment) VALUES (891, 81, 11, NULL, 'Debería dar más feedback en los PRs.');
INSERT INTO evaluations (id, evaluatee_id, form_id, period_id, is_anonymous, status, submitted_at, created_at) VALUES (82, 4, 1, 2, TRUE, 'submitted', '2026-07-21 12:00:00', '2026-07-21 12:05:00');
INSERT INTO evaluation_submissions (id, evaluator_id, evaluatee_id, period_id, evaluation_id, created_at) VALUES (82, 41, 4, 2, 82, '2026-07-21 12:00:00');
INSERT INTO evaluation_details (id, evaluation_id, question_id, score, comment) VALUES (892, 82, 1, 4, NULL);
INSERT INTO evaluation_details (id, evaluation_id, question_id, score, comment) VALUES (893, 82, 2, 4, NULL);
INSERT INTO evaluation_details (id, evaluation_id, question_id, score, comment) VALUES (894, 82, 3, 3, NULL);
INSERT INTO evaluation_details (id, evaluation_id, question_id, score, comment) VALUES (895, 82, 4, 4, NULL);
INSERT INTO evaluation_details (id, evaluation_id, question_id, score, comment) VALUES (896, 82, 5, 4, NULL);
INSERT INTO evaluation_details (id, evaluation_id, question_id, score, comment) VALUES (897, 82, 6, 4, NULL);
INSERT INTO evaluation_details (id, evaluation_id, question_id, score, comment) VALUES (898, 82, 7, 3, NULL);
INSERT INTO evaluation_details (id, evaluation_id, question_id, score, comment) VALUES (899, 82, 8, 4, NULL);
INSERT INTO evaluation_details (id, evaluation_id, question_id, score, comment) VALUES (900, 82, 9, 4, NULL);
INSERT INTO evaluation_details (id, evaluation_id, question_id, score, comment) VALUES (901, 82, 10, 3, NULL);
INSERT INTO evaluation_details (id, evaluation_id, question_id, score, comment) VALUES (902, 82, 11, NULL, 'Debería dar más feedback en los PRs.');
INSERT INTO evaluations (id, evaluatee_id, form_id, period_id, is_anonymous, status, submitted_at, created_at) VALUES (83, 4, 1, 2, FALSE, 'submitted', '2026-07-21 12:00:00', '2026-07-21 12:05:00');
INSERT INTO evaluation_submissions (id, evaluator_id, evaluatee_id, period_id, evaluation_id, created_at) VALUES (83, 34, 4, 2, 83, '2026-07-21 12:00:00');
INSERT INTO evaluation_details (id, evaluation_id, question_id, score, comment) VALUES (903, 83, 1, 4, NULL);
INSERT INTO evaluation_details (id, evaluation_id, question_id, score, comment) VALUES (904, 83, 2, 5, NULL);
INSERT INTO evaluation_details (id, evaluation_id, question_id, score, comment) VALUES (905, 83, 3, 4, NULL);
INSERT INTO evaluation_details (id, evaluation_id, question_id, score, comment) VALUES (906, 83, 4, 5, NULL);
INSERT INTO evaluation_details (id, evaluation_id, question_id, score, comment) VALUES (907, 83, 5, 4, NULL);
INSERT INTO evaluation_details (id, evaluation_id, question_id, score, comment) VALUES (908, 83, 6, 4, NULL);
INSERT INTO evaluation_details (id, evaluation_id, question_id, score, comment) VALUES (909, 83, 7, 4, NULL);
INSERT INTO evaluation_details (id, evaluation_id, question_id, score, comment) VALUES (910, 83, 8, 4, NULL);
INSERT INTO evaluation_details (id, evaluation_id, question_id, score, comment) VALUES (911, 83, 9, 5, NULL);
INSERT INTO evaluation_details (id, evaluation_id, question_id, score, comment) VALUES (912, 83, 10, 4, NULL);
INSERT INTO evaluation_details (id, evaluation_id, question_id, score, comment) VALUES (913, 83, 11, NULL, 'Debería dar más feedback en los PRs.');
INSERT INTO evaluations (id, evaluatee_id, form_id, period_id, is_anonymous, status, submitted_at, created_at) VALUES (84, 4, 1, 2, FALSE, 'submitted', '2026-07-21 12:00:00', '2026-07-21 12:05:00');
INSERT INTO evaluation_submissions (id, evaluator_id, evaluatee_id, period_id, evaluation_id, created_at) VALUES (84, 17, 4, 2, 84, '2026-07-21 12:00:00');
INSERT INTO evaluation_details (id, evaluation_id, question_id, score, comment) VALUES (914, 84, 1, 4, NULL);
INSERT INTO evaluation_details (id, evaluation_id, question_id, score, comment) VALUES (915, 84, 2, 4, NULL);
INSERT INTO evaluation_details (id, evaluation_id, question_id, score, comment) VALUES (916, 84, 3, 4, NULL);
INSERT INTO evaluation_details (id, evaluation_id, question_id, score, comment) VALUES (917, 84, 4, 5, NULL);
INSERT INTO evaluation_details (id, evaluation_id, question_id, score, comment) VALUES (918, 84, 5, 4, NULL);
INSERT INTO evaluation_details (id, evaluation_id, question_id, score, comment) VALUES (919, 84, 6, 5, NULL);
INSERT INTO evaluation_details (id, evaluation_id, question_id, score, comment) VALUES (920, 84, 7, 4, NULL);
INSERT INTO evaluation_details (id, evaluation_id, question_id, score, comment) VALUES (921, 84, 8, 4, NULL);
INSERT INTO evaluation_details (id, evaluation_id, question_id, score, comment) VALUES (922, 84, 9, 4, NULL);
INSERT INTO evaluation_details (id, evaluation_id, question_id, score, comment) VALUES (923, 84, 10, 4, NULL);
INSERT INTO evaluation_details (id, evaluation_id, question_id, score, comment) VALUES (924, 84, 11, NULL, 'Muy buen líder, siempre apoya al equipo.');
INSERT INTO evaluations (id, evaluatee_id, form_id, period_id, is_anonymous, status, submitted_at, created_at) VALUES (85, 4, 1, 2, FALSE, 'submitted', '2026-07-21 12:00:00', '2026-07-21 12:05:00');
INSERT INTO evaluation_submissions (id, evaluator_id, evaluatee_id, period_id, evaluation_id, created_at) VALUES (85, 26, 4, 2, 85, '2026-07-21 12:00:00');
INSERT INTO evaluation_details (id, evaluation_id, question_id, score, comment) VALUES (925, 85, 1, 4, NULL);
INSERT INTO evaluation_details (id, evaluation_id, question_id, score, comment) VALUES (926, 85, 2, 4, NULL);
INSERT INTO evaluation_details (id, evaluation_id, question_id, score, comment) VALUES (927, 85, 3, 4, NULL);
INSERT INTO evaluation_details (id, evaluation_id, question_id, score, comment) VALUES (928, 85, 4, 4, NULL);
INSERT INTO evaluation_details (id, evaluation_id, question_id, score, comment) VALUES (929, 85, 5, 5, NULL);
INSERT INTO evaluation_details (id, evaluation_id, question_id, score, comment) VALUES (930, 85, 6, 4, NULL);
INSERT INTO evaluation_details (id, evaluation_id, question_id, score, comment) VALUES (931, 85, 7, 5, NULL);
INSERT INTO evaluation_details (id, evaluation_id, question_id, score, comment) VALUES (932, 85, 8, 4, NULL);
INSERT INTO evaluation_details (id, evaluation_id, question_id, score, comment) VALUES (933, 85, 9, 4, NULL);
INSERT INTO evaluation_details (id, evaluation_id, question_id, score, comment) VALUES (934, 85, 10, 5, NULL);
INSERT INTO evaluation_details (id, evaluation_id, question_id, score, comment) VALUES (935, 85, 11, NULL, 'Nos ayuda a resolver problemas rápidamente.');
INSERT INTO evaluations (id, evaluatee_id, form_id, period_id, is_anonymous, status, submitted_at, created_at) VALUES (86, 4, 1, 2, FALSE, 'submitted', '2026-07-21 12:00:00', '2026-07-21 12:05:00');
INSERT INTO evaluation_submissions (id, evaluator_id, evaluatee_id, period_id, evaluation_id, created_at) VALUES (86, 23, 4, 2, 86, '2026-07-21 12:00:00');
INSERT INTO evaluation_details (id, evaluation_id, question_id, score, comment) VALUES (936, 86, 1, 4, NULL);
INSERT INTO evaluation_details (id, evaluation_id, question_id, score, comment) VALUES (937, 86, 2, 5, NULL);
INSERT INTO evaluation_details (id, evaluation_id, question_id, score, comment) VALUES (938, 86, 3, 4, NULL);
INSERT INTO evaluation_details (id, evaluation_id, question_id, score, comment) VALUES (939, 86, 4, 4, NULL);
INSERT INTO evaluation_details (id, evaluation_id, question_id, score, comment) VALUES (940, 86, 5, 5, NULL);
INSERT INTO evaluation_details (id, evaluation_id, question_id, score, comment) VALUES (941, 86, 6, 4, NULL);
INSERT INTO evaluation_details (id, evaluation_id, question_id, score, comment) VALUES (942, 86, 7, 3, NULL);
INSERT INTO evaluation_details (id, evaluation_id, question_id, score, comment) VALUES (943, 86, 8, 3, NULL);
INSERT INTO evaluation_details (id, evaluation_id, question_id, score, comment) VALUES (944, 86, 9, 4, NULL);
INSERT INTO evaluation_details (id, evaluation_id, question_id, score, comment) VALUES (945, 86, 10, 5, NULL);
INSERT INTO evaluation_details (id, evaluation_id, question_id, score, comment) VALUES (946, 86, 11, NULL, 'En el módulo actual fue un gran apoyo, muy enfocado.');
INSERT INTO evaluations (id, evaluatee_id, form_id, period_id, is_anonymous, status, submitted_at, created_at) VALUES (87, 4, 1, 2, TRUE, 'submitted', '2026-07-21 12:00:00', '2026-07-21 12:05:00');
INSERT INTO evaluation_submissions (id, evaluator_id, evaluatee_id, period_id, evaluation_id, created_at) VALUES (87, 32, 4, 2, 87, '2026-07-21 12:00:00');
INSERT INTO evaluation_details (id, evaluation_id, question_id, score, comment) VALUES (947, 87, 1, 4, NULL);
INSERT INTO evaluation_details (id, evaluation_id, question_id, score, comment) VALUES (948, 87, 2, 5, NULL);
INSERT INTO evaluation_details (id, evaluation_id, question_id, score, comment) VALUES (949, 87, 3, 5, NULL);
INSERT INTO evaluation_details (id, evaluation_id, question_id, score, comment) VALUES (950, 87, 4, 4, NULL);
INSERT INTO evaluation_details (id, evaluation_id, question_id, score, comment) VALUES (951, 87, 5, 4, NULL);
INSERT INTO evaluation_details (id, evaluation_id, question_id, score, comment) VALUES (952, 87, 6, 4, NULL);
INSERT INTO evaluation_details (id, evaluation_id, question_id, score, comment) VALUES (953, 87, 7, 4, NULL);
INSERT INTO evaluation_details (id, evaluation_id, question_id, score, comment) VALUES (954, 87, 8, 4, NULL);
INSERT INTO evaluation_details (id, evaluation_id, question_id, score, comment) VALUES (955, 87, 9, 4, NULL);
INSERT INTO evaluation_details (id, evaluation_id, question_id, score, comment) VALUES (956, 87, 10, 4, NULL);
INSERT INTO evaluation_details (id, evaluation_id, question_id, score, comment) VALUES (957, 87, 11, NULL, 'Muy buen líder, siempre apoya al equipo.');
INSERT INTO evaluations (id, evaluatee_id, form_id, period_id, is_anonymous, status, submitted_at, created_at) VALUES (88, 4, 1, 2, FALSE, 'submitted', '2026-07-21 12:00:00', '2026-07-21 12:05:00');
INSERT INTO evaluation_submissions (id, evaluator_id, evaluatee_id, period_id, evaluation_id, created_at) VALUES (88, 30, 4, 2, 88, '2026-07-21 12:00:00');
INSERT INTO evaluation_details (id, evaluation_id, question_id, score, comment) VALUES (958, 88, 1, 3, NULL);
INSERT INTO evaluation_details (id, evaluation_id, question_id, score, comment) VALUES (959, 88, 2, 4, NULL);
INSERT INTO evaluation_details (id, evaluation_id, question_id, score, comment) VALUES (960, 88, 3, 4, NULL);
INSERT INTO evaluation_details (id, evaluation_id, question_id, score, comment) VALUES (961, 88, 4, 5, NULL);
INSERT INTO evaluation_details (id, evaluation_id, question_id, score, comment) VALUES (962, 88, 5, 4, NULL);
INSERT INTO evaluation_details (id, evaluation_id, question_id, score, comment) VALUES (963, 88, 6, 4, NULL);
INSERT INTO evaluation_details (id, evaluation_id, question_id, score, comment) VALUES (964, 88, 7, 4, NULL);
INSERT INTO evaluation_details (id, evaluation_id, question_id, score, comment) VALUES (965, 88, 8, 4, NULL);
INSERT INTO evaluation_details (id, evaluation_id, question_id, score, comment) VALUES (966, 88, 9, 4, NULL);
INSERT INTO evaluation_details (id, evaluation_id, question_id, score, comment) VALUES (967, 88, 10, 4, NULL);
INSERT INTO evaluation_details (id, evaluation_id, question_id, score, comment) VALUES (968, 88, 11, NULL, 'Muy buen líder, siempre apoya al equipo.');
INSERT INTO evaluations (id, evaluatee_id, form_id, period_id, is_anonymous, status, submitted_at, created_at) VALUES (89, 4, 1, 2, FALSE, 'submitted', '2026-07-21 12:00:00', '2026-07-21 12:05:00');
INSERT INTO evaluation_submissions (id, evaluator_id, evaluatee_id, period_id, evaluation_id, created_at) VALUES (89, 13, 4, 2, 89, '2026-07-21 12:00:00');
INSERT INTO evaluation_details (id, evaluation_id, question_id, score, comment) VALUES (969, 89, 1, 4, NULL);
INSERT INTO evaluation_details (id, evaluation_id, question_id, score, comment) VALUES (970, 89, 2, 4, NULL);
INSERT INTO evaluation_details (id, evaluation_id, question_id, score, comment) VALUES (971, 89, 3, 4, NULL);
INSERT INTO evaluation_details (id, evaluation_id, question_id, score, comment) VALUES (972, 89, 4, 5, NULL);
INSERT INTO evaluation_details (id, evaluation_id, question_id, score, comment) VALUES (973, 89, 5, 4, NULL);
INSERT INTO evaluation_details (id, evaluation_id, question_id, score, comment) VALUES (974, 89, 6, 4, NULL);
INSERT INTO evaluation_details (id, evaluation_id, question_id, score, comment) VALUES (975, 89, 7, 3, NULL);
INSERT INTO evaluation_details (id, evaluation_id, question_id, score, comment) VALUES (976, 89, 8, 4, NULL);
INSERT INTO evaluation_details (id, evaluation_id, question_id, score, comment) VALUES (977, 89, 9, 4, NULL);
INSERT INTO evaluation_details (id, evaluation_id, question_id, score, comment) VALUES (978, 89, 10, 3, NULL);
INSERT INTO evaluation_details (id, evaluation_id, question_id, score, comment) VALUES (979, 89, 11, NULL, 'Debería dar más feedback en los PRs.');
INSERT INTO evaluations (id, evaluatee_id, form_id, period_id, is_anonymous, status, submitted_at, created_at) VALUES (90, 4, 1, 2, TRUE, 'submitted', '2026-07-21 12:00:00', '2026-07-21 12:05:00');
INSERT INTO evaluation_submissions (id, evaluator_id, evaluatee_id, period_id, evaluation_id, created_at) VALUES (90, 36, 4, 2, 90, '2026-07-21 12:00:00');
INSERT INTO evaluation_details (id, evaluation_id, question_id, score, comment) VALUES (980, 90, 1, 3, NULL);
INSERT INTO evaluation_details (id, evaluation_id, question_id, score, comment) VALUES (981, 90, 2, 4, NULL);
INSERT INTO evaluation_details (id, evaluation_id, question_id, score, comment) VALUES (982, 90, 3, 4, NULL);
INSERT INTO evaluation_details (id, evaluation_id, question_id, score, comment) VALUES (983, 90, 4, 4, NULL);
INSERT INTO evaluation_details (id, evaluation_id, question_id, score, comment) VALUES (984, 90, 5, 4, NULL);
INSERT INTO evaluation_details (id, evaluation_id, question_id, score, comment) VALUES (985, 90, 6, 4, NULL);
INSERT INTO evaluation_details (id, evaluation_id, question_id, score, comment) VALUES (986, 90, 7, 4, NULL);
INSERT INTO evaluation_details (id, evaluation_id, question_id, score, comment) VALUES (987, 90, 8, 3, NULL);
INSERT INTO evaluation_details (id, evaluation_id, question_id, score, comment) VALUES (988, 90, 9, 3, NULL);
INSERT INTO evaluation_details (id, evaluation_id, question_id, score, comment) VALUES (989, 90, 10, 3, NULL);
INSERT INTO evaluation_details (id, evaluation_id, question_id, score, comment) VALUES (990, 90, 11, NULL, 'Me gustaría que hiciera sesiones de pair programming.');
INSERT INTO evaluations (id, evaluatee_id, form_id, period_id, is_anonymous, status, submitted_at, created_at) VALUES (91, 4, 1, 2, TRUE, 'submitted', '2026-07-21 12:00:00', '2026-07-21 12:05:00');
INSERT INTO evaluation_submissions (id, evaluator_id, evaluatee_id, period_id, evaluation_id, created_at) VALUES (91, 44, 4, 2, 91, '2026-07-21 12:00:00');
INSERT INTO evaluation_details (id, evaluation_id, question_id, score, comment) VALUES (991, 91, 1, 3, NULL);
INSERT INTO evaluation_details (id, evaluation_id, question_id, score, comment) VALUES (992, 91, 2, 4, NULL);
INSERT INTO evaluation_details (id, evaluation_id, question_id, score, comment) VALUES (993, 91, 3, 3, NULL);
INSERT INTO evaluation_details (id, evaluation_id, question_id, score, comment) VALUES (994, 91, 4, 3, NULL);
INSERT INTO evaluation_details (id, evaluation_id, question_id, score, comment) VALUES (995, 91, 5, 4, NULL);
INSERT INTO evaluation_details (id, evaluation_id, question_id, score, comment) VALUES (996, 91, 6, 4, NULL);
INSERT INTO evaluation_details (id, evaluation_id, question_id, score, comment) VALUES (997, 91, 7, 4, NULL);
INSERT INTO evaluation_details (id, evaluation_id, question_id, score, comment) VALUES (998, 91, 8, 4, NULL);
INSERT INTO evaluation_details (id, evaluation_id, question_id, score, comment) VALUES (999, 91, 9, 4, NULL);
INSERT INTO evaluation_details (id, evaluation_id, question_id, score, comment) VALUES (1000, 91, 10, 5, NULL);
INSERT INTO evaluation_details (id, evaluation_id, question_id, score, comment) VALUES (1001, 91, 11, NULL, 'Me gustaría que hiciera sesiones de pair programming.');
INSERT INTO evaluations (id, evaluatee_id, form_id, period_id, is_anonymous, status, submitted_at, created_at) VALUES (92, 4, 1, 3, TRUE, 'submitted', '2026-07-21 12:00:00', '2026-07-21 12:05:00');
INSERT INTO evaluation_submissions (id, evaluator_id, evaluatee_id, period_id, evaluation_id, created_at) VALUES (92, 41, 4, 3, 92, '2026-07-21 12:00:00');
INSERT INTO evaluation_details (id, evaluation_id, question_id, score, comment) VALUES (1002, 92, 1, 4, NULL);
INSERT INTO evaluation_details (id, evaluation_id, question_id, score, comment) VALUES (1003, 92, 2, 4, NULL);
INSERT INTO evaluation_details (id, evaluation_id, question_id, score, comment) VALUES (1004, 92, 3, 4, NULL);
INSERT INTO evaluation_details (id, evaluation_id, question_id, score, comment) VALUES (1005, 92, 4, 4, NULL);
INSERT INTO evaluation_details (id, evaluation_id, question_id, score, comment) VALUES (1006, 92, 5, 4, NULL);
INSERT INTO evaluation_details (id, evaluation_id, question_id, score, comment) VALUES (1007, 92, 6, 4, NULL);
INSERT INTO evaluation_details (id, evaluation_id, question_id, score, comment) VALUES (1008, 92, 7, 4, NULL);
INSERT INTO evaluation_details (id, evaluation_id, question_id, score, comment) VALUES (1009, 92, 8, 4, NULL);
INSERT INTO evaluation_details (id, evaluation_id, question_id, score, comment) VALUES (1010, 92, 9, 4, NULL);
INSERT INTO evaluation_details (id, evaluation_id, question_id, score, comment) VALUES (1011, 92, 10, 4, NULL);
INSERT INTO evaluation_details (id, evaluation_id, question_id, score, comment) VALUES (1012, 92, 11, NULL, 'Nos ayuda a resolver problemas rápidamente.');
INSERT INTO evaluations (id, evaluatee_id, form_id, period_id, is_anonymous, status, submitted_at, created_at) VALUES (93, 4, 1, 3, FALSE, 'submitted', '2026-07-21 12:00:00', '2026-07-21 12:05:00');
INSERT INTO evaluation_submissions (id, evaluator_id, evaluatee_id, period_id, evaluation_id, created_at) VALUES (93, 24, 4, 3, 93, '2026-07-21 12:00:00');
INSERT INTO evaluation_details (id, evaluation_id, question_id, score, comment) VALUES (1013, 93, 1, 4, NULL);
INSERT INTO evaluation_details (id, evaluation_id, question_id, score, comment) VALUES (1014, 93, 2, 3, NULL);
INSERT INTO evaluation_details (id, evaluation_id, question_id, score, comment) VALUES (1015, 93, 3, 3, NULL);
INSERT INTO evaluation_details (id, evaluation_id, question_id, score, comment) VALUES (1016, 93, 4, 4, NULL);
INSERT INTO evaluation_details (id, evaluation_id, question_id, score, comment) VALUES (1017, 93, 5, 4, NULL);
INSERT INTO evaluation_details (id, evaluation_id, question_id, score, comment) VALUES (1018, 93, 6, 3, NULL);
INSERT INTO evaluation_details (id, evaluation_id, question_id, score, comment) VALUES (1019, 93, 7, 4, NULL);
INSERT INTO evaluation_details (id, evaluation_id, question_id, score, comment) VALUES (1020, 93, 8, 5, NULL);
INSERT INTO evaluation_details (id, evaluation_id, question_id, score, comment) VALUES (1021, 93, 9, 3, NULL);
INSERT INTO evaluation_details (id, evaluation_id, question_id, score, comment) VALUES (1022, 93, 10, 4, NULL);
INSERT INTO evaluation_details (id, evaluation_id, question_id, score, comment) VALUES (1023, 93, 11, NULL, 'En el módulo actual fue un gran apoyo, muy enfocado.');
INSERT INTO evaluations (id, evaluatee_id, form_id, period_id, is_anonymous, status, submitted_at, created_at) VALUES (94, 4, 1, 3, TRUE, 'submitted', '2026-07-21 12:00:00', '2026-07-21 12:05:00');
INSERT INTO evaluation_submissions (id, evaluator_id, evaluatee_id, period_id, evaluation_id, created_at) VALUES (94, 14, 4, 3, 94, '2026-07-21 12:00:00');
INSERT INTO evaluation_details (id, evaluation_id, question_id, score, comment) VALUES (1024, 94, 1, 4, NULL);
INSERT INTO evaluation_details (id, evaluation_id, question_id, score, comment) VALUES (1025, 94, 2, 4, NULL);
INSERT INTO evaluation_details (id, evaluation_id, question_id, score, comment) VALUES (1026, 94, 3, 5, NULL);
INSERT INTO evaluation_details (id, evaluation_id, question_id, score, comment) VALUES (1027, 94, 4, 4, NULL);
INSERT INTO evaluation_details (id, evaluation_id, question_id, score, comment) VALUES (1028, 94, 5, 4, NULL);
INSERT INTO evaluation_details (id, evaluation_id, question_id, score, comment) VALUES (1029, 94, 6, 4, NULL);
INSERT INTO evaluation_details (id, evaluation_id, question_id, score, comment) VALUES (1030, 94, 7, 4, NULL);
INSERT INTO evaluation_details (id, evaluation_id, question_id, score, comment) VALUES (1031, 94, 8, 4, NULL);
INSERT INTO evaluation_details (id, evaluation_id, question_id, score, comment) VALUES (1032, 94, 9, 5, NULL);
INSERT INTO evaluation_details (id, evaluation_id, question_id, score, comment) VALUES (1033, 94, 10, 5, NULL);
INSERT INTO evaluation_details (id, evaluation_id, question_id, score, comment) VALUES (1034, 94, 11, NULL, 'Me gustaría que hiciera sesiones de pair programming.');
INSERT INTO evaluations (id, evaluatee_id, form_id, period_id, is_anonymous, status, submitted_at, created_at) VALUES (95, 4, 1, 3, TRUE, 'submitted', '2026-07-21 12:00:00', '2026-07-21 12:05:00');
INSERT INTO evaluation_submissions (id, evaluator_id, evaluatee_id, period_id, evaluation_id, created_at) VALUES (95, 19, 4, 3, 95, '2026-07-21 12:00:00');
INSERT INTO evaluation_details (id, evaluation_id, question_id, score, comment) VALUES (1035, 95, 1, 4, NULL);
INSERT INTO evaluation_details (id, evaluation_id, question_id, score, comment) VALUES (1036, 95, 2, 4, NULL);
INSERT INTO evaluation_details (id, evaluation_id, question_id, score, comment) VALUES (1037, 95, 3, 5, NULL);
INSERT INTO evaluation_details (id, evaluation_id, question_id, score, comment) VALUES (1038, 95, 4, 3, NULL);
INSERT INTO evaluation_details (id, evaluation_id, question_id, score, comment) VALUES (1039, 95, 5, 5, NULL);
INSERT INTO evaluation_details (id, evaluation_id, question_id, score, comment) VALUES (1040, 95, 6, 3, NULL);
INSERT INTO evaluation_details (id, evaluation_id, question_id, score, comment) VALUES (1041, 95, 7, 3, NULL);
INSERT INTO evaluation_details (id, evaluation_id, question_id, score, comment) VALUES (1042, 95, 8, 4, NULL);
INSERT INTO evaluation_details (id, evaluation_id, question_id, score, comment) VALUES (1043, 95, 9, 4, NULL);
INSERT INTO evaluation_details (id, evaluation_id, question_id, score, comment) VALUES (1044, 95, 10, 4, NULL);
INSERT INTO evaluation_details (id, evaluation_id, question_id, score, comment) VALUES (1045, 95, 11, NULL, 'Debería dar más feedback en los PRs.');
INSERT INTO evaluations (id, evaluatee_id, form_id, period_id, is_anonymous, status, submitted_at, created_at) VALUES (96, 4, 1, 3, FALSE, 'submitted', '2026-07-21 12:00:00', '2026-07-21 12:05:00');
INSERT INTO evaluation_submissions (id, evaluator_id, evaluatee_id, period_id, evaluation_id, created_at) VALUES (96, 20, 4, 3, 96, '2026-07-21 12:00:00');
INSERT INTO evaluation_details (id, evaluation_id, question_id, score, comment) VALUES (1046, 96, 1, 3, NULL);
INSERT INTO evaluation_details (id, evaluation_id, question_id, score, comment) VALUES (1047, 96, 2, 4, NULL);
INSERT INTO evaluation_details (id, evaluation_id, question_id, score, comment) VALUES (1048, 96, 3, 5, NULL);
INSERT INTO evaluation_details (id, evaluation_id, question_id, score, comment) VALUES (1049, 96, 4, 4, NULL);
INSERT INTO evaluation_details (id, evaluation_id, question_id, score, comment) VALUES (1050, 96, 5, 4, NULL);
INSERT INTO evaluation_details (id, evaluation_id, question_id, score, comment) VALUES (1051, 96, 6, 4, NULL);
INSERT INTO evaluation_details (id, evaluation_id, question_id, score, comment) VALUES (1052, 96, 7, 4, NULL);
INSERT INTO evaluation_details (id, evaluation_id, question_id, score, comment) VALUES (1053, 96, 8, 3, NULL);
INSERT INTO evaluation_details (id, evaluation_id, question_id, score, comment) VALUES (1054, 96, 9, 3, NULL);
INSERT INTO evaluation_details (id, evaluation_id, question_id, score, comment) VALUES (1055, 96, 10, 5, NULL);
INSERT INTO evaluation_details (id, evaluation_id, question_id, score, comment) VALUES (1056, 96, 11, NULL, 'Me gustaría que hiciera sesiones de pair programming.');
INSERT INTO evaluations (id, evaluatee_id, form_id, period_id, is_anonymous, status, submitted_at, created_at) VALUES (97, 4, 1, 3, FALSE, 'submitted', '2026-07-21 12:00:00', '2026-07-21 12:05:00');
INSERT INTO evaluation_submissions (id, evaluator_id, evaluatee_id, period_id, evaluation_id, created_at) VALUES (97, 32, 4, 3, 97, '2026-07-21 12:00:00');
INSERT INTO evaluation_details (id, evaluation_id, question_id, score, comment) VALUES (1057, 97, 1, 3, NULL);
INSERT INTO evaluation_details (id, evaluation_id, question_id, score, comment) VALUES (1058, 97, 2, 5, NULL);
INSERT INTO evaluation_details (id, evaluation_id, question_id, score, comment) VALUES (1059, 97, 3, 4, NULL);
INSERT INTO evaluation_details (id, evaluation_id, question_id, score, comment) VALUES (1060, 97, 4, 4, NULL);
INSERT INTO evaluation_details (id, evaluation_id, question_id, score, comment) VALUES (1061, 97, 5, 4, NULL);
INSERT INTO evaluation_details (id, evaluation_id, question_id, score, comment) VALUES (1062, 97, 6, 4, NULL);
INSERT INTO evaluation_details (id, evaluation_id, question_id, score, comment) VALUES (1063, 97, 7, 4, NULL);
INSERT INTO evaluation_details (id, evaluation_id, question_id, score, comment) VALUES (1064, 97, 8, 5, NULL);
INSERT INTO evaluation_details (id, evaluation_id, question_id, score, comment) VALUES (1065, 97, 9, 4, NULL);
INSERT INTO evaluation_details (id, evaluation_id, question_id, score, comment) VALUES (1066, 97, 10, 4, NULL);
INSERT INTO evaluation_details (id, evaluation_id, question_id, score, comment) VALUES (1067, 97, 11, NULL, 'En el módulo actual fue un gran apoyo, muy enfocado.');
INSERT INTO evaluations (id, evaluatee_id, form_id, period_id, is_anonymous, status, submitted_at, created_at) VALUES (98, 4, 1, 3, FALSE, 'submitted', '2026-07-21 12:00:00', '2026-07-21 12:05:00');
INSERT INTO evaluation_submissions (id, evaluator_id, evaluatee_id, period_id, evaluation_id, created_at) VALUES (98, 21, 4, 3, 98, '2026-07-21 12:00:00');
INSERT INTO evaluation_details (id, evaluation_id, question_id, score, comment) VALUES (1068, 98, 1, 4, NULL);
INSERT INTO evaluation_details (id, evaluation_id, question_id, score, comment) VALUES (1069, 98, 2, 5, NULL);
INSERT INTO evaluation_details (id, evaluation_id, question_id, score, comment) VALUES (1070, 98, 3, 5, NULL);
INSERT INTO evaluation_details (id, evaluation_id, question_id, score, comment) VALUES (1071, 98, 4, 4, NULL);
INSERT INTO evaluation_details (id, evaluation_id, question_id, score, comment) VALUES (1072, 98, 5, 5, NULL);
INSERT INTO evaluation_details (id, evaluation_id, question_id, score, comment) VALUES (1073, 98, 6, 5, NULL);
INSERT INTO evaluation_details (id, evaluation_id, question_id, score, comment) VALUES (1074, 98, 7, 4, NULL);
INSERT INTO evaluation_details (id, evaluation_id, question_id, score, comment) VALUES (1075, 98, 8, 4, NULL);
INSERT INTO evaluation_details (id, evaluation_id, question_id, score, comment) VALUES (1076, 98, 9, 4, NULL);
INSERT INTO evaluation_details (id, evaluation_id, question_id, score, comment) VALUES (1077, 98, 10, 5, NULL);
INSERT INTO evaluation_details (id, evaluation_id, question_id, score, comment) VALUES (1078, 98, 11, NULL, 'Debería dar más feedback en los PRs.');
INSERT INTO evaluations (id, evaluatee_id, form_id, period_id, is_anonymous, status, submitted_at, created_at) VALUES (99, 4, 1, 3, FALSE, 'submitted', '2026-07-21 12:00:00', '2026-07-21 12:05:00');
INSERT INTO evaluation_submissions (id, evaluator_id, evaluatee_id, period_id, evaluation_id, created_at) VALUES (99, 17, 4, 3, 99, '2026-07-21 12:00:00');
INSERT INTO evaluation_details (id, evaluation_id, question_id, score, comment) VALUES (1079, 99, 1, 4, NULL);
INSERT INTO evaluation_details (id, evaluation_id, question_id, score, comment) VALUES (1080, 99, 2, 4, NULL);
INSERT INTO evaluation_details (id, evaluation_id, question_id, score, comment) VALUES (1081, 99, 3, 4, NULL);
INSERT INTO evaluation_details (id, evaluation_id, question_id, score, comment) VALUES (1082, 99, 4, 5, NULL);
INSERT INTO evaluation_details (id, evaluation_id, question_id, score, comment) VALUES (1083, 99, 5, 4, NULL);
INSERT INTO evaluation_details (id, evaluation_id, question_id, score, comment) VALUES (1084, 99, 6, 4, NULL);
INSERT INTO evaluation_details (id, evaluation_id, question_id, score, comment) VALUES (1085, 99, 7, 4, NULL);
INSERT INTO evaluation_details (id, evaluation_id, question_id, score, comment) VALUES (1086, 99, 8, 5, NULL);
INSERT INTO evaluation_details (id, evaluation_id, question_id, score, comment) VALUES (1087, 99, 9, 4, NULL);
INSERT INTO evaluation_details (id, evaluation_id, question_id, score, comment) VALUES (1088, 99, 10, 4, NULL);
INSERT INTO evaluation_details (id, evaluation_id, question_id, score, comment) VALUES (1089, 99, 11, NULL, 'Nos ayuda a resolver problemas rápidamente.');
INSERT INTO evaluations (id, evaluatee_id, form_id, period_id, is_anonymous, status, submitted_at, created_at) VALUES (100, 4, 1, 3, FALSE, 'submitted', '2026-07-21 12:00:00', '2026-07-21 12:05:00');
INSERT INTO evaluation_submissions (id, evaluator_id, evaluatee_id, period_id, evaluation_id, created_at) VALUES (100, 36, 4, 3, 100, '2026-07-21 12:00:00');
INSERT INTO evaluation_details (id, evaluation_id, question_id, score, comment) VALUES (1090, 100, 1, 4, NULL);
INSERT INTO evaluation_details (id, evaluation_id, question_id, score, comment) VALUES (1091, 100, 2, 3, NULL);
INSERT INTO evaluation_details (id, evaluation_id, question_id, score, comment) VALUES (1092, 100, 3, 4, NULL);
INSERT INTO evaluation_details (id, evaluation_id, question_id, score, comment) VALUES (1093, 100, 4, 4, NULL);
INSERT INTO evaluation_details (id, evaluation_id, question_id, score, comment) VALUES (1094, 100, 5, 3, NULL);
INSERT INTO evaluation_details (id, evaluation_id, question_id, score, comment) VALUES (1095, 100, 6, 5, NULL);
INSERT INTO evaluation_details (id, evaluation_id, question_id, score, comment) VALUES (1096, 100, 7, 4, NULL);
INSERT INTO evaluation_details (id, evaluation_id, question_id, score, comment) VALUES (1097, 100, 8, 4, NULL);
INSERT INTO evaluation_details (id, evaluation_id, question_id, score, comment) VALUES (1098, 100, 9, 3, NULL);
INSERT INTO evaluation_details (id, evaluation_id, question_id, score, comment) VALUES (1099, 100, 10, 3, NULL);
INSERT INTO evaluation_details (id, evaluation_id, question_id, score, comment) VALUES (1100, 100, 11, NULL, 'Debería dar más feedback en los PRs.');
INSERT INTO evaluations (id, evaluatee_id, form_id, period_id, is_anonymous, status, submitted_at, created_at) VALUES (101, 4, 1, 3, FALSE, 'submitted', '2026-07-21 12:00:00', '2026-07-21 12:05:00');
INSERT INTO evaluation_submissions (id, evaluator_id, evaluatee_id, period_id, evaluation_id, created_at) VALUES (101, 12, 4, 3, 101, '2026-07-21 12:00:00');
INSERT INTO evaluation_details (id, evaluation_id, question_id, score, comment) VALUES (1101, 101, 1, 4, NULL);
INSERT INTO evaluation_details (id, evaluation_id, question_id, score, comment) VALUES (1102, 101, 2, 4, NULL);
INSERT INTO evaluation_details (id, evaluation_id, question_id, score, comment) VALUES (1103, 101, 3, 3, NULL);
INSERT INTO evaluation_details (id, evaluation_id, question_id, score, comment) VALUES (1104, 101, 4, 4, NULL);
INSERT INTO evaluation_details (id, evaluation_id, question_id, score, comment) VALUES (1105, 101, 5, 4, NULL);
INSERT INTO evaluation_details (id, evaluation_id, question_id, score, comment) VALUES (1106, 101, 6, 4, NULL);
INSERT INTO evaluation_details (id, evaluation_id, question_id, score, comment) VALUES (1107, 101, 7, 4, NULL);
INSERT INTO evaluation_details (id, evaluation_id, question_id, score, comment) VALUES (1108, 101, 8, 4, NULL);
INSERT INTO evaluation_details (id, evaluation_id, question_id, score, comment) VALUES (1109, 101, 9, 4, NULL);
INSERT INTO evaluation_details (id, evaluation_id, question_id, score, comment) VALUES (1110, 101, 10, 4, NULL);
INSERT INTO evaluation_details (id, evaluation_id, question_id, score, comment) VALUES (1111, 101, 11, NULL, 'Nos ayuda a resolver problemas rápidamente.');
INSERT INTO evaluations (id, evaluatee_id, form_id, period_id, is_anonymous, status, submitted_at, created_at) VALUES (102, 4, 1, 3, TRUE, 'submitted', '2026-07-21 12:00:00', '2026-07-21 12:05:00');
INSERT INTO evaluation_submissions (id, evaluator_id, evaluatee_id, period_id, evaluation_id, created_at) VALUES (102, 33, 4, 3, 102, '2026-07-21 12:00:00');
INSERT INTO evaluation_details (id, evaluation_id, question_id, score, comment) VALUES (1112, 102, 1, 3, NULL);
INSERT INTO evaluation_details (id, evaluation_id, question_id, score, comment) VALUES (1113, 102, 2, 3, NULL);
INSERT INTO evaluation_details (id, evaluation_id, question_id, score, comment) VALUES (1114, 102, 3, 3, NULL);
INSERT INTO evaluation_details (id, evaluation_id, question_id, score, comment) VALUES (1115, 102, 4, 3, NULL);
INSERT INTO evaluation_details (id, evaluation_id, question_id, score, comment) VALUES (1116, 102, 5, 3, NULL);
INSERT INTO evaluation_details (id, evaluation_id, question_id, score, comment) VALUES (1117, 102, 6, 4, NULL);
INSERT INTO evaluation_details (id, evaluation_id, question_id, score, comment) VALUES (1118, 102, 7, 4, NULL);
INSERT INTO evaluation_details (id, evaluation_id, question_id, score, comment) VALUES (1119, 102, 8, 4, NULL);
INSERT INTO evaluation_details (id, evaluation_id, question_id, score, comment) VALUES (1120, 102, 9, 3, NULL);
INSERT INTO evaluation_details (id, evaluation_id, question_id, score, comment) VALUES (1121, 102, 10, 3, NULL);
INSERT INTO evaluation_details (id, evaluation_id, question_id, score, comment) VALUES (1122, 102, 11, NULL, 'Me gustaría que hiciera sesiones de pair programming.');
INSERT INTO evaluations (id, evaluatee_id, form_id, period_id, is_anonymous, status, submitted_at, created_at) VALUES (103, 4, 1, 4, FALSE, 'submitted', '2026-07-21 12:00:00', '2026-07-21 12:05:00');
INSERT INTO evaluation_submissions (id, evaluator_id, evaluatee_id, period_id, evaluation_id, created_at) VALUES (103, 20, 4, 4, 103, '2026-07-21 12:00:00');
INSERT INTO evaluation_details (id, evaluation_id, question_id, score, comment) VALUES (1123, 103, 1, 4, NULL);
INSERT INTO evaluation_details (id, evaluation_id, question_id, score, comment) VALUES (1124, 103, 2, 3, NULL);
INSERT INTO evaluation_details (id, evaluation_id, question_id, score, comment) VALUES (1125, 103, 3, 4, NULL);
INSERT INTO evaluation_details (id, evaluation_id, question_id, score, comment) VALUES (1126, 103, 4, 5, NULL);
INSERT INTO evaluation_details (id, evaluation_id, question_id, score, comment) VALUES (1127, 103, 5, 4, NULL);
INSERT INTO evaluation_details (id, evaluation_id, question_id, score, comment) VALUES (1128, 103, 6, 4, NULL);
INSERT INTO evaluation_details (id, evaluation_id, question_id, score, comment) VALUES (1129, 103, 7, 4, NULL);
INSERT INTO evaluation_details (id, evaluation_id, question_id, score, comment) VALUES (1130, 103, 8, 3, NULL);
INSERT INTO evaluation_details (id, evaluation_id, question_id, score, comment) VALUES (1131, 103, 9, 5, NULL);
INSERT INTO evaluation_details (id, evaluation_id, question_id, score, comment) VALUES (1132, 103, 10, 3, NULL);
INSERT INTO evaluation_details (id, evaluation_id, question_id, score, comment) VALUES (1133, 103, 11, NULL, 'Me gustaría que hiciera sesiones de pair programming.');
INSERT INTO evaluations (id, evaluatee_id, form_id, period_id, is_anonymous, status, submitted_at, created_at) VALUES (104, 4, 1, 4, FALSE, 'submitted', '2026-07-21 12:00:00', '2026-07-21 12:05:00');
INSERT INTO evaluation_submissions (id, evaluator_id, evaluatee_id, period_id, evaluation_id, created_at) VALUES (104, 21, 4, 4, 104, '2026-07-21 12:00:00');
INSERT INTO evaluation_details (id, evaluation_id, question_id, score, comment) VALUES (1134, 104, 1, 3, NULL);
INSERT INTO evaluation_details (id, evaluation_id, question_id, score, comment) VALUES (1135, 104, 2, 3, NULL);
INSERT INTO evaluation_details (id, evaluation_id, question_id, score, comment) VALUES (1136, 104, 3, 4, NULL);
INSERT INTO evaluation_details (id, evaluation_id, question_id, score, comment) VALUES (1137, 104, 4, 3, NULL);
INSERT INTO evaluation_details (id, evaluation_id, question_id, score, comment) VALUES (1138, 104, 5, 4, NULL);
INSERT INTO evaluation_details (id, evaluation_id, question_id, score, comment) VALUES (1139, 104, 6, 4, NULL);
INSERT INTO evaluation_details (id, evaluation_id, question_id, score, comment) VALUES (1140, 104, 7, 4, NULL);
INSERT INTO evaluation_details (id, evaluation_id, question_id, score, comment) VALUES (1141, 104, 8, 4, NULL);
INSERT INTO evaluation_details (id, evaluation_id, question_id, score, comment) VALUES (1142, 104, 9, 4, NULL);
INSERT INTO evaluation_details (id, evaluation_id, question_id, score, comment) VALUES (1143, 104, 10, 4, NULL);
INSERT INTO evaluation_details (id, evaluation_id, question_id, score, comment) VALUES (1144, 104, 11, NULL, 'Me gustaría que hiciera sesiones de pair programming.');
INSERT INTO evaluations (id, evaluatee_id, form_id, period_id, is_anonymous, status, submitted_at, created_at) VALUES (105, 4, 1, 4, TRUE, 'submitted', '2026-07-21 12:00:00', '2026-07-21 12:05:00');
INSERT INTO evaluation_submissions (id, evaluator_id, evaluatee_id, period_id, evaluation_id, created_at) VALUES (105, 26, 4, 4, 105, '2026-07-21 12:00:00');
INSERT INTO evaluation_details (id, evaluation_id, question_id, score, comment) VALUES (1145, 105, 1, 4, NULL);
INSERT INTO evaluation_details (id, evaluation_id, question_id, score, comment) VALUES (1146, 105, 2, 5, NULL);
INSERT INTO evaluation_details (id, evaluation_id, question_id, score, comment) VALUES (1147, 105, 3, 4, NULL);
INSERT INTO evaluation_details (id, evaluation_id, question_id, score, comment) VALUES (1148, 105, 4, 4, NULL);
INSERT INTO evaluation_details (id, evaluation_id, question_id, score, comment) VALUES (1149, 105, 5, 4, NULL);
INSERT INTO evaluation_details (id, evaluation_id, question_id, score, comment) VALUES (1150, 105, 6, 4, NULL);
INSERT INTO evaluation_details (id, evaluation_id, question_id, score, comment) VALUES (1151, 105, 7, 4, NULL);
INSERT INTO evaluation_details (id, evaluation_id, question_id, score, comment) VALUES (1152, 105, 8, 4, NULL);
INSERT INTO evaluation_details (id, evaluation_id, question_id, score, comment) VALUES (1153, 105, 9, 4, NULL);
INSERT INTO evaluation_details (id, evaluation_id, question_id, score, comment) VALUES (1154, 105, 10, 4, NULL);
INSERT INTO evaluation_details (id, evaluation_id, question_id, score, comment) VALUES (1155, 105, 11, NULL, 'Excelente disposición.');
INSERT INTO evaluations (id, evaluatee_id, form_id, period_id, is_anonymous, status, submitted_at, created_at) VALUES (106, 4, 1, 4, FALSE, 'submitted', '2026-07-21 12:00:00', '2026-07-21 12:05:00');
INSERT INTO evaluation_submissions (id, evaluator_id, evaluatee_id, period_id, evaluation_id, created_at) VALUES (106, 15, 4, 4, 106, '2026-07-21 12:00:00');
INSERT INTO evaluation_details (id, evaluation_id, question_id, score, comment) VALUES (1156, 106, 1, 4, NULL);
INSERT INTO evaluation_details (id, evaluation_id, question_id, score, comment) VALUES (1157, 106, 2, 3, NULL);
INSERT INTO evaluation_details (id, evaluation_id, question_id, score, comment) VALUES (1158, 106, 3, 4, NULL);
INSERT INTO evaluation_details (id, evaluation_id, question_id, score, comment) VALUES (1159, 106, 4, 4, NULL);
INSERT INTO evaluation_details (id, evaluation_id, question_id, score, comment) VALUES (1160, 106, 5, 5, NULL);
INSERT INTO evaluation_details (id, evaluation_id, question_id, score, comment) VALUES (1161, 106, 6, 3, NULL);
INSERT INTO evaluation_details (id, evaluation_id, question_id, score, comment) VALUES (1162, 106, 7, 4, NULL);
INSERT INTO evaluation_details (id, evaluation_id, question_id, score, comment) VALUES (1163, 106, 8, 3, NULL);
INSERT INTO evaluation_details (id, evaluation_id, question_id, score, comment) VALUES (1164, 106, 9, 3, NULL);
INSERT INTO evaluation_details (id, evaluation_id, question_id, score, comment) VALUES (1165, 106, 10, 4, NULL);
INSERT INTO evaluation_details (id, evaluation_id, question_id, score, comment) VALUES (1166, 106, 11, NULL, 'Muy buen líder, siempre apoya al equipo.');
INSERT INTO evaluations (id, evaluatee_id, form_id, period_id, is_anonymous, status, submitted_at, created_at) VALUES (107, 4, 1, 4, FALSE, 'submitted', '2026-07-21 12:00:00', '2026-07-21 12:05:00');
INSERT INTO evaluation_submissions (id, evaluator_id, evaluatee_id, period_id, evaluation_id, created_at) VALUES (107, 40, 4, 4, 107, '2026-07-21 12:00:00');
INSERT INTO evaluation_details (id, evaluation_id, question_id, score, comment) VALUES (1167, 107, 1, 4, NULL);
INSERT INTO evaluation_details (id, evaluation_id, question_id, score, comment) VALUES (1168, 107, 2, 5, NULL);
INSERT INTO evaluation_details (id, evaluation_id, question_id, score, comment) VALUES (1169, 107, 3, 3, NULL);
INSERT INTO evaluation_details (id, evaluation_id, question_id, score, comment) VALUES (1170, 107, 4, 3, NULL);
INSERT INTO evaluation_details (id, evaluation_id, question_id, score, comment) VALUES (1171, 107, 5, 4, NULL);
INSERT INTO evaluation_details (id, evaluation_id, question_id, score, comment) VALUES (1172, 107, 6, 5, NULL);
INSERT INTO evaluation_details (id, evaluation_id, question_id, score, comment) VALUES (1173, 107, 7, 4, NULL);
INSERT INTO evaluation_details (id, evaluation_id, question_id, score, comment) VALUES (1174, 107, 8, 4, NULL);
INSERT INTO evaluation_details (id, evaluation_id, question_id, score, comment) VALUES (1175, 107, 9, 4, NULL);
INSERT INTO evaluation_details (id, evaluation_id, question_id, score, comment) VALUES (1176, 107, 10, 4, NULL);
INSERT INTO evaluation_details (id, evaluation_id, question_id, score, comment) VALUES (1177, 107, 11, NULL, 'Muy buen líder, siempre apoya al equipo.');
INSERT INTO evaluations (id, evaluatee_id, form_id, period_id, is_anonymous, status, submitted_at, created_at) VALUES (108, 4, 1, 4, TRUE, 'submitted', '2026-07-21 12:00:00', '2026-07-21 12:05:00');
INSERT INTO evaluation_submissions (id, evaluator_id, evaluatee_id, period_id, evaluation_id, created_at) VALUES (108, 22, 4, 4, 108, '2026-07-21 12:00:00');
INSERT INTO evaluation_details (id, evaluation_id, question_id, score, comment) VALUES (1178, 108, 1, 4, NULL);
INSERT INTO evaluation_details (id, evaluation_id, question_id, score, comment) VALUES (1179, 108, 2, 4, NULL);
INSERT INTO evaluation_details (id, evaluation_id, question_id, score, comment) VALUES (1180, 108, 3, 5, NULL);
INSERT INTO evaluation_details (id, evaluation_id, question_id, score, comment) VALUES (1181, 108, 4, 4, NULL);
INSERT INTO evaluation_details (id, evaluation_id, question_id, score, comment) VALUES (1182, 108, 5, 4, NULL);
INSERT INTO evaluation_details (id, evaluation_id, question_id, score, comment) VALUES (1183, 108, 6, 5, NULL);
INSERT INTO evaluation_details (id, evaluation_id, question_id, score, comment) VALUES (1184, 108, 7, 5, NULL);
INSERT INTO evaluation_details (id, evaluation_id, question_id, score, comment) VALUES (1185, 108, 8, 4, NULL);
INSERT INTO evaluation_details (id, evaluation_id, question_id, score, comment) VALUES (1186, 108, 9, 3, NULL);
INSERT INTO evaluation_details (id, evaluation_id, question_id, score, comment) VALUES (1187, 108, 10, 4, NULL);
INSERT INTO evaluation_details (id, evaluation_id, question_id, score, comment) VALUES (1188, 108, 11, NULL, 'En el módulo actual fue un gran apoyo, muy enfocado.');
INSERT INTO evaluations (id, evaluatee_id, form_id, period_id, is_anonymous, status, submitted_at, created_at) VALUES (109, 4, 1, 4, FALSE, 'submitted', '2026-07-21 12:00:00', '2026-07-21 12:05:00');
INSERT INTO evaluation_submissions (id, evaluator_id, evaluatee_id, period_id, evaluation_id, created_at) VALUES (109, 39, 4, 4, 109, '2026-07-21 12:00:00');
INSERT INTO evaluation_details (id, evaluation_id, question_id, score, comment) VALUES (1189, 109, 1, 5, NULL);
INSERT INTO evaluation_details (id, evaluation_id, question_id, score, comment) VALUES (1190, 109, 2, 4, NULL);
INSERT INTO evaluation_details (id, evaluation_id, question_id, score, comment) VALUES (1191, 109, 3, 3, NULL);
INSERT INTO evaluation_details (id, evaluation_id, question_id, score, comment) VALUES (1192, 109, 4, 3, NULL);
INSERT INTO evaluation_details (id, evaluation_id, question_id, score, comment) VALUES (1193, 109, 5, 3, NULL);
INSERT INTO evaluation_details (id, evaluation_id, question_id, score, comment) VALUES (1194, 109, 6, 4, NULL);
INSERT INTO evaluation_details (id, evaluation_id, question_id, score, comment) VALUES (1195, 109, 7, 4, NULL);
INSERT INTO evaluation_details (id, evaluation_id, question_id, score, comment) VALUES (1196, 109, 8, 4, NULL);
INSERT INTO evaluation_details (id, evaluation_id, question_id, score, comment) VALUES (1197, 109, 9, 4, NULL);
INSERT INTO evaluation_details (id, evaluation_id, question_id, score, comment) VALUES (1198, 109, 10, 3, NULL);
INSERT INTO evaluation_details (id, evaluation_id, question_id, score, comment) VALUES (1199, 109, 11, NULL, 'Muy buen líder, siempre apoya al equipo.');
INSERT INTO evaluations (id, evaluatee_id, form_id, period_id, is_anonymous, status, submitted_at, created_at) VALUES (110, 4, 1, 4, TRUE, 'submitted', '2026-07-21 12:00:00', '2026-07-21 12:05:00');
INSERT INTO evaluation_submissions (id, evaluator_id, evaluatee_id, period_id, evaluation_id, created_at) VALUES (110, 41, 4, 4, 110, '2026-07-21 12:00:00');
INSERT INTO evaluation_details (id, evaluation_id, question_id, score, comment) VALUES (1200, 110, 1, 5, NULL);
INSERT INTO evaluation_details (id, evaluation_id, question_id, score, comment) VALUES (1201, 110, 2, 4, NULL);
INSERT INTO evaluation_details (id, evaluation_id, question_id, score, comment) VALUES (1202, 110, 3, 3, NULL);
INSERT INTO evaluation_details (id, evaluation_id, question_id, score, comment) VALUES (1203, 110, 4, 3, NULL);
INSERT INTO evaluation_details (id, evaluation_id, question_id, score, comment) VALUES (1204, 110, 5, 4, NULL);
INSERT INTO evaluation_details (id, evaluation_id, question_id, score, comment) VALUES (1205, 110, 6, 4, NULL);
INSERT INTO evaluation_details (id, evaluation_id, question_id, score, comment) VALUES (1206, 110, 7, 3, NULL);
INSERT INTO evaluation_details (id, evaluation_id, question_id, score, comment) VALUES (1207, 110, 8, 4, NULL);
INSERT INTO evaluation_details (id, evaluation_id, question_id, score, comment) VALUES (1208, 110, 9, 4, NULL);
INSERT INTO evaluation_details (id, evaluation_id, question_id, score, comment) VALUES (1209, 110, 10, 4, NULL);
INSERT INTO evaluation_details (id, evaluation_id, question_id, score, comment) VALUES (1210, 110, 11, NULL, 'Me gustaría que hiciera sesiones de pair programming.');
INSERT INTO evaluations (id, evaluatee_id, form_id, period_id, is_anonymous, status, submitted_at, created_at) VALUES (111, 4, 1, 4, TRUE, 'submitted', '2026-07-21 12:00:00', '2026-07-21 12:05:00');
INSERT INTO evaluation_submissions (id, evaluator_id, evaluatee_id, period_id, evaluation_id, created_at) VALUES (111, 38, 4, 4, 111, '2026-07-21 12:00:00');
INSERT INTO evaluation_details (id, evaluation_id, question_id, score, comment) VALUES (1211, 111, 1, 3, NULL);
INSERT INTO evaluation_details (id, evaluation_id, question_id, score, comment) VALUES (1212, 111, 2, 4, NULL);
INSERT INTO evaluation_details (id, evaluation_id, question_id, score, comment) VALUES (1213, 111, 3, 4, NULL);
INSERT INTO evaluation_details (id, evaluation_id, question_id, score, comment) VALUES (1214, 111, 4, 3, NULL);
INSERT INTO evaluation_details (id, evaluation_id, question_id, score, comment) VALUES (1215, 111, 5, 4, NULL);
INSERT INTO evaluation_details (id, evaluation_id, question_id, score, comment) VALUES (1216, 111, 6, 3, NULL);
INSERT INTO evaluation_details (id, evaluation_id, question_id, score, comment) VALUES (1217, 111, 7, 4, NULL);
INSERT INTO evaluation_details (id, evaluation_id, question_id, score, comment) VALUES (1218, 111, 8, 4, NULL);
INSERT INTO evaluation_details (id, evaluation_id, question_id, score, comment) VALUES (1219, 111, 9, 4, NULL);
INSERT INTO evaluation_details (id, evaluation_id, question_id, score, comment) VALUES (1220, 111, 10, 3, NULL);
INSERT INTO evaluation_details (id, evaluation_id, question_id, score, comment) VALUES (1221, 111, 11, NULL, 'Muy buen líder, siempre apoya al equipo.');
INSERT INTO evaluations (id, evaluatee_id, form_id, period_id, is_anonymous, status, submitted_at, created_at) VALUES (112, 46, 1, 1, FALSE, 'submitted', '2026-07-21 12:00:00', '2026-07-21 12:05:00');
INSERT INTO evaluation_submissions (id, evaluator_id, evaluatee_id, period_id, evaluation_id, created_at) VALUES (112, 40, 46, 1, 112, '2026-07-21 12:00:00');
INSERT INTO evaluation_details (id, evaluation_id, question_id, score, comment) VALUES (1222, 112, 1, 5, NULL);
INSERT INTO evaluation_details (id, evaluation_id, question_id, score, comment) VALUES (1223, 112, 2, 4, NULL);
INSERT INTO evaluation_details (id, evaluation_id, question_id, score, comment) VALUES (1224, 112, 3, 5, NULL);
INSERT INTO evaluation_details (id, evaluation_id, question_id, score, comment) VALUES (1225, 112, 4, 4, NULL);
INSERT INTO evaluation_details (id, evaluation_id, question_id, score, comment) VALUES (1226, 112, 5, 4, NULL);
INSERT INTO evaluation_details (id, evaluation_id, question_id, score, comment) VALUES (1227, 112, 6, 5, NULL);
INSERT INTO evaluation_details (id, evaluation_id, question_id, score, comment) VALUES (1228, 112, 7, 5, NULL);
INSERT INTO evaluation_details (id, evaluation_id, question_id, score, comment) VALUES (1229, 112, 8, 4, NULL);
INSERT INTO evaluation_details (id, evaluation_id, question_id, score, comment) VALUES (1230, 112, 9, 5, NULL);
INSERT INTO evaluation_details (id, evaluation_id, question_id, score, comment) VALUES (1231, 112, 10, 4, NULL);
INSERT INTO evaluation_details (id, evaluation_id, question_id, score, comment) VALUES (1232, 112, 11, NULL, 'Me gustaría que hiciera sesiones de pair programming.');
INSERT INTO evaluations (id, evaluatee_id, form_id, period_id, is_anonymous, status, submitted_at, created_at) VALUES (113, 46, 1, 1, TRUE, 'submitted', '2026-07-21 12:00:00', '2026-07-21 12:05:00');
INSERT INTO evaluation_submissions (id, evaluator_id, evaluatee_id, period_id, evaluation_id, created_at) VALUES (113, 37, 46, 1, 113, '2026-07-21 12:00:00');
INSERT INTO evaluation_details (id, evaluation_id, question_id, score, comment) VALUES (1233, 113, 1, 4, NULL);
INSERT INTO evaluation_details (id, evaluation_id, question_id, score, comment) VALUES (1234, 113, 2, 4, NULL);
INSERT INTO evaluation_details (id, evaluation_id, question_id, score, comment) VALUES (1235, 113, 3, 4, NULL);
INSERT INTO evaluation_details (id, evaluation_id, question_id, score, comment) VALUES (1236, 113, 4, 4, NULL);
INSERT INTO evaluation_details (id, evaluation_id, question_id, score, comment) VALUES (1237, 113, 5, 4, NULL);
INSERT INTO evaluation_details (id, evaluation_id, question_id, score, comment) VALUES (1238, 113, 6, 5, NULL);
INSERT INTO evaluation_details (id, evaluation_id, question_id, score, comment) VALUES (1239, 113, 7, 5, NULL);
INSERT INTO evaluation_details (id, evaluation_id, question_id, score, comment) VALUES (1240, 113, 8, 5, NULL);
INSERT INTO evaluation_details (id, evaluation_id, question_id, score, comment) VALUES (1241, 113, 9, 5, NULL);
INSERT INTO evaluation_details (id, evaluation_id, question_id, score, comment) VALUES (1242, 113, 10, 4, NULL);
INSERT INTO evaluation_details (id, evaluation_id, question_id, score, comment) VALUES (1243, 113, 11, NULL, 'Excelente disposición.');
INSERT INTO evaluations (id, evaluatee_id, form_id, period_id, is_anonymous, status, submitted_at, created_at) VALUES (114, 46, 1, 1, FALSE, 'submitted', '2026-07-21 12:00:00', '2026-07-21 12:05:00');
INSERT INTO evaluation_submissions (id, evaluator_id, evaluatee_id, period_id, evaluation_id, created_at) VALUES (114, 26, 46, 1, 114, '2026-07-21 12:00:00');
INSERT INTO evaluation_details (id, evaluation_id, question_id, score, comment) VALUES (1244, 114, 1, 3, NULL);
INSERT INTO evaluation_details (id, evaluation_id, question_id, score, comment) VALUES (1245, 114, 2, 4, NULL);
INSERT INTO evaluation_details (id, evaluation_id, question_id, score, comment) VALUES (1246, 114, 3, 3, NULL);
INSERT INTO evaluation_details (id, evaluation_id, question_id, score, comment) VALUES (1247, 114, 4, 4, NULL);
INSERT INTO evaluation_details (id, evaluation_id, question_id, score, comment) VALUES (1248, 114, 5, 3, NULL);
INSERT INTO evaluation_details (id, evaluation_id, question_id, score, comment) VALUES (1249, 114, 6, 4, NULL);
INSERT INTO evaluation_details (id, evaluation_id, question_id, score, comment) VALUES (1250, 114, 7, 3, NULL);
INSERT INTO evaluation_details (id, evaluation_id, question_id, score, comment) VALUES (1251, 114, 8, 4, NULL);
INSERT INTO evaluation_details (id, evaluation_id, question_id, score, comment) VALUES (1252, 114, 9, 4, NULL);
INSERT INTO evaluation_details (id, evaluation_id, question_id, score, comment) VALUES (1253, 114, 10, 4, NULL);
INSERT INTO evaluation_details (id, evaluation_id, question_id, score, comment) VALUES (1254, 114, 11, NULL, 'Muy buen líder, siempre apoya al equipo.');
INSERT INTO evaluations (id, evaluatee_id, form_id, period_id, is_anonymous, status, submitted_at, created_at) VALUES (115, 46, 1, 1, TRUE, 'submitted', '2026-07-21 12:00:00', '2026-07-21 12:05:00');
INSERT INTO evaluation_submissions (id, evaluator_id, evaluatee_id, period_id, evaluation_id, created_at) VALUES (115, 13, 46, 1, 115, '2026-07-21 12:00:00');
INSERT INTO evaluation_details (id, evaluation_id, question_id, score, comment) VALUES (1255, 115, 1, 3, NULL);
INSERT INTO evaluation_details (id, evaluation_id, question_id, score, comment) VALUES (1256, 115, 2, 3, NULL);
INSERT INTO evaluation_details (id, evaluation_id, question_id, score, comment) VALUES (1257, 115, 3, 4, NULL);
INSERT INTO evaluation_details (id, evaluation_id, question_id, score, comment) VALUES (1258, 115, 4, 3, NULL);
INSERT INTO evaluation_details (id, evaluation_id, question_id, score, comment) VALUES (1259, 115, 5, 3, NULL);
INSERT INTO evaluation_details (id, evaluation_id, question_id, score, comment) VALUES (1260, 115, 6, 5, NULL);
INSERT INTO evaluation_details (id, evaluation_id, question_id, score, comment) VALUES (1261, 115, 7, 4, NULL);
INSERT INTO evaluation_details (id, evaluation_id, question_id, score, comment) VALUES (1262, 115, 8, 4, NULL);
INSERT INTO evaluation_details (id, evaluation_id, question_id, score, comment) VALUES (1263, 115, 9, 4, NULL);
INSERT INTO evaluation_details (id, evaluation_id, question_id, score, comment) VALUES (1264, 115, 10, 3, NULL);
INSERT INTO evaluation_details (id, evaluation_id, question_id, score, comment) VALUES (1265, 115, 11, NULL, 'Debería dar más feedback en los PRs.');
INSERT INTO evaluations (id, evaluatee_id, form_id, period_id, is_anonymous, status, submitted_at, created_at) VALUES (116, 46, 1, 1, FALSE, 'submitted', '2026-07-21 12:00:00', '2026-07-21 12:05:00');
INSERT INTO evaluation_submissions (id, evaluator_id, evaluatee_id, period_id, evaluation_id, created_at) VALUES (116, 34, 46, 1, 116, '2026-07-21 12:00:00');
INSERT INTO evaluation_details (id, evaluation_id, question_id, score, comment) VALUES (1266, 116, 1, 4, NULL);
INSERT INTO evaluation_details (id, evaluation_id, question_id, score, comment) VALUES (1267, 116, 2, 4, NULL);
INSERT INTO evaluation_details (id, evaluation_id, question_id, score, comment) VALUES (1268, 116, 3, 4, NULL);
INSERT INTO evaluation_details (id, evaluation_id, question_id, score, comment) VALUES (1269, 116, 4, 4, NULL);
INSERT INTO evaluation_details (id, evaluation_id, question_id, score, comment) VALUES (1270, 116, 5, 3, NULL);
INSERT INTO evaluation_details (id, evaluation_id, question_id, score, comment) VALUES (1271, 116, 6, 3, NULL);
INSERT INTO evaluation_details (id, evaluation_id, question_id, score, comment) VALUES (1272, 116, 7, 4, NULL);
INSERT INTO evaluation_details (id, evaluation_id, question_id, score, comment) VALUES (1273, 116, 8, 4, NULL);
INSERT INTO evaluation_details (id, evaluation_id, question_id, score, comment) VALUES (1274, 116, 9, 3, NULL);
INSERT INTO evaluation_details (id, evaluation_id, question_id, score, comment) VALUES (1275, 116, 10, 4, NULL);
INSERT INTO evaluation_details (id, evaluation_id, question_id, score, comment) VALUES (1276, 116, 11, NULL, 'En el módulo actual fue un gran apoyo, muy enfocado.');
INSERT INTO evaluations (id, evaluatee_id, form_id, period_id, is_anonymous, status, submitted_at, created_at) VALUES (117, 46, 1, 1, TRUE, 'submitted', '2026-07-21 12:00:00', '2026-07-21 12:05:00');
INSERT INTO evaluation_submissions (id, evaluator_id, evaluatee_id, period_id, evaluation_id, created_at) VALUES (117, 14, 46, 1, 117, '2026-07-21 12:00:00');
INSERT INTO evaluation_details (id, evaluation_id, question_id, score, comment) VALUES (1277, 117, 1, 4, NULL);
INSERT INTO evaluation_details (id, evaluation_id, question_id, score, comment) VALUES (1278, 117, 2, 4, NULL);
INSERT INTO evaluation_details (id, evaluation_id, question_id, score, comment) VALUES (1279, 117, 3, 4, NULL);
INSERT INTO evaluation_details (id, evaluation_id, question_id, score, comment) VALUES (1280, 117, 4, 4, NULL);
INSERT INTO evaluation_details (id, evaluation_id, question_id, score, comment) VALUES (1281, 117, 5, 4, NULL);
INSERT INTO evaluation_details (id, evaluation_id, question_id, score, comment) VALUES (1282, 117, 6, 4, NULL);
INSERT INTO evaluation_details (id, evaluation_id, question_id, score, comment) VALUES (1283, 117, 7, 4, NULL);
INSERT INTO evaluation_details (id, evaluation_id, question_id, score, comment) VALUES (1284, 117, 8, 4, NULL);
INSERT INTO evaluation_details (id, evaluation_id, question_id, score, comment) VALUES (1285, 117, 9, 5, NULL);
INSERT INTO evaluation_details (id, evaluation_id, question_id, score, comment) VALUES (1286, 117, 10, 4, NULL);
INSERT INTO evaluation_details (id, evaluation_id, question_id, score, comment) VALUES (1287, 117, 11, NULL, 'Excelente disposición.');
INSERT INTO evaluations (id, evaluatee_id, form_id, period_id, is_anonymous, status, submitted_at, created_at) VALUES (118, 46, 1, 1, FALSE, 'submitted', '2026-07-21 12:00:00', '2026-07-21 12:05:00');
INSERT INTO evaluation_submissions (id, evaluator_id, evaluatee_id, period_id, evaluation_id, created_at) VALUES (118, 32, 46, 1, 118, '2026-07-21 12:00:00');
INSERT INTO evaluation_details (id, evaluation_id, question_id, score, comment) VALUES (1288, 118, 1, 4, NULL);
INSERT INTO evaluation_details (id, evaluation_id, question_id, score, comment) VALUES (1289, 118, 2, 4, NULL);
INSERT INTO evaluation_details (id, evaluation_id, question_id, score, comment) VALUES (1290, 118, 3, 4, NULL);
INSERT INTO evaluation_details (id, evaluation_id, question_id, score, comment) VALUES (1291, 118, 4, 4, NULL);
INSERT INTO evaluation_details (id, evaluation_id, question_id, score, comment) VALUES (1292, 118, 5, 3, NULL);
INSERT INTO evaluation_details (id, evaluation_id, question_id, score, comment) VALUES (1293, 118, 6, 4, NULL);
INSERT INTO evaluation_details (id, evaluation_id, question_id, score, comment) VALUES (1294, 118, 7, 4, NULL);
INSERT INTO evaluation_details (id, evaluation_id, question_id, score, comment) VALUES (1295, 118, 8, 3, NULL);
INSERT INTO evaluation_details (id, evaluation_id, question_id, score, comment) VALUES (1296, 118, 9, 4, NULL);
INSERT INTO evaluation_details (id, evaluation_id, question_id, score, comment) VALUES (1297, 118, 10, 4, NULL);
INSERT INTO evaluation_details (id, evaluation_id, question_id, score, comment) VALUES (1298, 118, 11, NULL, 'En el módulo actual fue un gran apoyo, muy enfocado.');
INSERT INTO evaluations (id, evaluatee_id, form_id, period_id, is_anonymous, status, submitted_at, created_at) VALUES (119, 46, 1, 2, FALSE, 'submitted', '2026-07-21 12:00:00', '2026-07-21 12:05:00');
INSERT INTO evaluation_submissions (id, evaluator_id, evaluatee_id, period_id, evaluation_id, created_at) VALUES (119, 28, 46, 2, 119, '2026-07-21 12:00:00');
INSERT INTO evaluation_details (id, evaluation_id, question_id, score, comment) VALUES (1299, 119, 1, 4, NULL);
INSERT INTO evaluation_details (id, evaluation_id, question_id, score, comment) VALUES (1300, 119, 2, 4, NULL);
INSERT INTO evaluation_details (id, evaluation_id, question_id, score, comment) VALUES (1301, 119, 3, 4, NULL);
INSERT INTO evaluation_details (id, evaluation_id, question_id, score, comment) VALUES (1302, 119, 4, 2, NULL);
INSERT INTO evaluation_details (id, evaluation_id, question_id, score, comment) VALUES (1303, 119, 5, 3, NULL);
INSERT INTO evaluation_details (id, evaluation_id, question_id, score, comment) VALUES (1304, 119, 6, 3, NULL);
INSERT INTO evaluation_details (id, evaluation_id, question_id, score, comment) VALUES (1305, 119, 7, 3, NULL);
INSERT INTO evaluation_details (id, evaluation_id, question_id, score, comment) VALUES (1306, 119, 8, 5, NULL);
INSERT INTO evaluation_details (id, evaluation_id, question_id, score, comment) VALUES (1307, 119, 9, 3, NULL);
INSERT INTO evaluation_details (id, evaluation_id, question_id, score, comment) VALUES (1308, 119, 10, 5, NULL);
INSERT INTO evaluation_details (id, evaluation_id, question_id, score, comment) VALUES (1309, 119, 11, NULL, 'Debería dar más feedback en los PRs.');
INSERT INTO evaluations (id, evaluatee_id, form_id, period_id, is_anonymous, status, submitted_at, created_at) VALUES (120, 46, 1, 2, FALSE, 'submitted', '2026-07-21 12:00:00', '2026-07-21 12:05:00');
INSERT INTO evaluation_submissions (id, evaluator_id, evaluatee_id, period_id, evaluation_id, created_at) VALUES (120, 14, 46, 2, 120, '2026-07-21 12:00:00');
INSERT INTO evaluation_details (id, evaluation_id, question_id, score, comment) VALUES (1310, 120, 1, 4, NULL);
INSERT INTO evaluation_details (id, evaluation_id, question_id, score, comment) VALUES (1311, 120, 2, 4, NULL);
INSERT INTO evaluation_details (id, evaluation_id, question_id, score, comment) VALUES (1312, 120, 3, 5, NULL);
INSERT INTO evaluation_details (id, evaluation_id, question_id, score, comment) VALUES (1313, 120, 4, 4, NULL);
INSERT INTO evaluation_details (id, evaluation_id, question_id, score, comment) VALUES (1314, 120, 5, 4, NULL);
INSERT INTO evaluation_details (id, evaluation_id, question_id, score, comment) VALUES (1315, 120, 6, 4, NULL);
INSERT INTO evaluation_details (id, evaluation_id, question_id, score, comment) VALUES (1316, 120, 7, 4, NULL);
INSERT INTO evaluation_details (id, evaluation_id, question_id, score, comment) VALUES (1317, 120, 8, 4, NULL);
INSERT INTO evaluation_details (id, evaluation_id, question_id, score, comment) VALUES (1318, 120, 9, 5, NULL);
INSERT INTO evaluation_details (id, evaluation_id, question_id, score, comment) VALUES (1319, 120, 10, 5, NULL);
INSERT INTO evaluation_details (id, evaluation_id, question_id, score, comment) VALUES (1320, 120, 11, NULL, 'Nos ayuda a resolver problemas rápidamente.');
INSERT INTO evaluations (id, evaluatee_id, form_id, period_id, is_anonymous, status, submitted_at, created_at) VALUES (121, 46, 1, 2, TRUE, 'submitted', '2026-07-21 12:00:00', '2026-07-21 12:05:00');
INSERT INTO evaluation_submissions (id, evaluator_id, evaluatee_id, period_id, evaluation_id, created_at) VALUES (121, 37, 46, 2, 121, '2026-07-21 12:00:00');
INSERT INTO evaluation_details (id, evaluation_id, question_id, score, comment) VALUES (1321, 121, 1, 4, NULL);
INSERT INTO evaluation_details (id, evaluation_id, question_id, score, comment) VALUES (1322, 121, 2, 4, NULL);
INSERT INTO evaluation_details (id, evaluation_id, question_id, score, comment) VALUES (1323, 121, 3, 4, NULL);
INSERT INTO evaluation_details (id, evaluation_id, question_id, score, comment) VALUES (1324, 121, 4, 3, NULL);
INSERT INTO evaluation_details (id, evaluation_id, question_id, score, comment) VALUES (1325, 121, 5, 4, NULL);
INSERT INTO evaluation_details (id, evaluation_id, question_id, score, comment) VALUES (1326, 121, 6, 5, NULL);
INSERT INTO evaluation_details (id, evaluation_id, question_id, score, comment) VALUES (1327, 121, 7, 4, NULL);
INSERT INTO evaluation_details (id, evaluation_id, question_id, score, comment) VALUES (1328, 121, 8, 4, NULL);
INSERT INTO evaluation_details (id, evaluation_id, question_id, score, comment) VALUES (1329, 121, 9, 4, NULL);
INSERT INTO evaluation_details (id, evaluation_id, question_id, score, comment) VALUES (1330, 121, 10, 4, NULL);
INSERT INTO evaluation_details (id, evaluation_id, question_id, score, comment) VALUES (1331, 121, 11, NULL, 'Excelente disposición.');
INSERT INTO evaluations (id, evaluatee_id, form_id, period_id, is_anonymous, status, submitted_at, created_at) VALUES (122, 46, 1, 2, FALSE, 'submitted', '2026-07-21 12:00:00', '2026-07-21 12:05:00');
INSERT INTO evaluation_submissions (id, evaluator_id, evaluatee_id, period_id, evaluation_id, created_at) VALUES (122, 25, 46, 2, 122, '2026-07-21 12:00:00');
INSERT INTO evaluation_details (id, evaluation_id, question_id, score, comment) VALUES (1332, 122, 1, 5, NULL);
INSERT INTO evaluation_details (id, evaluation_id, question_id, score, comment) VALUES (1333, 122, 2, 5, NULL);
INSERT INTO evaluation_details (id, evaluation_id, question_id, score, comment) VALUES (1334, 122, 3, 5, NULL);
INSERT INTO evaluation_details (id, evaluation_id, question_id, score, comment) VALUES (1335, 122, 4, 4, NULL);
INSERT INTO evaluation_details (id, evaluation_id, question_id, score, comment) VALUES (1336, 122, 5, 4, NULL);
INSERT INTO evaluation_details (id, evaluation_id, question_id, score, comment) VALUES (1337, 122, 6, 4, NULL);
INSERT INTO evaluation_details (id, evaluation_id, question_id, score, comment) VALUES (1338, 122, 7, 5, NULL);
INSERT INTO evaluation_details (id, evaluation_id, question_id, score, comment) VALUES (1339, 122, 8, 4, NULL);
INSERT INTO evaluation_details (id, evaluation_id, question_id, score, comment) VALUES (1340, 122, 9, 5, NULL);
INSERT INTO evaluation_details (id, evaluation_id, question_id, score, comment) VALUES (1341, 122, 10, 5, NULL);
INSERT INTO evaluation_details (id, evaluation_id, question_id, score, comment) VALUES (1342, 122, 11, NULL, 'Debería dar más feedback en los PRs.');
INSERT INTO evaluations (id, evaluatee_id, form_id, period_id, is_anonymous, status, submitted_at, created_at) VALUES (123, 46, 1, 2, TRUE, 'submitted', '2026-07-21 12:00:00', '2026-07-21 12:05:00');
INSERT INTO evaluation_submissions (id, evaluator_id, evaluatee_id, period_id, evaluation_id, created_at) VALUES (123, 22, 46, 2, 123, '2026-07-21 12:00:00');
INSERT INTO evaluation_details (id, evaluation_id, question_id, score, comment) VALUES (1343, 123, 1, 4, NULL);
INSERT INTO evaluation_details (id, evaluation_id, question_id, score, comment) VALUES (1344, 123, 2, 4, NULL);
INSERT INTO evaluation_details (id, evaluation_id, question_id, score, comment) VALUES (1345, 123, 3, 4, NULL);
INSERT INTO evaluation_details (id, evaluation_id, question_id, score, comment) VALUES (1346, 123, 4, 3, NULL);
INSERT INTO evaluation_details (id, evaluation_id, question_id, score, comment) VALUES (1347, 123, 5, 3, NULL);
INSERT INTO evaluation_details (id, evaluation_id, question_id, score, comment) VALUES (1348, 123, 6, 3, NULL);
INSERT INTO evaluation_details (id, evaluation_id, question_id, score, comment) VALUES (1349, 123, 7, 3, NULL);
INSERT INTO evaluation_details (id, evaluation_id, question_id, score, comment) VALUES (1350, 123, 8, 4, NULL);
INSERT INTO evaluation_details (id, evaluation_id, question_id, score, comment) VALUES (1351, 123, 9, 4, NULL);
INSERT INTO evaluation_details (id, evaluation_id, question_id, score, comment) VALUES (1352, 123, 10, 4, NULL);
INSERT INTO evaluation_details (id, evaluation_id, question_id, score, comment) VALUES (1353, 123, 11, NULL, 'Me gustaría que hiciera sesiones de pair programming.');
INSERT INTO evaluations (id, evaluatee_id, form_id, period_id, is_anonymous, status, submitted_at, created_at) VALUES (124, 46, 1, 2, FALSE, 'submitted', '2026-07-21 12:00:00', '2026-07-21 12:05:00');
INSERT INTO evaluation_submissions (id, evaluator_id, evaluatee_id, period_id, evaluation_id, created_at) VALUES (124, 38, 46, 2, 124, '2026-07-21 12:00:00');
INSERT INTO evaluation_details (id, evaluation_id, question_id, score, comment) VALUES (1354, 124, 1, 3, NULL);
INSERT INTO evaluation_details (id, evaluation_id, question_id, score, comment) VALUES (1355, 124, 2, 3, NULL);
INSERT INTO evaluation_details (id, evaluation_id, question_id, score, comment) VALUES (1356, 124, 3, 5, NULL);
INSERT INTO evaluation_details (id, evaluation_id, question_id, score, comment) VALUES (1357, 124, 4, 3, NULL);
INSERT INTO evaluation_details (id, evaluation_id, question_id, score, comment) VALUES (1358, 124, 5, 3, NULL);
INSERT INTO evaluation_details (id, evaluation_id, question_id, score, comment) VALUES (1359, 124, 6, 4, NULL);
INSERT INTO evaluation_details (id, evaluation_id, question_id, score, comment) VALUES (1360, 124, 7, 4, NULL);
INSERT INTO evaluation_details (id, evaluation_id, question_id, score, comment) VALUES (1361, 124, 8, 3, NULL);
INSERT INTO evaluation_details (id, evaluation_id, question_id, score, comment) VALUES (1362, 124, 9, 4, NULL);
INSERT INTO evaluation_details (id, evaluation_id, question_id, score, comment) VALUES (1363, 124, 10, 4, NULL);
INSERT INTO evaluation_details (id, evaluation_id, question_id, score, comment) VALUES (1364, 124, 11, NULL, 'Nos ayuda a resolver problemas rápidamente.');
INSERT INTO evaluations (id, evaluatee_id, form_id, period_id, is_anonymous, status, submitted_at, created_at) VALUES (125, 46, 1, 2, FALSE, 'submitted', '2026-07-21 12:00:00', '2026-07-21 12:05:00');
INSERT INTO evaluation_submissions (id, evaluator_id, evaluatee_id, period_id, evaluation_id, created_at) VALUES (125, 31, 46, 2, 125, '2026-07-21 12:00:00');
INSERT INTO evaluation_details (id, evaluation_id, question_id, score, comment) VALUES (1365, 125, 1, 3, NULL);
INSERT INTO evaluation_details (id, evaluation_id, question_id, score, comment) VALUES (1366, 125, 2, 5, NULL);
INSERT INTO evaluation_details (id, evaluation_id, question_id, score, comment) VALUES (1367, 125, 3, 4, NULL);
INSERT INTO evaluation_details (id, evaluation_id, question_id, score, comment) VALUES (1368, 125, 4, 3, NULL);
INSERT INTO evaluation_details (id, evaluation_id, question_id, score, comment) VALUES (1369, 125, 5, 5, NULL);
INSERT INTO evaluation_details (id, evaluation_id, question_id, score, comment) VALUES (1370, 125, 6, 4, NULL);
INSERT INTO evaluation_details (id, evaluation_id, question_id, score, comment) VALUES (1371, 125, 7, 4, NULL);
INSERT INTO evaluation_details (id, evaluation_id, question_id, score, comment) VALUES (1372, 125, 8, 3, NULL);
INSERT INTO evaluation_details (id, evaluation_id, question_id, score, comment) VALUES (1373, 125, 9, 4, NULL);
INSERT INTO evaluation_details (id, evaluation_id, question_id, score, comment) VALUES (1374, 125, 10, 4, NULL);
INSERT INTO evaluation_details (id, evaluation_id, question_id, score, comment) VALUES (1375, 125, 11, NULL, 'Excelente disposición.');
INSERT INTO evaluations (id, evaluatee_id, form_id, period_id, is_anonymous, status, submitted_at, created_at) VALUES (126, 46, 1, 3, FALSE, 'submitted', '2026-07-21 12:00:00', '2026-07-21 12:05:00');
INSERT INTO evaluation_submissions (id, evaluator_id, evaluatee_id, period_id, evaluation_id, created_at) VALUES (126, 31, 46, 3, 126, '2026-07-21 12:00:00');
INSERT INTO evaluation_details (id, evaluation_id, question_id, score, comment) VALUES (1376, 126, 1, 4, NULL);
INSERT INTO evaluation_details (id, evaluation_id, question_id, score, comment) VALUES (1377, 126, 2, 4, NULL);
INSERT INTO evaluation_details (id, evaluation_id, question_id, score, comment) VALUES (1378, 126, 3, 4, NULL);
INSERT INTO evaluation_details (id, evaluation_id, question_id, score, comment) VALUES (1379, 126, 4, 4, NULL);
INSERT INTO evaluation_details (id, evaluation_id, question_id, score, comment) VALUES (1380, 126, 5, 3, NULL);
INSERT INTO evaluation_details (id, evaluation_id, question_id, score, comment) VALUES (1381, 126, 6, 3, NULL);
INSERT INTO evaluation_details (id, evaluation_id, question_id, score, comment) VALUES (1382, 126, 7, 4, NULL);
INSERT INTO evaluation_details (id, evaluation_id, question_id, score, comment) VALUES (1383, 126, 8, 5, NULL);
INSERT INTO evaluation_details (id, evaluation_id, question_id, score, comment) VALUES (1384, 126, 9, 4, NULL);
INSERT INTO evaluation_details (id, evaluation_id, question_id, score, comment) VALUES (1385, 126, 10, 4, NULL);
INSERT INTO evaluation_details (id, evaluation_id, question_id, score, comment) VALUES (1386, 126, 11, NULL, 'En el módulo actual fue un gran apoyo, muy enfocado.');
INSERT INTO evaluations (id, evaluatee_id, form_id, period_id, is_anonymous, status, submitted_at, created_at) VALUES (127, 46, 1, 3, TRUE, 'submitted', '2026-07-21 12:00:00', '2026-07-21 12:05:00');
INSERT INTO evaluation_submissions (id, evaluator_id, evaluatee_id, period_id, evaluation_id, created_at) VALUES (127, 25, 46, 3, 127, '2026-07-21 12:00:00');
INSERT INTO evaluation_details (id, evaluation_id, question_id, score, comment) VALUES (1387, 127, 1, 5, NULL);
INSERT INTO evaluation_details (id, evaluation_id, question_id, score, comment) VALUES (1388, 127, 2, 4, NULL);
INSERT INTO evaluation_details (id, evaluation_id, question_id, score, comment) VALUES (1389, 127, 3, 4, NULL);
INSERT INTO evaluation_details (id, evaluation_id, question_id, score, comment) VALUES (1390, 127, 4, 5, NULL);
INSERT INTO evaluation_details (id, evaluation_id, question_id, score, comment) VALUES (1391, 127, 5, 5, NULL);
INSERT INTO evaluation_details (id, evaluation_id, question_id, score, comment) VALUES (1392, 127, 6, 4, NULL);
INSERT INTO evaluation_details (id, evaluation_id, question_id, score, comment) VALUES (1393, 127, 7, 4, NULL);
INSERT INTO evaluation_details (id, evaluation_id, question_id, score, comment) VALUES (1394, 127, 8, 4, NULL);
INSERT INTO evaluation_details (id, evaluation_id, question_id, score, comment) VALUES (1395, 127, 9, 4, NULL);
INSERT INTO evaluation_details (id, evaluation_id, question_id, score, comment) VALUES (1396, 127, 10, 4, NULL);
INSERT INTO evaluation_details (id, evaluation_id, question_id, score, comment) VALUES (1397, 127, 11, NULL, 'Me gustaría que hiciera sesiones de pair programming.');
INSERT INTO evaluations (id, evaluatee_id, form_id, period_id, is_anonymous, status, submitted_at, created_at) VALUES (128, 46, 1, 3, TRUE, 'submitted', '2026-07-21 12:00:00', '2026-07-21 12:05:00');
INSERT INTO evaluation_submissions (id, evaluator_id, evaluatee_id, period_id, evaluation_id, created_at) VALUES (128, 17, 46, 3, 128, '2026-07-21 12:00:00');
INSERT INTO evaluation_details (id, evaluation_id, question_id, score, comment) VALUES (1398, 128, 1, 4, NULL);
INSERT INTO evaluation_details (id, evaluation_id, question_id, score, comment) VALUES (1399, 128, 2, 3, NULL);
INSERT INTO evaluation_details (id, evaluation_id, question_id, score, comment) VALUES (1400, 128, 3, 4, NULL);
INSERT INTO evaluation_details (id, evaluation_id, question_id, score, comment) VALUES (1401, 128, 4, 4, NULL);
INSERT INTO evaluation_details (id, evaluation_id, question_id, score, comment) VALUES (1402, 128, 5, 5, NULL);
INSERT INTO evaluation_details (id, evaluation_id, question_id, score, comment) VALUES (1403, 128, 6, 3, NULL);
INSERT INTO evaluation_details (id, evaluation_id, question_id, score, comment) VALUES (1404, 128, 7, 4, NULL);
INSERT INTO evaluation_details (id, evaluation_id, question_id, score, comment) VALUES (1405, 128, 8, 3, NULL);
INSERT INTO evaluation_details (id, evaluation_id, question_id, score, comment) VALUES (1406, 128, 9, 4, NULL);
INSERT INTO evaluation_details (id, evaluation_id, question_id, score, comment) VALUES (1407, 128, 10, 3, NULL);
INSERT INTO evaluation_details (id, evaluation_id, question_id, score, comment) VALUES (1408, 128, 11, NULL, 'Excelente disposición.');
INSERT INTO evaluations (id, evaluatee_id, form_id, period_id, is_anonymous, status, submitted_at, created_at) VALUES (129, 46, 1, 3, FALSE, 'submitted', '2026-07-21 12:00:00', '2026-07-21 12:05:00');
INSERT INTO evaluation_submissions (id, evaluator_id, evaluatee_id, period_id, evaluation_id, created_at) VALUES (129, 19, 46, 3, 129, '2026-07-21 12:00:00');
INSERT INTO evaluation_details (id, evaluation_id, question_id, score, comment) VALUES (1409, 129, 1, 4, NULL);
INSERT INTO evaluation_details (id, evaluation_id, question_id, score, comment) VALUES (1410, 129, 2, 4, NULL);
INSERT INTO evaluation_details (id, evaluation_id, question_id, score, comment) VALUES (1411, 129, 3, 4, NULL);
INSERT INTO evaluation_details (id, evaluation_id, question_id, score, comment) VALUES (1412, 129, 4, 5, NULL);
INSERT INTO evaluation_details (id, evaluation_id, question_id, score, comment) VALUES (1413, 129, 5, 4, NULL);
INSERT INTO evaluation_details (id, evaluation_id, question_id, score, comment) VALUES (1414, 129, 6, 5, NULL);
INSERT INTO evaluation_details (id, evaluation_id, question_id, score, comment) VALUES (1415, 129, 7, 4, NULL);
INSERT INTO evaluation_details (id, evaluation_id, question_id, score, comment) VALUES (1416, 129, 8, 4, NULL);
INSERT INTO evaluation_details (id, evaluation_id, question_id, score, comment) VALUES (1417, 129, 9, 3, NULL);
INSERT INTO evaluation_details (id, evaluation_id, question_id, score, comment) VALUES (1418, 129, 10, 5, NULL);
INSERT INTO evaluation_details (id, evaluation_id, question_id, score, comment) VALUES (1419, 129, 11, NULL, 'Muy buen líder, siempre apoya al equipo.');
INSERT INTO evaluations (id, evaluatee_id, form_id, period_id, is_anonymous, status, submitted_at, created_at) VALUES (130, 46, 1, 3, FALSE, 'submitted', '2026-07-21 12:00:00', '2026-07-21 12:05:00');
INSERT INTO evaluation_submissions (id, evaluator_id, evaluatee_id, period_id, evaluation_id, created_at) VALUES (130, 15, 46, 3, 130, '2026-07-21 12:00:00');
INSERT INTO evaluation_details (id, evaluation_id, question_id, score, comment) VALUES (1420, 130, 1, 4, NULL);
INSERT INTO evaluation_details (id, evaluation_id, question_id, score, comment) VALUES (1421, 130, 2, 4, NULL);
INSERT INTO evaluation_details (id, evaluation_id, question_id, score, comment) VALUES (1422, 130, 3, 5, NULL);
INSERT INTO evaluation_details (id, evaluation_id, question_id, score, comment) VALUES (1423, 130, 4, 4, NULL);
INSERT INTO evaluation_details (id, evaluation_id, question_id, score, comment) VALUES (1424, 130, 5, 4, NULL);
INSERT INTO evaluation_details (id, evaluation_id, question_id, score, comment) VALUES (1425, 130, 6, 3, NULL);
INSERT INTO evaluation_details (id, evaluation_id, question_id, score, comment) VALUES (1426, 130, 7, 4, NULL);
INSERT INTO evaluation_details (id, evaluation_id, question_id, score, comment) VALUES (1427, 130, 8, 5, NULL);
INSERT INTO evaluation_details (id, evaluation_id, question_id, score, comment) VALUES (1428, 130, 9, 5, NULL);
INSERT INTO evaluation_details (id, evaluation_id, question_id, score, comment) VALUES (1429, 130, 10, 4, NULL);
INSERT INTO evaluation_details (id, evaluation_id, question_id, score, comment) VALUES (1430, 130, 11, NULL, 'Nos ayuda a resolver problemas rápidamente.');
INSERT INTO evaluations (id, evaluatee_id, form_id, period_id, is_anonymous, status, submitted_at, created_at) VALUES (131, 46, 1, 3, FALSE, 'submitted', '2026-07-21 12:00:00', '2026-07-21 12:05:00');
INSERT INTO evaluation_submissions (id, evaluator_id, evaluatee_id, period_id, evaluation_id, created_at) VALUES (131, 20, 46, 3, 131, '2026-07-21 12:00:00');
INSERT INTO evaluation_details (id, evaluation_id, question_id, score, comment) VALUES (1431, 131, 1, 4, NULL);
INSERT INTO evaluation_details (id, evaluation_id, question_id, score, comment) VALUES (1432, 131, 2, 4, NULL);
INSERT INTO evaluation_details (id, evaluation_id, question_id, score, comment) VALUES (1433, 131, 3, 5, NULL);
INSERT INTO evaluation_details (id, evaluation_id, question_id, score, comment) VALUES (1434, 131, 4, 4, NULL);
INSERT INTO evaluation_details (id, evaluation_id, question_id, score, comment) VALUES (1435, 131, 5, 4, NULL);
INSERT INTO evaluation_details (id, evaluation_id, question_id, score, comment) VALUES (1436, 131, 6, 4, NULL);
INSERT INTO evaluation_details (id, evaluation_id, question_id, score, comment) VALUES (1437, 131, 7, 4, NULL);
INSERT INTO evaluation_details (id, evaluation_id, question_id, score, comment) VALUES (1438, 131, 8, 5, NULL);
INSERT INTO evaluation_details (id, evaluation_id, question_id, score, comment) VALUES (1439, 131, 9, 4, NULL);
INSERT INTO evaluation_details (id, evaluation_id, question_id, score, comment) VALUES (1440, 131, 10, 3, NULL);
INSERT INTO evaluation_details (id, evaluation_id, question_id, score, comment) VALUES (1441, 131, 11, NULL, 'Excelente disposición.');
INSERT INTO evaluations (id, evaluatee_id, form_id, period_id, is_anonymous, status, submitted_at, created_at) VALUES (132, 46, 1, 3, TRUE, 'submitted', '2026-07-21 12:00:00', '2026-07-21 12:05:00');
INSERT INTO evaluation_submissions (id, evaluator_id, evaluatee_id, period_id, evaluation_id, created_at) VALUES (132, 41, 46, 3, 132, '2026-07-21 12:00:00');
INSERT INTO evaluation_details (id, evaluation_id, question_id, score, comment) VALUES (1442, 132, 1, 5, NULL);
INSERT INTO evaluation_details (id, evaluation_id, question_id, score, comment) VALUES (1443, 132, 2, 4, NULL);
INSERT INTO evaluation_details (id, evaluation_id, question_id, score, comment) VALUES (1444, 132, 3, 4, NULL);
INSERT INTO evaluation_details (id, evaluation_id, question_id, score, comment) VALUES (1445, 132, 4, 5, NULL);
INSERT INTO evaluation_details (id, evaluation_id, question_id, score, comment) VALUES (1446, 132, 5, 5, NULL);
INSERT INTO evaluation_details (id, evaluation_id, question_id, score, comment) VALUES (1447, 132, 6, 5, NULL);
INSERT INTO evaluation_details (id, evaluation_id, question_id, score, comment) VALUES (1448, 132, 7, 4, NULL);
INSERT INTO evaluation_details (id, evaluation_id, question_id, score, comment) VALUES (1449, 132, 8, 5, NULL);
INSERT INTO evaluation_details (id, evaluation_id, question_id, score, comment) VALUES (1450, 132, 9, 3, NULL);
INSERT INTO evaluation_details (id, evaluation_id, question_id, score, comment) VALUES (1451, 132, 10, 5, NULL);
INSERT INTO evaluation_details (id, evaluation_id, question_id, score, comment) VALUES (1452, 132, 11, NULL, 'Nos ayuda a resolver problemas rápidamente.');
INSERT INTO evaluations (id, evaluatee_id, form_id, period_id, is_anonymous, status, submitted_at, created_at) VALUES (133, 46, 1, 3, TRUE, 'submitted', '2026-07-21 12:00:00', '2026-07-21 12:05:00');
INSERT INTO evaluation_submissions (id, evaluator_id, evaluatee_id, period_id, evaluation_id, created_at) VALUES (133, 16, 46, 3, 133, '2026-07-21 12:00:00');
INSERT INTO evaluation_details (id, evaluation_id, question_id, score, comment) VALUES (1453, 133, 1, 4, NULL);
INSERT INTO evaluation_details (id, evaluation_id, question_id, score, comment) VALUES (1454, 133, 2, 5, NULL);
INSERT INTO evaluation_details (id, evaluation_id, question_id, score, comment) VALUES (1455, 133, 3, 4, NULL);
INSERT INTO evaluation_details (id, evaluation_id, question_id, score, comment) VALUES (1456, 133, 4, 4, NULL);
INSERT INTO evaluation_details (id, evaluation_id, question_id, score, comment) VALUES (1457, 133, 5, 3, NULL);
INSERT INTO evaluation_details (id, evaluation_id, question_id, score, comment) VALUES (1458, 133, 6, 4, NULL);
INSERT INTO evaluation_details (id, evaluation_id, question_id, score, comment) VALUES (1459, 133, 7, 4, NULL);
INSERT INTO evaluation_details (id, evaluation_id, question_id, score, comment) VALUES (1460, 133, 8, 4, NULL);
INSERT INTO evaluation_details (id, evaluation_id, question_id, score, comment) VALUES (1461, 133, 9, 4, NULL);
INSERT INTO evaluation_details (id, evaluation_id, question_id, score, comment) VALUES (1462, 133, 10, 3, NULL);
INSERT INTO evaluation_details (id, evaluation_id, question_id, score, comment) VALUES (1463, 133, 11, NULL, 'Me gustaría que hiciera sesiones de pair programming.');
INSERT INTO evaluations (id, evaluatee_id, form_id, period_id, is_anonymous, status, submitted_at, created_at) VALUES (134, 46, 1, 3, FALSE, 'submitted', '2026-07-21 12:00:00', '2026-07-21 12:05:00');
INSERT INTO evaluation_submissions (id, evaluator_id, evaluatee_id, period_id, evaluation_id, created_at) VALUES (134, 32, 46, 3, 134, '2026-07-21 12:00:00');
INSERT INTO evaluation_details (id, evaluation_id, question_id, score, comment) VALUES (1464, 134, 1, 4, NULL);
INSERT INTO evaluation_details (id, evaluation_id, question_id, score, comment) VALUES (1465, 134, 2, 4, NULL);
INSERT INTO evaluation_details (id, evaluation_id, question_id, score, comment) VALUES (1466, 134, 3, 4, NULL);
INSERT INTO evaluation_details (id, evaluation_id, question_id, score, comment) VALUES (1467, 134, 4, 5, NULL);
INSERT INTO evaluation_details (id, evaluation_id, question_id, score, comment) VALUES (1468, 134, 5, 5, NULL);
INSERT INTO evaluation_details (id, evaluation_id, question_id, score, comment) VALUES (1469, 134, 6, 5, NULL);
INSERT INTO evaluation_details (id, evaluation_id, question_id, score, comment) VALUES (1470, 134, 7, 5, NULL);
INSERT INTO evaluation_details (id, evaluation_id, question_id, score, comment) VALUES (1471, 134, 8, 4, NULL);
INSERT INTO evaluation_details (id, evaluation_id, question_id, score, comment) VALUES (1472, 134, 9, 5, NULL);
INSERT INTO evaluation_details (id, evaluation_id, question_id, score, comment) VALUES (1473, 134, 10, 3, NULL);
INSERT INTO evaluation_details (id, evaluation_id, question_id, score, comment) VALUES (1474, 134, 11, NULL, 'Nos ayuda a resolver problemas rápidamente.');
INSERT INTO evaluations (id, evaluatee_id, form_id, period_id, is_anonymous, status, submitted_at, created_at) VALUES (135, 46, 1, 3, FALSE, 'submitted', '2026-07-21 12:00:00', '2026-07-21 12:05:00');
INSERT INTO evaluation_submissions (id, evaluator_id, evaluatee_id, period_id, evaluation_id, created_at) VALUES (135, 23, 46, 3, 135, '2026-07-21 12:00:00');
INSERT INTO evaluation_details (id, evaluation_id, question_id, score, comment) VALUES (1475, 135, 1, 4, NULL);
INSERT INTO evaluation_details (id, evaluation_id, question_id, score, comment) VALUES (1476, 135, 2, 4, NULL);
INSERT INTO evaluation_details (id, evaluation_id, question_id, score, comment) VALUES (1477, 135, 3, 4, NULL);
INSERT INTO evaluation_details (id, evaluation_id, question_id, score, comment) VALUES (1478, 135, 4, 4, NULL);
INSERT INTO evaluation_details (id, evaluation_id, question_id, score, comment) VALUES (1479, 135, 5, 3, NULL);
INSERT INTO evaluation_details (id, evaluation_id, question_id, score, comment) VALUES (1480, 135, 6, 4, NULL);
INSERT INTO evaluation_details (id, evaluation_id, question_id, score, comment) VALUES (1481, 135, 7, 4, NULL);
INSERT INTO evaluation_details (id, evaluation_id, question_id, score, comment) VALUES (1482, 135, 8, 4, NULL);
INSERT INTO evaluation_details (id, evaluation_id, question_id, score, comment) VALUES (1483, 135, 9, 5, NULL);
INSERT INTO evaluation_details (id, evaluation_id, question_id, score, comment) VALUES (1484, 135, 10, 5, NULL);
INSERT INTO evaluation_details (id, evaluation_id, question_id, score, comment) VALUES (1485, 135, 11, NULL, 'Muy buen líder, siempre apoya al equipo.');
INSERT INTO evaluations (id, evaluatee_id, form_id, period_id, is_anonymous, status, submitted_at, created_at) VALUES (136, 46, 1, 4, FALSE, 'submitted', '2026-07-21 12:00:00', '2026-07-21 12:05:00');
INSERT INTO evaluation_submissions (id, evaluator_id, evaluatee_id, period_id, evaluation_id, created_at) VALUES (136, 18, 46, 4, 136, '2026-07-21 12:00:00');
INSERT INTO evaluation_details (id, evaluation_id, question_id, score, comment) VALUES (1486, 136, 1, 3, NULL);
INSERT INTO evaluation_details (id, evaluation_id, question_id, score, comment) VALUES (1487, 136, 2, 4, NULL);
INSERT INTO evaluation_details (id, evaluation_id, question_id, score, comment) VALUES (1488, 136, 3, 4, NULL);
INSERT INTO evaluation_details (id, evaluation_id, question_id, score, comment) VALUES (1489, 136, 4, 5, NULL);
INSERT INTO evaluation_details (id, evaluation_id, question_id, score, comment) VALUES (1490, 136, 5, 3, NULL);
INSERT INTO evaluation_details (id, evaluation_id, question_id, score, comment) VALUES (1491, 136, 6, 5, NULL);
INSERT INTO evaluation_details (id, evaluation_id, question_id, score, comment) VALUES (1492, 136, 7, 4, NULL);
INSERT INTO evaluation_details (id, evaluation_id, question_id, score, comment) VALUES (1493, 136, 8, 4, NULL);
INSERT INTO evaluation_details (id, evaluation_id, question_id, score, comment) VALUES (1494, 136, 9, 3, NULL);
INSERT INTO evaluation_details (id, evaluation_id, question_id, score, comment) VALUES (1495, 136, 10, 4, NULL);
INSERT INTO evaluation_details (id, evaluation_id, question_id, score, comment) VALUES (1496, 136, 11, NULL, 'Nos ayuda a resolver problemas rápidamente.');
INSERT INTO evaluations (id, evaluatee_id, form_id, period_id, is_anonymous, status, submitted_at, created_at) VALUES (137, 46, 1, 4, TRUE, 'submitted', '2026-07-21 12:00:00', '2026-07-21 12:05:00');
INSERT INTO evaluation_submissions (id, evaluator_id, evaluatee_id, period_id, evaluation_id, created_at) VALUES (137, 14, 46, 4, 137, '2026-07-21 12:00:00');
INSERT INTO evaluation_details (id, evaluation_id, question_id, score, comment) VALUES (1497, 137, 1, 3, NULL);
INSERT INTO evaluation_details (id, evaluation_id, question_id, score, comment) VALUES (1498, 137, 2, 4, NULL);
INSERT INTO evaluation_details (id, evaluation_id, question_id, score, comment) VALUES (1499, 137, 3, 4, NULL);
INSERT INTO evaluation_details (id, evaluation_id, question_id, score, comment) VALUES (1500, 137, 4, 5, NULL);
INSERT INTO evaluation_details (id, evaluation_id, question_id, score, comment) VALUES (1501, 137, 5, 4, NULL);
INSERT INTO evaluation_details (id, evaluation_id, question_id, score, comment) VALUES (1502, 137, 6, 4, NULL);
INSERT INTO evaluation_details (id, evaluation_id, question_id, score, comment) VALUES (1503, 137, 7, 5, NULL);
INSERT INTO evaluation_details (id, evaluation_id, question_id, score, comment) VALUES (1504, 137, 8, 4, NULL);
INSERT INTO evaluation_details (id, evaluation_id, question_id, score, comment) VALUES (1505, 137, 9, 3, NULL);
INSERT INTO evaluation_details (id, evaluation_id, question_id, score, comment) VALUES (1506, 137, 10, 3, NULL);
INSERT INTO evaluation_details (id, evaluation_id, question_id, score, comment) VALUES (1507, 137, 11, NULL, 'Muy buen líder, siempre apoya al equipo.');
INSERT INTO evaluations (id, evaluatee_id, form_id, period_id, is_anonymous, status, submitted_at, created_at) VALUES (138, 46, 1, 4, TRUE, 'submitted', '2026-07-21 12:00:00', '2026-07-21 12:05:00');
INSERT INTO evaluation_submissions (id, evaluator_id, evaluatee_id, period_id, evaluation_id, created_at) VALUES (138, 36, 46, 4, 138, '2026-07-21 12:00:00');
INSERT INTO evaluation_details (id, evaluation_id, question_id, score, comment) VALUES (1508, 138, 1, 3, NULL);
INSERT INTO evaluation_details (id, evaluation_id, question_id, score, comment) VALUES (1509, 138, 2, 3, NULL);
INSERT INTO evaluation_details (id, evaluation_id, question_id, score, comment) VALUES (1510, 138, 3, 3, NULL);
INSERT INTO evaluation_details (id, evaluation_id, question_id, score, comment) VALUES (1511, 138, 4, 3, NULL);
INSERT INTO evaluation_details (id, evaluation_id, question_id, score, comment) VALUES (1512, 138, 5, 4, NULL);
INSERT INTO evaluation_details (id, evaluation_id, question_id, score, comment) VALUES (1513, 138, 6, 4, NULL);
INSERT INTO evaluation_details (id, evaluation_id, question_id, score, comment) VALUES (1514, 138, 7, 4, NULL);
INSERT INTO evaluation_details (id, evaluation_id, question_id, score, comment) VALUES (1515, 138, 8, 4, NULL);
INSERT INTO evaluation_details (id, evaluation_id, question_id, score, comment) VALUES (1516, 138, 9, 4, NULL);
INSERT INTO evaluation_details (id, evaluation_id, question_id, score, comment) VALUES (1517, 138, 10, 4, NULL);
INSERT INTO evaluation_details (id, evaluation_id, question_id, score, comment) VALUES (1518, 138, 11, NULL, 'Me gustaría que hiciera sesiones de pair programming.');
INSERT INTO evaluations (id, evaluatee_id, form_id, period_id, is_anonymous, status, submitted_at, created_at) VALUES (139, 46, 1, 4, FALSE, 'submitted', '2026-07-21 12:00:00', '2026-07-21 12:05:00');
INSERT INTO evaluation_submissions (id, evaluator_id, evaluatee_id, period_id, evaluation_id, created_at) VALUES (139, 39, 46, 4, 139, '2026-07-21 12:00:00');
INSERT INTO evaluation_details (id, evaluation_id, question_id, score, comment) VALUES (1519, 139, 1, 3, NULL);
INSERT INTO evaluation_details (id, evaluation_id, question_id, score, comment) VALUES (1520, 139, 2, 3, NULL);
INSERT INTO evaluation_details (id, evaluation_id, question_id, score, comment) VALUES (1521, 139, 3, 5, NULL);
INSERT INTO evaluation_details (id, evaluation_id, question_id, score, comment) VALUES (1522, 139, 4, 3, NULL);
INSERT INTO evaluation_details (id, evaluation_id, question_id, score, comment) VALUES (1523, 139, 5, 4, NULL);
INSERT INTO evaluation_details (id, evaluation_id, question_id, score, comment) VALUES (1524, 139, 6, 4, NULL);
INSERT INTO evaluation_details (id, evaluation_id, question_id, score, comment) VALUES (1525, 139, 7, 4, NULL);
INSERT INTO evaluation_details (id, evaluation_id, question_id, score, comment) VALUES (1526, 139, 8, 4, NULL);
INSERT INTO evaluation_details (id, evaluation_id, question_id, score, comment) VALUES (1527, 139, 9, 4, NULL);
INSERT INTO evaluation_details (id, evaluation_id, question_id, score, comment) VALUES (1528, 139, 10, 4, NULL);
INSERT INTO evaluation_details (id, evaluation_id, question_id, score, comment) VALUES (1529, 139, 11, NULL, 'Excelente disposición.');
INSERT INTO evaluations (id, evaluatee_id, form_id, period_id, is_anonymous, status, submitted_at, created_at) VALUES (140, 46, 1, 4, TRUE, 'submitted', '2026-07-21 12:00:00', '2026-07-21 12:05:00');
INSERT INTO evaluation_submissions (id, evaluator_id, evaluatee_id, period_id, evaluation_id, created_at) VALUES (140, 17, 46, 4, 140, '2026-07-21 12:00:00');
INSERT INTO evaluation_details (id, evaluation_id, question_id, score, comment) VALUES (1530, 140, 1, 4, NULL);
INSERT INTO evaluation_details (id, evaluation_id, question_id, score, comment) VALUES (1531, 140, 2, 4, NULL);
INSERT INTO evaluation_details (id, evaluation_id, question_id, score, comment) VALUES (1532, 140, 3, 3, NULL);
INSERT INTO evaluation_details (id, evaluation_id, question_id, score, comment) VALUES (1533, 140, 4, 4, NULL);
INSERT INTO evaluation_details (id, evaluation_id, question_id, score, comment) VALUES (1534, 140, 5, 4, NULL);
INSERT INTO evaluation_details (id, evaluation_id, question_id, score, comment) VALUES (1535, 140, 6, 3, NULL);
INSERT INTO evaluation_details (id, evaluation_id, question_id, score, comment) VALUES (1536, 140, 7, 4, NULL);
INSERT INTO evaluation_details (id, evaluation_id, question_id, score, comment) VALUES (1537, 140, 8, 4, NULL);
INSERT INTO evaluation_details (id, evaluation_id, question_id, score, comment) VALUES (1538, 140, 9, 4, NULL);
INSERT INTO evaluation_details (id, evaluation_id, question_id, score, comment) VALUES (1539, 140, 10, 4, NULL);
INSERT INTO evaluation_details (id, evaluation_id, question_id, score, comment) VALUES (1540, 140, 11, NULL, 'Debería dar más feedback en los PRs.');
INSERT INTO evaluations (id, evaluatee_id, form_id, period_id, is_anonymous, status, submitted_at, created_at) VALUES (141, 46, 1, 4, TRUE, 'submitted', '2026-07-21 12:00:00', '2026-07-21 12:05:00');
INSERT INTO evaluation_submissions (id, evaluator_id, evaluatee_id, period_id, evaluation_id, created_at) VALUES (141, 33, 46, 4, 141, '2026-07-21 12:00:00');
INSERT INTO evaluation_details (id, evaluation_id, question_id, score, comment) VALUES (1541, 141, 1, 4, NULL);
INSERT INTO evaluation_details (id, evaluation_id, question_id, score, comment) VALUES (1542, 141, 2, 3, NULL);
INSERT INTO evaluation_details (id, evaluation_id, question_id, score, comment) VALUES (1543, 141, 3, 4, NULL);
INSERT INTO evaluation_details (id, evaluation_id, question_id, score, comment) VALUES (1544, 141, 4, 4, NULL);
INSERT INTO evaluation_details (id, evaluation_id, question_id, score, comment) VALUES (1545, 141, 5, 4, NULL);
INSERT INTO evaluation_details (id, evaluation_id, question_id, score, comment) VALUES (1546, 141, 6, 4, NULL);
INSERT INTO evaluation_details (id, evaluation_id, question_id, score, comment) VALUES (1547, 141, 7, 5, NULL);
INSERT INTO evaluation_details (id, evaluation_id, question_id, score, comment) VALUES (1548, 141, 8, 4, NULL);
INSERT INTO evaluation_details (id, evaluation_id, question_id, score, comment) VALUES (1549, 141, 9, 4, NULL);
INSERT INTO evaluation_details (id, evaluation_id, question_id, score, comment) VALUES (1550, 141, 10, 4, NULL);
INSERT INTO evaluation_details (id, evaluation_id, question_id, score, comment) VALUES (1551, 141, 11, NULL, 'Excelente disposición.');
INSERT INTO evaluations (id, evaluatee_id, form_id, period_id, is_anonymous, status, submitted_at, created_at) VALUES (142, 46, 1, 4, TRUE, 'submitted', '2026-07-21 12:00:00', '2026-07-21 12:05:00');
INSERT INTO evaluation_submissions (id, evaluator_id, evaluatee_id, period_id, evaluation_id, created_at) VALUES (142, 30, 46, 4, 142, '2026-07-21 12:00:00');
INSERT INTO evaluation_details (id, evaluation_id, question_id, score, comment) VALUES (1552, 142, 1, 4, NULL);
INSERT INTO evaluation_details (id, evaluation_id, question_id, score, comment) VALUES (1553, 142, 2, 4, NULL);
INSERT INTO evaluation_details (id, evaluation_id, question_id, score, comment) VALUES (1554, 142, 3, 3, NULL);
INSERT INTO evaluation_details (id, evaluation_id, question_id, score, comment) VALUES (1555, 142, 4, 4, NULL);
INSERT INTO evaluation_details (id, evaluation_id, question_id, score, comment) VALUES (1556, 142, 5, 3, NULL);
INSERT INTO evaluation_details (id, evaluation_id, question_id, score, comment) VALUES (1557, 142, 6, 4, NULL);
INSERT INTO evaluation_details (id, evaluation_id, question_id, score, comment) VALUES (1558, 142, 7, 4, NULL);
INSERT INTO evaluation_details (id, evaluation_id, question_id, score, comment) VALUES (1559, 142, 8, 4, NULL);
INSERT INTO evaluation_details (id, evaluation_id, question_id, score, comment) VALUES (1560, 142, 9, 4, NULL);
INSERT INTO evaluation_details (id, evaluation_id, question_id, score, comment) VALUES (1561, 142, 10, 4, NULL);
INSERT INTO evaluation_details (id, evaluation_id, question_id, score, comment) VALUES (1562, 142, 11, NULL, 'Muy buen líder, siempre apoya al equipo.');
INSERT INTO evaluations (id, evaluatee_id, form_id, period_id, is_anonymous, status, submitted_at, created_at) VALUES (143, 46, 1, 4, TRUE, 'submitted', '2026-07-21 12:00:00', '2026-07-21 12:05:00');
INSERT INTO evaluation_submissions (id, evaluator_id, evaluatee_id, period_id, evaluation_id, created_at) VALUES (143, 44, 46, 4, 143, '2026-07-21 12:00:00');
INSERT INTO evaluation_details (id, evaluation_id, question_id, score, comment) VALUES (1563, 143, 1, 3, NULL);
INSERT INTO evaluation_details (id, evaluation_id, question_id, score, comment) VALUES (1564, 143, 2, 3, NULL);
INSERT INTO evaluation_details (id, evaluation_id, question_id, score, comment) VALUES (1565, 143, 3, 3, NULL);
INSERT INTO evaluation_details (id, evaluation_id, question_id, score, comment) VALUES (1566, 143, 4, 4, NULL);
INSERT INTO evaluation_details (id, evaluation_id, question_id, score, comment) VALUES (1567, 143, 5, 3, NULL);
INSERT INTO evaluation_details (id, evaluation_id, question_id, score, comment) VALUES (1568, 143, 6, 3, NULL);
INSERT INTO evaluation_details (id, evaluation_id, question_id, score, comment) VALUES (1569, 143, 7, 4, NULL);
INSERT INTO evaluation_details (id, evaluation_id, question_id, score, comment) VALUES (1570, 143, 8, 4, NULL);
INSERT INTO evaluation_details (id, evaluation_id, question_id, score, comment) VALUES (1571, 143, 9, 4, NULL);
INSERT INTO evaluation_details (id, evaluation_id, question_id, score, comment) VALUES (1572, 143, 10, 3, NULL);
INSERT INTO evaluation_details (id, evaluation_id, question_id, score, comment) VALUES (1573, 143, 11, NULL, 'Nos ayuda a resolver problemas rápidamente.');
INSERT INTO evaluations (id, evaluatee_id, form_id, period_id, is_anonymous, status, submitted_at, created_at) VALUES (144, 46, 1, 4, TRUE, 'submitted', '2026-07-21 12:00:00', '2026-07-21 12:05:00');
INSERT INTO evaluation_submissions (id, evaluator_id, evaluatee_id, period_id, evaluation_id, created_at) VALUES (144, 21, 46, 4, 144, '2026-07-21 12:00:00');
INSERT INTO evaluation_details (id, evaluation_id, question_id, score, comment) VALUES (1574, 144, 1, 5, NULL);
INSERT INTO evaluation_details (id, evaluation_id, question_id, score, comment) VALUES (1575, 144, 2, 5, NULL);
INSERT INTO evaluation_details (id, evaluation_id, question_id, score, comment) VALUES (1576, 144, 3, 4, NULL);
INSERT INTO evaluation_details (id, evaluation_id, question_id, score, comment) VALUES (1577, 144, 4, 4, NULL);
INSERT INTO evaluation_details (id, evaluation_id, question_id, score, comment) VALUES (1578, 144, 5, 5, NULL);
INSERT INTO evaluation_details (id, evaluation_id, question_id, score, comment) VALUES (1579, 144, 6, 5, NULL);
INSERT INTO evaluation_details (id, evaluation_id, question_id, score, comment) VALUES (1580, 144, 7, 4, NULL);
INSERT INTO evaluation_details (id, evaluation_id, question_id, score, comment) VALUES (1581, 144, 8, 4, NULL);
INSERT INTO evaluation_details (id, evaluation_id, question_id, score, comment) VALUES (1582, 144, 9, 5, NULL);
INSERT INTO evaluation_details (id, evaluation_id, question_id, score, comment) VALUES (1583, 144, 10, 4, NULL);
INSERT INTO evaluation_details (id, evaluation_id, question_id, score, comment) VALUES (1584, 144, 11, NULL, 'En el módulo actual fue un gran apoyo, muy enfocado.');
INSERT INTO evaluations (id, evaluatee_id, form_id, period_id, is_anonymous, status, submitted_at, created_at) VALUES (145, 46, 1, 4, FALSE, 'submitted', '2026-07-21 12:00:00', '2026-07-21 12:05:00');
INSERT INTO evaluation_submissions (id, evaluator_id, evaluatee_id, period_id, evaluation_id, created_at) VALUES (145, 15, 46, 4, 145, '2026-07-21 12:00:00');
INSERT INTO evaluation_details (id, evaluation_id, question_id, score, comment) VALUES (1585, 145, 1, 4, NULL);
INSERT INTO evaluation_details (id, evaluation_id, question_id, score, comment) VALUES (1586, 145, 2, 4, NULL);
INSERT INTO evaluation_details (id, evaluation_id, question_id, score, comment) VALUES (1587, 145, 3, 4, NULL);
INSERT INTO evaluation_details (id, evaluation_id, question_id, score, comment) VALUES (1588, 145, 4, 4, NULL);
INSERT INTO evaluation_details (id, evaluation_id, question_id, score, comment) VALUES (1589, 145, 5, 3, NULL);
INSERT INTO evaluation_details (id, evaluation_id, question_id, score, comment) VALUES (1590, 145, 6, 4, NULL);
INSERT INTO evaluation_details (id, evaluation_id, question_id, score, comment) VALUES (1591, 145, 7, 4, NULL);
INSERT INTO evaluation_details (id, evaluation_id, question_id, score, comment) VALUES (1592, 145, 8, 3, NULL);
INSERT INTO evaluation_details (id, evaluation_id, question_id, score, comment) VALUES (1593, 145, 9, 3, NULL);
INSERT INTO evaluation_details (id, evaluation_id, question_id, score, comment) VALUES (1594, 145, 10, 4, NULL);
INSERT INTO evaluation_details (id, evaluation_id, question_id, score, comment) VALUES (1595, 145, 11, NULL, 'En el módulo actual fue un gran apoyo, muy enfocado.');
INSERT INTO evaluations (id, evaluatee_id, form_id, period_id, is_anonymous, status, submitted_at, created_at) VALUES (146, 46, 1, 4, FALSE, 'submitted', '2026-07-21 12:00:00', '2026-07-21 12:05:00');
INSERT INTO evaluation_submissions (id, evaluator_id, evaluatee_id, period_id, evaluation_id, created_at) VALUES (146, 22, 46, 4, 146, '2026-07-21 12:00:00');
INSERT INTO evaluation_details (id, evaluation_id, question_id, score, comment) VALUES (1596, 146, 1, 5, NULL);
INSERT INTO evaluation_details (id, evaluation_id, question_id, score, comment) VALUES (1597, 146, 2, 5, NULL);
INSERT INTO evaluation_details (id, evaluation_id, question_id, score, comment) VALUES (1598, 146, 3, 5, NULL);
INSERT INTO evaluation_details (id, evaluation_id, question_id, score, comment) VALUES (1599, 146, 4, 4, NULL);
INSERT INTO evaluation_details (id, evaluation_id, question_id, score, comment) VALUES (1600, 146, 5, 5, NULL);
INSERT INTO evaluation_details (id, evaluation_id, question_id, score, comment) VALUES (1601, 146, 6, 4, NULL);
INSERT INTO evaluation_details (id, evaluation_id, question_id, score, comment) VALUES (1602, 146, 7, 4, NULL);
INSERT INTO evaluation_details (id, evaluation_id, question_id, score, comment) VALUES (1603, 146, 8, 4, NULL);
INSERT INTO evaluation_details (id, evaluation_id, question_id, score, comment) VALUES (1604, 146, 9, 4, NULL);
INSERT INTO evaluation_details (id, evaluation_id, question_id, score, comment) VALUES (1605, 146, 10, 5, NULL);
INSERT INTO evaluation_details (id, evaluation_id, question_id, score, comment) VALUES (1606, 146, 11, NULL, 'Muy buen líder, siempre apoya al equipo.');
INSERT INTO evaluations (id, evaluatee_id, form_id, period_id, is_anonymous, status, submitted_at, created_at) VALUES (147, 47, 1, 1, FALSE, 'submitted', '2026-07-21 12:00:00', '2026-07-21 12:05:00');
INSERT INTO evaluation_submissions (id, evaluator_id, evaluatee_id, period_id, evaluation_id, created_at) VALUES (147, 35, 47, 1, 147, '2026-07-21 12:00:00');
INSERT INTO evaluation_details (id, evaluation_id, question_id, score, comment) VALUES (1607, 147, 1, 4, NULL);
INSERT INTO evaluation_details (id, evaluation_id, question_id, score, comment) VALUES (1608, 147, 2, 4, NULL);
INSERT INTO evaluation_details (id, evaluation_id, question_id, score, comment) VALUES (1609, 147, 3, 3, NULL);
INSERT INTO evaluation_details (id, evaluation_id, question_id, score, comment) VALUES (1610, 147, 4, 4, NULL);
INSERT INTO evaluation_details (id, evaluation_id, question_id, score, comment) VALUES (1611, 147, 5, 4, NULL);
INSERT INTO evaluation_details (id, evaluation_id, question_id, score, comment) VALUES (1612, 147, 6, 4, NULL);
INSERT INTO evaluation_details (id, evaluation_id, question_id, score, comment) VALUES (1613, 147, 7, 4, NULL);
INSERT INTO evaluation_details (id, evaluation_id, question_id, score, comment) VALUES (1614, 147, 8, 5, NULL);
INSERT INTO evaluation_details (id, evaluation_id, question_id, score, comment) VALUES (1615, 147, 9, 4, NULL);
INSERT INTO evaluation_details (id, evaluation_id, question_id, score, comment) VALUES (1616, 147, 10, 5, NULL);
INSERT INTO evaluation_details (id, evaluation_id, question_id, score, comment) VALUES (1617, 147, 11, NULL, 'Muy buen líder, siempre apoya al equipo.');
INSERT INTO evaluations (id, evaluatee_id, form_id, period_id, is_anonymous, status, submitted_at, created_at) VALUES (148, 47, 1, 1, TRUE, 'submitted', '2026-07-21 12:00:00', '2026-07-21 12:05:00');
INSERT INTO evaluation_submissions (id, evaluator_id, evaluatee_id, period_id, evaluation_id, created_at) VALUES (148, 29, 47, 1, 148, '2026-07-21 12:00:00');
INSERT INTO evaluation_details (id, evaluation_id, question_id, score, comment) VALUES (1618, 148, 1, 4, NULL);
INSERT INTO evaluation_details (id, evaluation_id, question_id, score, comment) VALUES (1619, 148, 2, 3, NULL);
INSERT INTO evaluation_details (id, evaluation_id, question_id, score, comment) VALUES (1620, 148, 3, 4, NULL);
INSERT INTO evaluation_details (id, evaluation_id, question_id, score, comment) VALUES (1621, 148, 4, 4, NULL);
INSERT INTO evaluation_details (id, evaluation_id, question_id, score, comment) VALUES (1622, 148, 5, 4, NULL);
INSERT INTO evaluation_details (id, evaluation_id, question_id, score, comment) VALUES (1623, 148, 6, 4, NULL);
INSERT INTO evaluation_details (id, evaluation_id, question_id, score, comment) VALUES (1624, 148, 7, 4, NULL);
INSERT INTO evaluation_details (id, evaluation_id, question_id, score, comment) VALUES (1625, 148, 8, 4, NULL);
INSERT INTO evaluation_details (id, evaluation_id, question_id, score, comment) VALUES (1626, 148, 9, 4, NULL);
INSERT INTO evaluation_details (id, evaluation_id, question_id, score, comment) VALUES (1627, 148, 10, 4, NULL);
INSERT INTO evaluation_details (id, evaluation_id, question_id, score, comment) VALUES (1628, 148, 11, NULL, 'Debería dar más feedback en los PRs.');
INSERT INTO evaluations (id, evaluatee_id, form_id, period_id, is_anonymous, status, submitted_at, created_at) VALUES (149, 47, 1, 1, FALSE, 'submitted', '2026-07-21 12:00:00', '2026-07-21 12:05:00');
INSERT INTO evaluation_submissions (id, evaluator_id, evaluatee_id, period_id, evaluation_id, created_at) VALUES (149, 12, 47, 1, 149, '2026-07-21 12:00:00');
INSERT INTO evaluation_details (id, evaluation_id, question_id, score, comment) VALUES (1629, 149, 1, 4, NULL);
INSERT INTO evaluation_details (id, evaluation_id, question_id, score, comment) VALUES (1630, 149, 2, 5, NULL);
INSERT INTO evaluation_details (id, evaluation_id, question_id, score, comment) VALUES (1631, 149, 3, 5, NULL);
INSERT INTO evaluation_details (id, evaluation_id, question_id, score, comment) VALUES (1632, 149, 4, 4, NULL);
INSERT INTO evaluation_details (id, evaluation_id, question_id, score, comment) VALUES (1633, 149, 5, 4, NULL);
INSERT INTO evaluation_details (id, evaluation_id, question_id, score, comment) VALUES (1634, 149, 6, 5, NULL);
INSERT INTO evaluation_details (id, evaluation_id, question_id, score, comment) VALUES (1635, 149, 7, 4, NULL);
INSERT INTO evaluation_details (id, evaluation_id, question_id, score, comment) VALUES (1636, 149, 8, 4, NULL);
INSERT INTO evaluation_details (id, evaluation_id, question_id, score, comment) VALUES (1637, 149, 9, 4, NULL);
INSERT INTO evaluation_details (id, evaluation_id, question_id, score, comment) VALUES (1638, 149, 10, 4, NULL);
INSERT INTO evaluation_details (id, evaluation_id, question_id, score, comment) VALUES (1639, 149, 11, NULL, 'Me gustaría que hiciera sesiones de pair programming.');
INSERT INTO evaluations (id, evaluatee_id, form_id, period_id, is_anonymous, status, submitted_at, created_at) VALUES (150, 47, 1, 1, FALSE, 'submitted', '2026-07-21 12:00:00', '2026-07-21 12:05:00');
INSERT INTO evaluation_submissions (id, evaluator_id, evaluatee_id, period_id, evaluation_id, created_at) VALUES (150, 13, 47, 1, 150, '2026-07-21 12:00:00');
INSERT INTO evaluation_details (id, evaluation_id, question_id, score, comment) VALUES (1640, 150, 1, 4, NULL);
INSERT INTO evaluation_details (id, evaluation_id, question_id, score, comment) VALUES (1641, 150, 2, 4, NULL);
INSERT INTO evaluation_details (id, evaluation_id, question_id, score, comment) VALUES (1642, 150, 3, 4, NULL);
INSERT INTO evaluation_details (id, evaluation_id, question_id, score, comment) VALUES (1643, 150, 4, 4, NULL);
INSERT INTO evaluation_details (id, evaluation_id, question_id, score, comment) VALUES (1644, 150, 5, 4, NULL);
INSERT INTO evaluation_details (id, evaluation_id, question_id, score, comment) VALUES (1645, 150, 6, 3, NULL);
INSERT INTO evaluation_details (id, evaluation_id, question_id, score, comment) VALUES (1646, 150, 7, 4, NULL);
INSERT INTO evaluation_details (id, evaluation_id, question_id, score, comment) VALUES (1647, 150, 8, 3, NULL);
INSERT INTO evaluation_details (id, evaluation_id, question_id, score, comment) VALUES (1648, 150, 9, 4, NULL);
INSERT INTO evaluation_details (id, evaluation_id, question_id, score, comment) VALUES (1649, 150, 10, 3, NULL);
INSERT INTO evaluation_details (id, evaluation_id, question_id, score, comment) VALUES (1650, 150, 11, NULL, 'Debería dar más feedback en los PRs.');
INSERT INTO evaluations (id, evaluatee_id, form_id, period_id, is_anonymous, status, submitted_at, created_at) VALUES (151, 47, 1, 1, TRUE, 'submitted', '2026-07-21 12:00:00', '2026-07-21 12:05:00');
INSERT INTO evaluation_submissions (id, evaluator_id, evaluatee_id, period_id, evaluation_id, created_at) VALUES (151, 40, 47, 1, 151, '2026-07-21 12:00:00');
INSERT INTO evaluation_details (id, evaluation_id, question_id, score, comment) VALUES (1651, 151, 1, 4, NULL);
INSERT INTO evaluation_details (id, evaluation_id, question_id, score, comment) VALUES (1652, 151, 2, 4, NULL);
INSERT INTO evaluation_details (id, evaluation_id, question_id, score, comment) VALUES (1653, 151, 3, 5, NULL);
INSERT INTO evaluation_details (id, evaluation_id, question_id, score, comment) VALUES (1654, 151, 4, 3, NULL);
INSERT INTO evaluation_details (id, evaluation_id, question_id, score, comment) VALUES (1655, 151, 5, 3, NULL);
INSERT INTO evaluation_details (id, evaluation_id, question_id, score, comment) VALUES (1656, 151, 6, 4, NULL);
INSERT INTO evaluation_details (id, evaluation_id, question_id, score, comment) VALUES (1657, 151, 7, 3, NULL);
INSERT INTO evaluation_details (id, evaluation_id, question_id, score, comment) VALUES (1658, 151, 8, 3, NULL);
INSERT INTO evaluation_details (id, evaluation_id, question_id, score, comment) VALUES (1659, 151, 9, 4, NULL);
INSERT INTO evaluation_details (id, evaluation_id, question_id, score, comment) VALUES (1660, 151, 10, 3, NULL);
INSERT INTO evaluation_details (id, evaluation_id, question_id, score, comment) VALUES (1661, 151, 11, NULL, 'Debería dar más feedback en los PRs.');
INSERT INTO evaluations (id, evaluatee_id, form_id, period_id, is_anonymous, status, submitted_at, created_at) VALUES (152, 47, 1, 1, FALSE, 'submitted', '2026-07-21 12:00:00', '2026-07-21 12:05:00');
INSERT INTO evaluation_submissions (id, evaluator_id, evaluatee_id, period_id, evaluation_id, created_at) VALUES (152, 45, 47, 1, 152, '2026-07-21 12:00:00');
INSERT INTO evaluation_details (id, evaluation_id, question_id, score, comment) VALUES (1662, 152, 1, 4, NULL);
INSERT INTO evaluation_details (id, evaluation_id, question_id, score, comment) VALUES (1663, 152, 2, 4, NULL);
INSERT INTO evaluation_details (id, evaluation_id, question_id, score, comment) VALUES (1664, 152, 3, 4, NULL);
INSERT INTO evaluation_details (id, evaluation_id, question_id, score, comment) VALUES (1665, 152, 4, 4, NULL);
INSERT INTO evaluation_details (id, evaluation_id, question_id, score, comment) VALUES (1666, 152, 5, 4, NULL);
INSERT INTO evaluation_details (id, evaluation_id, question_id, score, comment) VALUES (1667, 152, 6, 4, NULL);
INSERT INTO evaluation_details (id, evaluation_id, question_id, score, comment) VALUES (1668, 152, 7, 4, NULL);
INSERT INTO evaluation_details (id, evaluation_id, question_id, score, comment) VALUES (1669, 152, 8, 4, NULL);
INSERT INTO evaluation_details (id, evaluation_id, question_id, score, comment) VALUES (1670, 152, 9, 4, NULL);
INSERT INTO evaluation_details (id, evaluation_id, question_id, score, comment) VALUES (1671, 152, 10, 4, NULL);
INSERT INTO evaluation_details (id, evaluation_id, question_id, score, comment) VALUES (1672, 152, 11, NULL, 'Debería dar más feedback en los PRs.');
INSERT INTO evaluations (id, evaluatee_id, form_id, period_id, is_anonymous, status, submitted_at, created_at) VALUES (153, 47, 1, 1, FALSE, 'submitted', '2026-07-21 12:00:00', '2026-07-21 12:05:00');
INSERT INTO evaluation_submissions (id, evaluator_id, evaluatee_id, period_id, evaluation_id, created_at) VALUES (153, 27, 47, 1, 153, '2026-07-21 12:00:00');
INSERT INTO evaluation_details (id, evaluation_id, question_id, score, comment) VALUES (1673, 153, 1, 4, NULL);
INSERT INTO evaluation_details (id, evaluation_id, question_id, score, comment) VALUES (1674, 153, 2, 4, NULL);
INSERT INTO evaluation_details (id, evaluation_id, question_id, score, comment) VALUES (1675, 153, 3, 4, NULL);
INSERT INTO evaluation_details (id, evaluation_id, question_id, score, comment) VALUES (1676, 153, 4, 4, NULL);
INSERT INTO evaluation_details (id, evaluation_id, question_id, score, comment) VALUES (1677, 153, 5, 5, NULL);
INSERT INTO evaluation_details (id, evaluation_id, question_id, score, comment) VALUES (1678, 153, 6, 4, NULL);
INSERT INTO evaluation_details (id, evaluation_id, question_id, score, comment) VALUES (1679, 153, 7, 3, NULL);
INSERT INTO evaluation_details (id, evaluation_id, question_id, score, comment) VALUES (1680, 153, 8, 4, NULL);
INSERT INTO evaluation_details (id, evaluation_id, question_id, score, comment) VALUES (1681, 153, 9, 5, NULL);
INSERT INTO evaluation_details (id, evaluation_id, question_id, score, comment) VALUES (1682, 153, 10, 3, NULL);
INSERT INTO evaluation_details (id, evaluation_id, question_id, score, comment) VALUES (1683, 153, 11, NULL, 'Excelente disposición.');
INSERT INTO evaluations (id, evaluatee_id, form_id, period_id, is_anonymous, status, submitted_at, created_at) VALUES (154, 47, 1, 1, TRUE, 'submitted', '2026-07-21 12:00:00', '2026-07-21 12:05:00');
INSERT INTO evaluation_submissions (id, evaluator_id, evaluatee_id, period_id, evaluation_id, created_at) VALUES (154, 39, 47, 1, 154, '2026-07-21 12:00:00');
INSERT INTO evaluation_details (id, evaluation_id, question_id, score, comment) VALUES (1684, 154, 1, 4, NULL);
INSERT INTO evaluation_details (id, evaluation_id, question_id, score, comment) VALUES (1685, 154, 2, 5, NULL);
INSERT INTO evaluation_details (id, evaluation_id, question_id, score, comment) VALUES (1686, 154, 3, 4, NULL);
INSERT INTO evaluation_details (id, evaluation_id, question_id, score, comment) VALUES (1687, 154, 4, 4, NULL);
INSERT INTO evaluation_details (id, evaluation_id, question_id, score, comment) VALUES (1688, 154, 5, 5, NULL);
INSERT INTO evaluation_details (id, evaluation_id, question_id, score, comment) VALUES (1689, 154, 6, 4, NULL);
INSERT INTO evaluation_details (id, evaluation_id, question_id, score, comment) VALUES (1690, 154, 7, 4, NULL);
INSERT INTO evaluation_details (id, evaluation_id, question_id, score, comment) VALUES (1691, 154, 8, 4, NULL);
INSERT INTO evaluation_details (id, evaluation_id, question_id, score, comment) VALUES (1692, 154, 9, 4, NULL);
INSERT INTO evaluation_details (id, evaluation_id, question_id, score, comment) VALUES (1693, 154, 10, 3, NULL);
INSERT INTO evaluation_details (id, evaluation_id, question_id, score, comment) VALUES (1694, 154, 11, NULL, 'Excelente disposición.');
INSERT INTO evaluations (id, evaluatee_id, form_id, period_id, is_anonymous, status, submitted_at, created_at) VALUES (155, 47, 1, 1, TRUE, 'submitted', '2026-07-21 12:00:00', '2026-07-21 12:05:00');
INSERT INTO evaluation_submissions (id, evaluator_id, evaluatee_id, period_id, evaluation_id, created_at) VALUES (155, 30, 47, 1, 155, '2026-07-21 12:00:00');
INSERT INTO evaluation_details (id, evaluation_id, question_id, score, comment) VALUES (1695, 155, 1, 4, NULL);
INSERT INTO evaluation_details (id, evaluation_id, question_id, score, comment) VALUES (1696, 155, 2, 3, NULL);
INSERT INTO evaluation_details (id, evaluation_id, question_id, score, comment) VALUES (1697, 155, 3, 3, NULL);
INSERT INTO evaluation_details (id, evaluation_id, question_id, score, comment) VALUES (1698, 155, 4, 4, NULL);
INSERT INTO evaluation_details (id, evaluation_id, question_id, score, comment) VALUES (1699, 155, 5, 4, NULL);
INSERT INTO evaluation_details (id, evaluation_id, question_id, score, comment) VALUES (1700, 155, 6, 4, NULL);
INSERT INTO evaluation_details (id, evaluation_id, question_id, score, comment) VALUES (1701, 155, 7, 5, NULL);
INSERT INTO evaluation_details (id, evaluation_id, question_id, score, comment) VALUES (1702, 155, 8, 3, NULL);
INSERT INTO evaluation_details (id, evaluation_id, question_id, score, comment) VALUES (1703, 155, 9, 4, NULL);
INSERT INTO evaluation_details (id, evaluation_id, question_id, score, comment) VALUES (1704, 155, 10, 4, NULL);
INSERT INTO evaluation_details (id, evaluation_id, question_id, score, comment) VALUES (1705, 155, 11, NULL, 'Debería dar más feedback en los PRs.');
INSERT INTO evaluations (id, evaluatee_id, form_id, period_id, is_anonymous, status, submitted_at, created_at) VALUES (156, 47, 1, 1, FALSE, 'submitted', '2026-07-21 12:00:00', '2026-07-21 12:05:00');
INSERT INTO evaluation_submissions (id, evaluator_id, evaluatee_id, period_id, evaluation_id, created_at) VALUES (156, 44, 47, 1, 156, '2026-07-21 12:00:00');
INSERT INTO evaluation_details (id, evaluation_id, question_id, score, comment) VALUES (1706, 156, 1, 3, NULL);
INSERT INTO evaluation_details (id, evaluation_id, question_id, score, comment) VALUES (1707, 156, 2, 3, NULL);
INSERT INTO evaluation_details (id, evaluation_id, question_id, score, comment) VALUES (1708, 156, 3, 4, NULL);
INSERT INTO evaluation_details (id, evaluation_id, question_id, score, comment) VALUES (1709, 156, 4, 4, NULL);
INSERT INTO evaluation_details (id, evaluation_id, question_id, score, comment) VALUES (1710, 156, 5, 3, NULL);
INSERT INTO evaluation_details (id, evaluation_id, question_id, score, comment) VALUES (1711, 156, 6, 3, NULL);
INSERT INTO evaluation_details (id, evaluation_id, question_id, score, comment) VALUES (1712, 156, 7, 3, NULL);
INSERT INTO evaluation_details (id, evaluation_id, question_id, score, comment) VALUES (1713, 156, 8, 3, NULL);
INSERT INTO evaluation_details (id, evaluation_id, question_id, score, comment) VALUES (1714, 156, 9, 4, NULL);
INSERT INTO evaluation_details (id, evaluation_id, question_id, score, comment) VALUES (1715, 156, 10, 4, NULL);
INSERT INTO evaluation_details (id, evaluation_id, question_id, score, comment) VALUES (1716, 156, 11, NULL, 'Debería dar más feedback en los PRs.');
INSERT INTO evaluations (id, evaluatee_id, form_id, period_id, is_anonymous, status, submitted_at, created_at) VALUES (157, 47, 1, 2, TRUE, 'submitted', '2026-07-21 12:00:00', '2026-07-21 12:05:00');
INSERT INTO evaluation_submissions (id, evaluator_id, evaluatee_id, period_id, evaluation_id, created_at) VALUES (157, 26, 47, 2, 157, '2026-07-21 12:00:00');
INSERT INTO evaluation_details (id, evaluation_id, question_id, score, comment) VALUES (1717, 157, 1, 5, NULL);
INSERT INTO evaluation_details (id, evaluation_id, question_id, score, comment) VALUES (1718, 157, 2, 4, NULL);
INSERT INTO evaluation_details (id, evaluation_id, question_id, score, comment) VALUES (1719, 157, 3, 4, NULL);
INSERT INTO evaluation_details (id, evaluation_id, question_id, score, comment) VALUES (1720, 157, 4, 4, NULL);
INSERT INTO evaluation_details (id, evaluation_id, question_id, score, comment) VALUES (1721, 157, 5, 5, NULL);
INSERT INTO evaluation_details (id, evaluation_id, question_id, score, comment) VALUES (1722, 157, 6, 4, NULL);
INSERT INTO evaluation_details (id, evaluation_id, question_id, score, comment) VALUES (1723, 157, 7, 4, NULL);
INSERT INTO evaluation_details (id, evaluation_id, question_id, score, comment) VALUES (1724, 157, 8, 5, NULL);
INSERT INTO evaluation_details (id, evaluation_id, question_id, score, comment) VALUES (1725, 157, 9, 5, NULL);
INSERT INTO evaluation_details (id, evaluation_id, question_id, score, comment) VALUES (1726, 157, 10, 4, NULL);
INSERT INTO evaluation_details (id, evaluation_id, question_id, score, comment) VALUES (1727, 157, 11, NULL, 'Me gustaría que hiciera sesiones de pair programming.');
INSERT INTO evaluations (id, evaluatee_id, form_id, period_id, is_anonymous, status, submitted_at, created_at) VALUES (158, 47, 1, 2, FALSE, 'submitted', '2026-07-21 12:00:00', '2026-07-21 12:05:00');
INSERT INTO evaluation_submissions (id, evaluator_id, evaluatee_id, period_id, evaluation_id, created_at) VALUES (158, 25, 47, 2, 158, '2026-07-21 12:00:00');
INSERT INTO evaluation_details (id, evaluation_id, question_id, score, comment) VALUES (1728, 158, 1, 3, NULL);
INSERT INTO evaluation_details (id, evaluation_id, question_id, score, comment) VALUES (1729, 158, 2, 3, NULL);
INSERT INTO evaluation_details (id, evaluation_id, question_id, score, comment) VALUES (1730, 158, 3, 4, NULL);
INSERT INTO evaluation_details (id, evaluation_id, question_id, score, comment) VALUES (1731, 158, 4, 4, NULL);
INSERT INTO evaluation_details (id, evaluation_id, question_id, score, comment) VALUES (1732, 158, 5, 4, NULL);
INSERT INTO evaluation_details (id, evaluation_id, question_id, score, comment) VALUES (1733, 158, 6, 4, NULL);
INSERT INTO evaluation_details (id, evaluation_id, question_id, score, comment) VALUES (1734, 158, 7, 4, NULL);
INSERT INTO evaluation_details (id, evaluation_id, question_id, score, comment) VALUES (1735, 158, 8, 4, NULL);
INSERT INTO evaluation_details (id, evaluation_id, question_id, score, comment) VALUES (1736, 158, 9, 4, NULL);
INSERT INTO evaluation_details (id, evaluation_id, question_id, score, comment) VALUES (1737, 158, 10, 4, NULL);
INSERT INTO evaluation_details (id, evaluation_id, question_id, score, comment) VALUES (1738, 158, 11, NULL, 'Me gustaría que hiciera sesiones de pair programming.');
INSERT INTO evaluations (id, evaluatee_id, form_id, period_id, is_anonymous, status, submitted_at, created_at) VALUES (159, 47, 1, 2, TRUE, 'submitted', '2026-07-21 12:00:00', '2026-07-21 12:05:00');
INSERT INTO evaluation_submissions (id, evaluator_id, evaluatee_id, period_id, evaluation_id, created_at) VALUES (159, 20, 47, 2, 159, '2026-07-21 12:00:00');
INSERT INTO evaluation_details (id, evaluation_id, question_id, score, comment) VALUES (1739, 159, 1, 4, NULL);
INSERT INTO evaluation_details (id, evaluation_id, question_id, score, comment) VALUES (1740, 159, 2, 3, NULL);
INSERT INTO evaluation_details (id, evaluation_id, question_id, score, comment) VALUES (1741, 159, 3, 3, NULL);
INSERT INTO evaluation_details (id, evaluation_id, question_id, score, comment) VALUES (1742, 159, 4, 3, NULL);
INSERT INTO evaluation_details (id, evaluation_id, question_id, score, comment) VALUES (1743, 159, 5, 3, NULL);
INSERT INTO evaluation_details (id, evaluation_id, question_id, score, comment) VALUES (1744, 159, 6, 3, NULL);
INSERT INTO evaluation_details (id, evaluation_id, question_id, score, comment) VALUES (1745, 159, 7, 4, NULL);
INSERT INTO evaluation_details (id, evaluation_id, question_id, score, comment) VALUES (1746, 159, 8, 4, NULL);
INSERT INTO evaluation_details (id, evaluation_id, question_id, score, comment) VALUES (1747, 159, 9, 4, NULL);
INSERT INTO evaluation_details (id, evaluation_id, question_id, score, comment) VALUES (1748, 159, 10, 4, NULL);
INSERT INTO evaluation_details (id, evaluation_id, question_id, score, comment) VALUES (1749, 159, 11, NULL, 'En el módulo actual fue un gran apoyo, muy enfocado.');
INSERT INTO evaluations (id, evaluatee_id, form_id, period_id, is_anonymous, status, submitted_at, created_at) VALUES (160, 47, 1, 2, FALSE, 'submitted', '2026-07-21 12:00:00', '2026-07-21 12:05:00');
INSERT INTO evaluation_submissions (id, evaluator_id, evaluatee_id, period_id, evaluation_id, created_at) VALUES (160, 28, 47, 2, 160, '2026-07-21 12:00:00');
INSERT INTO evaluation_details (id, evaluation_id, question_id, score, comment) VALUES (1750, 160, 1, 4, NULL);
INSERT INTO evaluation_details (id, evaluation_id, question_id, score, comment) VALUES (1751, 160, 2, 5, NULL);
INSERT INTO evaluation_details (id, evaluation_id, question_id, score, comment) VALUES (1752, 160, 3, 4, NULL);
INSERT INTO evaluation_details (id, evaluation_id, question_id, score, comment) VALUES (1753, 160, 4, 4, NULL);
INSERT INTO evaluation_details (id, evaluation_id, question_id, score, comment) VALUES (1754, 160, 5, 3, NULL);
INSERT INTO evaluation_details (id, evaluation_id, question_id, score, comment) VALUES (1755, 160, 6, 4, NULL);
INSERT INTO evaluation_details (id, evaluation_id, question_id, score, comment) VALUES (1756, 160, 7, 3, NULL);
INSERT INTO evaluation_details (id, evaluation_id, question_id, score, comment) VALUES (1757, 160, 8, 4, NULL);
INSERT INTO evaluation_details (id, evaluation_id, question_id, score, comment) VALUES (1758, 160, 9, 4, NULL);
INSERT INTO evaluation_details (id, evaluation_id, question_id, score, comment) VALUES (1759, 160, 10, 3, NULL);
INSERT INTO evaluation_details (id, evaluation_id, question_id, score, comment) VALUES (1760, 160, 11, NULL, 'Excelente disposición.');
INSERT INTO evaluations (id, evaluatee_id, form_id, period_id, is_anonymous, status, submitted_at, created_at) VALUES (161, 47, 1, 2, FALSE, 'submitted', '2026-07-21 12:00:00', '2026-07-21 12:05:00');
INSERT INTO evaluation_submissions (id, evaluator_id, evaluatee_id, period_id, evaluation_id, created_at) VALUES (161, 19, 47, 2, 161, '2026-07-21 12:00:00');
INSERT INTO evaluation_details (id, evaluation_id, question_id, score, comment) VALUES (1761, 161, 1, 5, NULL);
INSERT INTO evaluation_details (id, evaluation_id, question_id, score, comment) VALUES (1762, 161, 2, 4, NULL);
INSERT INTO evaluation_details (id, evaluation_id, question_id, score, comment) VALUES (1763, 161, 3, 4, NULL);
INSERT INTO evaluation_details (id, evaluation_id, question_id, score, comment) VALUES (1764, 161, 4, 4, NULL);
INSERT INTO evaluation_details (id, evaluation_id, question_id, score, comment) VALUES (1765, 161, 5, 5, NULL);
INSERT INTO evaluation_details (id, evaluation_id, question_id, score, comment) VALUES (1766, 161, 6, 4, NULL);
INSERT INTO evaluation_details (id, evaluation_id, question_id, score, comment) VALUES (1767, 161, 7, 4, NULL);
INSERT INTO evaluation_details (id, evaluation_id, question_id, score, comment) VALUES (1768, 161, 8, 4, NULL);
INSERT INTO evaluation_details (id, evaluation_id, question_id, score, comment) VALUES (1769, 161, 9, 4, NULL);
INSERT INTO evaluation_details (id, evaluation_id, question_id, score, comment) VALUES (1770, 161, 10, 4, NULL);
INSERT INTO evaluation_details (id, evaluation_id, question_id, score, comment) VALUES (1771, 161, 11, NULL, 'Me gustaría que hiciera sesiones de pair programming.');
INSERT INTO evaluations (id, evaluatee_id, form_id, period_id, is_anonymous, status, submitted_at, created_at) VALUES (162, 47, 1, 2, FALSE, 'submitted', '2026-07-21 12:00:00', '2026-07-21 12:05:00');
INSERT INTO evaluation_submissions (id, evaluator_id, evaluatee_id, period_id, evaluation_id, created_at) VALUES (162, 29, 47, 2, 162, '2026-07-21 12:00:00');
INSERT INTO evaluation_details (id, evaluation_id, question_id, score, comment) VALUES (1772, 162, 1, 5, NULL);
INSERT INTO evaluation_details (id, evaluation_id, question_id, score, comment) VALUES (1773, 162, 2, 4, NULL);
INSERT INTO evaluation_details (id, evaluation_id, question_id, score, comment) VALUES (1774, 162, 3, 4, NULL);
INSERT INTO evaluation_details (id, evaluation_id, question_id, score, comment) VALUES (1775, 162, 4, 4, NULL);
INSERT INTO evaluation_details (id, evaluation_id, question_id, score, comment) VALUES (1776, 162, 5, 5, NULL);
INSERT INTO evaluation_details (id, evaluation_id, question_id, score, comment) VALUES (1777, 162, 6, 4, NULL);
INSERT INTO evaluation_details (id, evaluation_id, question_id, score, comment) VALUES (1778, 162, 7, 5, NULL);
INSERT INTO evaluation_details (id, evaluation_id, question_id, score, comment) VALUES (1779, 162, 8, 3, NULL);
INSERT INTO evaluation_details (id, evaluation_id, question_id, score, comment) VALUES (1780, 162, 9, 4, NULL);
INSERT INTO evaluation_details (id, evaluation_id, question_id, score, comment) VALUES (1781, 162, 10, 4, NULL);
INSERT INTO evaluation_details (id, evaluation_id, question_id, score, comment) VALUES (1782, 162, 11, NULL, 'Me gustaría que hiciera sesiones de pair programming.');
INSERT INTO evaluations (id, evaluatee_id, form_id, period_id, is_anonymous, status, submitted_at, created_at) VALUES (163, 47, 1, 2, FALSE, 'submitted', '2026-07-21 12:00:00', '2026-07-21 12:05:00');
INSERT INTO evaluation_submissions (id, evaluator_id, evaluatee_id, period_id, evaluation_id, created_at) VALUES (163, 33, 47, 2, 163, '2026-07-21 12:00:00');
INSERT INTO evaluation_details (id, evaluation_id, question_id, score, comment) VALUES (1783, 163, 1, 4, NULL);
INSERT INTO evaluation_details (id, evaluation_id, question_id, score, comment) VALUES (1784, 163, 2, 4, NULL);
INSERT INTO evaluation_details (id, evaluation_id, question_id, score, comment) VALUES (1785, 163, 3, 5, NULL);
INSERT INTO evaluation_details (id, evaluation_id, question_id, score, comment) VALUES (1786, 163, 4, 4, NULL);
INSERT INTO evaluation_details (id, evaluation_id, question_id, score, comment) VALUES (1787, 163, 5, 5, NULL);
INSERT INTO evaluation_details (id, evaluation_id, question_id, score, comment) VALUES (1788, 163, 6, 4, NULL);
INSERT INTO evaluation_details (id, evaluation_id, question_id, score, comment) VALUES (1789, 163, 7, 4, NULL);
INSERT INTO evaluation_details (id, evaluation_id, question_id, score, comment) VALUES (1790, 163, 8, 4, NULL);
INSERT INTO evaluation_details (id, evaluation_id, question_id, score, comment) VALUES (1791, 163, 9, 3, NULL);
INSERT INTO evaluation_details (id, evaluation_id, question_id, score, comment) VALUES (1792, 163, 10, 4, NULL);
INSERT INTO evaluation_details (id, evaluation_id, question_id, score, comment) VALUES (1793, 163, 11, NULL, 'Muy buen líder, siempre apoya al equipo.');
INSERT INTO evaluations (id, evaluatee_id, form_id, period_id, is_anonymous, status, submitted_at, created_at) VALUES (164, 47, 1, 2, FALSE, 'submitted', '2026-07-21 12:00:00', '2026-07-21 12:05:00');
INSERT INTO evaluation_submissions (id, evaluator_id, evaluatee_id, period_id, evaluation_id, created_at) VALUES (164, 45, 47, 2, 164, '2026-07-21 12:00:00');
INSERT INTO evaluation_details (id, evaluation_id, question_id, score, comment) VALUES (1794, 164, 1, 4, NULL);
INSERT INTO evaluation_details (id, evaluation_id, question_id, score, comment) VALUES (1795, 164, 2, 3, NULL);
INSERT INTO evaluation_details (id, evaluation_id, question_id, score, comment) VALUES (1796, 164, 3, 4, NULL);
INSERT INTO evaluation_details (id, evaluation_id, question_id, score, comment) VALUES (1797, 164, 4, 4, NULL);
INSERT INTO evaluation_details (id, evaluation_id, question_id, score, comment) VALUES (1798, 164, 5, 4, NULL);
INSERT INTO evaluation_details (id, evaluation_id, question_id, score, comment) VALUES (1799, 164, 6, 4, NULL);
INSERT INTO evaluation_details (id, evaluation_id, question_id, score, comment) VALUES (1800, 164, 7, 3, NULL);
INSERT INTO evaluation_details (id, evaluation_id, question_id, score, comment) VALUES (1801, 164, 8, 4, NULL);
INSERT INTO evaluation_details (id, evaluation_id, question_id, score, comment) VALUES (1802, 164, 9, 4, NULL);
INSERT INTO evaluation_details (id, evaluation_id, question_id, score, comment) VALUES (1803, 164, 10, 4, NULL);
INSERT INTO evaluation_details (id, evaluation_id, question_id, score, comment) VALUES (1804, 164, 11, NULL, 'Excelente disposición.');
INSERT INTO evaluations (id, evaluatee_id, form_id, period_id, is_anonymous, status, submitted_at, created_at) VALUES (165, 47, 1, 2, FALSE, 'submitted', '2026-07-21 12:00:00', '2026-07-21 12:05:00');
INSERT INTO evaluation_submissions (id, evaluator_id, evaluatee_id, period_id, evaluation_id, created_at) VALUES (165, 41, 47, 2, 165, '2026-07-21 12:00:00');
INSERT INTO evaluation_details (id, evaluation_id, question_id, score, comment) VALUES (1805, 165, 1, 4, NULL);
INSERT INTO evaluation_details (id, evaluation_id, question_id, score, comment) VALUES (1806, 165, 2, 4, NULL);
INSERT INTO evaluation_details (id, evaluation_id, question_id, score, comment) VALUES (1807, 165, 3, 4, NULL);
INSERT INTO evaluation_details (id, evaluation_id, question_id, score, comment) VALUES (1808, 165, 4, 4, NULL);
INSERT INTO evaluation_details (id, evaluation_id, question_id, score, comment) VALUES (1809, 165, 5, 4, NULL);
INSERT INTO evaluation_details (id, evaluation_id, question_id, score, comment) VALUES (1810, 165, 6, 4, NULL);
INSERT INTO evaluation_details (id, evaluation_id, question_id, score, comment) VALUES (1811, 165, 7, 5, NULL);
INSERT INTO evaluation_details (id, evaluation_id, question_id, score, comment) VALUES (1812, 165, 8, 5, NULL);
INSERT INTO evaluation_details (id, evaluation_id, question_id, score, comment) VALUES (1813, 165, 9, 5, NULL);
INSERT INTO evaluation_details (id, evaluation_id, question_id, score, comment) VALUES (1814, 165, 10, 4, NULL);
INSERT INTO evaluation_details (id, evaluation_id, question_id, score, comment) VALUES (1815, 165, 11, NULL, 'Debería dar más feedback en los PRs.');
INSERT INTO evaluations (id, evaluatee_id, form_id, period_id, is_anonymous, status, submitted_at, created_at) VALUES (166, 47, 1, 2, TRUE, 'submitted', '2026-07-21 12:00:00', '2026-07-21 12:05:00');
INSERT INTO evaluation_submissions (id, evaluator_id, evaluatee_id, period_id, evaluation_id, created_at) VALUES (166, 18, 47, 2, 166, '2026-07-21 12:00:00');
INSERT INTO evaluation_details (id, evaluation_id, question_id, score, comment) VALUES (1816, 166, 1, 4, NULL);
INSERT INTO evaluation_details (id, evaluation_id, question_id, score, comment) VALUES (1817, 166, 2, 4, NULL);
INSERT INTO evaluation_details (id, evaluation_id, question_id, score, comment) VALUES (1818, 166, 3, 4, NULL);
INSERT INTO evaluation_details (id, evaluation_id, question_id, score, comment) VALUES (1819, 166, 4, 4, NULL);
INSERT INTO evaluation_details (id, evaluation_id, question_id, score, comment) VALUES (1820, 166, 5, 5, NULL);
INSERT INTO evaluation_details (id, evaluation_id, question_id, score, comment) VALUES (1821, 166, 6, 5, NULL);
INSERT INTO evaluation_details (id, evaluation_id, question_id, score, comment) VALUES (1822, 166, 7, 5, NULL);
INSERT INTO evaluation_details (id, evaluation_id, question_id, score, comment) VALUES (1823, 166, 8, 5, NULL);
INSERT INTO evaluation_details (id, evaluation_id, question_id, score, comment) VALUES (1824, 166, 9, 5, NULL);
INSERT INTO evaluation_details (id, evaluation_id, question_id, score, comment) VALUES (1825, 166, 10, 4, NULL);
INSERT INTO evaluation_details (id, evaluation_id, question_id, score, comment) VALUES (1826, 166, 11, NULL, 'Debería dar más feedback en los PRs.');
INSERT INTO evaluations (id, evaluatee_id, form_id, period_id, is_anonymous, status, submitted_at, created_at) VALUES (167, 47, 1, 2, FALSE, 'submitted', '2026-07-21 12:00:00', '2026-07-21 12:05:00');
INSERT INTO evaluation_submissions (id, evaluator_id, evaluatee_id, period_id, evaluation_id, created_at) VALUES (167, 39, 47, 2, 167, '2026-07-21 12:00:00');
INSERT INTO evaluation_details (id, evaluation_id, question_id, score, comment) VALUES (1827, 167, 1, 4, NULL);
INSERT INTO evaluation_details (id, evaluation_id, question_id, score, comment) VALUES (1828, 167, 2, 4, NULL);
INSERT INTO evaluation_details (id, evaluation_id, question_id, score, comment) VALUES (1829, 167, 3, 3, NULL);
INSERT INTO evaluation_details (id, evaluation_id, question_id, score, comment) VALUES (1830, 167, 4, 4, NULL);
INSERT INTO evaluation_details (id, evaluation_id, question_id, score, comment) VALUES (1831, 167, 5, 4, NULL);
INSERT INTO evaluation_details (id, evaluation_id, question_id, score, comment) VALUES (1832, 167, 6, 4, NULL);
INSERT INTO evaluation_details (id, evaluation_id, question_id, score, comment) VALUES (1833, 167, 7, 4, NULL);
INSERT INTO evaluation_details (id, evaluation_id, question_id, score, comment) VALUES (1834, 167, 8, 4, NULL);
INSERT INTO evaluation_details (id, evaluation_id, question_id, score, comment) VALUES (1835, 167, 9, 3, NULL);
INSERT INTO evaluation_details (id, evaluation_id, question_id, score, comment) VALUES (1836, 167, 10, 4, NULL);
INSERT INTO evaluation_details (id, evaluation_id, question_id, score, comment) VALUES (1837, 167, 11, NULL, 'Debería dar más feedback en los PRs.');
INSERT INTO evaluations (id, evaluatee_id, form_id, period_id, is_anonymous, status, submitted_at, created_at) VALUES (168, 47, 1, 3, FALSE, 'submitted', '2026-07-21 12:00:00', '2026-07-21 12:05:00');
INSERT INTO evaluation_submissions (id, evaluator_id, evaluatee_id, period_id, evaluation_id, created_at) VALUES (168, 36, 47, 3, 168, '2026-07-21 12:00:00');
INSERT INTO evaluation_details (id, evaluation_id, question_id, score, comment) VALUES (1838, 168, 1, 4, NULL);
INSERT INTO evaluation_details (id, evaluation_id, question_id, score, comment) VALUES (1839, 168, 2, 4, NULL);
INSERT INTO evaluation_details (id, evaluation_id, question_id, score, comment) VALUES (1840, 168, 3, 3, NULL);
INSERT INTO evaluation_details (id, evaluation_id, question_id, score, comment) VALUES (1841, 168, 4, 4, NULL);
INSERT INTO evaluation_details (id, evaluation_id, question_id, score, comment) VALUES (1842, 168, 5, 3, NULL);
INSERT INTO evaluation_details (id, evaluation_id, question_id, score, comment) VALUES (1843, 168, 6, 5, NULL);
INSERT INTO evaluation_details (id, evaluation_id, question_id, score, comment) VALUES (1844, 168, 7, 4, NULL);
INSERT INTO evaluation_details (id, evaluation_id, question_id, score, comment) VALUES (1845, 168, 8, 4, NULL);
INSERT INTO evaluation_details (id, evaluation_id, question_id, score, comment) VALUES (1846, 168, 9, 4, NULL);
INSERT INTO evaluation_details (id, evaluation_id, question_id, score, comment) VALUES (1847, 168, 10, 4, NULL);
INSERT INTO evaluation_details (id, evaluation_id, question_id, score, comment) VALUES (1848, 168, 11, NULL, 'Debería dar más feedback en los PRs.');
INSERT INTO evaluations (id, evaluatee_id, form_id, period_id, is_anonymous, status, submitted_at, created_at) VALUES (169, 47, 1, 3, FALSE, 'submitted', '2026-07-21 12:00:00', '2026-07-21 12:05:00');
INSERT INTO evaluation_submissions (id, evaluator_id, evaluatee_id, period_id, evaluation_id, created_at) VALUES (169, 32, 47, 3, 169, '2026-07-21 12:00:00');
INSERT INTO evaluation_details (id, evaluation_id, question_id, score, comment) VALUES (1849, 169, 1, 4, NULL);
INSERT INTO evaluation_details (id, evaluation_id, question_id, score, comment) VALUES (1850, 169, 2, 5, NULL);
INSERT INTO evaluation_details (id, evaluation_id, question_id, score, comment) VALUES (1851, 169, 3, 4, NULL);
INSERT INTO evaluation_details (id, evaluation_id, question_id, score, comment) VALUES (1852, 169, 4, 4, NULL);
INSERT INTO evaluation_details (id, evaluation_id, question_id, score, comment) VALUES (1853, 169, 5, 3, NULL);
INSERT INTO evaluation_details (id, evaluation_id, question_id, score, comment) VALUES (1854, 169, 6, 5, NULL);
INSERT INTO evaluation_details (id, evaluation_id, question_id, score, comment) VALUES (1855, 169, 7, 5, NULL);
INSERT INTO evaluation_details (id, evaluation_id, question_id, score, comment) VALUES (1856, 169, 8, 4, NULL);
INSERT INTO evaluation_details (id, evaluation_id, question_id, score, comment) VALUES (1857, 169, 9, 4, NULL);
INSERT INTO evaluation_details (id, evaluation_id, question_id, score, comment) VALUES (1858, 169, 10, 4, NULL);
INSERT INTO evaluation_details (id, evaluation_id, question_id, score, comment) VALUES (1859, 169, 11, NULL, 'Me gustaría que hiciera sesiones de pair programming.');
INSERT INTO evaluations (id, evaluatee_id, form_id, period_id, is_anonymous, status, submitted_at, created_at) VALUES (170, 47, 1, 3, TRUE, 'submitted', '2026-07-21 12:00:00', '2026-07-21 12:05:00');
INSERT INTO evaluation_submissions (id, evaluator_id, evaluatee_id, period_id, evaluation_id, created_at) VALUES (170, 45, 47, 3, 170, '2026-07-21 12:00:00');
INSERT INTO evaluation_details (id, evaluation_id, question_id, score, comment) VALUES (1860, 170, 1, 4, NULL);
INSERT INTO evaluation_details (id, evaluation_id, question_id, score, comment) VALUES (1861, 170, 2, 5, NULL);
INSERT INTO evaluation_details (id, evaluation_id, question_id, score, comment) VALUES (1862, 170, 3, 5, NULL);
INSERT INTO evaluation_details (id, evaluation_id, question_id, score, comment) VALUES (1863, 170, 4, 5, NULL);
INSERT INTO evaluation_details (id, evaluation_id, question_id, score, comment) VALUES (1864, 170, 5, 4, NULL);
INSERT INTO evaluation_details (id, evaluation_id, question_id, score, comment) VALUES (1865, 170, 6, 5, NULL);
INSERT INTO evaluation_details (id, evaluation_id, question_id, score, comment) VALUES (1866, 170, 7, 4, NULL);
INSERT INTO evaluation_details (id, evaluation_id, question_id, score, comment) VALUES (1867, 170, 8, 3, NULL);
INSERT INTO evaluation_details (id, evaluation_id, question_id, score, comment) VALUES (1868, 170, 9, 4, NULL);
INSERT INTO evaluation_details (id, evaluation_id, question_id, score, comment) VALUES (1869, 170, 10, 4, NULL);
INSERT INTO evaluation_details (id, evaluation_id, question_id, score, comment) VALUES (1870, 170, 11, NULL, 'Muy buen líder, siempre apoya al equipo.');
INSERT INTO evaluations (id, evaluatee_id, form_id, period_id, is_anonymous, status, submitted_at, created_at) VALUES (171, 47, 1, 3, FALSE, 'submitted', '2026-07-21 12:00:00', '2026-07-21 12:05:00');
INSERT INTO evaluation_submissions (id, evaluator_id, evaluatee_id, period_id, evaluation_id, created_at) VALUES (171, 27, 47, 3, 171, '2026-07-21 12:00:00');
INSERT INTO evaluation_details (id, evaluation_id, question_id, score, comment) VALUES (1871, 171, 1, 5, NULL);
INSERT INTO evaluation_details (id, evaluation_id, question_id, score, comment) VALUES (1872, 171, 2, 5, NULL);
INSERT INTO evaluation_details (id, evaluation_id, question_id, score, comment) VALUES (1873, 171, 3, 4, NULL);
INSERT INTO evaluation_details (id, evaluation_id, question_id, score, comment) VALUES (1874, 171, 4, 5, NULL);
INSERT INTO evaluation_details (id, evaluation_id, question_id, score, comment) VALUES (1875, 171, 5, 5, NULL);
INSERT INTO evaluation_details (id, evaluation_id, question_id, score, comment) VALUES (1876, 171, 6, 4, NULL);
INSERT INTO evaluation_details (id, evaluation_id, question_id, score, comment) VALUES (1877, 171, 7, 4, NULL);
INSERT INTO evaluation_details (id, evaluation_id, question_id, score, comment) VALUES (1878, 171, 8, 4, NULL);
INSERT INTO evaluation_details (id, evaluation_id, question_id, score, comment) VALUES (1879, 171, 9, 4, NULL);
INSERT INTO evaluation_details (id, evaluation_id, question_id, score, comment) VALUES (1880, 171, 10, 5, NULL);
INSERT INTO evaluation_details (id, evaluation_id, question_id, score, comment) VALUES (1881, 171, 11, NULL, 'Excelente disposición.');
INSERT INTO evaluations (id, evaluatee_id, form_id, period_id, is_anonymous, status, submitted_at, created_at) VALUES (172, 47, 1, 3, TRUE, 'submitted', '2026-07-21 12:00:00', '2026-07-21 12:05:00');
INSERT INTO evaluation_submissions (id, evaluator_id, evaluatee_id, period_id, evaluation_id, created_at) VALUES (172, 39, 47, 3, 172, '2026-07-21 12:00:00');
INSERT INTO evaluation_details (id, evaluation_id, question_id, score, comment) VALUES (1882, 172, 1, 3, NULL);
INSERT INTO evaluation_details (id, evaluation_id, question_id, score, comment) VALUES (1883, 172, 2, 4, NULL);
INSERT INTO evaluation_details (id, evaluation_id, question_id, score, comment) VALUES (1884, 172, 3, 4, NULL);
INSERT INTO evaluation_details (id, evaluation_id, question_id, score, comment) VALUES (1885, 172, 4, 3, NULL);
INSERT INTO evaluation_details (id, evaluation_id, question_id, score, comment) VALUES (1886, 172, 5, 4, NULL);
INSERT INTO evaluation_details (id, evaluation_id, question_id, score, comment) VALUES (1887, 172, 6, 4, NULL);
INSERT INTO evaluation_details (id, evaluation_id, question_id, score, comment) VALUES (1888, 172, 7, 4, NULL);
INSERT INTO evaluation_details (id, evaluation_id, question_id, score, comment) VALUES (1889, 172, 8, 4, NULL);
INSERT INTO evaluation_details (id, evaluation_id, question_id, score, comment) VALUES (1890, 172, 9, 4, NULL);
INSERT INTO evaluation_details (id, evaluation_id, question_id, score, comment) VALUES (1891, 172, 10, 4, NULL);
INSERT INTO evaluation_details (id, evaluation_id, question_id, score, comment) VALUES (1892, 172, 11, NULL, 'Nos ayuda a resolver problemas rápidamente.');
INSERT INTO evaluations (id, evaluatee_id, form_id, period_id, is_anonymous, status, submitted_at, created_at) VALUES (173, 47, 1, 3, TRUE, 'submitted', '2026-07-21 12:00:00', '2026-07-21 12:05:00');
INSERT INTO evaluation_submissions (id, evaluator_id, evaluatee_id, period_id, evaluation_id, created_at) VALUES (173, 26, 47, 3, 173, '2026-07-21 12:00:00');
INSERT INTO evaluation_details (id, evaluation_id, question_id, score, comment) VALUES (1893, 173, 1, 3, NULL);
INSERT INTO evaluation_details (id, evaluation_id, question_id, score, comment) VALUES (1894, 173, 2, 4, NULL);
INSERT INTO evaluation_details (id, evaluation_id, question_id, score, comment) VALUES (1895, 173, 3, 3, NULL);
INSERT INTO evaluation_details (id, evaluation_id, question_id, score, comment) VALUES (1896, 173, 4, 4, NULL);
INSERT INTO evaluation_details (id, evaluation_id, question_id, score, comment) VALUES (1897, 173, 5, 3, NULL);
INSERT INTO evaluation_details (id, evaluation_id, question_id, score, comment) VALUES (1898, 173, 6, 4, NULL);
INSERT INTO evaluation_details (id, evaluation_id, question_id, score, comment) VALUES (1899, 173, 7, 4, NULL);
INSERT INTO evaluation_details (id, evaluation_id, question_id, score, comment) VALUES (1900, 173, 8, 4, NULL);
INSERT INTO evaluation_details (id, evaluation_id, question_id, score, comment) VALUES (1901, 173, 9, 4, NULL);
INSERT INTO evaluation_details (id, evaluation_id, question_id, score, comment) VALUES (1902, 173, 10, 4, NULL);
INSERT INTO evaluation_details (id, evaluation_id, question_id, score, comment) VALUES (1903, 173, 11, NULL, 'En el módulo actual fue un gran apoyo, muy enfocado.');
INSERT INTO evaluations (id, evaluatee_id, form_id, period_id, is_anonymous, status, submitted_at, created_at) VALUES (174, 47, 1, 3, FALSE, 'submitted', '2026-07-21 12:00:00', '2026-07-21 12:05:00');
INSERT INTO evaluation_submissions (id, evaluator_id, evaluatee_id, period_id, evaluation_id, created_at) VALUES (174, 29, 47, 3, 174, '2026-07-21 12:00:00');
INSERT INTO evaluation_details (id, evaluation_id, question_id, score, comment) VALUES (1904, 174, 1, 4, NULL);
INSERT INTO evaluation_details (id, evaluation_id, question_id, score, comment) VALUES (1905, 174, 2, 4, NULL);
INSERT INTO evaluation_details (id, evaluation_id, question_id, score, comment) VALUES (1906, 174, 3, 5, NULL);
INSERT INTO evaluation_details (id, evaluation_id, question_id, score, comment) VALUES (1907, 174, 4, 4, NULL);
INSERT INTO evaluation_details (id, evaluation_id, question_id, score, comment) VALUES (1908, 174, 5, 4, NULL);
INSERT INTO evaluation_details (id, evaluation_id, question_id, score, comment) VALUES (1909, 174, 6, 5, NULL);
INSERT INTO evaluation_details (id, evaluation_id, question_id, score, comment) VALUES (1910, 174, 7, 5, NULL);
INSERT INTO evaluation_details (id, evaluation_id, question_id, score, comment) VALUES (1911, 174, 8, 5, NULL);
INSERT INTO evaluation_details (id, evaluation_id, question_id, score, comment) VALUES (1912, 174, 9, 4, NULL);
INSERT INTO evaluation_details (id, evaluation_id, question_id, score, comment) VALUES (1913, 174, 10, 5, NULL);
INSERT INTO evaluation_details (id, evaluation_id, question_id, score, comment) VALUES (1914, 174, 11, NULL, 'Muy buen líder, siempre apoya al equipo.');
INSERT INTO evaluations (id, evaluatee_id, form_id, period_id, is_anonymous, status, submitted_at, created_at) VALUES (175, 47, 1, 3, FALSE, 'submitted', '2026-07-21 12:00:00', '2026-07-21 12:05:00');
INSERT INTO evaluation_submissions (id, evaluator_id, evaluatee_id, period_id, evaluation_id, created_at) VALUES (175, 14, 47, 3, 175, '2026-07-21 12:00:00');
INSERT INTO evaluation_details (id, evaluation_id, question_id, score, comment) VALUES (1915, 175, 1, 4, NULL);
INSERT INTO evaluation_details (id, evaluation_id, question_id, score, comment) VALUES (1916, 175, 2, 4, NULL);
INSERT INTO evaluation_details (id, evaluation_id, question_id, score, comment) VALUES (1917, 175, 3, 4, NULL);
INSERT INTO evaluation_details (id, evaluation_id, question_id, score, comment) VALUES (1918, 175, 4, 4, NULL);
INSERT INTO evaluation_details (id, evaluation_id, question_id, score, comment) VALUES (1919, 175, 5, 4, NULL);
INSERT INTO evaluation_details (id, evaluation_id, question_id, score, comment) VALUES (1920, 175, 6, 4, NULL);
INSERT INTO evaluation_details (id, evaluation_id, question_id, score, comment) VALUES (1921, 175, 7, 3, NULL);
INSERT INTO evaluation_details (id, evaluation_id, question_id, score, comment) VALUES (1922, 175, 8, 4, NULL);
INSERT INTO evaluation_details (id, evaluation_id, question_id, score, comment) VALUES (1923, 175, 9, 3, NULL);
INSERT INTO evaluation_details (id, evaluation_id, question_id, score, comment) VALUES (1924, 175, 10, 4, NULL);
INSERT INTO evaluation_details (id, evaluation_id, question_id, score, comment) VALUES (1925, 175, 11, NULL, 'Muy buen líder, siempre apoya al equipo.');
INSERT INTO evaluations (id, evaluatee_id, form_id, period_id, is_anonymous, status, submitted_at, created_at) VALUES (176, 47, 1, 4, FALSE, 'submitted', '2026-07-21 12:00:00', '2026-07-21 12:05:00');
INSERT INTO evaluation_submissions (id, evaluator_id, evaluatee_id, period_id, evaluation_id, created_at) VALUES (176, 21, 47, 4, 176, '2026-07-21 12:00:00');
INSERT INTO evaluation_details (id, evaluation_id, question_id, score, comment) VALUES (1926, 176, 1, 5, NULL);
INSERT INTO evaluation_details (id, evaluation_id, question_id, score, comment) VALUES (1927, 176, 2, 4, NULL);
INSERT INTO evaluation_details (id, evaluation_id, question_id, score, comment) VALUES (1928, 176, 3, 4, NULL);
INSERT INTO evaluation_details (id, evaluation_id, question_id, score, comment) VALUES (1929, 176, 4, 4, NULL);
INSERT INTO evaluation_details (id, evaluation_id, question_id, score, comment) VALUES (1930, 176, 5, 3, NULL);
INSERT INTO evaluation_details (id, evaluation_id, question_id, score, comment) VALUES (1931, 176, 6, 3, NULL);
INSERT INTO evaluation_details (id, evaluation_id, question_id, score, comment) VALUES (1932, 176, 7, 3, NULL);
INSERT INTO evaluation_details (id, evaluation_id, question_id, score, comment) VALUES (1933, 176, 8, 3, NULL);
INSERT INTO evaluation_details (id, evaluation_id, question_id, score, comment) VALUES (1934, 176, 9, 4, NULL);
INSERT INTO evaluation_details (id, evaluation_id, question_id, score, comment) VALUES (1935, 176, 10, 3, NULL);
INSERT INTO evaluation_details (id, evaluation_id, question_id, score, comment) VALUES (1936, 176, 11, NULL, 'Muy buen líder, siempre apoya al equipo.');
INSERT INTO evaluations (id, evaluatee_id, form_id, period_id, is_anonymous, status, submitted_at, created_at) VALUES (177, 47, 1, 4, TRUE, 'submitted', '2026-07-21 12:00:00', '2026-07-21 12:05:00');
INSERT INTO evaluation_submissions (id, evaluator_id, evaluatee_id, period_id, evaluation_id, created_at) VALUES (177, 30, 47, 4, 177, '2026-07-21 12:00:00');
INSERT INTO evaluation_details (id, evaluation_id, question_id, score, comment) VALUES (1937, 177, 1, 4, NULL);
INSERT INTO evaluation_details (id, evaluation_id, question_id, score, comment) VALUES (1938, 177, 2, 5, NULL);
INSERT INTO evaluation_details (id, evaluation_id, question_id, score, comment) VALUES (1939, 177, 3, 5, NULL);
INSERT INTO evaluation_details (id, evaluation_id, question_id, score, comment) VALUES (1940, 177, 4, 4, NULL);
INSERT INTO evaluation_details (id, evaluation_id, question_id, score, comment) VALUES (1941, 177, 5, 4, NULL);
INSERT INTO evaluation_details (id, evaluation_id, question_id, score, comment) VALUES (1942, 177, 6, 5, NULL);
INSERT INTO evaluation_details (id, evaluation_id, question_id, score, comment) VALUES (1943, 177, 7, 5, NULL);
INSERT INTO evaluation_details (id, evaluation_id, question_id, score, comment) VALUES (1944, 177, 8, 5, NULL);
INSERT INTO evaluation_details (id, evaluation_id, question_id, score, comment) VALUES (1945, 177, 9, 4, NULL);
INSERT INTO evaluation_details (id, evaluation_id, question_id, score, comment) VALUES (1946, 177, 10, 5, NULL);
INSERT INTO evaluation_details (id, evaluation_id, question_id, score, comment) VALUES (1947, 177, 11, NULL, 'Debería dar más feedback en los PRs.');
INSERT INTO evaluations (id, evaluatee_id, form_id, period_id, is_anonymous, status, submitted_at, created_at) VALUES (178, 47, 1, 4, TRUE, 'submitted', '2026-07-21 12:00:00', '2026-07-21 12:05:00');
INSERT INTO evaluation_submissions (id, evaluator_id, evaluatee_id, period_id, evaluation_id, created_at) VALUES (178, 39, 47, 4, 178, '2026-07-21 12:00:00');
INSERT INTO evaluation_details (id, evaluation_id, question_id, score, comment) VALUES (1948, 178, 1, 4, NULL);
INSERT INTO evaluation_details (id, evaluation_id, question_id, score, comment) VALUES (1949, 178, 2, 4, NULL);
INSERT INTO evaluation_details (id, evaluation_id, question_id, score, comment) VALUES (1950, 178, 3, 4, NULL);
INSERT INTO evaluation_details (id, evaluation_id, question_id, score, comment) VALUES (1951, 178, 4, 5, NULL);
INSERT INTO evaluation_details (id, evaluation_id, question_id, score, comment) VALUES (1952, 178, 5, 5, NULL);
INSERT INTO evaluation_details (id, evaluation_id, question_id, score, comment) VALUES (1953, 178, 6, 4, NULL);
INSERT INTO evaluation_details (id, evaluation_id, question_id, score, comment) VALUES (1954, 178, 7, 4, NULL);
INSERT INTO evaluation_details (id, evaluation_id, question_id, score, comment) VALUES (1955, 178, 8, 5, NULL);
INSERT INTO evaluation_details (id, evaluation_id, question_id, score, comment) VALUES (1956, 178, 9, 4, NULL);
INSERT INTO evaluation_details (id, evaluation_id, question_id, score, comment) VALUES (1957, 178, 10, 5, NULL);
INSERT INTO evaluation_details (id, evaluation_id, question_id, score, comment) VALUES (1958, 178, 11, NULL, 'Excelente disposición.');
INSERT INTO evaluations (id, evaluatee_id, form_id, period_id, is_anonymous, status, submitted_at, created_at) VALUES (179, 47, 1, 4, TRUE, 'submitted', '2026-07-21 12:00:00', '2026-07-21 12:05:00');
INSERT INTO evaluation_submissions (id, evaluator_id, evaluatee_id, period_id, evaluation_id, created_at) VALUES (179, 27, 47, 4, 179, '2026-07-21 12:00:00');
INSERT INTO evaluation_details (id, evaluation_id, question_id, score, comment) VALUES (1959, 179, 1, 4, NULL);
INSERT INTO evaluation_details (id, evaluation_id, question_id, score, comment) VALUES (1960, 179, 2, 4, NULL);
INSERT INTO evaluation_details (id, evaluation_id, question_id, score, comment) VALUES (1961, 179, 3, 4, NULL);
INSERT INTO evaluation_details (id, evaluation_id, question_id, score, comment) VALUES (1962, 179, 4, 4, NULL);
INSERT INTO evaluation_details (id, evaluation_id, question_id, score, comment) VALUES (1963, 179, 5, 3, NULL);
INSERT INTO evaluation_details (id, evaluation_id, question_id, score, comment) VALUES (1964, 179, 6, 4, NULL);
INSERT INTO evaluation_details (id, evaluation_id, question_id, score, comment) VALUES (1965, 179, 7, 4, NULL);
INSERT INTO evaluation_details (id, evaluation_id, question_id, score, comment) VALUES (1966, 179, 8, 4, NULL);
INSERT INTO evaluation_details (id, evaluation_id, question_id, score, comment) VALUES (1967, 179, 9, 5, NULL);
INSERT INTO evaluation_details (id, evaluation_id, question_id, score, comment) VALUES (1968, 179, 10, 4, NULL);
INSERT INTO evaluation_details (id, evaluation_id, question_id, score, comment) VALUES (1969, 179, 11, NULL, 'Debería dar más feedback en los PRs.');
INSERT INTO evaluations (id, evaluatee_id, form_id, period_id, is_anonymous, status, submitted_at, created_at) VALUES (180, 47, 1, 4, TRUE, 'submitted', '2026-07-21 12:00:00', '2026-07-21 12:05:00');
INSERT INTO evaluation_submissions (id, evaluator_id, evaluatee_id, period_id, evaluation_id, created_at) VALUES (180, 17, 47, 4, 180, '2026-07-21 12:00:00');
INSERT INTO evaluation_details (id, evaluation_id, question_id, score, comment) VALUES (1970, 180, 1, 4, NULL);
INSERT INTO evaluation_details (id, evaluation_id, question_id, score, comment) VALUES (1971, 180, 2, 4, NULL);
INSERT INTO evaluation_details (id, evaluation_id, question_id, score, comment) VALUES (1972, 180, 3, 3, NULL);
INSERT INTO evaluation_details (id, evaluation_id, question_id, score, comment) VALUES (1973, 180, 4, 4, NULL);
INSERT INTO evaluation_details (id, evaluation_id, question_id, score, comment) VALUES (1974, 180, 5, 3, NULL);
INSERT INTO evaluation_details (id, evaluation_id, question_id, score, comment) VALUES (1975, 180, 6, 4, NULL);
INSERT INTO evaluation_details (id, evaluation_id, question_id, score, comment) VALUES (1976, 180, 7, 4, NULL);
INSERT INTO evaluation_details (id, evaluation_id, question_id, score, comment) VALUES (1977, 180, 8, 4, NULL);
INSERT INTO evaluation_details (id, evaluation_id, question_id, score, comment) VALUES (1978, 180, 9, 4, NULL);
INSERT INTO evaluation_details (id, evaluation_id, question_id, score, comment) VALUES (1979, 180, 10, 4, NULL);
INSERT INTO evaluation_details (id, evaluation_id, question_id, score, comment) VALUES (1980, 180, 11, NULL, 'Excelente disposición.');
INSERT INTO evaluations (id, evaluatee_id, form_id, period_id, is_anonymous, status, submitted_at, created_at) VALUES (181, 47, 1, 4, TRUE, 'submitted', '2026-07-21 12:00:00', '2026-07-21 12:05:00');
INSERT INTO evaluation_submissions (id, evaluator_id, evaluatee_id, period_id, evaluation_id, created_at) VALUES (181, 42, 47, 4, 181, '2026-07-21 12:00:00');
INSERT INTO evaluation_details (id, evaluation_id, question_id, score, comment) VALUES (1981, 181, 1, 3, NULL);
INSERT INTO evaluation_details (id, evaluation_id, question_id, score, comment) VALUES (1982, 181, 2, 5, NULL);
INSERT INTO evaluation_details (id, evaluation_id, question_id, score, comment) VALUES (1983, 181, 3, 4, NULL);
INSERT INTO evaluation_details (id, evaluation_id, question_id, score, comment) VALUES (1984, 181, 4, 4, NULL);
INSERT INTO evaluation_details (id, evaluation_id, question_id, score, comment) VALUES (1985, 181, 5, 5, NULL);
INSERT INTO evaluation_details (id, evaluation_id, question_id, score, comment) VALUES (1986, 181, 6, 5, NULL);
INSERT INTO evaluation_details (id, evaluation_id, question_id, score, comment) VALUES (1987, 181, 7, 4, NULL);
INSERT INTO evaluation_details (id, evaluation_id, question_id, score, comment) VALUES (1988, 181, 8, 5, NULL);
INSERT INTO evaluation_details (id, evaluation_id, question_id, score, comment) VALUES (1989, 181, 9, 4, NULL);
INSERT INTO evaluation_details (id, evaluation_id, question_id, score, comment) VALUES (1990, 181, 10, 4, NULL);
INSERT INTO evaluation_details (id, evaluation_id, question_id, score, comment) VALUES (1991, 181, 11, NULL, 'Me gustaría que hiciera sesiones de pair programming.');
INSERT INTO evaluations (id, evaluatee_id, form_id, period_id, is_anonymous, status, submitted_at, created_at) VALUES (182, 47, 1, 4, FALSE, 'submitted', '2026-07-21 12:00:00', '2026-07-21 12:05:00');
INSERT INTO evaluation_submissions (id, evaluator_id, evaluatee_id, period_id, evaluation_id, created_at) VALUES (182, 32, 47, 4, 182, '2026-07-21 12:00:00');
INSERT INTO evaluation_details (id, evaluation_id, question_id, score, comment) VALUES (1992, 182, 1, 4, NULL);
INSERT INTO evaluation_details (id, evaluation_id, question_id, score, comment) VALUES (1993, 182, 2, 3, NULL);
INSERT INTO evaluation_details (id, evaluation_id, question_id, score, comment) VALUES (1994, 182, 3, 4, NULL);
INSERT INTO evaluation_details (id, evaluation_id, question_id, score, comment) VALUES (1995, 182, 4, 5, NULL);
INSERT INTO evaluation_details (id, evaluation_id, question_id, score, comment) VALUES (1996, 182, 5, 4, NULL);
INSERT INTO evaluation_details (id, evaluation_id, question_id, score, comment) VALUES (1997, 182, 6, 4, NULL);
INSERT INTO evaluation_details (id, evaluation_id, question_id, score, comment) VALUES (1998, 182, 7, 4, NULL);
INSERT INTO evaluation_details (id, evaluation_id, question_id, score, comment) VALUES (1999, 182, 8, 4, NULL);
INSERT INTO evaluation_details (id, evaluation_id, question_id, score, comment) VALUES (2000, 182, 9, 4, NULL);
INSERT INTO evaluation_details (id, evaluation_id, question_id, score, comment) VALUES (2001, 182, 10, 4, NULL);
INSERT INTO evaluation_details (id, evaluation_id, question_id, score, comment) VALUES (2002, 182, 11, NULL, 'Me gustaría que hiciera sesiones de pair programming.');
INSERT INTO evaluations (id, evaluatee_id, form_id, period_id, is_anonymous, status, submitted_at, created_at) VALUES (183, 47, 1, 4, TRUE, 'submitted', '2026-07-21 12:00:00', '2026-07-21 12:05:00');
INSERT INTO evaluation_submissions (id, evaluator_id, evaluatee_id, period_id, evaluation_id, created_at) VALUES (183, 23, 47, 4, 183, '2026-07-21 12:00:00');
INSERT INTO evaluation_details (id, evaluation_id, question_id, score, comment) VALUES (2003, 183, 1, 4, NULL);
INSERT INTO evaluation_details (id, evaluation_id, question_id, score, comment) VALUES (2004, 183, 2, 4, NULL);
INSERT INTO evaluation_details (id, evaluation_id, question_id, score, comment) VALUES (2005, 183, 3, 4, NULL);
INSERT INTO evaluation_details (id, evaluation_id, question_id, score, comment) VALUES (2006, 183, 4, 4, NULL);
INSERT INTO evaluation_details (id, evaluation_id, question_id, score, comment) VALUES (2007, 183, 5, 3, NULL);
INSERT INTO evaluation_details (id, evaluation_id, question_id, score, comment) VALUES (2008, 183, 6, 4, NULL);
INSERT INTO evaluation_details (id, evaluation_id, question_id, score, comment) VALUES (2009, 183, 7, 3, NULL);
INSERT INTO evaluation_details (id, evaluation_id, question_id, score, comment) VALUES (2010, 183, 8, 4, NULL);
INSERT INTO evaluation_details (id, evaluation_id, question_id, score, comment) VALUES (2011, 183, 9, 3, NULL);
INSERT INTO evaluation_details (id, evaluation_id, question_id, score, comment) VALUES (2012, 183, 10, 4, NULL);
INSERT INTO evaluation_details (id, evaluation_id, question_id, score, comment) VALUES (2013, 183, 11, NULL, 'Excelente disposición.');
INSERT INTO evaluations (id, evaluatee_id, form_id, period_id, is_anonymous, status, submitted_at, created_at) VALUES (184, 47, 1, 4, FALSE, 'submitted', '2026-07-21 12:00:00', '2026-07-21 12:05:00');
INSERT INTO evaluation_submissions (id, evaluator_id, evaluatee_id, period_id, evaluation_id, created_at) VALUES (184, 37, 47, 4, 184, '2026-07-21 12:00:00');
INSERT INTO evaluation_details (id, evaluation_id, question_id, score, comment) VALUES (2014, 184, 1, 4, NULL);
INSERT INTO evaluation_details (id, evaluation_id, question_id, score, comment) VALUES (2015, 184, 2, 4, NULL);
INSERT INTO evaluation_details (id, evaluation_id, question_id, score, comment) VALUES (2016, 184, 3, 4, NULL);
INSERT INTO evaluation_details (id, evaluation_id, question_id, score, comment) VALUES (2017, 184, 4, 4, NULL);
INSERT INTO evaluation_details (id, evaluation_id, question_id, score, comment) VALUES (2018, 184, 5, 4, NULL);
INSERT INTO evaluation_details (id, evaluation_id, question_id, score, comment) VALUES (2019, 184, 6, 3, NULL);
INSERT INTO evaluation_details (id, evaluation_id, question_id, score, comment) VALUES (2020, 184, 7, 4, NULL);
INSERT INTO evaluation_details (id, evaluation_id, question_id, score, comment) VALUES (2021, 184, 8, 4, NULL);
INSERT INTO evaluation_details (id, evaluation_id, question_id, score, comment) VALUES (2022, 184, 9, 4, NULL);
INSERT INTO evaluation_details (id, evaluation_id, question_id, score, comment) VALUES (2023, 184, 10, 4, NULL);
INSERT INTO evaluation_details (id, evaluation_id, question_id, score, comment) VALUES (2024, 184, 11, NULL, 'Muy buen líder, siempre apoya al equipo.');
INSERT INTO evaluations (id, evaluatee_id, form_id, period_id, is_anonymous, status, submitted_at, created_at) VALUES (185, 47, 1, 4, TRUE, 'submitted', '2026-07-21 12:00:00', '2026-07-21 12:05:00');
INSERT INTO evaluation_submissions (id, evaluator_id, evaluatee_id, period_id, evaluation_id, created_at) VALUES (185, 34, 47, 4, 185, '2026-07-21 12:00:00');
INSERT INTO evaluation_details (id, evaluation_id, question_id, score, comment) VALUES (2025, 185, 1, 4, NULL);
INSERT INTO evaluation_details (id, evaluation_id, question_id, score, comment) VALUES (2026, 185, 2, 4, NULL);
INSERT INTO evaluation_details (id, evaluation_id, question_id, score, comment) VALUES (2027, 185, 3, 5, NULL);
INSERT INTO evaluation_details (id, evaluation_id, question_id, score, comment) VALUES (2028, 185, 4, 4, NULL);
INSERT INTO evaluation_details (id, evaluation_id, question_id, score, comment) VALUES (2029, 185, 5, 5, NULL);
INSERT INTO evaluation_details (id, evaluation_id, question_id, score, comment) VALUES (2030, 185, 6, 4, NULL);
INSERT INTO evaluation_details (id, evaluation_id, question_id, score, comment) VALUES (2031, 185, 7, 5, NULL);
INSERT INTO evaluation_details (id, evaluation_id, question_id, score, comment) VALUES (2032, 185, 8, 5, NULL);
INSERT INTO evaluation_details (id, evaluation_id, question_id, score, comment) VALUES (2033, 185, 9, 5, NULL);
INSERT INTO evaluation_details (id, evaluation_id, question_id, score, comment) VALUES (2034, 185, 10, 4, NULL);
INSERT INTO evaluation_details (id, evaluation_id, question_id, score, comment) VALUES (2035, 185, 11, NULL, 'Muy buen líder, siempre apoya al equipo.');
INSERT INTO evaluations (id, evaluatee_id, form_id, period_id, is_anonymous, status, submitted_at, created_at) VALUES (186, 47, 1, 4, FALSE, 'submitted', '2026-07-21 12:00:00', '2026-07-21 12:05:00');
INSERT INTO evaluation_submissions (id, evaluator_id, evaluatee_id, period_id, evaluation_id, created_at) VALUES (186, 14, 47, 4, 186, '2026-07-21 12:00:00');
INSERT INTO evaluation_details (id, evaluation_id, question_id, score, comment) VALUES (2036, 186, 1, 4, NULL);
INSERT INTO evaluation_details (id, evaluation_id, question_id, score, comment) VALUES (2037, 186, 2, 4, NULL);
INSERT INTO evaluation_details (id, evaluation_id, question_id, score, comment) VALUES (2038, 186, 3, 5, NULL);
INSERT INTO evaluation_details (id, evaluation_id, question_id, score, comment) VALUES (2039, 186, 4, 4, NULL);
INSERT INTO evaluation_details (id, evaluation_id, question_id, score, comment) VALUES (2040, 186, 5, 5, NULL);
INSERT INTO evaluation_details (id, evaluation_id, question_id, score, comment) VALUES (2041, 186, 6, 5, NULL);
INSERT INTO evaluation_details (id, evaluation_id, question_id, score, comment) VALUES (2042, 186, 7, 3, NULL);
INSERT INTO evaluation_details (id, evaluation_id, question_id, score, comment) VALUES (2043, 186, 8, 4, NULL);
INSERT INTO evaluation_details (id, evaluation_id, question_id, score, comment) VALUES (2044, 186, 9, 4, NULL);
INSERT INTO evaluation_details (id, evaluation_id, question_id, score, comment) VALUES (2045, 186, 10, 5, NULL);
INSERT INTO evaluation_details (id, evaluation_id, question_id, score, comment) VALUES (2046, 186, 11, NULL, 'En el módulo actual fue un gran apoyo, muy enfocado.');
INSERT INTO evaluations (id, evaluatee_id, form_id, period_id, is_anonymous, status, submitted_at, created_at) VALUES (187, 48, 1, 1, TRUE, 'submitted', '2026-07-21 12:00:00', '2026-07-21 12:05:00');
INSERT INTO evaluation_submissions (id, evaluator_id, evaluatee_id, period_id, evaluation_id, created_at) VALUES (187, 28, 48, 1, 187, '2026-07-21 12:00:00');
INSERT INTO evaluation_details (id, evaluation_id, question_id, score, comment) VALUES (2047, 187, 1, 3, NULL);
INSERT INTO evaluation_details (id, evaluation_id, question_id, score, comment) VALUES (2048, 187, 2, 4, NULL);
INSERT INTO evaluation_details (id, evaluation_id, question_id, score, comment) VALUES (2049, 187, 3, 5, NULL);
INSERT INTO evaluation_details (id, evaluation_id, question_id, score, comment) VALUES (2050, 187, 4, 4, NULL);
INSERT INTO evaluation_details (id, evaluation_id, question_id, score, comment) VALUES (2051, 187, 5, 5, NULL);
INSERT INTO evaluation_details (id, evaluation_id, question_id, score, comment) VALUES (2052, 187, 6, 4, NULL);
INSERT INTO evaluation_details (id, evaluation_id, question_id, score, comment) VALUES (2053, 187, 7, 5, NULL);
INSERT INTO evaluation_details (id, evaluation_id, question_id, score, comment) VALUES (2054, 187, 8, 4, NULL);
INSERT INTO evaluation_details (id, evaluation_id, question_id, score, comment) VALUES (2055, 187, 9, 5, NULL);
INSERT INTO evaluation_details (id, evaluation_id, question_id, score, comment) VALUES (2056, 187, 10, 5, NULL);
INSERT INTO evaluation_details (id, evaluation_id, question_id, score, comment) VALUES (2057, 187, 11, NULL, 'Debería dar más feedback en los PRs.');
INSERT INTO evaluations (id, evaluatee_id, form_id, period_id, is_anonymous, status, submitted_at, created_at) VALUES (188, 48, 1, 1, FALSE, 'submitted', '2026-07-21 12:00:00', '2026-07-21 12:05:00');
INSERT INTO evaluation_submissions (id, evaluator_id, evaluatee_id, period_id, evaluation_id, created_at) VALUES (188, 24, 48, 1, 188, '2026-07-21 12:00:00');
INSERT INTO evaluation_details (id, evaluation_id, question_id, score, comment) VALUES (2058, 188, 1, 4, NULL);
INSERT INTO evaluation_details (id, evaluation_id, question_id, score, comment) VALUES (2059, 188, 2, 4, NULL);
INSERT INTO evaluation_details (id, evaluation_id, question_id, score, comment) VALUES (2060, 188, 3, 5, NULL);
INSERT INTO evaluation_details (id, evaluation_id, question_id, score, comment) VALUES (2061, 188, 4, 4, NULL);
INSERT INTO evaluation_details (id, evaluation_id, question_id, score, comment) VALUES (2062, 188, 5, 4, NULL);
INSERT INTO evaluation_details (id, evaluation_id, question_id, score, comment) VALUES (2063, 188, 6, 3, NULL);
INSERT INTO evaluation_details (id, evaluation_id, question_id, score, comment) VALUES (2064, 188, 7, 4, NULL);
INSERT INTO evaluation_details (id, evaluation_id, question_id, score, comment) VALUES (2065, 188, 8, 5, NULL);
INSERT INTO evaluation_details (id, evaluation_id, question_id, score, comment) VALUES (2066, 188, 9, 4, NULL);
INSERT INTO evaluation_details (id, evaluation_id, question_id, score, comment) VALUES (2067, 188, 10, 5, NULL);
INSERT INTO evaluation_details (id, evaluation_id, question_id, score, comment) VALUES (2068, 188, 11, NULL, 'Me gustaría que hiciera sesiones de pair programming.');
INSERT INTO evaluations (id, evaluatee_id, form_id, period_id, is_anonymous, status, submitted_at, created_at) VALUES (189, 48, 1, 1, TRUE, 'submitted', '2026-07-21 12:00:00', '2026-07-21 12:05:00');
INSERT INTO evaluation_submissions (id, evaluator_id, evaluatee_id, period_id, evaluation_id, created_at) VALUES (189, 40, 48, 1, 189, '2026-07-21 12:00:00');
INSERT INTO evaluation_details (id, evaluation_id, question_id, score, comment) VALUES (2069, 189, 1, 4, NULL);
INSERT INTO evaluation_details (id, evaluation_id, question_id, score, comment) VALUES (2070, 189, 2, 3, NULL);
INSERT INTO evaluation_details (id, evaluation_id, question_id, score, comment) VALUES (2071, 189, 3, 4, NULL);
INSERT INTO evaluation_details (id, evaluation_id, question_id, score, comment) VALUES (2072, 189, 4, 3, NULL);
INSERT INTO evaluation_details (id, evaluation_id, question_id, score, comment) VALUES (2073, 189, 5, 3, NULL);
INSERT INTO evaluation_details (id, evaluation_id, question_id, score, comment) VALUES (2074, 189, 6, 4, NULL);
INSERT INTO evaluation_details (id, evaluation_id, question_id, score, comment) VALUES (2075, 189, 7, 3, NULL);
INSERT INTO evaluation_details (id, evaluation_id, question_id, score, comment) VALUES (2076, 189, 8, 4, NULL);
INSERT INTO evaluation_details (id, evaluation_id, question_id, score, comment) VALUES (2077, 189, 9, 4, NULL);
INSERT INTO evaluation_details (id, evaluation_id, question_id, score, comment) VALUES (2078, 189, 10, 4, NULL);
INSERT INTO evaluation_details (id, evaluation_id, question_id, score, comment) VALUES (2079, 189, 11, NULL, 'Muy buen líder, siempre apoya al equipo.');
INSERT INTO evaluations (id, evaluatee_id, form_id, period_id, is_anonymous, status, submitted_at, created_at) VALUES (190, 48, 1, 1, TRUE, 'submitted', '2026-07-21 12:00:00', '2026-07-21 12:05:00');
INSERT INTO evaluation_submissions (id, evaluator_id, evaluatee_id, period_id, evaluation_id, created_at) VALUES (190, 39, 48, 1, 190, '2026-07-21 12:00:00');
INSERT INTO evaluation_details (id, evaluation_id, question_id, score, comment) VALUES (2080, 190, 1, 4, NULL);
INSERT INTO evaluation_details (id, evaluation_id, question_id, score, comment) VALUES (2081, 190, 2, 4, NULL);
INSERT INTO evaluation_details (id, evaluation_id, question_id, score, comment) VALUES (2082, 190, 3, 3, NULL);
INSERT INTO evaluation_details (id, evaluation_id, question_id, score, comment) VALUES (2083, 190, 4, 4, NULL);
INSERT INTO evaluation_details (id, evaluation_id, question_id, score, comment) VALUES (2084, 190, 5, 3, NULL);
INSERT INTO evaluation_details (id, evaluation_id, question_id, score, comment) VALUES (2085, 190, 6, 3, NULL);
INSERT INTO evaluation_details (id, evaluation_id, question_id, score, comment) VALUES (2086, 190, 7, 4, NULL);
INSERT INTO evaluation_details (id, evaluation_id, question_id, score, comment) VALUES (2087, 190, 8, 4, NULL);
INSERT INTO evaluation_details (id, evaluation_id, question_id, score, comment) VALUES (2088, 190, 9, 4, NULL);
INSERT INTO evaluation_details (id, evaluation_id, question_id, score, comment) VALUES (2089, 190, 10, 4, NULL);
INSERT INTO evaluation_details (id, evaluation_id, question_id, score, comment) VALUES (2090, 190, 11, NULL, 'Muy buen líder, siempre apoya al equipo.');
INSERT INTO evaluations (id, evaluatee_id, form_id, period_id, is_anonymous, status, submitted_at, created_at) VALUES (191, 48, 1, 1, TRUE, 'submitted', '2026-07-21 12:00:00', '2026-07-21 12:05:00');
INSERT INTO evaluation_submissions (id, evaluator_id, evaluatee_id, period_id, evaluation_id, created_at) VALUES (191, 38, 48, 1, 191, '2026-07-21 12:00:00');
INSERT INTO evaluation_details (id, evaluation_id, question_id, score, comment) VALUES (2091, 191, 1, 3, NULL);
INSERT INTO evaluation_details (id, evaluation_id, question_id, score, comment) VALUES (2092, 191, 2, 3, NULL);
INSERT INTO evaluation_details (id, evaluation_id, question_id, score, comment) VALUES (2093, 191, 3, 4, NULL);
INSERT INTO evaluation_details (id, evaluation_id, question_id, score, comment) VALUES (2094, 191, 4, 3, NULL);
INSERT INTO evaluation_details (id, evaluation_id, question_id, score, comment) VALUES (2095, 191, 5, 4, NULL);
INSERT INTO evaluation_details (id, evaluation_id, question_id, score, comment) VALUES (2096, 191, 6, 4, NULL);
INSERT INTO evaluation_details (id, evaluation_id, question_id, score, comment) VALUES (2097, 191, 7, 3, NULL);
INSERT INTO evaluation_details (id, evaluation_id, question_id, score, comment) VALUES (2098, 191, 8, 4, NULL);
INSERT INTO evaluation_details (id, evaluation_id, question_id, score, comment) VALUES (2099, 191, 9, 3, NULL);
INSERT INTO evaluation_details (id, evaluation_id, question_id, score, comment) VALUES (2100, 191, 10, 3, NULL);
INSERT INTO evaluation_details (id, evaluation_id, question_id, score, comment) VALUES (2101, 191, 11, NULL, 'Me gustaría que hiciera sesiones de pair programming.');
INSERT INTO evaluations (id, evaluatee_id, form_id, period_id, is_anonymous, status, submitted_at, created_at) VALUES (192, 48, 1, 1, TRUE, 'submitted', '2026-07-21 12:00:00', '2026-07-21 12:05:00');
INSERT INTO evaluation_submissions (id, evaluator_id, evaluatee_id, period_id, evaluation_id, created_at) VALUES (192, 42, 48, 1, 192, '2026-07-21 12:00:00');
INSERT INTO evaluation_details (id, evaluation_id, question_id, score, comment) VALUES (2102, 192, 1, 4, NULL);
INSERT INTO evaluation_details (id, evaluation_id, question_id, score, comment) VALUES (2103, 192, 2, 3, NULL);
INSERT INTO evaluation_details (id, evaluation_id, question_id, score, comment) VALUES (2104, 192, 3, 3, NULL);
INSERT INTO evaluation_details (id, evaluation_id, question_id, score, comment) VALUES (2105, 192, 4, 4, NULL);
INSERT INTO evaluation_details (id, evaluation_id, question_id, score, comment) VALUES (2106, 192, 5, 4, NULL);
INSERT INTO evaluation_details (id, evaluation_id, question_id, score, comment) VALUES (2107, 192, 6, 4, NULL);
INSERT INTO evaluation_details (id, evaluation_id, question_id, score, comment) VALUES (2108, 192, 7, 4, NULL);
INSERT INTO evaluation_details (id, evaluation_id, question_id, score, comment) VALUES (2109, 192, 8, 4, NULL);
INSERT INTO evaluation_details (id, evaluation_id, question_id, score, comment) VALUES (2110, 192, 9, 4, NULL);
INSERT INTO evaluation_details (id, evaluation_id, question_id, score, comment) VALUES (2111, 192, 10, 4, NULL);
INSERT INTO evaluation_details (id, evaluation_id, question_id, score, comment) VALUES (2112, 192, 11, NULL, 'Excelente disposición.');
INSERT INTO evaluations (id, evaluatee_id, form_id, period_id, is_anonymous, status, submitted_at, created_at) VALUES (193, 48, 1, 1, TRUE, 'submitted', '2026-07-21 12:00:00', '2026-07-21 12:05:00');
INSERT INTO evaluation_submissions (id, evaluator_id, evaluatee_id, period_id, evaluation_id, created_at) VALUES (193, 16, 48, 1, 193, '2026-07-21 12:00:00');
INSERT INTO evaluation_details (id, evaluation_id, question_id, score, comment) VALUES (2113, 193, 1, 4, NULL);
INSERT INTO evaluation_details (id, evaluation_id, question_id, score, comment) VALUES (2114, 193, 2, 4, NULL);
INSERT INTO evaluation_details (id, evaluation_id, question_id, score, comment) VALUES (2115, 193, 3, 4, NULL);
INSERT INTO evaluation_details (id, evaluation_id, question_id, score, comment) VALUES (2116, 193, 4, 4, NULL);
INSERT INTO evaluation_details (id, evaluation_id, question_id, score, comment) VALUES (2117, 193, 5, 5, NULL);
INSERT INTO evaluation_details (id, evaluation_id, question_id, score, comment) VALUES (2118, 193, 6, 4, NULL);
INSERT INTO evaluation_details (id, evaluation_id, question_id, score, comment) VALUES (2119, 193, 7, 4, NULL);
INSERT INTO evaluation_details (id, evaluation_id, question_id, score, comment) VALUES (2120, 193, 8, 5, NULL);
INSERT INTO evaluation_details (id, evaluation_id, question_id, score, comment) VALUES (2121, 193, 9, 4, NULL);
INSERT INTO evaluation_details (id, evaluation_id, question_id, score, comment) VALUES (2122, 193, 10, 4, NULL);
INSERT INTO evaluation_details (id, evaluation_id, question_id, score, comment) VALUES (2123, 193, 11, NULL, 'Muy buen líder, siempre apoya al equipo.');
INSERT INTO evaluations (id, evaluatee_id, form_id, period_id, is_anonymous, status, submitted_at, created_at) VALUES (194, 48, 1, 1, TRUE, 'submitted', '2026-07-21 12:00:00', '2026-07-21 12:05:00');
INSERT INTO evaluation_submissions (id, evaluator_id, evaluatee_id, period_id, evaluation_id, created_at) VALUES (194, 13, 48, 1, 194, '2026-07-21 12:00:00');
INSERT INTO evaluation_details (id, evaluation_id, question_id, score, comment) VALUES (2124, 194, 1, 3, NULL);
INSERT INTO evaluation_details (id, evaluation_id, question_id, score, comment) VALUES (2125, 194, 2, 3, NULL);
INSERT INTO evaluation_details (id, evaluation_id, question_id, score, comment) VALUES (2126, 194, 3, 3, NULL);
INSERT INTO evaluation_details (id, evaluation_id, question_id, score, comment) VALUES (2127, 194, 4, 5, NULL);
INSERT INTO evaluation_details (id, evaluation_id, question_id, score, comment) VALUES (2128, 194, 5, 4, NULL);
INSERT INTO evaluation_details (id, evaluation_id, question_id, score, comment) VALUES (2129, 194, 6, 4, NULL);
INSERT INTO evaluation_details (id, evaluation_id, question_id, score, comment) VALUES (2130, 194, 7, 4, NULL);
INSERT INTO evaluation_details (id, evaluation_id, question_id, score, comment) VALUES (2131, 194, 8, 3, NULL);
INSERT INTO evaluation_details (id, evaluation_id, question_id, score, comment) VALUES (2132, 194, 9, 5, NULL);
INSERT INTO evaluation_details (id, evaluation_id, question_id, score, comment) VALUES (2133, 194, 10, 5, NULL);
INSERT INTO evaluation_details (id, evaluation_id, question_id, score, comment) VALUES (2134, 194, 11, NULL, 'Me gustaría que hiciera sesiones de pair programming.');
INSERT INTO evaluations (id, evaluatee_id, form_id, period_id, is_anonymous, status, submitted_at, created_at) VALUES (195, 48, 1, 1, TRUE, 'submitted', '2026-07-21 12:00:00', '2026-07-21 12:05:00');
INSERT INTO evaluation_submissions (id, evaluator_id, evaluatee_id, period_id, evaluation_id, created_at) VALUES (195, 27, 48, 1, 195, '2026-07-21 12:00:00');
INSERT INTO evaluation_details (id, evaluation_id, question_id, score, comment) VALUES (2135, 195, 1, 4, NULL);
INSERT INTO evaluation_details (id, evaluation_id, question_id, score, comment) VALUES (2136, 195, 2, 3, NULL);
INSERT INTO evaluation_details (id, evaluation_id, question_id, score, comment) VALUES (2137, 195, 3, 4, NULL);
INSERT INTO evaluation_details (id, evaluation_id, question_id, score, comment) VALUES (2138, 195, 4, 4, NULL);
INSERT INTO evaluation_details (id, evaluation_id, question_id, score, comment) VALUES (2139, 195, 5, 3, NULL);
INSERT INTO evaluation_details (id, evaluation_id, question_id, score, comment) VALUES (2140, 195, 6, 4, NULL);
INSERT INTO evaluation_details (id, evaluation_id, question_id, score, comment) VALUES (2141, 195, 7, 3, NULL);
INSERT INTO evaluation_details (id, evaluation_id, question_id, score, comment) VALUES (2142, 195, 8, 4, NULL);
INSERT INTO evaluation_details (id, evaluation_id, question_id, score, comment) VALUES (2143, 195, 9, 3, NULL);
INSERT INTO evaluation_details (id, evaluation_id, question_id, score, comment) VALUES (2144, 195, 10, 4, NULL);
INSERT INTO evaluation_details (id, evaluation_id, question_id, score, comment) VALUES (2145, 195, 11, NULL, 'Muy buen líder, siempre apoya al equipo.');
INSERT INTO evaluations (id, evaluatee_id, form_id, period_id, is_anonymous, status, submitted_at, created_at) VALUES (196, 48, 1, 1, FALSE, 'submitted', '2026-07-21 12:00:00', '2026-07-21 12:05:00');
INSERT INTO evaluation_submissions (id, evaluator_id, evaluatee_id, period_id, evaluation_id, created_at) VALUES (196, 18, 48, 1, 196, '2026-07-21 12:00:00');
INSERT INTO evaluation_details (id, evaluation_id, question_id, score, comment) VALUES (2146, 196, 1, 4, NULL);
INSERT INTO evaluation_details (id, evaluation_id, question_id, score, comment) VALUES (2147, 196, 2, 3, NULL);
INSERT INTO evaluation_details (id, evaluation_id, question_id, score, comment) VALUES (2148, 196, 3, 4, NULL);
INSERT INTO evaluation_details (id, evaluation_id, question_id, score, comment) VALUES (2149, 196, 4, 4, NULL);
INSERT INTO evaluation_details (id, evaluation_id, question_id, score, comment) VALUES (2150, 196, 5, 4, NULL);
INSERT INTO evaluation_details (id, evaluation_id, question_id, score, comment) VALUES (2151, 196, 6, 3, NULL);
INSERT INTO evaluation_details (id, evaluation_id, question_id, score, comment) VALUES (2152, 196, 7, 4, NULL);
INSERT INTO evaluation_details (id, evaluation_id, question_id, score, comment) VALUES (2153, 196, 8, 3, NULL);
INSERT INTO evaluation_details (id, evaluation_id, question_id, score, comment) VALUES (2154, 196, 9, 3, NULL);
INSERT INTO evaluation_details (id, evaluation_id, question_id, score, comment) VALUES (2155, 196, 10, 4, NULL);
INSERT INTO evaluation_details (id, evaluation_id, question_id, score, comment) VALUES (2156, 196, 11, NULL, 'Debería dar más feedback en los PRs.');
INSERT INTO evaluations (id, evaluatee_id, form_id, period_id, is_anonymous, status, submitted_at, created_at) VALUES (197, 48, 1, 1, FALSE, 'submitted', '2026-07-21 12:00:00', '2026-07-21 12:05:00');
INSERT INTO evaluation_submissions (id, evaluator_id, evaluatee_id, period_id, evaluation_id, created_at) VALUES (197, 30, 48, 1, 197, '2026-07-21 12:00:00');
INSERT INTO evaluation_details (id, evaluation_id, question_id, score, comment) VALUES (2157, 197, 1, 4, NULL);
INSERT INTO evaluation_details (id, evaluation_id, question_id, score, comment) VALUES (2158, 197, 2, 4, NULL);
INSERT INTO evaluation_details (id, evaluation_id, question_id, score, comment) VALUES (2159, 197, 3, 4, NULL);
INSERT INTO evaluation_details (id, evaluation_id, question_id, score, comment) VALUES (2160, 197, 4, 4, NULL);
INSERT INTO evaluation_details (id, evaluation_id, question_id, score, comment) VALUES (2161, 197, 5, 3, NULL);
INSERT INTO evaluation_details (id, evaluation_id, question_id, score, comment) VALUES (2162, 197, 6, 4, NULL);
INSERT INTO evaluation_details (id, evaluation_id, question_id, score, comment) VALUES (2163, 197, 7, 3, NULL);
INSERT INTO evaluation_details (id, evaluation_id, question_id, score, comment) VALUES (2164, 197, 8, 4, NULL);
INSERT INTO evaluation_details (id, evaluation_id, question_id, score, comment) VALUES (2165, 197, 9, 4, NULL);
INSERT INTO evaluation_details (id, evaluation_id, question_id, score, comment) VALUES (2166, 197, 10, 4, NULL);
INSERT INTO evaluation_details (id, evaluation_id, question_id, score, comment) VALUES (2167, 197, 11, NULL, 'Muy buen líder, siempre apoya al equipo.');
INSERT INTO evaluations (id, evaluatee_id, form_id, period_id, is_anonymous, status, submitted_at, created_at) VALUES (198, 48, 1, 2, TRUE, 'submitted', '2026-07-21 12:00:00', '2026-07-21 12:05:00');
INSERT INTO evaluation_submissions (id, evaluator_id, evaluatee_id, period_id, evaluation_id, created_at) VALUES (198, 26, 48, 2, 198, '2026-07-21 12:00:00');
INSERT INTO evaluation_details (id, evaluation_id, question_id, score, comment) VALUES (2168, 198, 1, 4, NULL);
INSERT INTO evaluation_details (id, evaluation_id, question_id, score, comment) VALUES (2169, 198, 2, 5, NULL);
INSERT INTO evaluation_details (id, evaluation_id, question_id, score, comment) VALUES (2170, 198, 3, 4, NULL);
INSERT INTO evaluation_details (id, evaluation_id, question_id, score, comment) VALUES (2171, 198, 4, 3, NULL);
INSERT INTO evaluation_details (id, evaluation_id, question_id, score, comment) VALUES (2172, 198, 5, 4, NULL);
INSERT INTO evaluation_details (id, evaluation_id, question_id, score, comment) VALUES (2173, 198, 6, 4, NULL);
INSERT INTO evaluation_details (id, evaluation_id, question_id, score, comment) VALUES (2174, 198, 7, 4, NULL);
INSERT INTO evaluation_details (id, evaluation_id, question_id, score, comment) VALUES (2175, 198, 8, 5, NULL);
INSERT INTO evaluation_details (id, evaluation_id, question_id, score, comment) VALUES (2176, 198, 9, 4, NULL);
INSERT INTO evaluation_details (id, evaluation_id, question_id, score, comment) VALUES (2177, 198, 10, 4, NULL);
INSERT INTO evaluation_details (id, evaluation_id, question_id, score, comment) VALUES (2178, 198, 11, NULL, 'Debería dar más feedback en los PRs.');
INSERT INTO evaluations (id, evaluatee_id, form_id, period_id, is_anonymous, status, submitted_at, created_at) VALUES (199, 48, 1, 2, TRUE, 'submitted', '2026-07-21 12:00:00', '2026-07-21 12:05:00');
INSERT INTO evaluation_submissions (id, evaluator_id, evaluatee_id, period_id, evaluation_id, created_at) VALUES (199, 34, 48, 2, 199, '2026-07-21 12:00:00');
INSERT INTO evaluation_details (id, evaluation_id, question_id, score, comment) VALUES (2179, 199, 1, 3, NULL);
INSERT INTO evaluation_details (id, evaluation_id, question_id, score, comment) VALUES (2180, 199, 2, 3, NULL);
INSERT INTO evaluation_details (id, evaluation_id, question_id, score, comment) VALUES (2181, 199, 3, 4, NULL);
INSERT INTO evaluation_details (id, evaluation_id, question_id, score, comment) VALUES (2182, 199, 4, 3, NULL);
INSERT INTO evaluation_details (id, evaluation_id, question_id, score, comment) VALUES (2183, 199, 5, 4, NULL);
INSERT INTO evaluation_details (id, evaluation_id, question_id, score, comment) VALUES (2184, 199, 6, 4, NULL);
INSERT INTO evaluation_details (id, evaluation_id, question_id, score, comment) VALUES (2185, 199, 7, 4, NULL);
INSERT INTO evaluation_details (id, evaluation_id, question_id, score, comment) VALUES (2186, 199, 8, 4, NULL);
INSERT INTO evaluation_details (id, evaluation_id, question_id, score, comment) VALUES (2187, 199, 9, 3, NULL);
INSERT INTO evaluation_details (id, evaluation_id, question_id, score, comment) VALUES (2188, 199, 10, 4, NULL);
INSERT INTO evaluation_details (id, evaluation_id, question_id, score, comment) VALUES (2189, 199, 11, NULL, 'Debería dar más feedback en los PRs.');
INSERT INTO evaluations (id, evaluatee_id, form_id, period_id, is_anonymous, status, submitted_at, created_at) VALUES (200, 48, 1, 2, TRUE, 'submitted', '2026-07-21 12:00:00', '2026-07-21 12:05:00');
INSERT INTO evaluation_submissions (id, evaluator_id, evaluatee_id, period_id, evaluation_id, created_at) VALUES (200, 21, 48, 2, 200, '2026-07-21 12:00:00');
INSERT INTO evaluation_details (id, evaluation_id, question_id, score, comment) VALUES (2190, 200, 1, 4, NULL);
INSERT INTO evaluation_details (id, evaluation_id, question_id, score, comment) VALUES (2191, 200, 2, 4, NULL);
INSERT INTO evaluation_details (id, evaluation_id, question_id, score, comment) VALUES (2192, 200, 3, 4, NULL);
INSERT INTO evaluation_details (id, evaluation_id, question_id, score, comment) VALUES (2193, 200, 4, 5, NULL);
INSERT INTO evaluation_details (id, evaluation_id, question_id, score, comment) VALUES (2194, 200, 5, 4, NULL);
INSERT INTO evaluation_details (id, evaluation_id, question_id, score, comment) VALUES (2195, 200, 6, 5, NULL);
INSERT INTO evaluation_details (id, evaluation_id, question_id, score, comment) VALUES (2196, 200, 7, 4, NULL);
INSERT INTO evaluation_details (id, evaluation_id, question_id, score, comment) VALUES (2197, 200, 8, 5, NULL);
INSERT INTO evaluation_details (id, evaluation_id, question_id, score, comment) VALUES (2198, 200, 9, 5, NULL);
INSERT INTO evaluation_details (id, evaluation_id, question_id, score, comment) VALUES (2199, 200, 10, 4, NULL);
INSERT INTO evaluation_details (id, evaluation_id, question_id, score, comment) VALUES (2200, 200, 11, NULL, 'Excelente disposición.');
INSERT INTO evaluations (id, evaluatee_id, form_id, period_id, is_anonymous, status, submitted_at, created_at) VALUES (201, 48, 1, 2, FALSE, 'submitted', '2026-07-21 12:00:00', '2026-07-21 12:05:00');
INSERT INTO evaluation_submissions (id, evaluator_id, evaluatee_id, period_id, evaluation_id, created_at) VALUES (201, 35, 48, 2, 201, '2026-07-21 12:00:00');
INSERT INTO evaluation_details (id, evaluation_id, question_id, score, comment) VALUES (2201, 201, 1, 5, NULL);
INSERT INTO evaluation_details (id, evaluation_id, question_id, score, comment) VALUES (2202, 201, 2, 4, NULL);
INSERT INTO evaluation_details (id, evaluation_id, question_id, score, comment) VALUES (2203, 201, 3, 5, NULL);
INSERT INTO evaluation_details (id, evaluation_id, question_id, score, comment) VALUES (2204, 201, 4, 4, NULL);
INSERT INTO evaluation_details (id, evaluation_id, question_id, score, comment) VALUES (2205, 201, 5, 4, NULL);
INSERT INTO evaluation_details (id, evaluation_id, question_id, score, comment) VALUES (2206, 201, 6, 5, NULL);
INSERT INTO evaluation_details (id, evaluation_id, question_id, score, comment) VALUES (2207, 201, 7, 4, NULL);
INSERT INTO evaluation_details (id, evaluation_id, question_id, score, comment) VALUES (2208, 201, 8, 4, NULL);
INSERT INTO evaluation_details (id, evaluation_id, question_id, score, comment) VALUES (2209, 201, 9, 5, NULL);
INSERT INTO evaluation_details (id, evaluation_id, question_id, score, comment) VALUES (2210, 201, 10, 5, NULL);
INSERT INTO evaluation_details (id, evaluation_id, question_id, score, comment) VALUES (2211, 201, 11, NULL, 'En el módulo actual fue un gran apoyo, muy enfocado.');
INSERT INTO evaluations (id, evaluatee_id, form_id, period_id, is_anonymous, status, submitted_at, created_at) VALUES (202, 48, 1, 2, TRUE, 'submitted', '2026-07-21 12:00:00', '2026-07-21 12:05:00');
INSERT INTO evaluation_submissions (id, evaluator_id, evaluatee_id, period_id, evaluation_id, created_at) VALUES (202, 12, 48, 2, 202, '2026-07-21 12:00:00');
INSERT INTO evaluation_details (id, evaluation_id, question_id, score, comment) VALUES (2212, 202, 1, 5, NULL);
INSERT INTO evaluation_details (id, evaluation_id, question_id, score, comment) VALUES (2213, 202, 2, 4, NULL);
INSERT INTO evaluation_details (id, evaluation_id, question_id, score, comment) VALUES (2214, 202, 3, 5, NULL);
INSERT INTO evaluation_details (id, evaluation_id, question_id, score, comment) VALUES (2215, 202, 4, 5, NULL);
INSERT INTO evaluation_details (id, evaluation_id, question_id, score, comment) VALUES (2216, 202, 5, 4, NULL);
INSERT INTO evaluation_details (id, evaluation_id, question_id, score, comment) VALUES (2217, 202, 6, 5, NULL);
INSERT INTO evaluation_details (id, evaluation_id, question_id, score, comment) VALUES (2218, 202, 7, 4, NULL);
INSERT INTO evaluation_details (id, evaluation_id, question_id, score, comment) VALUES (2219, 202, 8, 4, NULL);
INSERT INTO evaluation_details (id, evaluation_id, question_id, score, comment) VALUES (2220, 202, 9, 5, NULL);
INSERT INTO evaluation_details (id, evaluation_id, question_id, score, comment) VALUES (2221, 202, 10, 5, NULL);
INSERT INTO evaluation_details (id, evaluation_id, question_id, score, comment) VALUES (2222, 202, 11, NULL, 'Muy buen líder, siempre apoya al equipo.');
INSERT INTO evaluations (id, evaluatee_id, form_id, period_id, is_anonymous, status, submitted_at, created_at) VALUES (203, 48, 1, 2, TRUE, 'submitted', '2026-07-21 12:00:00', '2026-07-21 12:05:00');
INSERT INTO evaluation_submissions (id, evaluator_id, evaluatee_id, period_id, evaluation_id, created_at) VALUES (203, 38, 48, 2, 203, '2026-07-21 12:00:00');
INSERT INTO evaluation_details (id, evaluation_id, question_id, score, comment) VALUES (2223, 203, 1, 3, NULL);
INSERT INTO evaluation_details (id, evaluation_id, question_id, score, comment) VALUES (2224, 203, 2, 4, NULL);
INSERT INTO evaluation_details (id, evaluation_id, question_id, score, comment) VALUES (2225, 203, 3, 4, NULL);
INSERT INTO evaluation_details (id, evaluation_id, question_id, score, comment) VALUES (2226, 203, 4, 3, NULL);
INSERT INTO evaluation_details (id, evaluation_id, question_id, score, comment) VALUES (2227, 203, 5, 3, NULL);
INSERT INTO evaluation_details (id, evaluation_id, question_id, score, comment) VALUES (2228, 203, 6, 3, NULL);
INSERT INTO evaluation_details (id, evaluation_id, question_id, score, comment) VALUES (2229, 203, 7, 3, NULL);
INSERT INTO evaluation_details (id, evaluation_id, question_id, score, comment) VALUES (2230, 203, 8, 4, NULL);
INSERT INTO evaluation_details (id, evaluation_id, question_id, score, comment) VALUES (2231, 203, 9, 3, NULL);
INSERT INTO evaluation_details (id, evaluation_id, question_id, score, comment) VALUES (2232, 203, 10, 3, NULL);
INSERT INTO evaluation_details (id, evaluation_id, question_id, score, comment) VALUES (2233, 203, 11, NULL, 'Excelente disposición.');
INSERT INTO evaluations (id, evaluatee_id, form_id, period_id, is_anonymous, status, submitted_at, created_at) VALUES (204, 48, 1, 2, FALSE, 'submitted', '2026-07-21 12:00:00', '2026-07-21 12:05:00');
INSERT INTO evaluation_submissions (id, evaluator_id, evaluatee_id, period_id, evaluation_id, created_at) VALUES (204, 32, 48, 2, 204, '2026-07-21 12:00:00');
INSERT INTO evaluation_details (id, evaluation_id, question_id, score, comment) VALUES (2234, 204, 1, 5, NULL);
INSERT INTO evaluation_details (id, evaluation_id, question_id, score, comment) VALUES (2235, 204, 2, 4, NULL);
INSERT INTO evaluation_details (id, evaluation_id, question_id, score, comment) VALUES (2236, 204, 3, 3, NULL);
INSERT INTO evaluation_details (id, evaluation_id, question_id, score, comment) VALUES (2237, 204, 4, 4, NULL);
INSERT INTO evaluation_details (id, evaluation_id, question_id, score, comment) VALUES (2238, 204, 5, 4, NULL);
INSERT INTO evaluation_details (id, evaluation_id, question_id, score, comment) VALUES (2239, 204, 6, 4, NULL);
INSERT INTO evaluation_details (id, evaluation_id, question_id, score, comment) VALUES (2240, 204, 7, 4, NULL);
INSERT INTO evaluation_details (id, evaluation_id, question_id, score, comment) VALUES (2241, 204, 8, 4, NULL);
INSERT INTO evaluation_details (id, evaluation_id, question_id, score, comment) VALUES (2242, 204, 9, 4, NULL);
INSERT INTO evaluation_details (id, evaluation_id, question_id, score, comment) VALUES (2243, 204, 10, 4, NULL);
INSERT INTO evaluation_details (id, evaluation_id, question_id, score, comment) VALUES (2244, 204, 11, NULL, 'Excelente disposición.');
INSERT INTO evaluations (id, evaluatee_id, form_id, period_id, is_anonymous, status, submitted_at, created_at) VALUES (205, 48, 1, 2, FALSE, 'submitted', '2026-07-21 12:00:00', '2026-07-21 12:05:00');
INSERT INTO evaluation_submissions (id, evaluator_id, evaluatee_id, period_id, evaluation_id, created_at) VALUES (205, 30, 48, 2, 205, '2026-07-21 12:00:00');
INSERT INTO evaluation_details (id, evaluation_id, question_id, score, comment) VALUES (2245, 205, 1, 4, NULL);
INSERT INTO evaluation_details (id, evaluation_id, question_id, score, comment) VALUES (2246, 205, 2, 4, NULL);
INSERT INTO evaluation_details (id, evaluation_id, question_id, score, comment) VALUES (2247, 205, 3, 4, NULL);
INSERT INTO evaluation_details (id, evaluation_id, question_id, score, comment) VALUES (2248, 205, 4, 4, NULL);
INSERT INTO evaluation_details (id, evaluation_id, question_id, score, comment) VALUES (2249, 205, 5, 5, NULL);
INSERT INTO evaluation_details (id, evaluation_id, question_id, score, comment) VALUES (2250, 205, 6, 3, NULL);
INSERT INTO evaluation_details (id, evaluation_id, question_id, score, comment) VALUES (2251, 205, 7, 4, NULL);
INSERT INTO evaluation_details (id, evaluation_id, question_id, score, comment) VALUES (2252, 205, 8, 4, NULL);
INSERT INTO evaluation_details (id, evaluation_id, question_id, score, comment) VALUES (2253, 205, 9, 4, NULL);
INSERT INTO evaluation_details (id, evaluation_id, question_id, score, comment) VALUES (2254, 205, 10, 4, NULL);
INSERT INTO evaluation_details (id, evaluation_id, question_id, score, comment) VALUES (2255, 205, 11, NULL, 'Muy buen líder, siempre apoya al equipo.');
INSERT INTO evaluations (id, evaluatee_id, form_id, period_id, is_anonymous, status, submitted_at, created_at) VALUES (206, 48, 1, 2, FALSE, 'submitted', '2026-07-21 12:00:00', '2026-07-21 12:05:00');
INSERT INTO evaluation_submissions (id, evaluator_id, evaluatee_id, period_id, evaluation_id, created_at) VALUES (206, 16, 48, 2, 206, '2026-07-21 12:00:00');
INSERT INTO evaluation_details (id, evaluation_id, question_id, score, comment) VALUES (2256, 206, 1, 4, NULL);
INSERT INTO evaluation_details (id, evaluation_id, question_id, score, comment) VALUES (2257, 206, 2, 4, NULL);
INSERT INTO evaluation_details (id, evaluation_id, question_id, score, comment) VALUES (2258, 206, 3, 4, NULL);
INSERT INTO evaluation_details (id, evaluation_id, question_id, score, comment) VALUES (2259, 206, 4, 4, NULL);
INSERT INTO evaluation_details (id, evaluation_id, question_id, score, comment) VALUES (2260, 206, 5, 4, NULL);
INSERT INTO evaluation_details (id, evaluation_id, question_id, score, comment) VALUES (2261, 206, 6, 3, NULL);
INSERT INTO evaluation_details (id, evaluation_id, question_id, score, comment) VALUES (2262, 206, 7, 5, NULL);
INSERT INTO evaluation_details (id, evaluation_id, question_id, score, comment) VALUES (2263, 206, 8, 4, NULL);
INSERT INTO evaluation_details (id, evaluation_id, question_id, score, comment) VALUES (2264, 206, 9, 4, NULL);
INSERT INTO evaluation_details (id, evaluation_id, question_id, score, comment) VALUES (2265, 206, 10, 4, NULL);
INSERT INTO evaluation_details (id, evaluation_id, question_id, score, comment) VALUES (2266, 206, 11, NULL, 'Me gustaría que hiciera sesiones de pair programming.');
INSERT INTO evaluations (id, evaluatee_id, form_id, period_id, is_anonymous, status, submitted_at, created_at) VALUES (207, 48, 1, 2, FALSE, 'submitted', '2026-07-21 12:00:00', '2026-07-21 12:05:00');
INSERT INTO evaluation_submissions (id, evaluator_id, evaluatee_id, period_id, evaluation_id, created_at) VALUES (207, 44, 48, 2, 207, '2026-07-21 12:00:00');
INSERT INTO evaluation_details (id, evaluation_id, question_id, score, comment) VALUES (2267, 207, 1, 3, NULL);
INSERT INTO evaluation_details (id, evaluation_id, question_id, score, comment) VALUES (2268, 207, 2, 4, NULL);
INSERT INTO evaluation_details (id, evaluation_id, question_id, score, comment) VALUES (2269, 207, 3, 4, NULL);
INSERT INTO evaluation_details (id, evaluation_id, question_id, score, comment) VALUES (2270, 207, 4, 4, NULL);
INSERT INTO evaluation_details (id, evaluation_id, question_id, score, comment) VALUES (2271, 207, 5, 4, NULL);
INSERT INTO evaluation_details (id, evaluation_id, question_id, score, comment) VALUES (2272, 207, 6, 4, NULL);
INSERT INTO evaluation_details (id, evaluation_id, question_id, score, comment) VALUES (2273, 207, 7, 3, NULL);
INSERT INTO evaluation_details (id, evaluation_id, question_id, score, comment) VALUES (2274, 207, 8, 3, NULL);
INSERT INTO evaluation_details (id, evaluation_id, question_id, score, comment) VALUES (2275, 207, 9, 3, NULL);
INSERT INTO evaluation_details (id, evaluation_id, question_id, score, comment) VALUES (2276, 207, 10, 4, NULL);
INSERT INTO evaluation_details (id, evaluation_id, question_id, score, comment) VALUES (2277, 207, 11, NULL, 'Excelente disposición.');
INSERT INTO evaluations (id, evaluatee_id, form_id, period_id, is_anonymous, status, submitted_at, created_at) VALUES (208, 48, 1, 3, FALSE, 'submitted', '2026-07-21 12:00:00', '2026-07-21 12:05:00');
INSERT INTO evaluation_submissions (id, evaluator_id, evaluatee_id, period_id, evaluation_id, created_at) VALUES (208, 13, 48, 3, 208, '2026-07-21 12:00:00');
INSERT INTO evaluation_details (id, evaluation_id, question_id, score, comment) VALUES (2278, 208, 1, 3, NULL);
INSERT INTO evaluation_details (id, evaluation_id, question_id, score, comment) VALUES (2279, 208, 2, 4, NULL);
INSERT INTO evaluation_details (id, evaluation_id, question_id, score, comment) VALUES (2280, 208, 3, 5, NULL);
INSERT INTO evaluation_details (id, evaluation_id, question_id, score, comment) VALUES (2281, 208, 4, 5, NULL);
INSERT INTO evaluation_details (id, evaluation_id, question_id, score, comment) VALUES (2282, 208, 5, 4, NULL);
INSERT INTO evaluation_details (id, evaluation_id, question_id, score, comment) VALUES (2283, 208, 6, 4, NULL);
INSERT INTO evaluation_details (id, evaluation_id, question_id, score, comment) VALUES (2284, 208, 7, 4, NULL);
INSERT INTO evaluation_details (id, evaluation_id, question_id, score, comment) VALUES (2285, 208, 8, 5, NULL);
INSERT INTO evaluation_details (id, evaluation_id, question_id, score, comment) VALUES (2286, 208, 9, 4, NULL);
INSERT INTO evaluation_details (id, evaluation_id, question_id, score, comment) VALUES (2287, 208, 10, 4, NULL);
INSERT INTO evaluation_details (id, evaluation_id, question_id, score, comment) VALUES (2288, 208, 11, NULL, 'Nos ayuda a resolver problemas rápidamente.');
INSERT INTO evaluations (id, evaluatee_id, form_id, period_id, is_anonymous, status, submitted_at, created_at) VALUES (209, 48, 1, 3, FALSE, 'submitted', '2026-07-21 12:00:00', '2026-07-21 12:05:00');
INSERT INTO evaluation_submissions (id, evaluator_id, evaluatee_id, period_id, evaluation_id, created_at) VALUES (209, 28, 48, 3, 209, '2026-07-21 12:00:00');
INSERT INTO evaluation_details (id, evaluation_id, question_id, score, comment) VALUES (2289, 209, 1, 4, NULL);
INSERT INTO evaluation_details (id, evaluation_id, question_id, score, comment) VALUES (2290, 209, 2, 3, NULL);
INSERT INTO evaluation_details (id, evaluation_id, question_id, score, comment) VALUES (2291, 209, 3, 4, NULL);
INSERT INTO evaluation_details (id, evaluation_id, question_id, score, comment) VALUES (2292, 209, 4, 4, NULL);
INSERT INTO evaluation_details (id, evaluation_id, question_id, score, comment) VALUES (2293, 209, 5, 5, NULL);
INSERT INTO evaluation_details (id, evaluation_id, question_id, score, comment) VALUES (2294, 209, 6, 4, NULL);
INSERT INTO evaluation_details (id, evaluation_id, question_id, score, comment) VALUES (2295, 209, 7, 3, NULL);
INSERT INTO evaluation_details (id, evaluation_id, question_id, score, comment) VALUES (2296, 209, 8, 4, NULL);
INSERT INTO evaluation_details (id, evaluation_id, question_id, score, comment) VALUES (2297, 209, 9, 4, NULL);
INSERT INTO evaluation_details (id, evaluation_id, question_id, score, comment) VALUES (2298, 209, 10, 4, NULL);
INSERT INTO evaluation_details (id, evaluation_id, question_id, score, comment) VALUES (2299, 209, 11, NULL, 'En el módulo actual fue un gran apoyo, muy enfocado.');
INSERT INTO evaluations (id, evaluatee_id, form_id, period_id, is_anonymous, status, submitted_at, created_at) VALUES (210, 48, 1, 3, TRUE, 'submitted', '2026-07-21 12:00:00', '2026-07-21 12:05:00');
INSERT INTO evaluation_submissions (id, evaluator_id, evaluatee_id, period_id, evaluation_id, created_at) VALUES (210, 17, 48, 3, 210, '2026-07-21 12:00:00');
INSERT INTO evaluation_details (id, evaluation_id, question_id, score, comment) VALUES (2300, 210, 1, 4, NULL);
INSERT INTO evaluation_details (id, evaluation_id, question_id, score, comment) VALUES (2301, 210, 2, 5, NULL);
INSERT INTO evaluation_details (id, evaluation_id, question_id, score, comment) VALUES (2302, 210, 3, 3, NULL);
INSERT INTO evaluation_details (id, evaluation_id, question_id, score, comment) VALUES (2303, 210, 4, 4, NULL);
INSERT INTO evaluation_details (id, evaluation_id, question_id, score, comment) VALUES (2304, 210, 5, 5, NULL);
INSERT INTO evaluation_details (id, evaluation_id, question_id, score, comment) VALUES (2305, 210, 6, 3, NULL);
INSERT INTO evaluation_details (id, evaluation_id, question_id, score, comment) VALUES (2306, 210, 7, 4, NULL);
INSERT INTO evaluation_details (id, evaluation_id, question_id, score, comment) VALUES (2307, 210, 8, 4, NULL);
INSERT INTO evaluation_details (id, evaluation_id, question_id, score, comment) VALUES (2308, 210, 9, 4, NULL);
INSERT INTO evaluation_details (id, evaluation_id, question_id, score, comment) VALUES (2309, 210, 10, 4, NULL);
INSERT INTO evaluation_details (id, evaluation_id, question_id, score, comment) VALUES (2310, 210, 11, NULL, 'En el módulo actual fue un gran apoyo, muy enfocado.');
INSERT INTO evaluations (id, evaluatee_id, form_id, period_id, is_anonymous, status, submitted_at, created_at) VALUES (211, 48, 1, 3, FALSE, 'submitted', '2026-07-21 12:00:00', '2026-07-21 12:05:00');
INSERT INTO evaluation_submissions (id, evaluator_id, evaluatee_id, period_id, evaluation_id, created_at) VALUES (211, 41, 48, 3, 211, '2026-07-21 12:00:00');
INSERT INTO evaluation_details (id, evaluation_id, question_id, score, comment) VALUES (2311, 211, 1, 5, NULL);
INSERT INTO evaluation_details (id, evaluation_id, question_id, score, comment) VALUES (2312, 211, 2, 4, NULL);
INSERT INTO evaluation_details (id, evaluation_id, question_id, score, comment) VALUES (2313, 211, 3, 4, NULL);
INSERT INTO evaluation_details (id, evaluation_id, question_id, score, comment) VALUES (2314, 211, 4, 4, NULL);
INSERT INTO evaluation_details (id, evaluation_id, question_id, score, comment) VALUES (2315, 211, 5, 5, NULL);
INSERT INTO evaluation_details (id, evaluation_id, question_id, score, comment) VALUES (2316, 211, 6, 5, NULL);
INSERT INTO evaluation_details (id, evaluation_id, question_id, score, comment) VALUES (2317, 211, 7, 4, NULL);
INSERT INTO evaluation_details (id, evaluation_id, question_id, score, comment) VALUES (2318, 211, 8, 5, NULL);
INSERT INTO evaluation_details (id, evaluation_id, question_id, score, comment) VALUES (2319, 211, 9, 4, NULL);
INSERT INTO evaluation_details (id, evaluation_id, question_id, score, comment) VALUES (2320, 211, 10, 4, NULL);
INSERT INTO evaluation_details (id, evaluation_id, question_id, score, comment) VALUES (2321, 211, 11, NULL, 'Excelente disposición.');
INSERT INTO evaluations (id, evaluatee_id, form_id, period_id, is_anonymous, status, submitted_at, created_at) VALUES (212, 48, 1, 3, FALSE, 'submitted', '2026-07-21 12:00:00', '2026-07-21 12:05:00');
INSERT INTO evaluation_submissions (id, evaluator_id, evaluatee_id, period_id, evaluation_id, created_at) VALUES (212, 18, 48, 3, 212, '2026-07-21 12:00:00');
INSERT INTO evaluation_details (id, evaluation_id, question_id, score, comment) VALUES (2322, 212, 1, 4, NULL);
INSERT INTO evaluation_details (id, evaluation_id, question_id, score, comment) VALUES (2323, 212, 2, 4, NULL);
INSERT INTO evaluation_details (id, evaluation_id, question_id, score, comment) VALUES (2324, 212, 3, 4, NULL);
INSERT INTO evaluation_details (id, evaluation_id, question_id, score, comment) VALUES (2325, 212, 4, 5, NULL);
INSERT INTO evaluation_details (id, evaluation_id, question_id, score, comment) VALUES (2326, 212, 5, 5, NULL);
INSERT INTO evaluation_details (id, evaluation_id, question_id, score, comment) VALUES (2327, 212, 6, 4, NULL);
INSERT INTO evaluation_details (id, evaluation_id, question_id, score, comment) VALUES (2328, 212, 7, 3, NULL);
INSERT INTO evaluation_details (id, evaluation_id, question_id, score, comment) VALUES (2329, 212, 8, 4, NULL);
INSERT INTO evaluation_details (id, evaluation_id, question_id, score, comment) VALUES (2330, 212, 9, 4, NULL);
INSERT INTO evaluation_details (id, evaluation_id, question_id, score, comment) VALUES (2331, 212, 10, 4, NULL);
INSERT INTO evaluation_details (id, evaluation_id, question_id, score, comment) VALUES (2332, 212, 11, NULL, 'Debería dar más feedback en los PRs.');
INSERT INTO evaluations (id, evaluatee_id, form_id, period_id, is_anonymous, status, submitted_at, created_at) VALUES (213, 48, 1, 3, TRUE, 'submitted', '2026-07-21 12:00:00', '2026-07-21 12:05:00');
INSERT INTO evaluation_submissions (id, evaluator_id, evaluatee_id, period_id, evaluation_id, created_at) VALUES (213, 16, 48, 3, 213, '2026-07-21 12:00:00');
INSERT INTO evaluation_details (id, evaluation_id, question_id, score, comment) VALUES (2333, 213, 1, 4, NULL);
INSERT INTO evaluation_details (id, evaluation_id, question_id, score, comment) VALUES (2334, 213, 2, 4, NULL);
INSERT INTO evaluation_details (id, evaluation_id, question_id, score, comment) VALUES (2335, 213, 3, 4, NULL);
INSERT INTO evaluation_details (id, evaluation_id, question_id, score, comment) VALUES (2336, 213, 4, 5, NULL);
INSERT INTO evaluation_details (id, evaluation_id, question_id, score, comment) VALUES (2337, 213, 5, 4, NULL);
INSERT INTO evaluation_details (id, evaluation_id, question_id, score, comment) VALUES (2338, 213, 6, 5, NULL);
INSERT INTO evaluation_details (id, evaluation_id, question_id, score, comment) VALUES (2339, 213, 7, 4, NULL);
INSERT INTO evaluation_details (id, evaluation_id, question_id, score, comment) VALUES (2340, 213, 8, 5, NULL);
INSERT INTO evaluation_details (id, evaluation_id, question_id, score, comment) VALUES (2341, 213, 9, 5, NULL);
INSERT INTO evaluation_details (id, evaluation_id, question_id, score, comment) VALUES (2342, 213, 10, 4, NULL);
INSERT INTO evaluation_details (id, evaluation_id, question_id, score, comment) VALUES (2343, 213, 11, NULL, 'Debería dar más feedback en los PRs.');
INSERT INTO evaluations (id, evaluatee_id, form_id, period_id, is_anonymous, status, submitted_at, created_at) VALUES (214, 48, 1, 3, TRUE, 'submitted', '2026-07-21 12:00:00', '2026-07-21 12:05:00');
INSERT INTO evaluation_submissions (id, evaluator_id, evaluatee_id, period_id, evaluation_id, created_at) VALUES (214, 38, 48, 3, 214, '2026-07-21 12:00:00');
INSERT INTO evaluation_details (id, evaluation_id, question_id, score, comment) VALUES (2344, 214, 1, 4, NULL);
INSERT INTO evaluation_details (id, evaluation_id, question_id, score, comment) VALUES (2345, 214, 2, 3, NULL);
INSERT INTO evaluation_details (id, evaluation_id, question_id, score, comment) VALUES (2346, 214, 3, 3, NULL);
INSERT INTO evaluation_details (id, evaluation_id, question_id, score, comment) VALUES (2347, 214, 4, 4, NULL);
INSERT INTO evaluation_details (id, evaluation_id, question_id, score, comment) VALUES (2348, 214, 5, 3, NULL);
INSERT INTO evaluation_details (id, evaluation_id, question_id, score, comment) VALUES (2349, 214, 6, 3, NULL);
INSERT INTO evaluation_details (id, evaluation_id, question_id, score, comment) VALUES (2350, 214, 7, 4, NULL);
INSERT INTO evaluation_details (id, evaluation_id, question_id, score, comment) VALUES (2351, 214, 8, 4, NULL);
INSERT INTO evaluation_details (id, evaluation_id, question_id, score, comment) VALUES (2352, 214, 9, 3, NULL);
INSERT INTO evaluation_details (id, evaluation_id, question_id, score, comment) VALUES (2353, 214, 10, 4, NULL);
INSERT INTO evaluation_details (id, evaluation_id, question_id, score, comment) VALUES (2354, 214, 11, NULL, 'Me gustaría que hiciera sesiones de pair programming.');
INSERT INTO evaluations (id, evaluatee_id, form_id, period_id, is_anonymous, status, submitted_at, created_at) VALUES (215, 48, 1, 4, TRUE, 'submitted', '2026-07-21 12:00:00', '2026-07-21 12:05:00');
INSERT INTO evaluation_submissions (id, evaluator_id, evaluatee_id, period_id, evaluation_id, created_at) VALUES (215, 15, 48, 4, 215, '2026-07-21 12:00:00');
INSERT INTO evaluation_details (id, evaluation_id, question_id, score, comment) VALUES (2355, 215, 1, 4, NULL);
INSERT INTO evaluation_details (id, evaluation_id, question_id, score, comment) VALUES (2356, 215, 2, 3, NULL);
INSERT INTO evaluation_details (id, evaluation_id, question_id, score, comment) VALUES (2357, 215, 3, 3, NULL);
INSERT INTO evaluation_details (id, evaluation_id, question_id, score, comment) VALUES (2358, 215, 4, 3, NULL);
INSERT INTO evaluation_details (id, evaluation_id, question_id, score, comment) VALUES (2359, 215, 5, 4, NULL);
INSERT INTO evaluation_details (id, evaluation_id, question_id, score, comment) VALUES (2360, 215, 6, 4, NULL);
INSERT INTO evaluation_details (id, evaluation_id, question_id, score, comment) VALUES (2361, 215, 7, 3, NULL);
INSERT INTO evaluation_details (id, evaluation_id, question_id, score, comment) VALUES (2362, 215, 8, 4, NULL);
INSERT INTO evaluation_details (id, evaluation_id, question_id, score, comment) VALUES (2363, 215, 9, 4, NULL);
INSERT INTO evaluation_details (id, evaluation_id, question_id, score, comment) VALUES (2364, 215, 10, 4, NULL);
INSERT INTO evaluation_details (id, evaluation_id, question_id, score, comment) VALUES (2365, 215, 11, NULL, 'Muy buen líder, siempre apoya al equipo.');
INSERT INTO evaluations (id, evaluatee_id, form_id, period_id, is_anonymous, status, submitted_at, created_at) VALUES (216, 48, 1, 4, TRUE, 'submitted', '2026-07-21 12:00:00', '2026-07-21 12:05:00');
INSERT INTO evaluation_submissions (id, evaluator_id, evaluatee_id, period_id, evaluation_id, created_at) VALUES (216, 18, 48, 4, 216, '2026-07-21 12:00:00');
INSERT INTO evaluation_details (id, evaluation_id, question_id, score, comment) VALUES (2366, 216, 1, 4, NULL);
INSERT INTO evaluation_details (id, evaluation_id, question_id, score, comment) VALUES (2367, 216, 2, 3, NULL);
INSERT INTO evaluation_details (id, evaluation_id, question_id, score, comment) VALUES (2368, 216, 3, 4, NULL);
INSERT INTO evaluation_details (id, evaluation_id, question_id, score, comment) VALUES (2369, 216, 4, 4, NULL);
INSERT INTO evaluation_details (id, evaluation_id, question_id, score, comment) VALUES (2370, 216, 5, 4, NULL);
INSERT INTO evaluation_details (id, evaluation_id, question_id, score, comment) VALUES (2371, 216, 6, 4, NULL);
INSERT INTO evaluation_details (id, evaluation_id, question_id, score, comment) VALUES (2372, 216, 7, 3, NULL);
INSERT INTO evaluation_details (id, evaluation_id, question_id, score, comment) VALUES (2373, 216, 8, 4, NULL);
INSERT INTO evaluation_details (id, evaluation_id, question_id, score, comment) VALUES (2374, 216, 9, 3, NULL);
INSERT INTO evaluation_details (id, evaluation_id, question_id, score, comment) VALUES (2375, 216, 10, 3, NULL);
INSERT INTO evaluation_details (id, evaluation_id, question_id, score, comment) VALUES (2376, 216, 11, NULL, 'Me gustaría que hiciera sesiones de pair programming.');
INSERT INTO evaluations (id, evaluatee_id, form_id, period_id, is_anonymous, status, submitted_at, created_at) VALUES (217, 48, 1, 4, TRUE, 'submitted', '2026-07-21 12:00:00', '2026-07-21 12:05:00');
INSERT INTO evaluation_submissions (id, evaluator_id, evaluatee_id, period_id, evaluation_id, created_at) VALUES (217, 12, 48, 4, 217, '2026-07-21 12:00:00');
INSERT INTO evaluation_details (id, evaluation_id, question_id, score, comment) VALUES (2377, 217, 1, 5, NULL);
INSERT INTO evaluation_details (id, evaluation_id, question_id, score, comment) VALUES (2378, 217, 2, 4, NULL);
INSERT INTO evaluation_details (id, evaluation_id, question_id, score, comment) VALUES (2379, 217, 3, 4, NULL);
INSERT INTO evaluation_details (id, evaluation_id, question_id, score, comment) VALUES (2380, 217, 4, 4, NULL);
INSERT INTO evaluation_details (id, evaluation_id, question_id, score, comment) VALUES (2381, 217, 5, 4, NULL);
INSERT INTO evaluation_details (id, evaluation_id, question_id, score, comment) VALUES (2382, 217, 6, 4, NULL);
INSERT INTO evaluation_details (id, evaluation_id, question_id, score, comment) VALUES (2383, 217, 7, 4, NULL);
INSERT INTO evaluation_details (id, evaluation_id, question_id, score, comment) VALUES (2384, 217, 8, 4, NULL);
INSERT INTO evaluation_details (id, evaluation_id, question_id, score, comment) VALUES (2385, 217, 9, 5, NULL);
INSERT INTO evaluation_details (id, evaluation_id, question_id, score, comment) VALUES (2386, 217, 10, 3, NULL);
INSERT INTO evaluation_details (id, evaluation_id, question_id, score, comment) VALUES (2387, 217, 11, NULL, 'Muy buen líder, siempre apoya al equipo.');
INSERT INTO evaluations (id, evaluatee_id, form_id, period_id, is_anonymous, status, submitted_at, created_at) VALUES (218, 48, 1, 4, TRUE, 'submitted', '2026-07-21 12:00:00', '2026-07-21 12:05:00');
INSERT INTO evaluation_submissions (id, evaluator_id, evaluatee_id, period_id, evaluation_id, created_at) VALUES (218, 16, 48, 4, 218, '2026-07-21 12:00:00');
INSERT INTO evaluation_details (id, evaluation_id, question_id, score, comment) VALUES (2388, 218, 1, 4, NULL);
INSERT INTO evaluation_details (id, evaluation_id, question_id, score, comment) VALUES (2389, 218, 2, 4, NULL);
INSERT INTO evaluation_details (id, evaluation_id, question_id, score, comment) VALUES (2390, 218, 3, 5, NULL);
INSERT INTO evaluation_details (id, evaluation_id, question_id, score, comment) VALUES (2391, 218, 4, 5, NULL);
INSERT INTO evaluation_details (id, evaluation_id, question_id, score, comment) VALUES (2392, 218, 5, 4, NULL);
INSERT INTO evaluation_details (id, evaluation_id, question_id, score, comment) VALUES (2393, 218, 6, 4, NULL);
INSERT INTO evaluation_details (id, evaluation_id, question_id, score, comment) VALUES (2394, 218, 7, 4, NULL);
INSERT INTO evaluation_details (id, evaluation_id, question_id, score, comment) VALUES (2395, 218, 8, 4, NULL);
INSERT INTO evaluation_details (id, evaluation_id, question_id, score, comment) VALUES (2396, 218, 9, 4, NULL);
INSERT INTO evaluation_details (id, evaluation_id, question_id, score, comment) VALUES (2397, 218, 10, 4, NULL);
INSERT INTO evaluation_details (id, evaluation_id, question_id, score, comment) VALUES (2398, 218, 11, NULL, 'Me gustaría que hiciera sesiones de pair programming.');
INSERT INTO evaluations (id, evaluatee_id, form_id, period_id, is_anonymous, status, submitted_at, created_at) VALUES (219, 48, 1, 4, TRUE, 'submitted', '2026-07-21 12:00:00', '2026-07-21 12:05:00');
INSERT INTO evaluation_submissions (id, evaluator_id, evaluatee_id, period_id, evaluation_id, created_at) VALUES (219, 28, 48, 4, 219, '2026-07-21 12:00:00');
INSERT INTO evaluation_details (id, evaluation_id, question_id, score, comment) VALUES (2399, 219, 1, 4, NULL);
INSERT INTO evaluation_details (id, evaluation_id, question_id, score, comment) VALUES (2400, 219, 2, 4, NULL);
INSERT INTO evaluation_details (id, evaluation_id, question_id, score, comment) VALUES (2401, 219, 3, 4, NULL);
INSERT INTO evaluation_details (id, evaluation_id, question_id, score, comment) VALUES (2402, 219, 4, 4, NULL);
INSERT INTO evaluation_details (id, evaluation_id, question_id, score, comment) VALUES (2403, 219, 5, 4, NULL);
INSERT INTO evaluation_details (id, evaluation_id, question_id, score, comment) VALUES (2404, 219, 6, 5, NULL);
INSERT INTO evaluation_details (id, evaluation_id, question_id, score, comment) VALUES (2405, 219, 7, 3, NULL);
INSERT INTO evaluation_details (id, evaluation_id, question_id, score, comment) VALUES (2406, 219, 8, 4, NULL);
INSERT INTO evaluation_details (id, evaluation_id, question_id, score, comment) VALUES (2407, 219, 9, 4, NULL);
INSERT INTO evaluation_details (id, evaluation_id, question_id, score, comment) VALUES (2408, 219, 10, 3, NULL);
INSERT INTO evaluation_details (id, evaluation_id, question_id, score, comment) VALUES (2409, 219, 11, NULL, 'Nos ayuda a resolver problemas rápidamente.');
INSERT INTO evaluations (id, evaluatee_id, form_id, period_id, is_anonymous, status, submitted_at, created_at) VALUES (220, 48, 1, 4, TRUE, 'submitted', '2026-07-21 12:00:00', '2026-07-21 12:05:00');
INSERT INTO evaluation_submissions (id, evaluator_id, evaluatee_id, period_id, evaluation_id, created_at) VALUES (220, 44, 48, 4, 220, '2026-07-21 12:00:00');
INSERT INTO evaluation_details (id, evaluation_id, question_id, score, comment) VALUES (2410, 220, 1, 4, NULL);
INSERT INTO evaluation_details (id, evaluation_id, question_id, score, comment) VALUES (2411, 220, 2, 4, NULL);
INSERT INTO evaluation_details (id, evaluation_id, question_id, score, comment) VALUES (2412, 220, 3, 4, NULL);
INSERT INTO evaluation_details (id, evaluation_id, question_id, score, comment) VALUES (2413, 220, 4, 4, NULL);
INSERT INTO evaluation_details (id, evaluation_id, question_id, score, comment) VALUES (2414, 220, 5, 4, NULL);
INSERT INTO evaluation_details (id, evaluation_id, question_id, score, comment) VALUES (2415, 220, 6, 4, NULL);
INSERT INTO evaluation_details (id, evaluation_id, question_id, score, comment) VALUES (2416, 220, 7, 3, NULL);
INSERT INTO evaluation_details (id, evaluation_id, question_id, score, comment) VALUES (2417, 220, 8, 3, NULL);
INSERT INTO evaluation_details (id, evaluation_id, question_id, score, comment) VALUES (2418, 220, 9, 4, NULL);
INSERT INTO evaluation_details (id, evaluation_id, question_id, score, comment) VALUES (2419, 220, 10, 4, NULL);
INSERT INTO evaluation_details (id, evaluation_id, question_id, score, comment) VALUES (2420, 220, 11, NULL, 'Me gustaría que hiciera sesiones de pair programming.');
INSERT INTO evaluations (id, evaluatee_id, form_id, period_id, is_anonymous, status, submitted_at, created_at) VALUES (221, 48, 1, 4, FALSE, 'submitted', '2026-07-21 12:00:00', '2026-07-21 12:05:00');
INSERT INTO evaluation_submissions (id, evaluator_id, evaluatee_id, period_id, evaluation_id, created_at) VALUES (221, 45, 48, 4, 221, '2026-07-21 12:00:00');
INSERT INTO evaluation_details (id, evaluation_id, question_id, score, comment) VALUES (2421, 221, 1, 3, NULL);
INSERT INTO evaluation_details (id, evaluation_id, question_id, score, comment) VALUES (2422, 221, 2, 4, NULL);
INSERT INTO evaluation_details (id, evaluation_id, question_id, score, comment) VALUES (2423, 221, 3, 3, NULL);
INSERT INTO evaluation_details (id, evaluation_id, question_id, score, comment) VALUES (2424, 221, 4, 4, NULL);
INSERT INTO evaluation_details (id, evaluation_id, question_id, score, comment) VALUES (2425, 221, 5, 3, NULL);
INSERT INTO evaluation_details (id, evaluation_id, question_id, score, comment) VALUES (2426, 221, 6, 3, NULL);
INSERT INTO evaluation_details (id, evaluation_id, question_id, score, comment) VALUES (2427, 221, 7, 3, NULL);
INSERT INTO evaluation_details (id, evaluation_id, question_id, score, comment) VALUES (2428, 221, 8, 4, NULL);
INSERT INTO evaluation_details (id, evaluation_id, question_id, score, comment) VALUES (2429, 221, 9, 4, NULL);
INSERT INTO evaluation_details (id, evaluation_id, question_id, score, comment) VALUES (2430, 221, 10, 3, NULL);
INSERT INTO evaluation_details (id, evaluation_id, question_id, score, comment) VALUES (2431, 221, 11, NULL, 'Muy buen líder, siempre apoya al equipo.');
INSERT INTO evaluations (id, evaluatee_id, form_id, period_id, is_anonymous, status, submitted_at, created_at) VALUES (222, 48, 1, 4, TRUE, 'submitted', '2026-07-21 12:00:00', '2026-07-21 12:05:00');
INSERT INTO evaluation_submissions (id, evaluator_id, evaluatee_id, period_id, evaluation_id, created_at) VALUES (222, 32, 48, 4, 222, '2026-07-21 12:00:00');
INSERT INTO evaluation_details (id, evaluation_id, question_id, score, comment) VALUES (2432, 222, 1, 5, NULL);
INSERT INTO evaluation_details (id, evaluation_id, question_id, score, comment) VALUES (2433, 222, 2, 5, NULL);
INSERT INTO evaluation_details (id, evaluation_id, question_id, score, comment) VALUES (2434, 222, 3, 4, NULL);
INSERT INTO evaluation_details (id, evaluation_id, question_id, score, comment) VALUES (2435, 222, 4, 4, NULL);
INSERT INTO evaluation_details (id, evaluation_id, question_id, score, comment) VALUES (2436, 222, 5, 4, NULL);
INSERT INTO evaluation_details (id, evaluation_id, question_id, score, comment) VALUES (2437, 222, 6, 5, NULL);
INSERT INTO evaluation_details (id, evaluation_id, question_id, score, comment) VALUES (2438, 222, 7, 5, NULL);
INSERT INTO evaluation_details (id, evaluation_id, question_id, score, comment) VALUES (2439, 222, 8, 5, NULL);
INSERT INTO evaluation_details (id, evaluation_id, question_id, score, comment) VALUES (2440, 222, 9, 4, NULL);
INSERT INTO evaluation_details (id, evaluation_id, question_id, score, comment) VALUES (2441, 222, 10, 4, NULL);
INSERT INTO evaluation_details (id, evaluation_id, question_id, score, comment) VALUES (2442, 222, 11, NULL, 'Nos ayuda a resolver problemas rápidamente.');
INSERT INTO evaluations (id, evaluatee_id, form_id, period_id, is_anonymous, status, submitted_at, created_at) VALUES (223, 48, 1, 4, TRUE, 'submitted', '2026-07-21 12:00:00', '2026-07-21 12:05:00');
INSERT INTO evaluation_submissions (id, evaluator_id, evaluatee_id, period_id, evaluation_id, created_at) VALUES (223, 17, 48, 4, 223, '2026-07-21 12:00:00');
INSERT INTO evaluation_details (id, evaluation_id, question_id, score, comment) VALUES (2443, 223, 1, 4, NULL);
INSERT INTO evaluation_details (id, evaluation_id, question_id, score, comment) VALUES (2444, 223, 2, 4, NULL);
INSERT INTO evaluation_details (id, evaluation_id, question_id, score, comment) VALUES (2445, 223, 3, 4, NULL);
INSERT INTO evaluation_details (id, evaluation_id, question_id, score, comment) VALUES (2446, 223, 4, 4, NULL);
INSERT INTO evaluation_details (id, evaluation_id, question_id, score, comment) VALUES (2447, 223, 5, 4, NULL);
INSERT INTO evaluation_details (id, evaluation_id, question_id, score, comment) VALUES (2448, 223, 6, 4, NULL);
INSERT INTO evaluation_details (id, evaluation_id, question_id, score, comment) VALUES (2449, 223, 7, 3, NULL);
INSERT INTO evaluation_details (id, evaluation_id, question_id, score, comment) VALUES (2450, 223, 8, 4, NULL);
INSERT INTO evaluation_details (id, evaluation_id, question_id, score, comment) VALUES (2451, 223, 9, 5, NULL);
INSERT INTO evaluation_details (id, evaluation_id, question_id, score, comment) VALUES (2452, 223, 10, 4, NULL);
INSERT INTO evaluation_details (id, evaluation_id, question_id, score, comment) VALUES (2453, 223, 11, NULL, 'Nos ayuda a resolver problemas rápidamente.');
INSERT INTO evaluations (id, evaluatee_id, form_id, period_id, is_anonymous, status, submitted_at, created_at) VALUES (224, 5, 2, 1, FALSE, 'submitted', '2026-07-21 12:00:00', '2026-07-21 12:05:00');
INSERT INTO evaluation_submissions (id, evaluator_id, evaluatee_id, period_id, evaluation_id, created_at) VALUES (224, 14, 5, 1, 224, '2026-07-21 12:00:00');
INSERT INTO evaluation_details (id, evaluation_id, question_id, score, comment) VALUES (2454, 224, 12, 3, NULL);
INSERT INTO evaluation_details (id, evaluation_id, question_id, score, comment) VALUES (2455, 224, 13, 4, NULL);
INSERT INTO evaluation_details (id, evaluation_id, question_id, score, comment) VALUES (2456, 224, 14, 5, NULL);
INSERT INTO evaluation_details (id, evaluation_id, question_id, score, comment) VALUES (2457, 224, 15, 4, NULL);
INSERT INTO evaluation_details (id, evaluation_id, question_id, score, comment) VALUES (2458, 224, 16, 3, NULL);
INSERT INTO evaluation_details (id, evaluation_id, question_id, score, comment) VALUES (2459, 224, 17, 3, NULL);
INSERT INTO evaluation_details (id, evaluation_id, question_id, score, comment) VALUES (2460, 224, 18, 3, NULL);
INSERT INTO evaluation_details (id, evaluation_id, question_id, score, comment) VALUES (2461, 224, 19, 5, NULL);
INSERT INTO evaluation_details (id, evaluation_id, question_id, score, comment) VALUES (2462, 224, 20, NULL, 'Excelente, me ayuda mucho con mis dudas globales.');
INSERT INTO evaluations (id, evaluatee_id, form_id, period_id, is_anonymous, status, submitted_at, created_at) VALUES (225, 5, 2, 1, FALSE, 'submitted', '2026-07-21 12:00:00', '2026-07-21 12:05:00');
INSERT INTO evaluation_submissions (id, evaluator_id, evaluatee_id, period_id, evaluation_id, created_at) VALUES (225, 36, 5, 1, 225, '2026-07-21 12:00:00');
INSERT INTO evaluation_details (id, evaluation_id, question_id, score, comment) VALUES (2463, 225, 12, 4, NULL);
INSERT INTO evaluation_details (id, evaluation_id, question_id, score, comment) VALUES (2464, 225, 13, 4, NULL);
INSERT INTO evaluation_details (id, evaluation_id, question_id, score, comment) VALUES (2465, 225, 14, 4, NULL);
INSERT INTO evaluation_details (id, evaluation_id, question_id, score, comment) VALUES (2466, 225, 15, 4, NULL);
INSERT INTO evaluation_details (id, evaluation_id, question_id, score, comment) VALUES (2467, 225, 16, 4, NULL);
INSERT INTO evaluation_details (id, evaluation_id, question_id, score, comment) VALUES (2468, 225, 17, 4, NULL);
INSERT INTO evaluation_details (id, evaluation_id, question_id, score, comment) VALUES (2469, 225, 18, 4, NULL);
INSERT INTO evaluation_details (id, evaluation_id, question_id, score, comment) VALUES (2470, 225, 19, 4, NULL);
INSERT INTO evaluation_details (id, evaluation_id, question_id, score, comment) VALUES (2471, 225, 20, NULL, 'Siempre está disponible, muy buen profe.');
INSERT INTO evaluations (id, evaluatee_id, form_id, period_id, is_anonymous, status, submitted_at, created_at) VALUES (226, 5, 2, 1, FALSE, 'submitted', '2026-07-21 12:00:00', '2026-07-21 12:05:00');
INSERT INTO evaluation_submissions (id, evaluator_id, evaluatee_id, period_id, evaluation_id, created_at) VALUES (226, 33, 5, 1, 226, '2026-07-21 12:00:00');
INSERT INTO evaluation_details (id, evaluation_id, question_id, score, comment) VALUES (2472, 226, 12, 4, NULL);
INSERT INTO evaluation_details (id, evaluation_id, question_id, score, comment) VALUES (2473, 226, 13, 4, NULL);
INSERT INTO evaluation_details (id, evaluation_id, question_id, score, comment) VALUES (2474, 226, 14, 4, NULL);
INSERT INTO evaluation_details (id, evaluation_id, question_id, score, comment) VALUES (2475, 226, 15, 4, NULL);
INSERT INTO evaluation_details (id, evaluation_id, question_id, score, comment) VALUES (2476, 226, 16, 4, NULL);
INSERT INTO evaluation_details (id, evaluation_id, question_id, score, comment) VALUES (2477, 226, 17, 4, NULL);
INSERT INTO evaluation_details (id, evaluation_id, question_id, score, comment) VALUES (2478, 226, 18, 3, NULL);
INSERT INTO evaluation_details (id, evaluation_id, question_id, score, comment) VALUES (2479, 226, 19, 5, NULL);
INSERT INTO evaluation_details (id, evaluation_id, question_id, score, comment) VALUES (2480, 226, 20, NULL, 'Falta un poco de orden en las clases.');
INSERT INTO evaluations (id, evaluatee_id, form_id, period_id, is_anonymous, status, submitted_at, created_at) VALUES (227, 5, 2, 1, TRUE, 'submitted', '2026-07-21 12:00:00', '2026-07-21 12:05:00');
INSERT INTO evaluation_submissions (id, evaluator_id, evaluatee_id, period_id, evaluation_id, created_at) VALUES (227, 19, 5, 1, 227, '2026-07-21 12:00:00');
INSERT INTO evaluation_details (id, evaluation_id, question_id, score, comment) VALUES (2481, 227, 12, 4, NULL);
INSERT INTO evaluation_details (id, evaluation_id, question_id, score, comment) VALUES (2482, 227, 13, 5, NULL);
INSERT INTO evaluation_details (id, evaluation_id, question_id, score, comment) VALUES (2483, 227, 14, 4, NULL);
INSERT INTO evaluation_details (id, evaluation_id, question_id, score, comment) VALUES (2484, 227, 15, 4, NULL);
INSERT INTO evaluation_details (id, evaluation_id, question_id, score, comment) VALUES (2485, 227, 16, 3, NULL);
INSERT INTO evaluation_details (id, evaluation_id, question_id, score, comment) VALUES (2486, 227, 17, 4, NULL);
INSERT INTO evaluation_details (id, evaluation_id, question_id, score, comment) VALUES (2487, 227, 18, 4, NULL);
INSERT INTO evaluation_details (id, evaluation_id, question_id, score, comment) VALUES (2488, 227, 19, 5, NULL);
INSERT INTO evaluation_details (id, evaluation_id, question_id, score, comment) VALUES (2489, 227, 20, NULL, 'Siempre está disponible, muy buen profe.');
INSERT INTO evaluations (id, evaluatee_id, form_id, period_id, is_anonymous, status, submitted_at, created_at) VALUES (228, 5, 2, 1, FALSE, 'submitted', '2026-07-21 12:00:00', '2026-07-21 12:05:00');
INSERT INTO evaluation_submissions (id, evaluator_id, evaluatee_id, period_id, evaluation_id, created_at) VALUES (228, 21, 5, 1, 228, '2026-07-21 12:00:00');
INSERT INTO evaluation_details (id, evaluation_id, question_id, score, comment) VALUES (2490, 228, 12, 4, NULL);
INSERT INTO evaluation_details (id, evaluation_id, question_id, score, comment) VALUES (2491, 228, 13, 4, NULL);
INSERT INTO evaluation_details (id, evaluation_id, question_id, score, comment) VALUES (2492, 228, 14, 4, NULL);
INSERT INTO evaluation_details (id, evaluation_id, question_id, score, comment) VALUES (2493, 228, 15, 5, NULL);
INSERT INTO evaluation_details (id, evaluation_id, question_id, score, comment) VALUES (2494, 228, 16, 4, NULL);
INSERT INTO evaluation_details (id, evaluation_id, question_id, score, comment) VALUES (2495, 228, 17, 4, NULL);
INSERT INTO evaluation_details (id, evaluation_id, question_id, score, comment) VALUES (2496, 228, 18, 4, NULL);
INSERT INTO evaluation_details (id, evaluation_id, question_id, score, comment) VALUES (2497, 228, 19, 4, NULL);
INSERT INTO evaluation_details (id, evaluation_id, question_id, score, comment) VALUES (2498, 228, 20, NULL, 'Falta un poco de orden en las clases.');
INSERT INTO evaluations (id, evaluatee_id, form_id, period_id, is_anonymous, status, submitted_at, created_at) VALUES (229, 5, 2, 1, TRUE, 'submitted', '2026-07-21 12:00:00', '2026-07-21 12:05:00');
INSERT INTO evaluation_submissions (id, evaluator_id, evaluatee_id, period_id, evaluation_id, created_at) VALUES (229, 23, 5, 1, 229, '2026-07-21 12:00:00');
INSERT INTO evaluation_details (id, evaluation_id, question_id, score, comment) VALUES (2499, 229, 12, 5, NULL);
INSERT INTO evaluation_details (id, evaluation_id, question_id, score, comment) VALUES (2500, 229, 13, 4, NULL);
INSERT INTO evaluation_details (id, evaluation_id, question_id, score, comment) VALUES (2501, 229, 14, 4, NULL);
INSERT INTO evaluation_details (id, evaluation_id, question_id, score, comment) VALUES (2502, 229, 15, 4, NULL);
INSERT INTO evaluation_details (id, evaluation_id, question_id, score, comment) VALUES (2503, 229, 16, 4, NULL);
INSERT INTO evaluation_details (id, evaluation_id, question_id, score, comment) VALUES (2504, 229, 17, 4, NULL);
INSERT INTO evaluation_details (id, evaluation_id, question_id, score, comment) VALUES (2505, 229, 18, 4, NULL);
INSERT INTO evaluation_details (id, evaluation_id, question_id, score, comment) VALUES (2506, 229, 19, 5, NULL);
INSERT INTO evaluation_details (id, evaluation_id, question_id, score, comment) VALUES (2507, 229, 20, NULL, 'Falta un poco de orden en las clases.');
INSERT INTO evaluations (id, evaluatee_id, form_id, period_id, is_anonymous, status, submitted_at, created_at) VALUES (230, 5, 2, 1, FALSE, 'submitted', '2026-07-21 12:00:00', '2026-07-21 12:05:00');
INSERT INTO evaluation_submissions (id, evaluator_id, evaluatee_id, period_id, evaluation_id, created_at) VALUES (230, 22, 5, 1, 230, '2026-07-21 12:00:00');
INSERT INTO evaluation_details (id, evaluation_id, question_id, score, comment) VALUES (2508, 230, 12, 4, NULL);
INSERT INTO evaluation_details (id, evaluation_id, question_id, score, comment) VALUES (2509, 230, 13, 4, NULL);
INSERT INTO evaluation_details (id, evaluation_id, question_id, score, comment) VALUES (2510, 230, 14, 4, NULL);
INSERT INTO evaluation_details (id, evaluation_id, question_id, score, comment) VALUES (2511, 230, 15, 5, NULL);
INSERT INTO evaluation_details (id, evaluation_id, question_id, score, comment) VALUES (2512, 230, 16, 3, NULL);
INSERT INTO evaluation_details (id, evaluation_id, question_id, score, comment) VALUES (2513, 230, 17, 5, NULL);
INSERT INTO evaluation_details (id, evaluation_id, question_id, score, comment) VALUES (2514, 230, 18, 4, NULL);
INSERT INTO evaluation_details (id, evaluation_id, question_id, score, comment) VALUES (2515, 230, 19, 5, NULL);
INSERT INTO evaluation_details (id, evaluation_id, question_id, score, comment) VALUES (2516, 230, 20, NULL, 'Hace un buen trabajo, pero a veces explica muy rápido.');
INSERT INTO evaluations (id, evaluatee_id, form_id, period_id, is_anonymous, status, submitted_at, created_at) VALUES (231, 5, 2, 1, FALSE, 'submitted', '2026-07-21 12:00:00', '2026-07-21 12:05:00');
INSERT INTO evaluation_submissions (id, evaluator_id, evaluatee_id, period_id, evaluation_id, created_at) VALUES (231, 37, 5, 1, 231, '2026-07-21 12:00:00');
INSERT INTO evaluation_details (id, evaluation_id, question_id, score, comment) VALUES (2517, 231, 12, 3, NULL);
INSERT INTO evaluation_details (id, evaluation_id, question_id, score, comment) VALUES (2518, 231, 13, 5, NULL);
INSERT INTO evaluation_details (id, evaluation_id, question_id, score, comment) VALUES (2519, 231, 14, 3, NULL);
INSERT INTO evaluation_details (id, evaluation_id, question_id, score, comment) VALUES (2520, 231, 15, 4, NULL);
INSERT INTO evaluation_details (id, evaluation_id, question_id, score, comment) VALUES (2521, 231, 16, 4, NULL);
INSERT INTO evaluation_details (id, evaluation_id, question_id, score, comment) VALUES (2522, 231, 17, 4, NULL);
INSERT INTO evaluation_details (id, evaluation_id, question_id, score, comment) VALUES (2523, 231, 18, 4, NULL);
INSERT INTO evaluation_details (id, evaluation_id, question_id, score, comment) VALUES (2524, 231, 19, 4, NULL);
INSERT INTO evaluation_details (id, evaluation_id, question_id, score, comment) VALUES (2525, 231, 20, NULL, 'Hace un buen trabajo, pero a veces explica muy rápido.');
INSERT INTO evaluations (id, evaluatee_id, form_id, period_id, is_anonymous, status, submitted_at, created_at) VALUES (232, 5, 2, 1, TRUE, 'submitted', '2026-07-21 12:00:00', '2026-07-21 12:05:00');
INSERT INTO evaluation_submissions (id, evaluator_id, evaluatee_id, period_id, evaluation_id, created_at) VALUES (232, 15, 5, 1, 232, '2026-07-21 12:00:00');
INSERT INTO evaluation_details (id, evaluation_id, question_id, score, comment) VALUES (2526, 232, 12, 4, NULL);
INSERT INTO evaluation_details (id, evaluation_id, question_id, score, comment) VALUES (2527, 232, 13, 4, NULL);
INSERT INTO evaluation_details (id, evaluation_id, question_id, score, comment) VALUES (2528, 232, 14, 4, NULL);
INSERT INTO evaluation_details (id, evaluation_id, question_id, score, comment) VALUES (2529, 232, 15, 4, NULL);
INSERT INTO evaluation_details (id, evaluation_id, question_id, score, comment) VALUES (2530, 232, 16, 5, NULL);
INSERT INTO evaluation_details (id, evaluation_id, question_id, score, comment) VALUES (2531, 232, 17, 4, NULL);
INSERT INTO evaluation_details (id, evaluation_id, question_id, score, comment) VALUES (2532, 232, 18, 5, NULL);
INSERT INTO evaluation_details (id, evaluation_id, question_id, score, comment) VALUES (2533, 232, 19, 4, NULL);
INSERT INTO evaluation_details (id, evaluation_id, question_id, score, comment) VALUES (2534, 232, 20, NULL, 'Falta un poco de orden en las clases.');
INSERT INTO evaluations (id, evaluatee_id, form_id, period_id, is_anonymous, status, submitted_at, created_at) VALUES (233, 5, 2, 1, FALSE, 'submitted', '2026-07-21 12:00:00', '2026-07-21 12:05:00');
INSERT INTO evaluation_submissions (id, evaluator_id, evaluatee_id, period_id, evaluation_id, created_at) VALUES (233, 42, 5, 1, 233, '2026-07-21 12:00:00');
INSERT INTO evaluation_details (id, evaluation_id, question_id, score, comment) VALUES (2535, 233, 12, 4, NULL);
INSERT INTO evaluation_details (id, evaluation_id, question_id, score, comment) VALUES (2536, 233, 13, 4, NULL);
INSERT INTO evaluation_details (id, evaluation_id, question_id, score, comment) VALUES (2537, 233, 14, 4, NULL);
INSERT INTO evaluation_details (id, evaluation_id, question_id, score, comment) VALUES (2538, 233, 15, 4, NULL);
INSERT INTO evaluation_details (id, evaluation_id, question_id, score, comment) VALUES (2539, 233, 16, 5, NULL);
INSERT INTO evaluation_details (id, evaluation_id, question_id, score, comment) VALUES (2540, 233, 17, 4, NULL);
INSERT INTO evaluation_details (id, evaluation_id, question_id, score, comment) VALUES (2541, 233, 18, 4, NULL);
INSERT INTO evaluation_details (id, evaluation_id, question_id, score, comment) VALUES (2542, 233, 19, 4, NULL);
INSERT INTO evaluation_details (id, evaluation_id, question_id, score, comment) VALUES (2543, 233, 20, NULL, 'Falta un poco de orden en las clases.');
INSERT INTO evaluations (id, evaluatee_id, form_id, period_id, is_anonymous, status, submitted_at, created_at) VALUES (234, 5, 2, 1, TRUE, 'submitted', '2026-07-21 12:00:00', '2026-07-21 12:05:00');
INSERT INTO evaluation_submissions (id, evaluator_id, evaluatee_id, period_id, evaluation_id, created_at) VALUES (234, 20, 5, 1, 234, '2026-07-21 12:00:00');
INSERT INTO evaluation_details (id, evaluation_id, question_id, score, comment) VALUES (2544, 234, 12, 3, NULL);
INSERT INTO evaluation_details (id, evaluation_id, question_id, score, comment) VALUES (2545, 234, 13, 4, NULL);
INSERT INTO evaluation_details (id, evaluation_id, question_id, score, comment) VALUES (2546, 234, 14, 4, NULL);
INSERT INTO evaluation_details (id, evaluation_id, question_id, score, comment) VALUES (2547, 234, 15, 4, NULL);
INSERT INTO evaluation_details (id, evaluation_id, question_id, score, comment) VALUES (2548, 234, 16, 4, NULL);
INSERT INTO evaluation_details (id, evaluation_id, question_id, score, comment) VALUES (2549, 234, 17, 4, NULL);
INSERT INTO evaluation_details (id, evaluation_id, question_id, score, comment) VALUES (2550, 234, 18, 5, NULL);
INSERT INTO evaluation_details (id, evaluation_id, question_id, score, comment) VALUES (2551, 234, 19, 5, NULL);
INSERT INTO evaluation_details (id, evaluation_id, question_id, score, comment) VALUES (2552, 234, 20, NULL, 'Hace un buen trabajo, pero a veces explica muy rápido.');
INSERT INTO evaluations (id, evaluatee_id, form_id, period_id, is_anonymous, status, submitted_at, created_at) VALUES (235, 5, 2, 2, TRUE, 'submitted', '2026-07-21 12:00:00', '2026-07-21 12:05:00');
INSERT INTO evaluation_submissions (id, evaluator_id, evaluatee_id, period_id, evaluation_id, created_at) VALUES (235, 31, 5, 2, 235, '2026-07-21 12:00:00');
INSERT INTO evaluation_details (id, evaluation_id, question_id, score, comment) VALUES (2553, 235, 12, 4, NULL);
INSERT INTO evaluation_details (id, evaluation_id, question_id, score, comment) VALUES (2554, 235, 13, 3, NULL);
INSERT INTO evaluation_details (id, evaluation_id, question_id, score, comment) VALUES (2555, 235, 14, 4, NULL);
INSERT INTO evaluation_details (id, evaluation_id, question_id, score, comment) VALUES (2556, 235, 15, 5, NULL);
INSERT INTO evaluation_details (id, evaluation_id, question_id, score, comment) VALUES (2557, 235, 16, 4, NULL);
INSERT INTO evaluation_details (id, evaluation_id, question_id, score, comment) VALUES (2558, 235, 17, 4, NULL);
INSERT INTO evaluation_details (id, evaluation_id, question_id, score, comment) VALUES (2559, 235, 18, 4, NULL);
INSERT INTO evaluation_details (id, evaluation_id, question_id, score, comment) VALUES (2560, 235, 19, 4, NULL);
INSERT INTO evaluation_details (id, evaluation_id, question_id, score, comment) VALUES (2561, 235, 20, NULL, 'Excelente, me ayuda mucho con mis dudas globales.');
INSERT INTO evaluations (id, evaluatee_id, form_id, period_id, is_anonymous, status, submitted_at, created_at) VALUES (236, 5, 2, 2, FALSE, 'submitted', '2026-07-21 12:00:00', '2026-07-21 12:05:00');
INSERT INTO evaluation_submissions (id, evaluator_id, evaluatee_id, period_id, evaluation_id, created_at) VALUES (236, 26, 5, 2, 236, '2026-07-21 12:00:00');
INSERT INTO evaluation_details (id, evaluation_id, question_id, score, comment) VALUES (2562, 236, 12, 5, NULL);
INSERT INTO evaluation_details (id, evaluation_id, question_id, score, comment) VALUES (2563, 236, 13, 4, NULL);
INSERT INTO evaluation_details (id, evaluation_id, question_id, score, comment) VALUES (2564, 236, 14, 4, NULL);
INSERT INTO evaluation_details (id, evaluation_id, question_id, score, comment) VALUES (2565, 236, 15, 4, NULL);
INSERT INTO evaluation_details (id, evaluation_id, question_id, score, comment) VALUES (2566, 236, 16, 4, NULL);
INSERT INTO evaluation_details (id, evaluation_id, question_id, score, comment) VALUES (2567, 236, 17, 4, NULL);
INSERT INTO evaluation_details (id, evaluation_id, question_id, score, comment) VALUES (2568, 236, 18, 5, NULL);
INSERT INTO evaluation_details (id, evaluation_id, question_id, score, comment) VALUES (2569, 236, 19, 4, NULL);
INSERT INTO evaluation_details (id, evaluation_id, question_id, score, comment) VALUES (2570, 236, 20, NULL, 'Siempre está disponible, muy buen profe.');
INSERT INTO evaluations (id, evaluatee_id, form_id, period_id, is_anonymous, status, submitted_at, created_at) VALUES (237, 5, 2, 2, TRUE, 'submitted', '2026-07-21 12:00:00', '2026-07-21 12:05:00');
INSERT INTO evaluation_submissions (id, evaluator_id, evaluatee_id, period_id, evaluation_id, created_at) VALUES (237, 32, 5, 2, 237, '2026-07-21 12:00:00');
INSERT INTO evaluation_details (id, evaluation_id, question_id, score, comment) VALUES (2571, 237, 12, 4, NULL);
INSERT INTO evaluation_details (id, evaluation_id, question_id, score, comment) VALUES (2572, 237, 13, 3, NULL);
INSERT INTO evaluation_details (id, evaluation_id, question_id, score, comment) VALUES (2573, 237, 14, 5, NULL);
INSERT INTO evaluation_details (id, evaluation_id, question_id, score, comment) VALUES (2574, 237, 15, 4, NULL);
INSERT INTO evaluation_details (id, evaluation_id, question_id, score, comment) VALUES (2575, 237, 16, 4, NULL);
INSERT INTO evaluation_details (id, evaluation_id, question_id, score, comment) VALUES (2576, 237, 17, 5, NULL);
INSERT INTO evaluation_details (id, evaluation_id, question_id, score, comment) VALUES (2577, 237, 18, 4, NULL);
INSERT INTO evaluation_details (id, evaluation_id, question_id, score, comment) VALUES (2578, 237, 19, 4, NULL);
INSERT INTO evaluation_details (id, evaluation_id, question_id, score, comment) VALUES (2579, 237, 20, NULL, 'Falta un poco de orden en las clases.');
INSERT INTO evaluations (id, evaluatee_id, form_id, period_id, is_anonymous, status, submitted_at, created_at) VALUES (238, 5, 2, 2, TRUE, 'submitted', '2026-07-21 12:00:00', '2026-07-21 12:05:00');
INSERT INTO evaluation_submissions (id, evaluator_id, evaluatee_id, period_id, evaluation_id, created_at) VALUES (238, 23, 5, 2, 238, '2026-07-21 12:00:00');
INSERT INTO evaluation_details (id, evaluation_id, question_id, score, comment) VALUES (2580, 238, 12, 4, NULL);
INSERT INTO evaluation_details (id, evaluation_id, question_id, score, comment) VALUES (2581, 238, 13, 4, NULL);
INSERT INTO evaluation_details (id, evaluation_id, question_id, score, comment) VALUES (2582, 238, 14, 4, NULL);
INSERT INTO evaluation_details (id, evaluation_id, question_id, score, comment) VALUES (2583, 238, 15, 4, NULL);
INSERT INTO evaluation_details (id, evaluation_id, question_id, score, comment) VALUES (2584, 238, 16, 4, NULL);
INSERT INTO evaluation_details (id, evaluation_id, question_id, score, comment) VALUES (2585, 238, 17, 3, NULL);
INSERT INTO evaluation_details (id, evaluation_id, question_id, score, comment) VALUES (2586, 238, 18, 4, NULL);
INSERT INTO evaluation_details (id, evaluation_id, question_id, score, comment) VALUES (2587, 238, 19, 4, NULL);
INSERT INTO evaluation_details (id, evaluation_id, question_id, score, comment) VALUES (2588, 238, 20, NULL, 'Falta un poco de orden en las clases.');
INSERT INTO evaluations (id, evaluatee_id, form_id, period_id, is_anonymous, status, submitted_at, created_at) VALUES (239, 5, 2, 2, TRUE, 'submitted', '2026-07-21 12:00:00', '2026-07-21 12:05:00');
INSERT INTO evaluation_submissions (id, evaluator_id, evaluatee_id, period_id, evaluation_id, created_at) VALUES (239, 45, 5, 2, 239, '2026-07-21 12:00:00');
INSERT INTO evaluation_details (id, evaluation_id, question_id, score, comment) VALUES (2589, 239, 12, 4, NULL);
INSERT INTO evaluation_details (id, evaluation_id, question_id, score, comment) VALUES (2590, 239, 13, 4, NULL);
INSERT INTO evaluation_details (id, evaluation_id, question_id, score, comment) VALUES (2591, 239, 14, 4, NULL);
INSERT INTO evaluation_details (id, evaluation_id, question_id, score, comment) VALUES (2592, 239, 15, 4, NULL);
INSERT INTO evaluation_details (id, evaluation_id, question_id, score, comment) VALUES (2593, 239, 16, 4, NULL);
INSERT INTO evaluation_details (id, evaluation_id, question_id, score, comment) VALUES (2594, 239, 17, 4, NULL);
INSERT INTO evaluation_details (id, evaluation_id, question_id, score, comment) VALUES (2595, 239, 18, 4, NULL);
INSERT INTO evaluation_details (id, evaluation_id, question_id, score, comment) VALUES (2596, 239, 19, 4, NULL);
INSERT INTO evaluation_details (id, evaluation_id, question_id, score, comment) VALUES (2597, 239, 20, NULL, 'Siempre está disponible, muy buen profe.');
INSERT INTO evaluations (id, evaluatee_id, form_id, period_id, is_anonymous, status, submitted_at, created_at) VALUES (240, 5, 2, 2, TRUE, 'submitted', '2026-07-21 12:00:00', '2026-07-21 12:05:00');
INSERT INTO evaluation_submissions (id, evaluator_id, evaluatee_id, period_id, evaluation_id, created_at) VALUES (240, 22, 5, 2, 240, '2026-07-21 12:00:00');
INSERT INTO evaluation_details (id, evaluation_id, question_id, score, comment) VALUES (2598, 240, 12, 4, NULL);
INSERT INTO evaluation_details (id, evaluation_id, question_id, score, comment) VALUES (2599, 240, 13, 4, NULL);
INSERT INTO evaluation_details (id, evaluation_id, question_id, score, comment) VALUES (2600, 240, 14, 4, NULL);
INSERT INTO evaluation_details (id, evaluation_id, question_id, score, comment) VALUES (2601, 240, 15, 4, NULL);
INSERT INTO evaluation_details (id, evaluation_id, question_id, score, comment) VALUES (2602, 240, 16, 4, NULL);
INSERT INTO evaluation_details (id, evaluation_id, question_id, score, comment) VALUES (2603, 240, 17, 4, NULL);
INSERT INTO evaluation_details (id, evaluation_id, question_id, score, comment) VALUES (2604, 240, 18, 4, NULL);
INSERT INTO evaluation_details (id, evaluation_id, question_id, score, comment) VALUES (2605, 240, 19, 4, NULL);
INSERT INTO evaluation_details (id, evaluation_id, question_id, score, comment) VALUES (2606, 240, 20, NULL, 'Falta un poco de orden en las clases.');
INSERT INTO evaluations (id, evaluatee_id, form_id, period_id, is_anonymous, status, submitted_at, created_at) VALUES (241, 5, 2, 2, FALSE, 'submitted', '2026-07-21 12:00:00', '2026-07-21 12:05:00');
INSERT INTO evaluation_submissions (id, evaluator_id, evaluatee_id, period_id, evaluation_id, created_at) VALUES (241, 27, 5, 2, 241, '2026-07-21 12:00:00');
INSERT INTO evaluation_details (id, evaluation_id, question_id, score, comment) VALUES (2607, 241, 12, 4, NULL);
INSERT INTO evaluation_details (id, evaluation_id, question_id, score, comment) VALUES (2608, 241, 13, 5, NULL);
INSERT INTO evaluation_details (id, evaluation_id, question_id, score, comment) VALUES (2609, 241, 14, 5, NULL);
INSERT INTO evaluation_details (id, evaluation_id, question_id, score, comment) VALUES (2610, 241, 15, 4, NULL);
INSERT INTO evaluation_details (id, evaluation_id, question_id, score, comment) VALUES (2611, 241, 16, 5, NULL);
INSERT INTO evaluation_details (id, evaluation_id, question_id, score, comment) VALUES (2612, 241, 17, 4, NULL);
INSERT INTO evaluation_details (id, evaluation_id, question_id, score, comment) VALUES (2613, 241, 18, 4, NULL);
INSERT INTO evaluation_details (id, evaluation_id, question_id, score, comment) VALUES (2614, 241, 19, 4, NULL);
INSERT INTO evaluation_details (id, evaluation_id, question_id, score, comment) VALUES (2615, 241, 20, NULL, 'Falta un poco de orden en las clases.');
INSERT INTO evaluations (id, evaluatee_id, form_id, period_id, is_anonymous, status, submitted_at, created_at) VALUES (242, 5, 2, 3, FALSE, 'submitted', '2026-07-21 12:00:00', '2026-07-21 12:05:00');
INSERT INTO evaluation_submissions (id, evaluator_id, evaluatee_id, period_id, evaluation_id, created_at) VALUES (242, 28, 5, 3, 242, '2026-07-21 12:00:00');
INSERT INTO evaluation_details (id, evaluation_id, question_id, score, comment) VALUES (2616, 242, 12, 4, NULL);
INSERT INTO evaluation_details (id, evaluation_id, question_id, score, comment) VALUES (2617, 242, 13, 3, NULL);
INSERT INTO evaluation_details (id, evaluation_id, question_id, score, comment) VALUES (2618, 242, 14, 4, NULL);
INSERT INTO evaluation_details (id, evaluation_id, question_id, score, comment) VALUES (2619, 242, 15, 3, NULL);
INSERT INTO evaluation_details (id, evaluation_id, question_id, score, comment) VALUES (2620, 242, 16, 4, NULL);
INSERT INTO evaluation_details (id, evaluation_id, question_id, score, comment) VALUES (2621, 242, 17, 5, NULL);
INSERT INTO evaluation_details (id, evaluation_id, question_id, score, comment) VALUES (2622, 242, 18, 4, NULL);
INSERT INTO evaluation_details (id, evaluation_id, question_id, score, comment) VALUES (2623, 242, 19, 5, NULL);
INSERT INTO evaluation_details (id, evaluation_id, question_id, score, comment) VALUES (2624, 242, 20, NULL, 'Falta un poco de orden en las clases.');
INSERT INTO evaluations (id, evaluatee_id, form_id, period_id, is_anonymous, status, submitted_at, created_at) VALUES (243, 5, 2, 3, TRUE, 'submitted', '2026-07-21 12:00:00', '2026-07-21 12:05:00');
INSERT INTO evaluation_submissions (id, evaluator_id, evaluatee_id, period_id, evaluation_id, created_at) VALUES (243, 29, 5, 3, 243, '2026-07-21 12:00:00');
INSERT INTO evaluation_details (id, evaluation_id, question_id, score, comment) VALUES (2625, 243, 12, 4, NULL);
INSERT INTO evaluation_details (id, evaluation_id, question_id, score, comment) VALUES (2626, 243, 13, 4, NULL);
INSERT INTO evaluation_details (id, evaluation_id, question_id, score, comment) VALUES (2627, 243, 14, 4, NULL);
INSERT INTO evaluation_details (id, evaluation_id, question_id, score, comment) VALUES (2628, 243, 15, 4, NULL);
INSERT INTO evaluation_details (id, evaluation_id, question_id, score, comment) VALUES (2629, 243, 16, 3, NULL);
INSERT INTO evaluation_details (id, evaluation_id, question_id, score, comment) VALUES (2630, 243, 17, 4, NULL);
INSERT INTO evaluation_details (id, evaluation_id, question_id, score, comment) VALUES (2631, 243, 18, 4, NULL);
INSERT INTO evaluation_details (id, evaluation_id, question_id, score, comment) VALUES (2632, 243, 19, 3, NULL);
INSERT INTO evaluation_details (id, evaluation_id, question_id, score, comment) VALUES (2633, 243, 20, NULL, 'Las sesiones de este periodo fueron muy claras.');
INSERT INTO evaluations (id, evaluatee_id, form_id, period_id, is_anonymous, status, submitted_at, created_at) VALUES (244, 5, 2, 3, TRUE, 'submitted', '2026-07-21 12:00:00', '2026-07-21 12:05:00');
INSERT INTO evaluation_submissions (id, evaluator_id, evaluatee_id, period_id, evaluation_id, created_at) VALUES (244, 36, 5, 3, 244, '2026-07-21 12:00:00');
INSERT INTO evaluation_details (id, evaluation_id, question_id, score, comment) VALUES (2634, 244, 12, 4, NULL);
INSERT INTO evaluation_details (id, evaluation_id, question_id, score, comment) VALUES (2635, 244, 13, 4, NULL);
INSERT INTO evaluation_details (id, evaluation_id, question_id, score, comment) VALUES (2636, 244, 14, 4, NULL);
INSERT INTO evaluation_details (id, evaluation_id, question_id, score, comment) VALUES (2637, 244, 15, 4, NULL);
INSERT INTO evaluation_details (id, evaluation_id, question_id, score, comment) VALUES (2638, 244, 16, 4, NULL);
INSERT INTO evaluation_details (id, evaluation_id, question_id, score, comment) VALUES (2639, 244, 17, 5, NULL);
INSERT INTO evaluation_details (id, evaluation_id, question_id, score, comment) VALUES (2640, 244, 18, 4, NULL);
INSERT INTO evaluation_details (id, evaluation_id, question_id, score, comment) VALUES (2641, 244, 19, 4, NULL);
INSERT INTO evaluation_details (id, evaluation_id, question_id, score, comment) VALUES (2642, 244, 20, NULL, 'Hace un buen trabajo, pero a veces explica muy rápido.');
INSERT INTO evaluations (id, evaluatee_id, form_id, period_id, is_anonymous, status, submitted_at, created_at) VALUES (245, 5, 2, 3, FALSE, 'submitted', '2026-07-21 12:00:00', '2026-07-21 12:05:00');
INSERT INTO evaluation_submissions (id, evaluator_id, evaluatee_id, period_id, evaluation_id, created_at) VALUES (245, 44, 5, 3, 245, '2026-07-21 12:00:00');
INSERT INTO evaluation_details (id, evaluation_id, question_id, score, comment) VALUES (2643, 245, 12, 5, NULL);
INSERT INTO evaluation_details (id, evaluation_id, question_id, score, comment) VALUES (2644, 245, 13, 5, NULL);
INSERT INTO evaluation_details (id, evaluation_id, question_id, score, comment) VALUES (2645, 245, 14, 4, NULL);
INSERT INTO evaluation_details (id, evaluation_id, question_id, score, comment) VALUES (2646, 245, 15, 4, NULL);
INSERT INTO evaluation_details (id, evaluation_id, question_id, score, comment) VALUES (2647, 245, 16, 4, NULL);
INSERT INTO evaluation_details (id, evaluation_id, question_id, score, comment) VALUES (2648, 245, 17, 4, NULL);
INSERT INTO evaluation_details (id, evaluation_id, question_id, score, comment) VALUES (2649, 245, 18, 3, NULL);
INSERT INTO evaluation_details (id, evaluation_id, question_id, score, comment) VALUES (2650, 245, 19, 4, NULL);
INSERT INTO evaluation_details (id, evaluation_id, question_id, score, comment) VALUES (2651, 245, 20, NULL, 'Falta un poco de orden en las clases.');
INSERT INTO evaluations (id, evaluatee_id, form_id, period_id, is_anonymous, status, submitted_at, created_at) VALUES (246, 5, 2, 3, TRUE, 'submitted', '2026-07-21 12:00:00', '2026-07-21 12:05:00');
INSERT INTO evaluation_submissions (id, evaluator_id, evaluatee_id, period_id, evaluation_id, created_at) VALUES (246, 31, 5, 3, 246, '2026-07-21 12:00:00');
INSERT INTO evaluation_details (id, evaluation_id, question_id, score, comment) VALUES (2652, 246, 12, 4, NULL);
INSERT INTO evaluation_details (id, evaluation_id, question_id, score, comment) VALUES (2653, 246, 13, 3, NULL);
INSERT INTO evaluation_details (id, evaluation_id, question_id, score, comment) VALUES (2654, 246, 14, 4, NULL);
INSERT INTO evaluation_details (id, evaluation_id, question_id, score, comment) VALUES (2655, 246, 15, 5, NULL);
INSERT INTO evaluation_details (id, evaluation_id, question_id, score, comment) VALUES (2656, 246, 16, 3, NULL);
INSERT INTO evaluation_details (id, evaluation_id, question_id, score, comment) VALUES (2657, 246, 17, 3, NULL);
INSERT INTO evaluation_details (id, evaluation_id, question_id, score, comment) VALUES (2658, 246, 18, 4, NULL);
INSERT INTO evaluation_details (id, evaluation_id, question_id, score, comment) VALUES (2659, 246, 19, 4, NULL);
INSERT INTO evaluation_details (id, evaluation_id, question_id, score, comment) VALUES (2660, 246, 20, NULL, 'Siempre está disponible, muy buen profe.');
INSERT INTO evaluations (id, evaluatee_id, form_id, period_id, is_anonymous, status, submitted_at, created_at) VALUES (247, 5, 2, 3, FALSE, 'submitted', '2026-07-21 12:00:00', '2026-07-21 12:05:00');
INSERT INTO evaluation_submissions (id, evaluator_id, evaluatee_id, period_id, evaluation_id, created_at) VALUES (247, 45, 5, 3, 247, '2026-07-21 12:00:00');
INSERT INTO evaluation_details (id, evaluation_id, question_id, score, comment) VALUES (2661, 247, 12, 4, NULL);
INSERT INTO evaluation_details (id, evaluation_id, question_id, score, comment) VALUES (2662, 247, 13, 4, NULL);
INSERT INTO evaluation_details (id, evaluation_id, question_id, score, comment) VALUES (2663, 247, 14, 4, NULL);
INSERT INTO evaluation_details (id, evaluation_id, question_id, score, comment) VALUES (2664, 247, 15, 5, NULL);
INSERT INTO evaluation_details (id, evaluation_id, question_id, score, comment) VALUES (2665, 247, 16, 4, NULL);
INSERT INTO evaluation_details (id, evaluation_id, question_id, score, comment) VALUES (2666, 247, 17, 4, NULL);
INSERT INTO evaluation_details (id, evaluation_id, question_id, score, comment) VALUES (2667, 247, 18, 4, NULL);
INSERT INTO evaluation_details (id, evaluation_id, question_id, score, comment) VALUES (2668, 247, 19, 5, NULL);
INSERT INTO evaluation_details (id, evaluation_id, question_id, score, comment) VALUES (2669, 247, 20, NULL, 'Hace un buen trabajo, pero a veces explica muy rápido.');
INSERT INTO evaluations (id, evaluatee_id, form_id, period_id, is_anonymous, status, submitted_at, created_at) VALUES (248, 5, 2, 3, TRUE, 'submitted', '2026-07-21 12:00:00', '2026-07-21 12:05:00');
INSERT INTO evaluation_submissions (id, evaluator_id, evaluatee_id, period_id, evaluation_id, created_at) VALUES (248, 38, 5, 3, 248, '2026-07-21 12:00:00');
INSERT INTO evaluation_details (id, evaluation_id, question_id, score, comment) VALUES (2670, 248, 12, 4, NULL);
INSERT INTO evaluation_details (id, evaluation_id, question_id, score, comment) VALUES (2671, 248, 13, 4, NULL);
INSERT INTO evaluation_details (id, evaluation_id, question_id, score, comment) VALUES (2672, 248, 14, 4, NULL);
INSERT INTO evaluation_details (id, evaluation_id, question_id, score, comment) VALUES (2673, 248, 15, 4, NULL);
INSERT INTO evaluation_details (id, evaluation_id, question_id, score, comment) VALUES (2674, 248, 16, 3, NULL);
INSERT INTO evaluation_details (id, evaluation_id, question_id, score, comment) VALUES (2675, 248, 17, 5, NULL);
INSERT INTO evaluation_details (id, evaluation_id, question_id, score, comment) VALUES (2676, 248, 18, 4, NULL);
INSERT INTO evaluation_details (id, evaluation_id, question_id, score, comment) VALUES (2677, 248, 19, 4, NULL);
INSERT INTO evaluation_details (id, evaluation_id, question_id, score, comment) VALUES (2678, 248, 20, NULL, 'Hace un buen trabajo, pero a veces explica muy rápido.');
INSERT INTO evaluations (id, evaluatee_id, form_id, period_id, is_anonymous, status, submitted_at, created_at) VALUES (249, 5, 2, 4, FALSE, 'submitted', '2026-07-21 12:00:00', '2026-07-21 12:05:00');
INSERT INTO evaluation_submissions (id, evaluator_id, evaluatee_id, period_id, evaluation_id, created_at) VALUES (249, 19, 5, 4, 249, '2026-07-21 12:00:00');
INSERT INTO evaluation_details (id, evaluation_id, question_id, score, comment) VALUES (2679, 249, 12, 4, NULL);
INSERT INTO evaluation_details (id, evaluation_id, question_id, score, comment) VALUES (2680, 249, 13, 4, NULL);
INSERT INTO evaluation_details (id, evaluation_id, question_id, score, comment) VALUES (2681, 249, 14, 4, NULL);
INSERT INTO evaluation_details (id, evaluation_id, question_id, score, comment) VALUES (2682, 249, 15, 4, NULL);
INSERT INTO evaluation_details (id, evaluation_id, question_id, score, comment) VALUES (2683, 249, 16, 4, NULL);
INSERT INTO evaluation_details (id, evaluation_id, question_id, score, comment) VALUES (2684, 249, 17, 4, NULL);
INSERT INTO evaluation_details (id, evaluation_id, question_id, score, comment) VALUES (2685, 249, 18, 4, NULL);
INSERT INTO evaluation_details (id, evaluation_id, question_id, score, comment) VALUES (2686, 249, 19, 4, NULL);
INSERT INTO evaluation_details (id, evaluation_id, question_id, score, comment) VALUES (2687, 249, 20, NULL, 'Las sesiones de este periodo fueron muy claras.');
INSERT INTO evaluations (id, evaluatee_id, form_id, period_id, is_anonymous, status, submitted_at, created_at) VALUES (250, 5, 2, 4, FALSE, 'submitted', '2026-07-21 12:00:00', '2026-07-21 12:05:00');
INSERT INTO evaluation_submissions (id, evaluator_id, evaluatee_id, period_id, evaluation_id, created_at) VALUES (250, 37, 5, 4, 250, '2026-07-21 12:00:00');
INSERT INTO evaluation_details (id, evaluation_id, question_id, score, comment) VALUES (2688, 250, 12, 4, NULL);
INSERT INTO evaluation_details (id, evaluation_id, question_id, score, comment) VALUES (2689, 250, 13, 3, NULL);
INSERT INTO evaluation_details (id, evaluation_id, question_id, score, comment) VALUES (2690, 250, 14, 4, NULL);
INSERT INTO evaluation_details (id, evaluation_id, question_id, score, comment) VALUES (2691, 250, 15, 3, NULL);
INSERT INTO evaluation_details (id, evaluation_id, question_id, score, comment) VALUES (2692, 250, 16, 3, NULL);
INSERT INTO evaluation_details (id, evaluation_id, question_id, score, comment) VALUES (2693, 250, 17, 4, NULL);
INSERT INTO evaluation_details (id, evaluation_id, question_id, score, comment) VALUES (2694, 250, 18, 4, NULL);
INSERT INTO evaluation_details (id, evaluation_id, question_id, score, comment) VALUES (2695, 250, 19, 5, NULL);
INSERT INTO evaluation_details (id, evaluation_id, question_id, score, comment) VALUES (2696, 250, 20, NULL, 'Excelente, me ayuda mucho con mis dudas globales.');
INSERT INTO evaluations (id, evaluatee_id, form_id, period_id, is_anonymous, status, submitted_at, created_at) VALUES (251, 5, 2, 4, FALSE, 'submitted', '2026-07-21 12:00:00', '2026-07-21 12:05:00');
INSERT INTO evaluation_submissions (id, evaluator_id, evaluatee_id, period_id, evaluation_id, created_at) VALUES (251, 27, 5, 4, 251, '2026-07-21 12:00:00');
INSERT INTO evaluation_details (id, evaluation_id, question_id, score, comment) VALUES (2697, 251, 12, 4, NULL);
INSERT INTO evaluation_details (id, evaluation_id, question_id, score, comment) VALUES (2698, 251, 13, 5, NULL);
INSERT INTO evaluation_details (id, evaluation_id, question_id, score, comment) VALUES (2699, 251, 14, 4, NULL);
INSERT INTO evaluation_details (id, evaluation_id, question_id, score, comment) VALUES (2700, 251, 15, 4, NULL);
INSERT INTO evaluation_details (id, evaluation_id, question_id, score, comment) VALUES (2701, 251, 16, 4, NULL);
INSERT INTO evaluation_details (id, evaluation_id, question_id, score, comment) VALUES (2702, 251, 17, 4, NULL);
INSERT INTO evaluation_details (id, evaluation_id, question_id, score, comment) VALUES (2703, 251, 18, 4, NULL);
INSERT INTO evaluation_details (id, evaluation_id, question_id, score, comment) VALUES (2704, 251, 19, 4, NULL);
INSERT INTO evaluation_details (id, evaluation_id, question_id, score, comment) VALUES (2705, 251, 20, NULL, 'Las sesiones de este periodo fueron muy claras.');
INSERT INTO evaluations (id, evaluatee_id, form_id, period_id, is_anonymous, status, submitted_at, created_at) VALUES (252, 5, 2, 4, TRUE, 'submitted', '2026-07-21 12:00:00', '2026-07-21 12:05:00');
INSERT INTO evaluation_submissions (id, evaluator_id, evaluatee_id, period_id, evaluation_id, created_at) VALUES (252, 35, 5, 4, 252, '2026-07-21 12:00:00');
INSERT INTO evaluation_details (id, evaluation_id, question_id, score, comment) VALUES (2706, 252, 12, 4, NULL);
INSERT INTO evaluation_details (id, evaluation_id, question_id, score, comment) VALUES (2707, 252, 13, 4, NULL);
INSERT INTO evaluation_details (id, evaluation_id, question_id, score, comment) VALUES (2708, 252, 14, 4, NULL);
INSERT INTO evaluation_details (id, evaluation_id, question_id, score, comment) VALUES (2709, 252, 15, 4, NULL);
INSERT INTO evaluation_details (id, evaluation_id, question_id, score, comment) VALUES (2710, 252, 16, 3, NULL);
INSERT INTO evaluation_details (id, evaluation_id, question_id, score, comment) VALUES (2711, 252, 17, 4, NULL);
INSERT INTO evaluation_details (id, evaluation_id, question_id, score, comment) VALUES (2712, 252, 18, 5, NULL);
INSERT INTO evaluation_details (id, evaluation_id, question_id, score, comment) VALUES (2713, 252, 19, 4, NULL);
INSERT INTO evaluation_details (id, evaluation_id, question_id, score, comment) VALUES (2714, 252, 20, NULL, 'Las sesiones de este periodo fueron muy claras.');
INSERT INTO evaluations (id, evaluatee_id, form_id, period_id, is_anonymous, status, submitted_at, created_at) VALUES (253, 5, 2, 4, FALSE, 'submitted', '2026-07-21 12:00:00', '2026-07-21 12:05:00');
INSERT INTO evaluation_submissions (id, evaluator_id, evaluatee_id, period_id, evaluation_id, created_at) VALUES (253, 44, 5, 4, 253, '2026-07-21 12:00:00');
INSERT INTO evaluation_details (id, evaluation_id, question_id, score, comment) VALUES (2715, 253, 12, 4, NULL);
INSERT INTO evaluation_details (id, evaluation_id, question_id, score, comment) VALUES (2716, 253, 13, 4, NULL);
INSERT INTO evaluation_details (id, evaluation_id, question_id, score, comment) VALUES (2717, 253, 14, 4, NULL);
INSERT INTO evaluation_details (id, evaluation_id, question_id, score, comment) VALUES (2718, 253, 15, 3, NULL);
INSERT INTO evaluation_details (id, evaluation_id, question_id, score, comment) VALUES (2719, 253, 16, 4, NULL);
INSERT INTO evaluation_details (id, evaluation_id, question_id, score, comment) VALUES (2720, 253, 17, 4, NULL);
INSERT INTO evaluation_details (id, evaluation_id, question_id, score, comment) VALUES (2721, 253, 18, 3, NULL);
INSERT INTO evaluation_details (id, evaluation_id, question_id, score, comment) VALUES (2722, 253, 19, 4, NULL);
INSERT INTO evaluation_details (id, evaluation_id, question_id, score, comment) VALUES (2723, 253, 20, NULL, 'Las sesiones de este periodo fueron muy claras.');
INSERT INTO evaluations (id, evaluatee_id, form_id, period_id, is_anonymous, status, submitted_at, created_at) VALUES (254, 5, 2, 4, TRUE, 'submitted', '2026-07-21 12:00:00', '2026-07-21 12:05:00');
INSERT INTO evaluation_submissions (id, evaluator_id, evaluatee_id, period_id, evaluation_id, created_at) VALUES (254, 15, 5, 4, 254, '2026-07-21 12:00:00');
INSERT INTO evaluation_details (id, evaluation_id, question_id, score, comment) VALUES (2724, 254, 12, 5, NULL);
INSERT INTO evaluation_details (id, evaluation_id, question_id, score, comment) VALUES (2725, 254, 13, 4, NULL);
INSERT INTO evaluation_details (id, evaluation_id, question_id, score, comment) VALUES (2726, 254, 14, 4, NULL);
INSERT INTO evaluation_details (id, evaluation_id, question_id, score, comment) VALUES (2727, 254, 15, 4, NULL);
INSERT INTO evaluation_details (id, evaluation_id, question_id, score, comment) VALUES (2728, 254, 16, 4, NULL);
INSERT INTO evaluation_details (id, evaluation_id, question_id, score, comment) VALUES (2729, 254, 17, 5, NULL);
INSERT INTO evaluation_details (id, evaluation_id, question_id, score, comment) VALUES (2730, 254, 18, 4, NULL);
INSERT INTO evaluation_details (id, evaluation_id, question_id, score, comment) VALUES (2731, 254, 19, 3, NULL);
INSERT INTO evaluation_details (id, evaluation_id, question_id, score, comment) VALUES (2732, 254, 20, NULL, 'Siempre está disponible, muy buen profe.');
INSERT INTO evaluations (id, evaluatee_id, form_id, period_id, is_anonymous, status, submitted_at, created_at) VALUES (255, 5, 2, 4, TRUE, 'submitted', '2026-07-21 12:00:00', '2026-07-21 12:05:00');
INSERT INTO evaluation_submissions (id, evaluator_id, evaluatee_id, period_id, evaluation_id, created_at) VALUES (255, 33, 5, 4, 255, '2026-07-21 12:00:00');
INSERT INTO evaluation_details (id, evaluation_id, question_id, score, comment) VALUES (2733, 255, 12, 4, NULL);
INSERT INTO evaluation_details (id, evaluation_id, question_id, score, comment) VALUES (2734, 255, 13, 4, NULL);
INSERT INTO evaluation_details (id, evaluation_id, question_id, score, comment) VALUES (2735, 255, 14, 4, NULL);
INSERT INTO evaluation_details (id, evaluation_id, question_id, score, comment) VALUES (2736, 255, 15, 4, NULL);
INSERT INTO evaluation_details (id, evaluation_id, question_id, score, comment) VALUES (2737, 255, 16, 4, NULL);
INSERT INTO evaluation_details (id, evaluation_id, question_id, score, comment) VALUES (2738, 255, 17, 4, NULL);
INSERT INTO evaluation_details (id, evaluation_id, question_id, score, comment) VALUES (2739, 255, 18, 3, NULL);
INSERT INTO evaluation_details (id, evaluation_id, question_id, score, comment) VALUES (2740, 255, 19, 4, NULL);
INSERT INTO evaluation_details (id, evaluation_id, question_id, score, comment) VALUES (2741, 255, 20, NULL, 'Excelente, me ayuda mucho con mis dudas globales.');
INSERT INTO evaluations (id, evaluatee_id, form_id, period_id, is_anonymous, status, submitted_at, created_at) VALUES (256, 5, 2, 4, FALSE, 'submitted', '2026-07-21 12:00:00', '2026-07-21 12:05:00');
INSERT INTO evaluation_submissions (id, evaluator_id, evaluatee_id, period_id, evaluation_id, created_at) VALUES (256, 32, 5, 4, 256, '2026-07-21 12:00:00');
INSERT INTO evaluation_details (id, evaluation_id, question_id, score, comment) VALUES (2742, 256, 12, 4, NULL);
INSERT INTO evaluation_details (id, evaluation_id, question_id, score, comment) VALUES (2743, 256, 13, 4, NULL);
INSERT INTO evaluation_details (id, evaluation_id, question_id, score, comment) VALUES (2744, 256, 14, 4, NULL);
INSERT INTO evaluation_details (id, evaluation_id, question_id, score, comment) VALUES (2745, 256, 15, 4, NULL);
INSERT INTO evaluation_details (id, evaluation_id, question_id, score, comment) VALUES (2746, 256, 16, 4, NULL);
INSERT INTO evaluation_details (id, evaluation_id, question_id, score, comment) VALUES (2747, 256, 17, 4, NULL);
INSERT INTO evaluation_details (id, evaluation_id, question_id, score, comment) VALUES (2748, 256, 18, 4, NULL);
INSERT INTO evaluation_details (id, evaluation_id, question_id, score, comment) VALUES (2749, 256, 19, 4, NULL);
INSERT INTO evaluation_details (id, evaluation_id, question_id, score, comment) VALUES (2750, 256, 20, NULL, 'Falta un poco de orden en las clases.');
INSERT INTO evaluations (id, evaluatee_id, form_id, period_id, is_anonymous, status, submitted_at, created_at) VALUES (257, 5, 2, 4, FALSE, 'submitted', '2026-07-21 12:00:00', '2026-07-21 12:05:00');
INSERT INTO evaluation_submissions (id, evaluator_id, evaluatee_id, period_id, evaluation_id, created_at) VALUES (257, 38, 5, 4, 257, '2026-07-21 12:00:00');
INSERT INTO evaluation_details (id, evaluation_id, question_id, score, comment) VALUES (2751, 257, 12, 3, NULL);
INSERT INTO evaluation_details (id, evaluation_id, question_id, score, comment) VALUES (2752, 257, 13, 4, NULL);
INSERT INTO evaluation_details (id, evaluation_id, question_id, score, comment) VALUES (2753, 257, 14, 4, NULL);
INSERT INTO evaluation_details (id, evaluation_id, question_id, score, comment) VALUES (2754, 257, 15, 4, NULL);
INSERT INTO evaluation_details (id, evaluation_id, question_id, score, comment) VALUES (2755, 257, 16, 4, NULL);
INSERT INTO evaluation_details (id, evaluation_id, question_id, score, comment) VALUES (2756, 257, 17, 4, NULL);
INSERT INTO evaluation_details (id, evaluation_id, question_id, score, comment) VALUES (2757, 257, 18, 4, NULL);
INSERT INTO evaluation_details (id, evaluation_id, question_id, score, comment) VALUES (2758, 257, 19, 4, NULL);
INSERT INTO evaluation_details (id, evaluation_id, question_id, score, comment) VALUES (2759, 257, 20, NULL, 'Falta un poco de orden en las clases.');
INSERT INTO evaluations (id, evaluatee_id, form_id, period_id, is_anonymous, status, submitted_at, created_at) VALUES (258, 5, 2, 4, FALSE, 'submitted', '2026-07-21 12:00:00', '2026-07-21 12:05:00');
INSERT INTO evaluation_submissions (id, evaluator_id, evaluatee_id, period_id, evaluation_id, created_at) VALUES (258, 25, 5, 4, 258, '2026-07-21 12:00:00');
INSERT INTO evaluation_details (id, evaluation_id, question_id, score, comment) VALUES (2760, 258, 12, 3, NULL);
INSERT INTO evaluation_details (id, evaluation_id, question_id, score, comment) VALUES (2761, 258, 13, 4, NULL);
INSERT INTO evaluation_details (id, evaluation_id, question_id, score, comment) VALUES (2762, 258, 14, 5, NULL);
INSERT INTO evaluation_details (id, evaluation_id, question_id, score, comment) VALUES (2763, 258, 15, 4, NULL);
INSERT INTO evaluation_details (id, evaluation_id, question_id, score, comment) VALUES (2764, 258, 16, 3, NULL);
INSERT INTO evaluation_details (id, evaluation_id, question_id, score, comment) VALUES (2765, 258, 17, 4, NULL);
INSERT INTO evaluation_details (id, evaluation_id, question_id, score, comment) VALUES (2766, 258, 18, 3, NULL);
INSERT INTO evaluation_details (id, evaluation_id, question_id, score, comment) VALUES (2767, 258, 19, 3, NULL);
INSERT INTO evaluation_details (id, evaluation_id, question_id, score, comment) VALUES (2768, 258, 20, NULL, 'Excelente, me ayuda mucho con mis dudas globales.');
INSERT INTO evaluations (id, evaluatee_id, form_id, period_id, is_anonymous, status, submitted_at, created_at) VALUES (259, 5, 2, 4, TRUE, 'submitted', '2026-07-21 12:00:00', '2026-07-21 12:05:00');
INSERT INTO evaluation_submissions (id, evaluator_id, evaluatee_id, period_id, evaluation_id, created_at) VALUES (259, 42, 5, 4, 259, '2026-07-21 12:00:00');
INSERT INTO evaluation_details (id, evaluation_id, question_id, score, comment) VALUES (2769, 259, 12, 4, NULL);
INSERT INTO evaluation_details (id, evaluation_id, question_id, score, comment) VALUES (2770, 259, 13, 3, NULL);
INSERT INTO evaluation_details (id, evaluation_id, question_id, score, comment) VALUES (2771, 259, 14, 5, NULL);
INSERT INTO evaluation_details (id, evaluation_id, question_id, score, comment) VALUES (2772, 259, 15, 3, NULL);
INSERT INTO evaluation_details (id, evaluation_id, question_id, score, comment) VALUES (2773, 259, 16, 4, NULL);
INSERT INTO evaluation_details (id, evaluation_id, question_id, score, comment) VALUES (2774, 259, 17, 4, NULL);
INSERT INTO evaluation_details (id, evaluation_id, question_id, score, comment) VALUES (2775, 259, 18, 5, NULL);
INSERT INTO evaluation_details (id, evaluation_id, question_id, score, comment) VALUES (2776, 259, 19, 4, NULL);
INSERT INTO evaluation_details (id, evaluation_id, question_id, score, comment) VALUES (2777, 259, 20, NULL, 'Hace un buen trabajo, pero a veces explica muy rápido.');
INSERT INTO evaluations (id, evaluatee_id, form_id, period_id, is_anonymous, status, submitted_at, created_at) VALUES (260, 6, 2, 1, TRUE, 'submitted', '2026-07-21 12:00:00', '2026-07-21 12:05:00');
INSERT INTO evaluation_submissions (id, evaluator_id, evaluatee_id, period_id, evaluation_id, created_at) VALUES (260, 25, 6, 1, 260, '2026-07-21 12:00:00');
INSERT INTO evaluation_details (id, evaluation_id, question_id, score, comment) VALUES (2778, 260, 12, 4, NULL);
INSERT INTO evaluation_details (id, evaluation_id, question_id, score, comment) VALUES (2779, 260, 13, 4, NULL);
INSERT INTO evaluation_details (id, evaluation_id, question_id, score, comment) VALUES (2780, 260, 14, 3, NULL);
INSERT INTO evaluation_details (id, evaluation_id, question_id, score, comment) VALUES (2781, 260, 15, 4, NULL);
INSERT INTO evaluation_details (id, evaluation_id, question_id, score, comment) VALUES (2782, 260, 16, 4, NULL);
INSERT INTO evaluation_details (id, evaluation_id, question_id, score, comment) VALUES (2783, 260, 17, 4, NULL);
INSERT INTO evaluation_details (id, evaluation_id, question_id, score, comment) VALUES (2784, 260, 18, 4, NULL);
INSERT INTO evaluation_details (id, evaluation_id, question_id, score, comment) VALUES (2785, 260, 19, 4, NULL);
INSERT INTO evaluation_details (id, evaluation_id, question_id, score, comment) VALUES (2786, 260, 20, NULL, 'Excelente, me ayuda mucho con mis dudas globales.');
INSERT INTO evaluations (id, evaluatee_id, form_id, period_id, is_anonymous, status, submitted_at, created_at) VALUES (261, 6, 2, 1, TRUE, 'submitted', '2026-07-21 12:00:00', '2026-07-21 12:05:00');
INSERT INTO evaluation_submissions (id, evaluator_id, evaluatee_id, period_id, evaluation_id, created_at) VALUES (261, 35, 6, 1, 261, '2026-07-21 12:00:00');
INSERT INTO evaluation_details (id, evaluation_id, question_id, score, comment) VALUES (2787, 261, 12, 4, NULL);
INSERT INTO evaluation_details (id, evaluation_id, question_id, score, comment) VALUES (2788, 261, 13, 5, NULL);
INSERT INTO evaluation_details (id, evaluation_id, question_id, score, comment) VALUES (2789, 261, 14, 3, NULL);
INSERT INTO evaluation_details (id, evaluation_id, question_id, score, comment) VALUES (2790, 261, 15, 4, NULL);
INSERT INTO evaluation_details (id, evaluation_id, question_id, score, comment) VALUES (2791, 261, 16, 4, NULL);
INSERT INTO evaluation_details (id, evaluation_id, question_id, score, comment) VALUES (2792, 261, 17, 4, NULL);
INSERT INTO evaluation_details (id, evaluation_id, question_id, score, comment) VALUES (2793, 261, 18, 4, NULL);
INSERT INTO evaluation_details (id, evaluation_id, question_id, score, comment) VALUES (2794, 261, 19, 3, NULL);
INSERT INTO evaluation_details (id, evaluation_id, question_id, score, comment) VALUES (2795, 261, 20, NULL, 'Excelente, me ayuda mucho con mis dudas globales.');
INSERT INTO evaluations (id, evaluatee_id, form_id, period_id, is_anonymous, status, submitted_at, created_at) VALUES (262, 6, 2, 1, TRUE, 'submitted', '2026-07-21 12:00:00', '2026-07-21 12:05:00');
INSERT INTO evaluation_submissions (id, evaluator_id, evaluatee_id, period_id, evaluation_id, created_at) VALUES (262, 15, 6, 1, 262, '2026-07-21 12:00:00');
INSERT INTO evaluation_details (id, evaluation_id, question_id, score, comment) VALUES (2796, 262, 12, 4, NULL);
INSERT INTO evaluation_details (id, evaluation_id, question_id, score, comment) VALUES (2797, 262, 13, 3, NULL);
INSERT INTO evaluation_details (id, evaluation_id, question_id, score, comment) VALUES (2798, 262, 14, 3, NULL);
INSERT INTO evaluation_details (id, evaluation_id, question_id, score, comment) VALUES (2799, 262, 15, 4, NULL);
INSERT INTO evaluation_details (id, evaluation_id, question_id, score, comment) VALUES (2800, 262, 16, 3, NULL);
INSERT INTO evaluation_details (id, evaluation_id, question_id, score, comment) VALUES (2801, 262, 17, 4, NULL);
INSERT INTO evaluation_details (id, evaluation_id, question_id, score, comment) VALUES (2802, 262, 18, 4, NULL);
INSERT INTO evaluation_details (id, evaluation_id, question_id, score, comment) VALUES (2803, 262, 19, 4, NULL);
INSERT INTO evaluation_details (id, evaluation_id, question_id, score, comment) VALUES (2804, 262, 20, NULL, 'Falta un poco de orden en las clases.');
INSERT INTO evaluations (id, evaluatee_id, form_id, period_id, is_anonymous, status, submitted_at, created_at) VALUES (263, 6, 2, 1, TRUE, 'submitted', '2026-07-21 12:00:00', '2026-07-21 12:05:00');
INSERT INTO evaluation_submissions (id, evaluator_id, evaluatee_id, period_id, evaluation_id, created_at) VALUES (263, 12, 6, 1, 263, '2026-07-21 12:00:00');
INSERT INTO evaluation_details (id, evaluation_id, question_id, score, comment) VALUES (2805, 263, 12, 3, NULL);
INSERT INTO evaluation_details (id, evaluation_id, question_id, score, comment) VALUES (2806, 263, 13, 3, NULL);
INSERT INTO evaluation_details (id, evaluation_id, question_id, score, comment) VALUES (2807, 263, 14, 4, NULL);
INSERT INTO evaluation_details (id, evaluation_id, question_id, score, comment) VALUES (2808, 263, 15, 4, NULL);
INSERT INTO evaluation_details (id, evaluation_id, question_id, score, comment) VALUES (2809, 263, 16, 4, NULL);
INSERT INTO evaluation_details (id, evaluation_id, question_id, score, comment) VALUES (2810, 263, 17, 3, NULL);
INSERT INTO evaluation_details (id, evaluation_id, question_id, score, comment) VALUES (2811, 263, 18, 4, NULL);
INSERT INTO evaluation_details (id, evaluation_id, question_id, score, comment) VALUES (2812, 263, 19, 4, NULL);
INSERT INTO evaluation_details (id, evaluation_id, question_id, score, comment) VALUES (2813, 263, 20, NULL, 'Excelente, me ayuda mucho con mis dudas globales.');
INSERT INTO evaluations (id, evaluatee_id, form_id, period_id, is_anonymous, status, submitted_at, created_at) VALUES (264, 6, 2, 1, FALSE, 'submitted', '2026-07-21 12:00:00', '2026-07-21 12:05:00');
INSERT INTO evaluation_submissions (id, evaluator_id, evaluatee_id, period_id, evaluation_id, created_at) VALUES (264, 39, 6, 1, 264, '2026-07-21 12:00:00');
INSERT INTO evaluation_details (id, evaluation_id, question_id, score, comment) VALUES (2814, 264, 12, 3, NULL);
INSERT INTO evaluation_details (id, evaluation_id, question_id, score, comment) VALUES (2815, 264, 13, 3, NULL);
INSERT INTO evaluation_details (id, evaluation_id, question_id, score, comment) VALUES (2816, 264, 14, 3, NULL);
INSERT INTO evaluation_details (id, evaluation_id, question_id, score, comment) VALUES (2817, 264, 15, 3, NULL);
INSERT INTO evaluation_details (id, evaluation_id, question_id, score, comment) VALUES (2818, 264, 16, 2, NULL);
INSERT INTO evaluation_details (id, evaluation_id, question_id, score, comment) VALUES (2819, 264, 17, 4, NULL);
INSERT INTO evaluation_details (id, evaluation_id, question_id, score, comment) VALUES (2820, 264, 18, 3, NULL);
INSERT INTO evaluation_details (id, evaluation_id, question_id, score, comment) VALUES (2821, 264, 19, 3, NULL);
INSERT INTO evaluation_details (id, evaluation_id, question_id, score, comment) VALUES (2822, 264, 20, NULL, 'Falta un poco de orden en las clases.');
INSERT INTO evaluations (id, evaluatee_id, form_id, period_id, is_anonymous, status, submitted_at, created_at) VALUES (265, 6, 2, 1, TRUE, 'submitted', '2026-07-21 12:00:00', '2026-07-21 12:05:00');
INSERT INTO evaluation_submissions (id, evaluator_id, evaluatee_id, period_id, evaluation_id, created_at) VALUES (265, 33, 6, 1, 265, '2026-07-21 12:00:00');
INSERT INTO evaluation_details (id, evaluation_id, question_id, score, comment) VALUES (2823, 265, 12, 5, NULL);
INSERT INTO evaluation_details (id, evaluation_id, question_id, score, comment) VALUES (2824, 265, 13, 4, NULL);
INSERT INTO evaluation_details (id, evaluation_id, question_id, score, comment) VALUES (2825, 265, 14, 4, NULL);
INSERT INTO evaluation_details (id, evaluation_id, question_id, score, comment) VALUES (2826, 265, 15, 4, NULL);
INSERT INTO evaluation_details (id, evaluation_id, question_id, score, comment) VALUES (2827, 265, 16, 4, NULL);
INSERT INTO evaluation_details (id, evaluation_id, question_id, score, comment) VALUES (2828, 265, 17, 4, NULL);
INSERT INTO evaluation_details (id, evaluation_id, question_id, score, comment) VALUES (2829, 265, 18, 4, NULL);
INSERT INTO evaluation_details (id, evaluation_id, question_id, score, comment) VALUES (2830, 265, 19, 3, NULL);
INSERT INTO evaluation_details (id, evaluation_id, question_id, score, comment) VALUES (2831, 265, 20, NULL, 'Hace un buen trabajo, pero a veces explica muy rápido.');
INSERT INTO evaluations (id, evaluatee_id, form_id, period_id, is_anonymous, status, submitted_at, created_at) VALUES (266, 6, 2, 1, TRUE, 'submitted', '2026-07-21 12:00:00', '2026-07-21 12:05:00');
INSERT INTO evaluation_submissions (id, evaluator_id, evaluatee_id, period_id, evaluation_id, created_at) VALUES (266, 24, 6, 1, 266, '2026-07-21 12:00:00');
INSERT INTO evaluation_details (id, evaluation_id, question_id, score, comment) VALUES (2832, 266, 12, 4, NULL);
INSERT INTO evaluation_details (id, evaluation_id, question_id, score, comment) VALUES (2833, 266, 13, 5, NULL);
INSERT INTO evaluation_details (id, evaluation_id, question_id, score, comment) VALUES (2834, 266, 14, 4, NULL);
INSERT INTO evaluation_details (id, evaluation_id, question_id, score, comment) VALUES (2835, 266, 15, 3, NULL);
INSERT INTO evaluation_details (id, evaluation_id, question_id, score, comment) VALUES (2836, 266, 16, 4, NULL);
INSERT INTO evaluation_details (id, evaluation_id, question_id, score, comment) VALUES (2837, 266, 17, 4, NULL);
INSERT INTO evaluation_details (id, evaluation_id, question_id, score, comment) VALUES (2838, 266, 18, 5, NULL);
INSERT INTO evaluation_details (id, evaluation_id, question_id, score, comment) VALUES (2839, 266, 19, 4, NULL);
INSERT INTO evaluation_details (id, evaluation_id, question_id, score, comment) VALUES (2840, 266, 20, NULL, 'Hace un buen trabajo, pero a veces explica muy rápido.');
INSERT INTO evaluations (id, evaluatee_id, form_id, period_id, is_anonymous, status, submitted_at, created_at) VALUES (267, 6, 2, 1, TRUE, 'submitted', '2026-07-21 12:00:00', '2026-07-21 12:05:00');
INSERT INTO evaluation_submissions (id, evaluator_id, evaluatee_id, period_id, evaluation_id, created_at) VALUES (267, 28, 6, 1, 267, '2026-07-21 12:00:00');
INSERT INTO evaluation_details (id, evaluation_id, question_id, score, comment) VALUES (2841, 267, 12, 4, NULL);
INSERT INTO evaluation_details (id, evaluation_id, question_id, score, comment) VALUES (2842, 267, 13, 4, NULL);
INSERT INTO evaluation_details (id, evaluation_id, question_id, score, comment) VALUES (2843, 267, 14, 4, NULL);
INSERT INTO evaluation_details (id, evaluation_id, question_id, score, comment) VALUES (2844, 267, 15, 3, NULL);
INSERT INTO evaluation_details (id, evaluation_id, question_id, score, comment) VALUES (2845, 267, 16, 3, NULL);
INSERT INTO evaluation_details (id, evaluation_id, question_id, score, comment) VALUES (2846, 267, 17, 4, NULL);
INSERT INTO evaluation_details (id, evaluation_id, question_id, score, comment) VALUES (2847, 267, 18, 4, NULL);
INSERT INTO evaluation_details (id, evaluation_id, question_id, score, comment) VALUES (2848, 267, 19, 4, NULL);
INSERT INTO evaluation_details (id, evaluation_id, question_id, score, comment) VALUES (2849, 267, 20, NULL, 'Excelente, me ayuda mucho con mis dudas globales.');
INSERT INTO evaluations (id, evaluatee_id, form_id, period_id, is_anonymous, status, submitted_at, created_at) VALUES (268, 6, 2, 2, FALSE, 'submitted', '2026-07-21 12:00:00', '2026-07-21 12:05:00');
INSERT INTO evaluation_submissions (id, evaluator_id, evaluatee_id, period_id, evaluation_id, created_at) VALUES (268, 17, 6, 2, 268, '2026-07-21 12:00:00');
INSERT INTO evaluation_details (id, evaluation_id, question_id, score, comment) VALUES (2850, 268, 12, 2, NULL);
INSERT INTO evaluation_details (id, evaluation_id, question_id, score, comment) VALUES (2851, 268, 13, 3, NULL);
INSERT INTO evaluation_details (id, evaluation_id, question_id, score, comment) VALUES (2852, 268, 14, 3, NULL);
INSERT INTO evaluation_details (id, evaluation_id, question_id, score, comment) VALUES (2853, 268, 15, 4, NULL);
INSERT INTO evaluation_details (id, evaluation_id, question_id, score, comment) VALUES (2854, 268, 16, 3, NULL);
INSERT INTO evaluation_details (id, evaluation_id, question_id, score, comment) VALUES (2855, 268, 17, 3, NULL);
INSERT INTO evaluation_details (id, evaluation_id, question_id, score, comment) VALUES (2856, 268, 18, 3, NULL);
INSERT INTO evaluation_details (id, evaluation_id, question_id, score, comment) VALUES (2857, 268, 19, 3, NULL);
INSERT INTO evaluation_details (id, evaluation_id, question_id, score, comment) VALUES (2858, 268, 20, NULL, 'Hace un buen trabajo, pero a veces explica muy rápido.');
INSERT INTO evaluations (id, evaluatee_id, form_id, period_id, is_anonymous, status, submitted_at, created_at) VALUES (269, 6, 2, 2, TRUE, 'submitted', '2026-07-21 12:00:00', '2026-07-21 12:05:00');
INSERT INTO evaluation_submissions (id, evaluator_id, evaluatee_id, period_id, evaluation_id, created_at) VALUES (269, 31, 6, 2, 269, '2026-07-21 12:00:00');
INSERT INTO evaluation_details (id, evaluation_id, question_id, score, comment) VALUES (2859, 269, 12, 4, NULL);
INSERT INTO evaluation_details (id, evaluation_id, question_id, score, comment) VALUES (2860, 269, 13, 4, NULL);
INSERT INTO evaluation_details (id, evaluation_id, question_id, score, comment) VALUES (2861, 269, 14, 4, NULL);
INSERT INTO evaluation_details (id, evaluation_id, question_id, score, comment) VALUES (2862, 269, 15, 4, NULL);
INSERT INTO evaluation_details (id, evaluation_id, question_id, score, comment) VALUES (2863, 269, 16, 4, NULL);
INSERT INTO evaluation_details (id, evaluation_id, question_id, score, comment) VALUES (2864, 269, 17, 4, NULL);
INSERT INTO evaluation_details (id, evaluation_id, question_id, score, comment) VALUES (2865, 269, 18, 3, NULL);
INSERT INTO evaluation_details (id, evaluation_id, question_id, score, comment) VALUES (2866, 269, 19, 5, NULL);
INSERT INTO evaluation_details (id, evaluation_id, question_id, score, comment) VALUES (2867, 269, 20, NULL, 'Hace un buen trabajo, pero a veces explica muy rápido.');
INSERT INTO evaluations (id, evaluatee_id, form_id, period_id, is_anonymous, status, submitted_at, created_at) VALUES (270, 6, 2, 2, TRUE, 'submitted', '2026-07-21 12:00:00', '2026-07-21 12:05:00');
INSERT INTO evaluation_submissions (id, evaluator_id, evaluatee_id, period_id, evaluation_id, created_at) VALUES (270, 25, 6, 2, 270, '2026-07-21 12:00:00');
INSERT INTO evaluation_details (id, evaluation_id, question_id, score, comment) VALUES (2868, 270, 12, 4, NULL);
INSERT INTO evaluation_details (id, evaluation_id, question_id, score, comment) VALUES (2869, 270, 13, 4, NULL);
INSERT INTO evaluation_details (id, evaluation_id, question_id, score, comment) VALUES (2870, 270, 14, 5, NULL);
INSERT INTO evaluation_details (id, evaluation_id, question_id, score, comment) VALUES (2871, 270, 15, 4, NULL);
INSERT INTO evaluation_details (id, evaluation_id, question_id, score, comment) VALUES (2872, 270, 16, 4, NULL);
INSERT INTO evaluation_details (id, evaluation_id, question_id, score, comment) VALUES (2873, 270, 17, 5, NULL);
INSERT INTO evaluation_details (id, evaluation_id, question_id, score, comment) VALUES (2874, 270, 18, 5, NULL);
INSERT INTO evaluation_details (id, evaluation_id, question_id, score, comment) VALUES (2875, 270, 19, 5, NULL);
INSERT INTO evaluation_details (id, evaluation_id, question_id, score, comment) VALUES (2876, 270, 20, NULL, 'Las sesiones de este periodo fueron muy claras.');
INSERT INTO evaluations (id, evaluatee_id, form_id, period_id, is_anonymous, status, submitted_at, created_at) VALUES (271, 6, 2, 2, TRUE, 'submitted', '2026-07-21 12:00:00', '2026-07-21 12:05:00');
INSERT INTO evaluation_submissions (id, evaluator_id, evaluatee_id, period_id, evaluation_id, created_at) VALUES (271, 12, 6, 2, 271, '2026-07-21 12:00:00');
INSERT INTO evaluation_details (id, evaluation_id, question_id, score, comment) VALUES (2877, 271, 12, 4, NULL);
INSERT INTO evaluation_details (id, evaluation_id, question_id, score, comment) VALUES (2878, 271, 13, 3, NULL);
INSERT INTO evaluation_details (id, evaluation_id, question_id, score, comment) VALUES (2879, 271, 14, 3, NULL);
INSERT INTO evaluation_details (id, evaluation_id, question_id, score, comment) VALUES (2880, 271, 15, 2, NULL);
INSERT INTO evaluation_details (id, evaluation_id, question_id, score, comment) VALUES (2881, 271, 16, 3, NULL);
INSERT INTO evaluation_details (id, evaluation_id, question_id, score, comment) VALUES (2882, 271, 17, 3, NULL);
INSERT INTO evaluation_details (id, evaluation_id, question_id, score, comment) VALUES (2883, 271, 18, 3, NULL);
INSERT INTO evaluation_details (id, evaluation_id, question_id, score, comment) VALUES (2884, 271, 19, 3, NULL);
INSERT INTO evaluation_details (id, evaluation_id, question_id, score, comment) VALUES (2885, 271, 20, NULL, 'Excelente, me ayuda mucho con mis dudas globales.');
INSERT INTO evaluations (id, evaluatee_id, form_id, period_id, is_anonymous, status, submitted_at, created_at) VALUES (272, 6, 2, 2, TRUE, 'submitted', '2026-07-21 12:00:00', '2026-07-21 12:05:00');
INSERT INTO evaluation_submissions (id, evaluator_id, evaluatee_id, period_id, evaluation_id, created_at) VALUES (272, 36, 6, 2, 272, '2026-07-21 12:00:00');
INSERT INTO evaluation_details (id, evaluation_id, question_id, score, comment) VALUES (2886, 272, 12, 4, NULL);
INSERT INTO evaluation_details (id, evaluation_id, question_id, score, comment) VALUES (2887, 272, 13, 3, NULL);
INSERT INTO evaluation_details (id, evaluation_id, question_id, score, comment) VALUES (2888, 272, 14, 3, NULL);
INSERT INTO evaluation_details (id, evaluation_id, question_id, score, comment) VALUES (2889, 272, 15, 4, NULL);
INSERT INTO evaluation_details (id, evaluation_id, question_id, score, comment) VALUES (2890, 272, 16, 4, NULL);
INSERT INTO evaluation_details (id, evaluation_id, question_id, score, comment) VALUES (2891, 272, 17, 4, NULL);
INSERT INTO evaluation_details (id, evaluation_id, question_id, score, comment) VALUES (2892, 272, 18, 3, NULL);
INSERT INTO evaluation_details (id, evaluation_id, question_id, score, comment) VALUES (2893, 272, 19, 3, NULL);
INSERT INTO evaluation_details (id, evaluation_id, question_id, score, comment) VALUES (2894, 272, 20, NULL, 'Falta un poco de orden en las clases.');
INSERT INTO evaluations (id, evaluatee_id, form_id, period_id, is_anonymous, status, submitted_at, created_at) VALUES (273, 6, 2, 2, TRUE, 'submitted', '2026-07-21 12:00:00', '2026-07-21 12:05:00');
INSERT INTO evaluation_submissions (id, evaluator_id, evaluatee_id, period_id, evaluation_id, created_at) VALUES (273, 19, 6, 2, 273, '2026-07-21 12:00:00');
INSERT INTO evaluation_details (id, evaluation_id, question_id, score, comment) VALUES (2895, 273, 12, 4, NULL);
INSERT INTO evaluation_details (id, evaluation_id, question_id, score, comment) VALUES (2896, 273, 13, 4, NULL);
INSERT INTO evaluation_details (id, evaluation_id, question_id, score, comment) VALUES (2897, 273, 14, 4, NULL);
INSERT INTO evaluation_details (id, evaluation_id, question_id, score, comment) VALUES (2898, 273, 15, 4, NULL);
INSERT INTO evaluation_details (id, evaluation_id, question_id, score, comment) VALUES (2899, 273, 16, 5, NULL);
INSERT INTO evaluation_details (id, evaluation_id, question_id, score, comment) VALUES (2900, 273, 17, 3, NULL);
INSERT INTO evaluation_details (id, evaluation_id, question_id, score, comment) VALUES (2901, 273, 18, 4, NULL);
INSERT INTO evaluation_details (id, evaluation_id, question_id, score, comment) VALUES (2902, 273, 19, 4, NULL);
INSERT INTO evaluation_details (id, evaluation_id, question_id, score, comment) VALUES (2903, 273, 20, NULL, 'Excelente, me ayuda mucho con mis dudas globales.');
INSERT INTO evaluations (id, evaluatee_id, form_id, period_id, is_anonymous, status, submitted_at, created_at) VALUES (274, 6, 2, 2, FALSE, 'submitted', '2026-07-21 12:00:00', '2026-07-21 12:05:00');
INSERT INTO evaluation_submissions (id, evaluator_id, evaluatee_id, period_id, evaluation_id, created_at) VALUES (274, 26, 6, 2, 274, '2026-07-21 12:00:00');
INSERT INTO evaluation_details (id, evaluation_id, question_id, score, comment) VALUES (2904, 274, 12, 3, NULL);
INSERT INTO evaluation_details (id, evaluation_id, question_id, score, comment) VALUES (2905, 274, 13, 4, NULL);
INSERT INTO evaluation_details (id, evaluation_id, question_id, score, comment) VALUES (2906, 274, 14, 3, NULL);
INSERT INTO evaluation_details (id, evaluation_id, question_id, score, comment) VALUES (2907, 274, 15, 5, NULL);
INSERT INTO evaluation_details (id, evaluation_id, question_id, score, comment) VALUES (2908, 274, 16, 4, NULL);
INSERT INTO evaluation_details (id, evaluation_id, question_id, score, comment) VALUES (2909, 274, 17, 4, NULL);
INSERT INTO evaluation_details (id, evaluation_id, question_id, score, comment) VALUES (2910, 274, 18, 4, NULL);
INSERT INTO evaluation_details (id, evaluation_id, question_id, score, comment) VALUES (2911, 274, 19, 4, NULL);
INSERT INTO evaluation_details (id, evaluation_id, question_id, score, comment) VALUES (2912, 274, 20, NULL, 'Falta un poco de orden en las clases.');
INSERT INTO evaluations (id, evaluatee_id, form_id, period_id, is_anonymous, status, submitted_at, created_at) VALUES (275, 6, 2, 2, TRUE, 'submitted', '2026-07-21 12:00:00', '2026-07-21 12:05:00');
INSERT INTO evaluation_submissions (id, evaluator_id, evaluatee_id, period_id, evaluation_id, created_at) VALUES (275, 45, 6, 2, 275, '2026-07-21 12:00:00');
INSERT INTO evaluation_details (id, evaluation_id, question_id, score, comment) VALUES (2913, 275, 12, 4, NULL);
INSERT INTO evaluation_details (id, evaluation_id, question_id, score, comment) VALUES (2914, 275, 13, 3, NULL);
INSERT INTO evaluation_details (id, evaluation_id, question_id, score, comment) VALUES (2915, 275, 14, 4, NULL);
INSERT INTO evaluation_details (id, evaluation_id, question_id, score, comment) VALUES (2916, 275, 15, 3, NULL);
INSERT INTO evaluation_details (id, evaluation_id, question_id, score, comment) VALUES (2917, 275, 16, 3, NULL);
INSERT INTO evaluation_details (id, evaluation_id, question_id, score, comment) VALUES (2918, 275, 17, 4, NULL);
INSERT INTO evaluation_details (id, evaluation_id, question_id, score, comment) VALUES (2919, 275, 18, 4, NULL);
INSERT INTO evaluation_details (id, evaluation_id, question_id, score, comment) VALUES (2920, 275, 19, 4, NULL);
INSERT INTO evaluation_details (id, evaluation_id, question_id, score, comment) VALUES (2921, 275, 20, NULL, 'Falta un poco de orden en las clases.');
INSERT INTO evaluations (id, evaluatee_id, form_id, period_id, is_anonymous, status, submitted_at, created_at) VALUES (276, 6, 2, 2, TRUE, 'submitted', '2026-07-21 12:00:00', '2026-07-21 12:05:00');
INSERT INTO evaluation_submissions (id, evaluator_id, evaluatee_id, period_id, evaluation_id, created_at) VALUES (276, 13, 6, 2, 276, '2026-07-21 12:00:00');
INSERT INTO evaluation_details (id, evaluation_id, question_id, score, comment) VALUES (2922, 276, 12, 4, NULL);
INSERT INTO evaluation_details (id, evaluation_id, question_id, score, comment) VALUES (2923, 276, 13, 3, NULL);
INSERT INTO evaluation_details (id, evaluation_id, question_id, score, comment) VALUES (2924, 276, 14, 3, NULL);
INSERT INTO evaluation_details (id, evaluation_id, question_id, score, comment) VALUES (2925, 276, 15, 3, NULL);
INSERT INTO evaluation_details (id, evaluation_id, question_id, score, comment) VALUES (2926, 276, 16, 4, NULL);
INSERT INTO evaluation_details (id, evaluation_id, question_id, score, comment) VALUES (2927, 276, 17, 4, NULL);
INSERT INTO evaluation_details (id, evaluation_id, question_id, score, comment) VALUES (2928, 276, 18, 4, NULL);
INSERT INTO evaluation_details (id, evaluation_id, question_id, score, comment) VALUES (2929, 276, 19, 3, NULL);
INSERT INTO evaluation_details (id, evaluation_id, question_id, score, comment) VALUES (2930, 276, 20, NULL, 'Hace un buen trabajo, pero a veces explica muy rápido.');
INSERT INTO evaluations (id, evaluatee_id, form_id, period_id, is_anonymous, status, submitted_at, created_at) VALUES (277, 6, 2, 3, FALSE, 'submitted', '2026-07-21 12:00:00', '2026-07-21 12:05:00');
INSERT INTO evaluation_submissions (id, evaluator_id, evaluatee_id, period_id, evaluation_id, created_at) VALUES (277, 33, 6, 3, 277, '2026-07-21 12:00:00');
INSERT INTO evaluation_details (id, evaluation_id, question_id, score, comment) VALUES (2931, 277, 12, 4, NULL);
INSERT INTO evaluation_details (id, evaluation_id, question_id, score, comment) VALUES (2932, 277, 13, 3, NULL);
INSERT INTO evaluation_details (id, evaluation_id, question_id, score, comment) VALUES (2933, 277, 14, 4, NULL);
INSERT INTO evaluation_details (id, evaluation_id, question_id, score, comment) VALUES (2934, 277, 15, 4, NULL);
INSERT INTO evaluation_details (id, evaluation_id, question_id, score, comment) VALUES (2935, 277, 16, 3, NULL);
INSERT INTO evaluation_details (id, evaluation_id, question_id, score, comment) VALUES (2936, 277, 17, 3, NULL);
INSERT INTO evaluation_details (id, evaluation_id, question_id, score, comment) VALUES (2937, 277, 18, 4, NULL);
INSERT INTO evaluation_details (id, evaluation_id, question_id, score, comment) VALUES (2938, 277, 19, 4, NULL);
INSERT INTO evaluation_details (id, evaluation_id, question_id, score, comment) VALUES (2939, 277, 20, NULL, 'Hace un buen trabajo, pero a veces explica muy rápido.');
INSERT INTO evaluations (id, evaluatee_id, form_id, period_id, is_anonymous, status, submitted_at, created_at) VALUES (278, 6, 2, 3, FALSE, 'submitted', '2026-07-21 12:00:00', '2026-07-21 12:05:00');
INSERT INTO evaluation_submissions (id, evaluator_id, evaluatee_id, period_id, evaluation_id, created_at) VALUES (278, 29, 6, 3, 278, '2026-07-21 12:00:00');
INSERT INTO evaluation_details (id, evaluation_id, question_id, score, comment) VALUES (2940, 278, 12, 5, NULL);
INSERT INTO evaluation_details (id, evaluation_id, question_id, score, comment) VALUES (2941, 278, 13, 3, NULL);
INSERT INTO evaluation_details (id, evaluation_id, question_id, score, comment) VALUES (2942, 278, 14, 3, NULL);
INSERT INTO evaluation_details (id, evaluation_id, question_id, score, comment) VALUES (2943, 278, 15, 4, NULL);
INSERT INTO evaluation_details (id, evaluation_id, question_id, score, comment) VALUES (2944, 278, 16, 4, NULL);
INSERT INTO evaluation_details (id, evaluation_id, question_id, score, comment) VALUES (2945, 278, 17, 3, NULL);
INSERT INTO evaluation_details (id, evaluation_id, question_id, score, comment) VALUES (2946, 278, 18, 3, NULL);
INSERT INTO evaluation_details (id, evaluation_id, question_id, score, comment) VALUES (2947, 278, 19, 3, NULL);
INSERT INTO evaluation_details (id, evaluation_id, question_id, score, comment) VALUES (2948, 278, 20, NULL, 'Falta un poco de orden en las clases.');
INSERT INTO evaluations (id, evaluatee_id, form_id, period_id, is_anonymous, status, submitted_at, created_at) VALUES (279, 6, 2, 3, FALSE, 'submitted', '2026-07-21 12:00:00', '2026-07-21 12:05:00');
INSERT INTO evaluation_submissions (id, evaluator_id, evaluatee_id, period_id, evaluation_id, created_at) VALUES (279, 31, 6, 3, 279, '2026-07-21 12:00:00');
INSERT INTO evaluation_details (id, evaluation_id, question_id, score, comment) VALUES (2949, 279, 12, 4, NULL);
INSERT INTO evaluation_details (id, evaluation_id, question_id, score, comment) VALUES (2950, 279, 13, 4, NULL);
INSERT INTO evaluation_details (id, evaluation_id, question_id, score, comment) VALUES (2951, 279, 14, 4, NULL);
INSERT INTO evaluation_details (id, evaluation_id, question_id, score, comment) VALUES (2952, 279, 15, 4, NULL);
INSERT INTO evaluation_details (id, evaluation_id, question_id, score, comment) VALUES (2953, 279, 16, 4, NULL);
INSERT INTO evaluation_details (id, evaluation_id, question_id, score, comment) VALUES (2954, 279, 17, 4, NULL);
INSERT INTO evaluation_details (id, evaluation_id, question_id, score, comment) VALUES (2955, 279, 18, 4, NULL);
INSERT INTO evaluation_details (id, evaluation_id, question_id, score, comment) VALUES (2956, 279, 19, 4, NULL);
INSERT INTO evaluation_details (id, evaluation_id, question_id, score, comment) VALUES (2957, 279, 20, NULL, 'Hace un buen trabajo, pero a veces explica muy rápido.');
INSERT INTO evaluations (id, evaluatee_id, form_id, period_id, is_anonymous, status, submitted_at, created_at) VALUES (280, 6, 2, 3, TRUE, 'submitted', '2026-07-21 12:00:00', '2026-07-21 12:05:00');
INSERT INTO evaluation_submissions (id, evaluator_id, evaluatee_id, period_id, evaluation_id, created_at) VALUES (280, 13, 6, 3, 280, '2026-07-21 12:00:00');
INSERT INTO evaluation_details (id, evaluation_id, question_id, score, comment) VALUES (2958, 280, 12, 4, NULL);
INSERT INTO evaluation_details (id, evaluation_id, question_id, score, comment) VALUES (2959, 280, 13, 4, NULL);
INSERT INTO evaluation_details (id, evaluation_id, question_id, score, comment) VALUES (2960, 280, 14, 4, NULL);
INSERT INTO evaluation_details (id, evaluation_id, question_id, score, comment) VALUES (2961, 280, 15, 4, NULL);
INSERT INTO evaluation_details (id, evaluation_id, question_id, score, comment) VALUES (2962, 280, 16, 2, NULL);
INSERT INTO evaluation_details (id, evaluation_id, question_id, score, comment) VALUES (2963, 280, 17, 5, NULL);
INSERT INTO evaluation_details (id, evaluation_id, question_id, score, comment) VALUES (2964, 280, 18, 4, NULL);
INSERT INTO evaluation_details (id, evaluation_id, question_id, score, comment) VALUES (2965, 280, 19, 4, NULL);
INSERT INTO evaluation_details (id, evaluation_id, question_id, score, comment) VALUES (2966, 280, 20, NULL, 'Hace un buen trabajo, pero a veces explica muy rápido.');
INSERT INTO evaluations (id, evaluatee_id, form_id, period_id, is_anonymous, status, submitted_at, created_at) VALUES (281, 6, 2, 3, FALSE, 'submitted', '2026-07-21 12:00:00', '2026-07-21 12:05:00');
INSERT INTO evaluation_submissions (id, evaluator_id, evaluatee_id, period_id, evaluation_id, created_at) VALUES (281, 19, 6, 3, 281, '2026-07-21 12:00:00');
INSERT INTO evaluation_details (id, evaluation_id, question_id, score, comment) VALUES (2967, 281, 12, 2, NULL);
INSERT INTO evaluation_details (id, evaluation_id, question_id, score, comment) VALUES (2968, 281, 13, 3, NULL);
INSERT INTO evaluation_details (id, evaluation_id, question_id, score, comment) VALUES (2969, 281, 14, 4, NULL);
INSERT INTO evaluation_details (id, evaluation_id, question_id, score, comment) VALUES (2970, 281, 15, 4, NULL);
INSERT INTO evaluation_details (id, evaluation_id, question_id, score, comment) VALUES (2971, 281, 16, 4, NULL);
INSERT INTO evaluation_details (id, evaluation_id, question_id, score, comment) VALUES (2972, 281, 17, 3, NULL);
INSERT INTO evaluation_details (id, evaluation_id, question_id, score, comment) VALUES (2973, 281, 18, 3, NULL);
INSERT INTO evaluation_details (id, evaluation_id, question_id, score, comment) VALUES (2974, 281, 19, 4, NULL);
INSERT INTO evaluation_details (id, evaluation_id, question_id, score, comment) VALUES (2975, 281, 20, NULL, 'Siempre está disponible, muy buen profe.');
INSERT INTO evaluations (id, evaluatee_id, form_id, period_id, is_anonymous, status, submitted_at, created_at) VALUES (282, 6, 2, 3, FALSE, 'submitted', '2026-07-21 12:00:00', '2026-07-21 12:05:00');
INSERT INTO evaluation_submissions (id, evaluator_id, evaluatee_id, period_id, evaluation_id, created_at) VALUES (282, 16, 6, 3, 282, '2026-07-21 12:00:00');
INSERT INTO evaluation_details (id, evaluation_id, question_id, score, comment) VALUES (2976, 282, 12, 4, NULL);
INSERT INTO evaluation_details (id, evaluation_id, question_id, score, comment) VALUES (2977, 282, 13, 3, NULL);
INSERT INTO evaluation_details (id, evaluation_id, question_id, score, comment) VALUES (2978, 282, 14, 3, NULL);
INSERT INTO evaluation_details (id, evaluation_id, question_id, score, comment) VALUES (2979, 282, 15, 3, NULL);
INSERT INTO evaluation_details (id, evaluation_id, question_id, score, comment) VALUES (2980, 282, 16, 4, NULL);
INSERT INTO evaluation_details (id, evaluation_id, question_id, score, comment) VALUES (2981, 282, 17, 3, NULL);
INSERT INTO evaluation_details (id, evaluation_id, question_id, score, comment) VALUES (2982, 282, 18, 3, NULL);
INSERT INTO evaluation_details (id, evaluation_id, question_id, score, comment) VALUES (2983, 282, 19, 4, NULL);
INSERT INTO evaluation_details (id, evaluation_id, question_id, score, comment) VALUES (2984, 282, 20, NULL, 'Hace un buen trabajo, pero a veces explica muy rápido.');
INSERT INTO evaluations (id, evaluatee_id, form_id, period_id, is_anonymous, status, submitted_at, created_at) VALUES (283, 6, 2, 3, FALSE, 'submitted', '2026-07-21 12:00:00', '2026-07-21 12:05:00');
INSERT INTO evaluation_submissions (id, evaluator_id, evaluatee_id, period_id, evaluation_id, created_at) VALUES (283, 41, 6, 3, 283, '2026-07-21 12:00:00');
INSERT INTO evaluation_details (id, evaluation_id, question_id, score, comment) VALUES (2985, 283, 12, 3, NULL);
INSERT INTO evaluation_details (id, evaluation_id, question_id, score, comment) VALUES (2986, 283, 13, 3, NULL);
INSERT INTO evaluation_details (id, evaluation_id, question_id, score, comment) VALUES (2987, 283, 14, 4, NULL);
INSERT INTO evaluation_details (id, evaluation_id, question_id, score, comment) VALUES (2988, 283, 15, 4, NULL);
INSERT INTO evaluation_details (id, evaluation_id, question_id, score, comment) VALUES (2989, 283, 16, 3, NULL);
INSERT INTO evaluation_details (id, evaluation_id, question_id, score, comment) VALUES (2990, 283, 17, 4, NULL);
INSERT INTO evaluation_details (id, evaluation_id, question_id, score, comment) VALUES (2991, 283, 18, 3, NULL);
INSERT INTO evaluation_details (id, evaluation_id, question_id, score, comment) VALUES (2992, 283, 19, 3, NULL);
INSERT INTO evaluation_details (id, evaluation_id, question_id, score, comment) VALUES (2993, 283, 20, NULL, 'Hace un buen trabajo, pero a veces explica muy rápido.');
INSERT INTO evaluations (id, evaluatee_id, form_id, period_id, is_anonymous, status, submitted_at, created_at) VALUES (284, 6, 2, 4, FALSE, 'submitted', '2026-07-21 12:00:00', '2026-07-21 12:05:00');
INSERT INTO evaluation_submissions (id, evaluator_id, evaluatee_id, period_id, evaluation_id, created_at) VALUES (284, 44, 6, 4, 284, '2026-07-21 12:00:00');
INSERT INTO evaluation_details (id, evaluation_id, question_id, score, comment) VALUES (2994, 284, 12, 4, NULL);
INSERT INTO evaluation_details (id, evaluation_id, question_id, score, comment) VALUES (2995, 284, 13, 4, NULL);
INSERT INTO evaluation_details (id, evaluation_id, question_id, score, comment) VALUES (2996, 284, 14, 4, NULL);
INSERT INTO evaluation_details (id, evaluation_id, question_id, score, comment) VALUES (2997, 284, 15, 4, NULL);
INSERT INTO evaluation_details (id, evaluation_id, question_id, score, comment) VALUES (2998, 284, 16, 4, NULL);
INSERT INTO evaluation_details (id, evaluation_id, question_id, score, comment) VALUES (2999, 284, 17, 5, NULL);
INSERT INTO evaluation_details (id, evaluation_id, question_id, score, comment) VALUES (3000, 284, 18, 4, NULL);
INSERT INTO evaluation_details (id, evaluation_id, question_id, score, comment) VALUES (3001, 284, 19, 4, NULL);
INSERT INTO evaluation_details (id, evaluation_id, question_id, score, comment) VALUES (3002, 284, 20, NULL, 'Falta un poco de orden en las clases.');
INSERT INTO evaluations (id, evaluatee_id, form_id, period_id, is_anonymous, status, submitted_at, created_at) VALUES (285, 6, 2, 4, FALSE, 'submitted', '2026-07-21 12:00:00', '2026-07-21 12:05:00');
INSERT INTO evaluation_submissions (id, evaluator_id, evaluatee_id, period_id, evaluation_id, created_at) VALUES (285, 13, 6, 4, 285, '2026-07-21 12:00:00');
INSERT INTO evaluation_details (id, evaluation_id, question_id, score, comment) VALUES (3003, 285, 12, 4, NULL);
INSERT INTO evaluation_details (id, evaluation_id, question_id, score, comment) VALUES (3004, 285, 13, 3, NULL);
INSERT INTO evaluation_details (id, evaluation_id, question_id, score, comment) VALUES (3005, 285, 14, 4, NULL);
INSERT INTO evaluation_details (id, evaluation_id, question_id, score, comment) VALUES (3006, 285, 15, 3, NULL);
INSERT INTO evaluation_details (id, evaluation_id, question_id, score, comment) VALUES (3007, 285, 16, 4, NULL);
INSERT INTO evaluation_details (id, evaluation_id, question_id, score, comment) VALUES (3008, 285, 17, 4, NULL);
INSERT INTO evaluation_details (id, evaluation_id, question_id, score, comment) VALUES (3009, 285, 18, 4, NULL);
INSERT INTO evaluation_details (id, evaluation_id, question_id, score, comment) VALUES (3010, 285, 19, 4, NULL);
INSERT INTO evaluation_details (id, evaluation_id, question_id, score, comment) VALUES (3011, 285, 20, NULL, 'Siempre está disponible, muy buen profe.');
INSERT INTO evaluations (id, evaluatee_id, form_id, period_id, is_anonymous, status, submitted_at, created_at) VALUES (286, 6, 2, 4, FALSE, 'submitted', '2026-07-21 12:00:00', '2026-07-21 12:05:00');
INSERT INTO evaluation_submissions (id, evaluator_id, evaluatee_id, period_id, evaluation_id, created_at) VALUES (286, 39, 6, 4, 286, '2026-07-21 12:00:00');
INSERT INTO evaluation_details (id, evaluation_id, question_id, score, comment) VALUES (3012, 286, 12, 4, NULL);
INSERT INTO evaluation_details (id, evaluation_id, question_id, score, comment) VALUES (3013, 286, 13, 4, NULL);
INSERT INTO evaluation_details (id, evaluation_id, question_id, score, comment) VALUES (3014, 286, 14, 4, NULL);
INSERT INTO evaluation_details (id, evaluation_id, question_id, score, comment) VALUES (3015, 286, 15, 4, NULL);
INSERT INTO evaluation_details (id, evaluation_id, question_id, score, comment) VALUES (3016, 286, 16, 4, NULL);
INSERT INTO evaluation_details (id, evaluation_id, question_id, score, comment) VALUES (3017, 286, 17, 4, NULL);
INSERT INTO evaluation_details (id, evaluation_id, question_id, score, comment) VALUES (3018, 286, 18, 3, NULL);
INSERT INTO evaluation_details (id, evaluation_id, question_id, score, comment) VALUES (3019, 286, 19, 3, NULL);
INSERT INTO evaluation_details (id, evaluation_id, question_id, score, comment) VALUES (3020, 286, 20, NULL, 'Las sesiones de este periodo fueron muy claras.');
INSERT INTO evaluations (id, evaluatee_id, form_id, period_id, is_anonymous, status, submitted_at, created_at) VALUES (287, 6, 2, 4, FALSE, 'submitted', '2026-07-21 12:00:00', '2026-07-21 12:05:00');
INSERT INTO evaluation_submissions (id, evaluator_id, evaluatee_id, period_id, evaluation_id, created_at) VALUES (287, 25, 6, 4, 287, '2026-07-21 12:00:00');
INSERT INTO evaluation_details (id, evaluation_id, question_id, score, comment) VALUES (3021, 287, 12, 4, NULL);
INSERT INTO evaluation_details (id, evaluation_id, question_id, score, comment) VALUES (3022, 287, 13, 3, NULL);
INSERT INTO evaluation_details (id, evaluation_id, question_id, score, comment) VALUES (3023, 287, 14, 4, NULL);
INSERT INTO evaluation_details (id, evaluation_id, question_id, score, comment) VALUES (3024, 287, 15, 4, NULL);
INSERT INTO evaluation_details (id, evaluation_id, question_id, score, comment) VALUES (3025, 287, 16, 4, NULL);
INSERT INTO evaluation_details (id, evaluation_id, question_id, score, comment) VALUES (3026, 287, 17, 4, NULL);
INSERT INTO evaluation_details (id, evaluation_id, question_id, score, comment) VALUES (3027, 287, 18, 4, NULL);
INSERT INTO evaluation_details (id, evaluation_id, question_id, score, comment) VALUES (3028, 287, 19, 5, NULL);
INSERT INTO evaluation_details (id, evaluation_id, question_id, score, comment) VALUES (3029, 287, 20, NULL, 'Excelente, me ayuda mucho con mis dudas globales.');
INSERT INTO evaluations (id, evaluatee_id, form_id, period_id, is_anonymous, status, submitted_at, created_at) VALUES (288, 6, 2, 4, TRUE, 'submitted', '2026-07-21 12:00:00', '2026-07-21 12:05:00');
INSERT INTO evaluation_submissions (id, evaluator_id, evaluatee_id, period_id, evaluation_id, created_at) VALUES (288, 24, 6, 4, 288, '2026-07-21 12:00:00');
INSERT INTO evaluation_details (id, evaluation_id, question_id, score, comment) VALUES (3030, 288, 12, 3, NULL);
INSERT INTO evaluation_details (id, evaluation_id, question_id, score, comment) VALUES (3031, 288, 13, 3, NULL);
INSERT INTO evaluation_details (id, evaluation_id, question_id, score, comment) VALUES (3032, 288, 14, 4, NULL);
INSERT INTO evaluation_details (id, evaluation_id, question_id, score, comment) VALUES (3033, 288, 15, 3, NULL);
INSERT INTO evaluation_details (id, evaluation_id, question_id, score, comment) VALUES (3034, 288, 16, 3, NULL);
INSERT INTO evaluation_details (id, evaluation_id, question_id, score, comment) VALUES (3035, 288, 17, 4, NULL);
INSERT INTO evaluation_details (id, evaluation_id, question_id, score, comment) VALUES (3036, 288, 18, 3, NULL);
INSERT INTO evaluation_details (id, evaluation_id, question_id, score, comment) VALUES (3037, 288, 19, 3, NULL);
INSERT INTO evaluation_details (id, evaluation_id, question_id, score, comment) VALUES (3038, 288, 20, NULL, 'Excelente, me ayuda mucho con mis dudas globales.');
INSERT INTO evaluations (id, evaluatee_id, form_id, period_id, is_anonymous, status, submitted_at, created_at) VALUES (289, 6, 2, 4, FALSE, 'submitted', '2026-07-21 12:00:00', '2026-07-21 12:05:00');
INSERT INTO evaluation_submissions (id, evaluator_id, evaluatee_id, period_id, evaluation_id, created_at) VALUES (289, 38, 6, 4, 289, '2026-07-21 12:00:00');
INSERT INTO evaluation_details (id, evaluation_id, question_id, score, comment) VALUES (3039, 289, 12, 3, NULL);
INSERT INTO evaluation_details (id, evaluation_id, question_id, score, comment) VALUES (3040, 289, 13, 3, NULL);
INSERT INTO evaluation_details (id, evaluation_id, question_id, score, comment) VALUES (3041, 289, 14, 3, NULL);
INSERT INTO evaluation_details (id, evaluation_id, question_id, score, comment) VALUES (3042, 289, 15, 3, NULL);
INSERT INTO evaluation_details (id, evaluation_id, question_id, score, comment) VALUES (3043, 289, 16, 3, NULL);
INSERT INTO evaluation_details (id, evaluation_id, question_id, score, comment) VALUES (3044, 289, 17, 2, NULL);
INSERT INTO evaluation_details (id, evaluation_id, question_id, score, comment) VALUES (3045, 289, 18, 3, NULL);
INSERT INTO evaluation_details (id, evaluation_id, question_id, score, comment) VALUES (3046, 289, 19, 4, NULL);
INSERT INTO evaluation_details (id, evaluation_id, question_id, score, comment) VALUES (3047, 289, 20, NULL, 'Falta un poco de orden en las clases.');
INSERT INTO evaluations (id, evaluatee_id, form_id, period_id, is_anonymous, status, submitted_at, created_at) VALUES (290, 6, 2, 4, TRUE, 'submitted', '2026-07-21 12:00:00', '2026-07-21 12:05:00');
INSERT INTO evaluation_submissions (id, evaluator_id, evaluatee_id, period_id, evaluation_id, created_at) VALUES (290, 41, 6, 4, 290, '2026-07-21 12:00:00');
INSERT INTO evaluation_details (id, evaluation_id, question_id, score, comment) VALUES (3048, 290, 12, 5, NULL);
INSERT INTO evaluation_details (id, evaluation_id, question_id, score, comment) VALUES (3049, 290, 13, 4, NULL);
INSERT INTO evaluation_details (id, evaluation_id, question_id, score, comment) VALUES (3050, 290, 14, 4, NULL);
INSERT INTO evaluation_details (id, evaluation_id, question_id, score, comment) VALUES (3051, 290, 15, 4, NULL);
INSERT INTO evaluation_details (id, evaluation_id, question_id, score, comment) VALUES (3052, 290, 16, 4, NULL);
INSERT INTO evaluation_details (id, evaluation_id, question_id, score, comment) VALUES (3053, 290, 17, 4, NULL);
INSERT INTO evaluation_details (id, evaluation_id, question_id, score, comment) VALUES (3054, 290, 18, 5, NULL);
INSERT INTO evaluation_details (id, evaluation_id, question_id, score, comment) VALUES (3055, 290, 19, 4, NULL);
INSERT INTO evaluation_details (id, evaluation_id, question_id, score, comment) VALUES (3056, 290, 20, NULL, 'Las sesiones de este periodo fueron muy claras.');
INSERT INTO evaluations (id, evaluatee_id, form_id, period_id, is_anonymous, status, submitted_at, created_at) VALUES (291, 6, 2, 4, TRUE, 'submitted', '2026-07-21 12:00:00', '2026-07-21 12:05:00');
INSERT INTO evaluation_submissions (id, evaluator_id, evaluatee_id, period_id, evaluation_id, created_at) VALUES (291, 16, 6, 4, 291, '2026-07-21 12:00:00');
INSERT INTO evaluation_details (id, evaluation_id, question_id, score, comment) VALUES (3057, 291, 12, 3, NULL);
INSERT INTO evaluation_details (id, evaluation_id, question_id, score, comment) VALUES (3058, 291, 13, 4, NULL);
INSERT INTO evaluation_details (id, evaluation_id, question_id, score, comment) VALUES (3059, 291, 14, 4, NULL);
INSERT INTO evaluation_details (id, evaluation_id, question_id, score, comment) VALUES (3060, 291, 15, 4, NULL);
INSERT INTO evaluation_details (id, evaluation_id, question_id, score, comment) VALUES (3061, 291, 16, 3, NULL);
INSERT INTO evaluation_details (id, evaluation_id, question_id, score, comment) VALUES (3062, 291, 17, 4, NULL);
INSERT INTO evaluation_details (id, evaluation_id, question_id, score, comment) VALUES (3063, 291, 18, 4, NULL);
INSERT INTO evaluation_details (id, evaluation_id, question_id, score, comment) VALUES (3064, 291, 19, 4, NULL);
INSERT INTO evaluation_details (id, evaluation_id, question_id, score, comment) VALUES (3065, 291, 20, NULL, 'Falta un poco de orden en las clases.');
INSERT INTO evaluations (id, evaluatee_id, form_id, period_id, is_anonymous, status, submitted_at, created_at) VALUES (292, 6, 2, 4, TRUE, 'submitted', '2026-07-21 12:00:00', '2026-07-21 12:05:00');
INSERT INTO evaluation_submissions (id, evaluator_id, evaluatee_id, period_id, evaluation_id, created_at) VALUES (292, 37, 6, 4, 292, '2026-07-21 12:00:00');
INSERT INTO evaluation_details (id, evaluation_id, question_id, score, comment) VALUES (3066, 292, 12, 4, NULL);
INSERT INTO evaluation_details (id, evaluation_id, question_id, score, comment) VALUES (3067, 292, 13, 4, NULL);
INSERT INTO evaluation_details (id, evaluation_id, question_id, score, comment) VALUES (3068, 292, 14, 4, NULL);
INSERT INTO evaluation_details (id, evaluation_id, question_id, score, comment) VALUES (3069, 292, 15, 4, NULL);
INSERT INTO evaluation_details (id, evaluation_id, question_id, score, comment) VALUES (3070, 292, 16, 5, NULL);
INSERT INTO evaluation_details (id, evaluation_id, question_id, score, comment) VALUES (3071, 292, 17, 4, NULL);
INSERT INTO evaluation_details (id, evaluation_id, question_id, score, comment) VALUES (3072, 292, 18, 4, NULL);
INSERT INTO evaluation_details (id, evaluation_id, question_id, score, comment) VALUES (3073, 292, 19, 4, NULL);
INSERT INTO evaluation_details (id, evaluation_id, question_id, score, comment) VALUES (3074, 292, 20, NULL, 'Excelente, me ayuda mucho con mis dudas globales.');
INSERT INTO evaluations (id, evaluatee_id, form_id, period_id, is_anonymous, status, submitted_at, created_at) VALUES (293, 6, 2, 4, TRUE, 'submitted', '2026-07-21 12:00:00', '2026-07-21 12:05:00');
INSERT INTO evaluation_submissions (id, evaluator_id, evaluatee_id, period_id, evaluation_id, created_at) VALUES (293, 20, 6, 4, 293, '2026-07-21 12:00:00');
INSERT INTO evaluation_details (id, evaluation_id, question_id, score, comment) VALUES (3075, 293, 12, 3, NULL);
INSERT INTO evaluation_details (id, evaluation_id, question_id, score, comment) VALUES (3076, 293, 13, 4, NULL);
INSERT INTO evaluation_details (id, evaluation_id, question_id, score, comment) VALUES (3077, 293, 14, 3, NULL);
INSERT INTO evaluation_details (id, evaluation_id, question_id, score, comment) VALUES (3078, 293, 15, 3, NULL);
INSERT INTO evaluation_details (id, evaluation_id, question_id, score, comment) VALUES (3079, 293, 16, 3, NULL);
INSERT INTO evaluation_details (id, evaluation_id, question_id, score, comment) VALUES (3080, 293, 17, 4, NULL);
INSERT INTO evaluation_details (id, evaluation_id, question_id, score, comment) VALUES (3081, 293, 18, 3, NULL);
INSERT INTO evaluation_details (id, evaluation_id, question_id, score, comment) VALUES (3082, 293, 19, 2, NULL);
INSERT INTO evaluation_details (id, evaluation_id, question_id, score, comment) VALUES (3083, 293, 20, NULL, 'Siempre está disponible, muy buen profe.');
INSERT INTO evaluations (id, evaluatee_id, form_id, period_id, is_anonymous, status, submitted_at, created_at) VALUES (294, 7, 2, 1, FALSE, 'submitted', '2026-07-21 12:00:00', '2026-07-21 12:05:00');
INSERT INTO evaluation_submissions (id, evaluator_id, evaluatee_id, period_id, evaluation_id, created_at) VALUES (294, 19, 7, 1, 294, '2026-07-21 12:00:00');
INSERT INTO evaluation_details (id, evaluation_id, question_id, score, comment) VALUES (3084, 294, 12, 3, NULL);
INSERT INTO evaluation_details (id, evaluation_id, question_id, score, comment) VALUES (3085, 294, 13, 4, NULL);
INSERT INTO evaluation_details (id, evaluation_id, question_id, score, comment) VALUES (3086, 294, 14, 3, NULL);
INSERT INTO evaluation_details (id, evaluation_id, question_id, score, comment) VALUES (3087, 294, 15, 2, NULL);
INSERT INTO evaluation_details (id, evaluation_id, question_id, score, comment) VALUES (3088, 294, 16, 3, NULL);
INSERT INTO evaluation_details (id, evaluation_id, question_id, score, comment) VALUES (3089, 294, 17, 3, NULL);
INSERT INTO evaluation_details (id, evaluation_id, question_id, score, comment) VALUES (3090, 294, 18, 4, NULL);
INSERT INTO evaluation_details (id, evaluation_id, question_id, score, comment) VALUES (3091, 294, 19, 4, NULL);
INSERT INTO evaluation_details (id, evaluation_id, question_id, score, comment) VALUES (3092, 294, 20, NULL, 'Excelente, me ayuda mucho con mis dudas globales.');
INSERT INTO evaluations (id, evaluatee_id, form_id, period_id, is_anonymous, status, submitted_at, created_at) VALUES (295, 7, 2, 1, TRUE, 'submitted', '2026-07-21 12:00:00', '2026-07-21 12:05:00');
INSERT INTO evaluation_submissions (id, evaluator_id, evaluatee_id, period_id, evaluation_id, created_at) VALUES (295, 41, 7, 1, 295, '2026-07-21 12:00:00');
INSERT INTO evaluation_details (id, evaluation_id, question_id, score, comment) VALUES (3093, 295, 12, 4, NULL);
INSERT INTO evaluation_details (id, evaluation_id, question_id, score, comment) VALUES (3094, 295, 13, 3, NULL);
INSERT INTO evaluation_details (id, evaluation_id, question_id, score, comment) VALUES (3095, 295, 14, 4, NULL);
INSERT INTO evaluation_details (id, evaluation_id, question_id, score, comment) VALUES (3096, 295, 15, 3, NULL);
INSERT INTO evaluation_details (id, evaluation_id, question_id, score, comment) VALUES (3097, 295, 16, 4, NULL);
INSERT INTO evaluation_details (id, evaluation_id, question_id, score, comment) VALUES (3098, 295, 17, 4, NULL);
INSERT INTO evaluation_details (id, evaluation_id, question_id, score, comment) VALUES (3099, 295, 18, 4, NULL);
INSERT INTO evaluation_details (id, evaluation_id, question_id, score, comment) VALUES (3100, 295, 19, 3, NULL);
INSERT INTO evaluation_details (id, evaluation_id, question_id, score, comment) VALUES (3101, 295, 20, NULL, 'Siempre está disponible, muy buen profe.');
INSERT INTO evaluations (id, evaluatee_id, form_id, period_id, is_anonymous, status, submitted_at, created_at) VALUES (296, 7, 2, 1, FALSE, 'submitted', '2026-07-21 12:00:00', '2026-07-21 12:05:00');
INSERT INTO evaluation_submissions (id, evaluator_id, evaluatee_id, period_id, evaluation_id, created_at) VALUES (296, 17, 7, 1, 296, '2026-07-21 12:00:00');
INSERT INTO evaluation_details (id, evaluation_id, question_id, score, comment) VALUES (3102, 296, 12, 3, NULL);
INSERT INTO evaluation_details (id, evaluation_id, question_id, score, comment) VALUES (3103, 296, 13, 4, NULL);
INSERT INTO evaluation_details (id, evaluation_id, question_id, score, comment) VALUES (3104, 296, 14, 3, NULL);
INSERT INTO evaluation_details (id, evaluation_id, question_id, score, comment) VALUES (3105, 296, 15, 3, NULL);
INSERT INTO evaluation_details (id, evaluation_id, question_id, score, comment) VALUES (3106, 296, 16, 3, NULL);
INSERT INTO evaluation_details (id, evaluation_id, question_id, score, comment) VALUES (3107, 296, 17, 3, NULL);
INSERT INTO evaluation_details (id, evaluation_id, question_id, score, comment) VALUES (3108, 296, 18, 4, NULL);
INSERT INTO evaluation_details (id, evaluation_id, question_id, score, comment) VALUES (3109, 296, 19, 4, NULL);
INSERT INTO evaluation_details (id, evaluation_id, question_id, score, comment) VALUES (3110, 296, 20, NULL, 'Hace un buen trabajo, pero a veces explica muy rápido.');
INSERT INTO evaluations (id, evaluatee_id, form_id, period_id, is_anonymous, status, submitted_at, created_at) VALUES (297, 7, 2, 1, FALSE, 'submitted', '2026-07-21 12:00:00', '2026-07-21 12:05:00');
INSERT INTO evaluation_submissions (id, evaluator_id, evaluatee_id, period_id, evaluation_id, created_at) VALUES (297, 40, 7, 1, 297, '2026-07-21 12:00:00');
INSERT INTO evaluation_details (id, evaluation_id, question_id, score, comment) VALUES (3111, 297, 12, 3, NULL);
INSERT INTO evaluation_details (id, evaluation_id, question_id, score, comment) VALUES (3112, 297, 13, 3, NULL);
INSERT INTO evaluation_details (id, evaluation_id, question_id, score, comment) VALUES (3113, 297, 14, 3, NULL);
INSERT INTO evaluation_details (id, evaluation_id, question_id, score, comment) VALUES (3114, 297, 15, 3, NULL);
INSERT INTO evaluation_details (id, evaluation_id, question_id, score, comment) VALUES (3115, 297, 16, 3, NULL);
INSERT INTO evaluation_details (id, evaluation_id, question_id, score, comment) VALUES (3116, 297, 17, 4, NULL);
INSERT INTO evaluation_details (id, evaluation_id, question_id, score, comment) VALUES (3117, 297, 18, 4, NULL);
INSERT INTO evaluation_details (id, evaluation_id, question_id, score, comment) VALUES (3118, 297, 19, 3, NULL);
INSERT INTO evaluation_details (id, evaluation_id, question_id, score, comment) VALUES (3119, 297, 20, NULL, 'Hace un buen trabajo, pero a veces explica muy rápido.');
INSERT INTO evaluations (id, evaluatee_id, form_id, period_id, is_anonymous, status, submitted_at, created_at) VALUES (298, 7, 2, 1, TRUE, 'submitted', '2026-07-21 12:00:00', '2026-07-21 12:05:00');
INSERT INTO evaluation_submissions (id, evaluator_id, evaluatee_id, period_id, evaluation_id, created_at) VALUES (298, 36, 7, 1, 298, '2026-07-21 12:00:00');
INSERT INTO evaluation_details (id, evaluation_id, question_id, score, comment) VALUES (3120, 298, 12, 3, NULL);
INSERT INTO evaluation_details (id, evaluation_id, question_id, score, comment) VALUES (3121, 298, 13, 4, NULL);
INSERT INTO evaluation_details (id, evaluation_id, question_id, score, comment) VALUES (3122, 298, 14, 3, NULL);
INSERT INTO evaluation_details (id, evaluation_id, question_id, score, comment) VALUES (3123, 298, 15, 3, NULL);
INSERT INTO evaluation_details (id, evaluation_id, question_id, score, comment) VALUES (3124, 298, 16, 4, NULL);
INSERT INTO evaluation_details (id, evaluation_id, question_id, score, comment) VALUES (3125, 298, 17, 4, NULL);
INSERT INTO evaluation_details (id, evaluation_id, question_id, score, comment) VALUES (3126, 298, 18, 3, NULL);
INSERT INTO evaluation_details (id, evaluation_id, question_id, score, comment) VALUES (3127, 298, 19, 3, NULL);
INSERT INTO evaluation_details (id, evaluation_id, question_id, score, comment) VALUES (3128, 298, 20, NULL, 'Hace un buen trabajo, pero a veces explica muy rápido.');
INSERT INTO evaluations (id, evaluatee_id, form_id, period_id, is_anonymous, status, submitted_at, created_at) VALUES (299, 7, 2, 1, TRUE, 'submitted', '2026-07-21 12:00:00', '2026-07-21 12:05:00');
INSERT INTO evaluation_submissions (id, evaluator_id, evaluatee_id, period_id, evaluation_id, created_at) VALUES (299, 28, 7, 1, 299, '2026-07-21 12:00:00');
INSERT INTO evaluation_details (id, evaluation_id, question_id, score, comment) VALUES (3129, 299, 12, 3, NULL);
INSERT INTO evaluation_details (id, evaluation_id, question_id, score, comment) VALUES (3130, 299, 13, 4, NULL);
INSERT INTO evaluation_details (id, evaluation_id, question_id, score, comment) VALUES (3131, 299, 14, 3, NULL);
INSERT INTO evaluation_details (id, evaluation_id, question_id, score, comment) VALUES (3132, 299, 15, 3, NULL);
INSERT INTO evaluation_details (id, evaluation_id, question_id, score, comment) VALUES (3133, 299, 16, 3, NULL);
INSERT INTO evaluation_details (id, evaluation_id, question_id, score, comment) VALUES (3134, 299, 17, 3, NULL);
INSERT INTO evaluation_details (id, evaluation_id, question_id, score, comment) VALUES (3135, 299, 18, 3, NULL);
INSERT INTO evaluation_details (id, evaluation_id, question_id, score, comment) VALUES (3136, 299, 19, 4, NULL);
INSERT INTO evaluation_details (id, evaluation_id, question_id, score, comment) VALUES (3137, 299, 20, NULL, 'Excelente, me ayuda mucho con mis dudas globales.');
INSERT INTO evaluations (id, evaluatee_id, form_id, period_id, is_anonymous, status, submitted_at, created_at) VALUES (300, 7, 2, 1, TRUE, 'submitted', '2026-07-21 12:00:00', '2026-07-21 12:05:00');
INSERT INTO evaluation_submissions (id, evaluator_id, evaluatee_id, period_id, evaluation_id, created_at) VALUES (300, 45, 7, 1, 300, '2026-07-21 12:00:00');
INSERT INTO evaluation_details (id, evaluation_id, question_id, score, comment) VALUES (3138, 300, 12, 3, NULL);
INSERT INTO evaluation_details (id, evaluation_id, question_id, score, comment) VALUES (3139, 300, 13, 3, NULL);
INSERT INTO evaluation_details (id, evaluation_id, question_id, score, comment) VALUES (3140, 300, 14, 3, NULL);
INSERT INTO evaluation_details (id, evaluation_id, question_id, score, comment) VALUES (3141, 300, 15, 3, NULL);
INSERT INTO evaluation_details (id, evaluation_id, question_id, score, comment) VALUES (3142, 300, 16, 4, NULL);
INSERT INTO evaluation_details (id, evaluation_id, question_id, score, comment) VALUES (3143, 300, 17, 4, NULL);
INSERT INTO evaluation_details (id, evaluation_id, question_id, score, comment) VALUES (3144, 300, 18, 3, NULL);
INSERT INTO evaluation_details (id, evaluation_id, question_id, score, comment) VALUES (3145, 300, 19, 3, NULL);
INSERT INTO evaluation_details (id, evaluation_id, question_id, score, comment) VALUES (3146, 300, 20, NULL, 'Hace un buen trabajo, pero a veces explica muy rápido.');
INSERT INTO evaluations (id, evaluatee_id, form_id, period_id, is_anonymous, status, submitted_at, created_at) VALUES (301, 7, 2, 1, TRUE, 'submitted', '2026-07-21 12:00:00', '2026-07-21 12:05:00');
INSERT INTO evaluation_submissions (id, evaluator_id, evaluatee_id, period_id, evaluation_id, created_at) VALUES (301, 14, 7, 1, 301, '2026-07-21 12:00:00');
INSERT INTO evaluation_details (id, evaluation_id, question_id, score, comment) VALUES (3147, 301, 12, 4, NULL);
INSERT INTO evaluation_details (id, evaluation_id, question_id, score, comment) VALUES (3148, 301, 13, 4, NULL);
INSERT INTO evaluation_details (id, evaluation_id, question_id, score, comment) VALUES (3149, 301, 14, 4, NULL);
INSERT INTO evaluation_details (id, evaluation_id, question_id, score, comment) VALUES (3150, 301, 15, 5, NULL);
INSERT INTO evaluation_details (id, evaluation_id, question_id, score, comment) VALUES (3151, 301, 16, 2, NULL);
INSERT INTO evaluation_details (id, evaluation_id, question_id, score, comment) VALUES (3152, 301, 17, 3, NULL);
INSERT INTO evaluation_details (id, evaluation_id, question_id, score, comment) VALUES (3153, 301, 18, 4, NULL);
INSERT INTO evaluation_details (id, evaluation_id, question_id, score, comment) VALUES (3154, 301, 19, 4, NULL);
INSERT INTO evaluation_details (id, evaluation_id, question_id, score, comment) VALUES (3155, 301, 20, NULL, 'Falta un poco de orden en las clases.');
INSERT INTO evaluations (id, evaluatee_id, form_id, period_id, is_anonymous, status, submitted_at, created_at) VALUES (302, 7, 2, 1, FALSE, 'submitted', '2026-07-21 12:00:00', '2026-07-21 12:05:00');
INSERT INTO evaluation_submissions (id, evaluator_id, evaluatee_id, period_id, evaluation_id, created_at) VALUES (302, 24, 7, 1, 302, '2026-07-21 12:00:00');
INSERT INTO evaluation_details (id, evaluation_id, question_id, score, comment) VALUES (3156, 302, 12, 4, NULL);
INSERT INTO evaluation_details (id, evaluation_id, question_id, score, comment) VALUES (3157, 302, 13, 4, NULL);
INSERT INTO evaluation_details (id, evaluation_id, question_id, score, comment) VALUES (3158, 302, 14, 4, NULL);
INSERT INTO evaluation_details (id, evaluation_id, question_id, score, comment) VALUES (3159, 302, 15, 4, NULL);
INSERT INTO evaluation_details (id, evaluation_id, question_id, score, comment) VALUES (3160, 302, 16, 4, NULL);
INSERT INTO evaluation_details (id, evaluation_id, question_id, score, comment) VALUES (3161, 302, 17, 4, NULL);
INSERT INTO evaluation_details (id, evaluation_id, question_id, score, comment) VALUES (3162, 302, 18, 4, NULL);
INSERT INTO evaluation_details (id, evaluation_id, question_id, score, comment) VALUES (3163, 302, 19, 4, NULL);
INSERT INTO evaluation_details (id, evaluation_id, question_id, score, comment) VALUES (3164, 302, 20, NULL, 'Falta un poco de orden en las clases.');
INSERT INTO evaluations (id, evaluatee_id, form_id, period_id, is_anonymous, status, submitted_at, created_at) VALUES (303, 7, 2, 1, FALSE, 'submitted', '2026-07-21 12:00:00', '2026-07-21 12:05:00');
INSERT INTO evaluation_submissions (id, evaluator_id, evaluatee_id, period_id, evaluation_id, created_at) VALUES (303, 31, 7, 1, 303, '2026-07-21 12:00:00');
INSERT INTO evaluation_details (id, evaluation_id, question_id, score, comment) VALUES (3165, 303, 12, 4, NULL);
INSERT INTO evaluation_details (id, evaluation_id, question_id, score, comment) VALUES (3166, 303, 13, 4, NULL);
INSERT INTO evaluation_details (id, evaluation_id, question_id, score, comment) VALUES (3167, 303, 14, 5, NULL);
INSERT INTO evaluation_details (id, evaluation_id, question_id, score, comment) VALUES (3168, 303, 15, 4, NULL);
INSERT INTO evaluation_details (id, evaluation_id, question_id, score, comment) VALUES (3169, 303, 16, 4, NULL);
INSERT INTO evaluation_details (id, evaluation_id, question_id, score, comment) VALUES (3170, 303, 17, 4, NULL);
INSERT INTO evaluation_details (id, evaluation_id, question_id, score, comment) VALUES (3171, 303, 18, 4, NULL);
INSERT INTO evaluation_details (id, evaluation_id, question_id, score, comment) VALUES (3172, 303, 19, 3, NULL);
INSERT INTO evaluation_details (id, evaluation_id, question_id, score, comment) VALUES (3173, 303, 20, NULL, 'Excelente, me ayuda mucho con mis dudas globales.');
INSERT INTO evaluations (id, evaluatee_id, form_id, period_id, is_anonymous, status, submitted_at, created_at) VALUES (304, 7, 2, 1, FALSE, 'submitted', '2026-07-21 12:00:00', '2026-07-21 12:05:00');
INSERT INTO evaluation_submissions (id, evaluator_id, evaluatee_id, period_id, evaluation_id, created_at) VALUES (304, 35, 7, 1, 304, '2026-07-21 12:00:00');
INSERT INTO evaluation_details (id, evaluation_id, question_id, score, comment) VALUES (3174, 304, 12, 4, NULL);
INSERT INTO evaluation_details (id, evaluation_id, question_id, score, comment) VALUES (3175, 304, 13, 3, NULL);
INSERT INTO evaluation_details (id, evaluation_id, question_id, score, comment) VALUES (3176, 304, 14, 5, NULL);
INSERT INTO evaluation_details (id, evaluation_id, question_id, score, comment) VALUES (3177, 304, 15, 3, NULL);
INSERT INTO evaluation_details (id, evaluation_id, question_id, score, comment) VALUES (3178, 304, 16, 4, NULL);
INSERT INTO evaluation_details (id, evaluation_id, question_id, score, comment) VALUES (3179, 304, 17, 3, NULL);
INSERT INTO evaluation_details (id, evaluation_id, question_id, score, comment) VALUES (3180, 304, 18, 4, NULL);
INSERT INTO evaluation_details (id, evaluation_id, question_id, score, comment) VALUES (3181, 304, 19, 3, NULL);
INSERT INTO evaluation_details (id, evaluation_id, question_id, score, comment) VALUES (3182, 304, 20, NULL, 'Falta un poco de orden en las clases.');
INSERT INTO evaluations (id, evaluatee_id, form_id, period_id, is_anonymous, status, submitted_at, created_at) VALUES (305, 7, 2, 2, TRUE, 'submitted', '2026-07-21 12:00:00', '2026-07-21 12:05:00');
INSERT INTO evaluation_submissions (id, evaluator_id, evaluatee_id, period_id, evaluation_id, created_at) VALUES (305, 45, 7, 2, 305, '2026-07-21 12:00:00');
INSERT INTO evaluation_details (id, evaluation_id, question_id, score, comment) VALUES (3183, 305, 12, 3, NULL);
INSERT INTO evaluation_details (id, evaluation_id, question_id, score, comment) VALUES (3184, 305, 13, 5, NULL);
INSERT INTO evaluation_details (id, evaluation_id, question_id, score, comment) VALUES (3185, 305, 14, 4, NULL);
INSERT INTO evaluation_details (id, evaluation_id, question_id, score, comment) VALUES (3186, 305, 15, 4, NULL);
INSERT INTO evaluation_details (id, evaluation_id, question_id, score, comment) VALUES (3187, 305, 16, 3, NULL);
INSERT INTO evaluation_details (id, evaluation_id, question_id, score, comment) VALUES (3188, 305, 17, 3, NULL);
INSERT INTO evaluation_details (id, evaluation_id, question_id, score, comment) VALUES (3189, 305, 18, 4, NULL);
INSERT INTO evaluation_details (id, evaluation_id, question_id, score, comment) VALUES (3190, 305, 19, 3, NULL);
INSERT INTO evaluation_details (id, evaluation_id, question_id, score, comment) VALUES (3191, 305, 20, NULL, 'Las sesiones de este periodo fueron muy claras.');
INSERT INTO evaluations (id, evaluatee_id, form_id, period_id, is_anonymous, status, submitted_at, created_at) VALUES (306, 7, 2, 2, TRUE, 'submitted', '2026-07-21 12:00:00', '2026-07-21 12:05:00');
INSERT INTO evaluation_submissions (id, evaluator_id, evaluatee_id, period_id, evaluation_id, created_at) VALUES (306, 38, 7, 2, 306, '2026-07-21 12:00:00');
INSERT INTO evaluation_details (id, evaluation_id, question_id, score, comment) VALUES (3192, 306, 12, 4, NULL);
INSERT INTO evaluation_details (id, evaluation_id, question_id, score, comment) VALUES (3193, 306, 13, 4, NULL);
INSERT INTO evaluation_details (id, evaluation_id, question_id, score, comment) VALUES (3194, 306, 14, 4, NULL);
INSERT INTO evaluation_details (id, evaluation_id, question_id, score, comment) VALUES (3195, 306, 15, 3, NULL);
INSERT INTO evaluation_details (id, evaluation_id, question_id, score, comment) VALUES (3196, 306, 16, 3, NULL);
INSERT INTO evaluation_details (id, evaluation_id, question_id, score, comment) VALUES (3197, 306, 17, 3, NULL);
INSERT INTO evaluation_details (id, evaluation_id, question_id, score, comment) VALUES (3198, 306, 18, 3, NULL);
INSERT INTO evaluation_details (id, evaluation_id, question_id, score, comment) VALUES (3199, 306, 19, 3, NULL);
INSERT INTO evaluation_details (id, evaluation_id, question_id, score, comment) VALUES (3200, 306, 20, NULL, 'Falta un poco de orden en las clases.');
INSERT INTO evaluations (id, evaluatee_id, form_id, period_id, is_anonymous, status, submitted_at, created_at) VALUES (307, 7, 2, 2, FALSE, 'submitted', '2026-07-21 12:00:00', '2026-07-21 12:05:00');
INSERT INTO evaluation_submissions (id, evaluator_id, evaluatee_id, period_id, evaluation_id, created_at) VALUES (307, 27, 7, 2, 307, '2026-07-21 12:00:00');
INSERT INTO evaluation_details (id, evaluation_id, question_id, score, comment) VALUES (3201, 307, 12, 4, NULL);
INSERT INTO evaluation_details (id, evaluation_id, question_id, score, comment) VALUES (3202, 307, 13, 4, NULL);
INSERT INTO evaluation_details (id, evaluation_id, question_id, score, comment) VALUES (3203, 307, 14, 3, NULL);
INSERT INTO evaluation_details (id, evaluation_id, question_id, score, comment) VALUES (3204, 307, 15, 4, NULL);
INSERT INTO evaluation_details (id, evaluation_id, question_id, score, comment) VALUES (3205, 307, 16, 4, NULL);
INSERT INTO evaluation_details (id, evaluation_id, question_id, score, comment) VALUES (3206, 307, 17, 4, NULL);
INSERT INTO evaluation_details (id, evaluation_id, question_id, score, comment) VALUES (3207, 307, 18, 4, NULL);
INSERT INTO evaluation_details (id, evaluation_id, question_id, score, comment) VALUES (3208, 307, 19, 3, NULL);
INSERT INTO evaluation_details (id, evaluation_id, question_id, score, comment) VALUES (3209, 307, 20, NULL, 'Hace un buen trabajo, pero a veces explica muy rápido.');
INSERT INTO evaluations (id, evaluatee_id, form_id, period_id, is_anonymous, status, submitted_at, created_at) VALUES (308, 7, 2, 2, FALSE, 'submitted', '2026-07-21 12:00:00', '2026-07-21 12:05:00');
INSERT INTO evaluation_submissions (id, evaluator_id, evaluatee_id, period_id, evaluation_id, created_at) VALUES (308, 30, 7, 2, 308, '2026-07-21 12:00:00');
INSERT INTO evaluation_details (id, evaluation_id, question_id, score, comment) VALUES (3210, 308, 12, 4, NULL);
INSERT INTO evaluation_details (id, evaluation_id, question_id, score, comment) VALUES (3211, 308, 13, 5, NULL);
INSERT INTO evaluation_details (id, evaluation_id, question_id, score, comment) VALUES (3212, 308, 14, 4, NULL);
INSERT INTO evaluation_details (id, evaluation_id, question_id, score, comment) VALUES (3213, 308, 15, 3, NULL);
INSERT INTO evaluation_details (id, evaluation_id, question_id, score, comment) VALUES (3214, 308, 16, 4, NULL);
INSERT INTO evaluation_details (id, evaluation_id, question_id, score, comment) VALUES (3215, 308, 17, 3, NULL);
INSERT INTO evaluation_details (id, evaluation_id, question_id, score, comment) VALUES (3216, 308, 18, 4, NULL);
INSERT INTO evaluation_details (id, evaluation_id, question_id, score, comment) VALUES (3217, 308, 19, 4, NULL);
INSERT INTO evaluation_details (id, evaluation_id, question_id, score, comment) VALUES (3218, 308, 20, NULL, 'Hace un buen trabajo, pero a veces explica muy rápido.');
INSERT INTO evaluations (id, evaluatee_id, form_id, period_id, is_anonymous, status, submitted_at, created_at) VALUES (309, 7, 2, 2, FALSE, 'submitted', '2026-07-21 12:00:00', '2026-07-21 12:05:00');
INSERT INTO evaluation_submissions (id, evaluator_id, evaluatee_id, period_id, evaluation_id, created_at) VALUES (309, 25, 7, 2, 309, '2026-07-21 12:00:00');
INSERT INTO evaluation_details (id, evaluation_id, question_id, score, comment) VALUES (3219, 309, 12, 4, NULL);
INSERT INTO evaluation_details (id, evaluation_id, question_id, score, comment) VALUES (3220, 309, 13, 3, NULL);
INSERT INTO evaluation_details (id, evaluation_id, question_id, score, comment) VALUES (3221, 309, 14, 4, NULL);
INSERT INTO evaluation_details (id, evaluation_id, question_id, score, comment) VALUES (3222, 309, 15, 4, NULL);
INSERT INTO evaluation_details (id, evaluation_id, question_id, score, comment) VALUES (3223, 309, 16, 3, NULL);
INSERT INTO evaluation_details (id, evaluation_id, question_id, score, comment) VALUES (3224, 309, 17, 4, NULL);
INSERT INTO evaluation_details (id, evaluation_id, question_id, score, comment) VALUES (3225, 309, 18, 4, NULL);
INSERT INTO evaluation_details (id, evaluation_id, question_id, score, comment) VALUES (3226, 309, 19, 3, NULL);
INSERT INTO evaluation_details (id, evaluation_id, question_id, score, comment) VALUES (3227, 309, 20, NULL, 'Las sesiones de este periodo fueron muy claras.');
INSERT INTO evaluations (id, evaluatee_id, form_id, period_id, is_anonymous, status, submitted_at, created_at) VALUES (310, 7, 2, 2, TRUE, 'submitted', '2026-07-21 12:00:00', '2026-07-21 12:05:00');
INSERT INTO evaluation_submissions (id, evaluator_id, evaluatee_id, period_id, evaluation_id, created_at) VALUES (310, 29, 7, 2, 310, '2026-07-21 12:00:00');
INSERT INTO evaluation_details (id, evaluation_id, question_id, score, comment) VALUES (3228, 310, 12, 4, NULL);
INSERT INTO evaluation_details (id, evaluation_id, question_id, score, comment) VALUES (3229, 310, 13, 4, NULL);
INSERT INTO evaluation_details (id, evaluation_id, question_id, score, comment) VALUES (3230, 310, 14, 4, NULL);
INSERT INTO evaluation_details (id, evaluation_id, question_id, score, comment) VALUES (3231, 310, 15, 4, NULL);
INSERT INTO evaluation_details (id, evaluation_id, question_id, score, comment) VALUES (3232, 310, 16, 4, NULL);
INSERT INTO evaluation_details (id, evaluation_id, question_id, score, comment) VALUES (3233, 310, 17, 5, NULL);
INSERT INTO evaluation_details (id, evaluation_id, question_id, score, comment) VALUES (3234, 310, 18, 3, NULL);
INSERT INTO evaluation_details (id, evaluation_id, question_id, score, comment) VALUES (3235, 310, 19, 4, NULL);
INSERT INTO evaluation_details (id, evaluation_id, question_id, score, comment) VALUES (3236, 310, 20, NULL, 'Hace un buen trabajo, pero a veces explica muy rápido.');
INSERT INTO evaluations (id, evaluatee_id, form_id, period_id, is_anonymous, status, submitted_at, created_at) VALUES (311, 7, 2, 2, TRUE, 'submitted', '2026-07-21 12:00:00', '2026-07-21 12:05:00');
INSERT INTO evaluation_submissions (id, evaluator_id, evaluatee_id, period_id, evaluation_id, created_at) VALUES (311, 16, 7, 2, 311, '2026-07-21 12:00:00');
INSERT INTO evaluation_details (id, evaluation_id, question_id, score, comment) VALUES (3237, 311, 12, 4, NULL);
INSERT INTO evaluation_details (id, evaluation_id, question_id, score, comment) VALUES (3238, 311, 13, 5, NULL);
INSERT INTO evaluation_details (id, evaluation_id, question_id, score, comment) VALUES (3239, 311, 14, 3, NULL);
INSERT INTO evaluation_details (id, evaluation_id, question_id, score, comment) VALUES (3240, 311, 15, 4, NULL);
INSERT INTO evaluation_details (id, evaluation_id, question_id, score, comment) VALUES (3241, 311, 16, 3, NULL);
INSERT INTO evaluation_details (id, evaluation_id, question_id, score, comment) VALUES (3242, 311, 17, 3, NULL);
INSERT INTO evaluation_details (id, evaluation_id, question_id, score, comment) VALUES (3243, 311, 18, 4, NULL);
INSERT INTO evaluation_details (id, evaluation_id, question_id, score, comment) VALUES (3244, 311, 19, 4, NULL);
INSERT INTO evaluation_details (id, evaluation_id, question_id, score, comment) VALUES (3245, 311, 20, NULL, 'Hace un buen trabajo, pero a veces explica muy rápido.');
INSERT INTO evaluations (id, evaluatee_id, form_id, period_id, is_anonymous, status, submitted_at, created_at) VALUES (312, 7, 2, 2, FALSE, 'submitted', '2026-07-21 12:00:00', '2026-07-21 12:05:00');
INSERT INTO evaluation_submissions (id, evaluator_id, evaluatee_id, period_id, evaluation_id, created_at) VALUES (312, 21, 7, 2, 312, '2026-07-21 12:00:00');
INSERT INTO evaluation_details (id, evaluation_id, question_id, score, comment) VALUES (3246, 312, 12, 4, NULL);
INSERT INTO evaluation_details (id, evaluation_id, question_id, score, comment) VALUES (3247, 312, 13, 3, NULL);
INSERT INTO evaluation_details (id, evaluation_id, question_id, score, comment) VALUES (3248, 312, 14, 4, NULL);
INSERT INTO evaluation_details (id, evaluation_id, question_id, score, comment) VALUES (3249, 312, 15, 2, NULL);
INSERT INTO evaluation_details (id, evaluation_id, question_id, score, comment) VALUES (3250, 312, 16, 4, NULL);
INSERT INTO evaluation_details (id, evaluation_id, question_id, score, comment) VALUES (3251, 312, 17, 3, NULL);
INSERT INTO evaluation_details (id, evaluation_id, question_id, score, comment) VALUES (3252, 312, 18, 4, NULL);
INSERT INTO evaluation_details (id, evaluation_id, question_id, score, comment) VALUES (3253, 312, 19, 2, NULL);
INSERT INTO evaluation_details (id, evaluation_id, question_id, score, comment) VALUES (3254, 312, 20, NULL, 'Hace un buen trabajo, pero a veces explica muy rápido.');
INSERT INTO evaluations (id, evaluatee_id, form_id, period_id, is_anonymous, status, submitted_at, created_at) VALUES (313, 7, 2, 2, FALSE, 'submitted', '2026-07-21 12:00:00', '2026-07-21 12:05:00');
INSERT INTO evaluation_submissions (id, evaluator_id, evaluatee_id, period_id, evaluation_id, created_at) VALUES (313, 14, 7, 2, 313, '2026-07-21 12:00:00');
INSERT INTO evaluation_details (id, evaluation_id, question_id, score, comment) VALUES (3255, 313, 12, 3, NULL);
INSERT INTO evaluation_details (id, evaluation_id, question_id, score, comment) VALUES (3256, 313, 13, 4, NULL);
INSERT INTO evaluation_details (id, evaluation_id, question_id, score, comment) VALUES (3257, 313, 14, 4, NULL);
INSERT INTO evaluation_details (id, evaluation_id, question_id, score, comment) VALUES (3258, 313, 15, 3, NULL);
INSERT INTO evaluation_details (id, evaluation_id, question_id, score, comment) VALUES (3259, 313, 16, 4, NULL);
INSERT INTO evaluation_details (id, evaluation_id, question_id, score, comment) VALUES (3260, 313, 17, 4, NULL);
INSERT INTO evaluation_details (id, evaluation_id, question_id, score, comment) VALUES (3261, 313, 18, 4, NULL);
INSERT INTO evaluation_details (id, evaluation_id, question_id, score, comment) VALUES (3262, 313, 19, 3, NULL);
INSERT INTO evaluation_details (id, evaluation_id, question_id, score, comment) VALUES (3263, 313, 20, NULL, 'Siempre está disponible, muy buen profe.');
INSERT INTO evaluations (id, evaluatee_id, form_id, period_id, is_anonymous, status, submitted_at, created_at) VALUES (314, 7, 2, 3, TRUE, 'submitted', '2026-07-21 12:00:00', '2026-07-21 12:05:00');
INSERT INTO evaluation_submissions (id, evaluator_id, evaluatee_id, period_id, evaluation_id, created_at) VALUES (314, 37, 7, 3, 314, '2026-07-21 12:00:00');
INSERT INTO evaluation_details (id, evaluation_id, question_id, score, comment) VALUES (3264, 314, 12, 4, NULL);
INSERT INTO evaluation_details (id, evaluation_id, question_id, score, comment) VALUES (3265, 314, 13, 4, NULL);
INSERT INTO evaluation_details (id, evaluation_id, question_id, score, comment) VALUES (3266, 314, 14, 4, NULL);
INSERT INTO evaluation_details (id, evaluation_id, question_id, score, comment) VALUES (3267, 314, 15, 4, NULL);
INSERT INTO evaluation_details (id, evaluation_id, question_id, score, comment) VALUES (3268, 314, 16, 4, NULL);
INSERT INTO evaluation_details (id, evaluation_id, question_id, score, comment) VALUES (3269, 314, 17, 3, NULL);
INSERT INTO evaluation_details (id, evaluation_id, question_id, score, comment) VALUES (3270, 314, 18, 4, NULL);
INSERT INTO evaluation_details (id, evaluation_id, question_id, score, comment) VALUES (3271, 314, 19, 4, NULL);
INSERT INTO evaluation_details (id, evaluation_id, question_id, score, comment) VALUES (3272, 314, 20, NULL, 'Las sesiones de este periodo fueron muy claras.');
INSERT INTO evaluations (id, evaluatee_id, form_id, period_id, is_anonymous, status, submitted_at, created_at) VALUES (315, 7, 2, 3, FALSE, 'submitted', '2026-07-21 12:00:00', '2026-07-21 12:05:00');
INSERT INTO evaluation_submissions (id, evaluator_id, evaluatee_id, period_id, evaluation_id, created_at) VALUES (315, 15, 7, 3, 315, '2026-07-21 12:00:00');
INSERT INTO evaluation_details (id, evaluation_id, question_id, score, comment) VALUES (3273, 315, 12, 4, NULL);
INSERT INTO evaluation_details (id, evaluation_id, question_id, score, comment) VALUES (3274, 315, 13, 3, NULL);
INSERT INTO evaluation_details (id, evaluation_id, question_id, score, comment) VALUES (3275, 315, 14, 3, NULL);
INSERT INTO evaluation_details (id, evaluation_id, question_id, score, comment) VALUES (3276, 315, 15, 4, NULL);
INSERT INTO evaluation_details (id, evaluation_id, question_id, score, comment) VALUES (3277, 315, 16, 4, NULL);
INSERT INTO evaluation_details (id, evaluation_id, question_id, score, comment) VALUES (3278, 315, 17, 3, NULL);
INSERT INTO evaluation_details (id, evaluation_id, question_id, score, comment) VALUES (3279, 315, 18, 3, NULL);
INSERT INTO evaluation_details (id, evaluation_id, question_id, score, comment) VALUES (3280, 315, 19, 3, NULL);
INSERT INTO evaluation_details (id, evaluation_id, question_id, score, comment) VALUES (3281, 315, 20, NULL, 'Falta un poco de orden en las clases.');
INSERT INTO evaluations (id, evaluatee_id, form_id, period_id, is_anonymous, status, submitted_at, created_at) VALUES (316, 7, 2, 3, FALSE, 'submitted', '2026-07-21 12:00:00', '2026-07-21 12:05:00');
INSERT INTO evaluation_submissions (id, evaluator_id, evaluatee_id, period_id, evaluation_id, created_at) VALUES (316, 28, 7, 3, 316, '2026-07-21 12:00:00');
INSERT INTO evaluation_details (id, evaluation_id, question_id, score, comment) VALUES (3282, 316, 12, 4, NULL);
INSERT INTO evaluation_details (id, evaluation_id, question_id, score, comment) VALUES (3283, 316, 13, 5, NULL);
INSERT INTO evaluation_details (id, evaluation_id, question_id, score, comment) VALUES (3284, 316, 14, 4, NULL);
INSERT INTO evaluation_details (id, evaluation_id, question_id, score, comment) VALUES (3285, 316, 15, 5, NULL);
INSERT INTO evaluation_details (id, evaluation_id, question_id, score, comment) VALUES (3286, 316, 16, 4, NULL);
INSERT INTO evaluation_details (id, evaluation_id, question_id, score, comment) VALUES (3287, 316, 17, 4, NULL);
INSERT INTO evaluation_details (id, evaluation_id, question_id, score, comment) VALUES (3288, 316, 18, 4, NULL);
INSERT INTO evaluation_details (id, evaluation_id, question_id, score, comment) VALUES (3289, 316, 19, 4, NULL);
INSERT INTO evaluation_details (id, evaluation_id, question_id, score, comment) VALUES (3290, 316, 20, NULL, 'Hace un buen trabajo, pero a veces explica muy rápido.');
INSERT INTO evaluations (id, evaluatee_id, form_id, period_id, is_anonymous, status, submitted_at, created_at) VALUES (317, 7, 2, 3, TRUE, 'submitted', '2026-07-21 12:00:00', '2026-07-21 12:05:00');
INSERT INTO evaluation_submissions (id, evaluator_id, evaluatee_id, period_id, evaluation_id, created_at) VALUES (317, 17, 7, 3, 317, '2026-07-21 12:00:00');
INSERT INTO evaluation_details (id, evaluation_id, question_id, score, comment) VALUES (3291, 317, 12, 4, NULL);
INSERT INTO evaluation_details (id, evaluation_id, question_id, score, comment) VALUES (3292, 317, 13, 3, NULL);
INSERT INTO evaluation_details (id, evaluation_id, question_id, score, comment) VALUES (3293, 317, 14, 4, NULL);
INSERT INTO evaluation_details (id, evaluation_id, question_id, score, comment) VALUES (3294, 317, 15, 4, NULL);
INSERT INTO evaluation_details (id, evaluation_id, question_id, score, comment) VALUES (3295, 317, 16, 4, NULL);
INSERT INTO evaluation_details (id, evaluation_id, question_id, score, comment) VALUES (3296, 317, 17, 3, NULL);
INSERT INTO evaluation_details (id, evaluation_id, question_id, score, comment) VALUES (3297, 317, 18, 4, NULL);
INSERT INTO evaluation_details (id, evaluation_id, question_id, score, comment) VALUES (3298, 317, 19, 4, NULL);
INSERT INTO evaluation_details (id, evaluation_id, question_id, score, comment) VALUES (3299, 317, 20, NULL, 'Falta un poco de orden en las clases.');
INSERT INTO evaluations (id, evaluatee_id, form_id, period_id, is_anonymous, status, submitted_at, created_at) VALUES (318, 7, 2, 3, TRUE, 'submitted', '2026-07-21 12:00:00', '2026-07-21 12:05:00');
INSERT INTO evaluation_submissions (id, evaluator_id, evaluatee_id, period_id, evaluation_id, created_at) VALUES (318, 45, 7, 3, 318, '2026-07-21 12:00:00');
INSERT INTO evaluation_details (id, evaluation_id, question_id, score, comment) VALUES (3300, 318, 12, 3, NULL);
INSERT INTO evaluation_details (id, evaluation_id, question_id, score, comment) VALUES (3301, 318, 13, 2, NULL);
INSERT INTO evaluation_details (id, evaluation_id, question_id, score, comment) VALUES (3302, 318, 14, 3, NULL);
INSERT INTO evaluation_details (id, evaluation_id, question_id, score, comment) VALUES (3303, 318, 15, 3, NULL);
INSERT INTO evaluation_details (id, evaluation_id, question_id, score, comment) VALUES (3304, 318, 16, 4, NULL);
INSERT INTO evaluation_details (id, evaluation_id, question_id, score, comment) VALUES (3305, 318, 17, 3, NULL);
INSERT INTO evaluation_details (id, evaluation_id, question_id, score, comment) VALUES (3306, 318, 18, 4, NULL);
INSERT INTO evaluation_details (id, evaluation_id, question_id, score, comment) VALUES (3307, 318, 19, 3, NULL);
INSERT INTO evaluation_details (id, evaluation_id, question_id, score, comment) VALUES (3308, 318, 20, NULL, 'Excelente, me ayuda mucho con mis dudas globales.');
INSERT INTO evaluations (id, evaluatee_id, form_id, period_id, is_anonymous, status, submitted_at, created_at) VALUES (319, 7, 2, 3, FALSE, 'submitted', '2026-07-21 12:00:00', '2026-07-21 12:05:00');
INSERT INTO evaluation_submissions (id, evaluator_id, evaluatee_id, period_id, evaluation_id, created_at) VALUES (319, 33, 7, 3, 319, '2026-07-21 12:00:00');
INSERT INTO evaluation_details (id, evaluation_id, question_id, score, comment) VALUES (3309, 319, 12, 4, NULL);
INSERT INTO evaluation_details (id, evaluation_id, question_id, score, comment) VALUES (3310, 319, 13, 4, NULL);
INSERT INTO evaluation_details (id, evaluation_id, question_id, score, comment) VALUES (3311, 319, 14, 4, NULL);
INSERT INTO evaluation_details (id, evaluation_id, question_id, score, comment) VALUES (3312, 319, 15, 4, NULL);
INSERT INTO evaluation_details (id, evaluation_id, question_id, score, comment) VALUES (3313, 319, 16, 4, NULL);
INSERT INTO evaluation_details (id, evaluation_id, question_id, score, comment) VALUES (3314, 319, 17, 4, NULL);
INSERT INTO evaluation_details (id, evaluation_id, question_id, score, comment) VALUES (3315, 319, 18, 4, NULL);
INSERT INTO evaluation_details (id, evaluation_id, question_id, score, comment) VALUES (3316, 319, 19, 4, NULL);
INSERT INTO evaluation_details (id, evaluation_id, question_id, score, comment) VALUES (3317, 319, 20, NULL, 'Falta un poco de orden en las clases.');
INSERT INTO evaluations (id, evaluatee_id, form_id, period_id, is_anonymous, status, submitted_at, created_at) VALUES (320, 7, 2, 3, TRUE, 'submitted', '2026-07-21 12:00:00', '2026-07-21 12:05:00');
INSERT INTO evaluation_submissions (id, evaluator_id, evaluatee_id, period_id, evaluation_id, created_at) VALUES (320, 42, 7, 3, 320, '2026-07-21 12:00:00');
INSERT INTO evaluation_details (id, evaluation_id, question_id, score, comment) VALUES (3318, 320, 12, 3, NULL);
INSERT INTO evaluation_details (id, evaluation_id, question_id, score, comment) VALUES (3319, 320, 13, 4, NULL);
INSERT INTO evaluation_details (id, evaluation_id, question_id, score, comment) VALUES (3320, 320, 14, 3, NULL);
INSERT INTO evaluation_details (id, evaluation_id, question_id, score, comment) VALUES (3321, 320, 15, 4, NULL);
INSERT INTO evaluation_details (id, evaluation_id, question_id, score, comment) VALUES (3322, 320, 16, 4, NULL);
INSERT INTO evaluation_details (id, evaluation_id, question_id, score, comment) VALUES (3323, 320, 17, 3, NULL);
INSERT INTO evaluation_details (id, evaluation_id, question_id, score, comment) VALUES (3324, 320, 18, 2, NULL);
INSERT INTO evaluation_details (id, evaluation_id, question_id, score, comment) VALUES (3325, 320, 19, 4, NULL);
INSERT INTO evaluation_details (id, evaluation_id, question_id, score, comment) VALUES (3326, 320, 20, NULL, 'Hace un buen trabajo, pero a veces explica muy rápido.');
INSERT INTO evaluations (id, evaluatee_id, form_id, period_id, is_anonymous, status, submitted_at, created_at) VALUES (321, 7, 2, 3, FALSE, 'submitted', '2026-07-21 12:00:00', '2026-07-21 12:05:00');
INSERT INTO evaluation_submissions (id, evaluator_id, evaluatee_id, period_id, evaluation_id, created_at) VALUES (321, 20, 7, 3, 321, '2026-07-21 12:00:00');
INSERT INTO evaluation_details (id, evaluation_id, question_id, score, comment) VALUES (3327, 321, 12, 3, NULL);
INSERT INTO evaluation_details (id, evaluation_id, question_id, score, comment) VALUES (3328, 321, 13, 3, NULL);
INSERT INTO evaluation_details (id, evaluation_id, question_id, score, comment) VALUES (3329, 321, 14, 3, NULL);
INSERT INTO evaluation_details (id, evaluation_id, question_id, score, comment) VALUES (3330, 321, 15, 4, NULL);
INSERT INTO evaluation_details (id, evaluation_id, question_id, score, comment) VALUES (3331, 321, 16, 4, NULL);
INSERT INTO evaluation_details (id, evaluation_id, question_id, score, comment) VALUES (3332, 321, 17, 3, NULL);
INSERT INTO evaluation_details (id, evaluation_id, question_id, score, comment) VALUES (3333, 321, 18, 4, NULL);
INSERT INTO evaluation_details (id, evaluation_id, question_id, score, comment) VALUES (3334, 321, 19, 3, NULL);
INSERT INTO evaluation_details (id, evaluation_id, question_id, score, comment) VALUES (3335, 321, 20, NULL, 'Siempre está disponible, muy buen profe.');
INSERT INTO evaluations (id, evaluatee_id, form_id, period_id, is_anonymous, status, submitted_at, created_at) VALUES (322, 7, 2, 3, FALSE, 'submitted', '2026-07-21 12:00:00', '2026-07-21 12:05:00');
INSERT INTO evaluation_submissions (id, evaluator_id, evaluatee_id, period_id, evaluation_id, created_at) VALUES (322, 27, 7, 3, 322, '2026-07-21 12:00:00');
INSERT INTO evaluation_details (id, evaluation_id, question_id, score, comment) VALUES (3336, 322, 12, 3, NULL);
INSERT INTO evaluation_details (id, evaluation_id, question_id, score, comment) VALUES (3337, 322, 13, 4, NULL);
INSERT INTO evaluation_details (id, evaluation_id, question_id, score, comment) VALUES (3338, 322, 14, 3, NULL);
INSERT INTO evaluation_details (id, evaluation_id, question_id, score, comment) VALUES (3339, 322, 15, 4, NULL);
INSERT INTO evaluation_details (id, evaluation_id, question_id, score, comment) VALUES (3340, 322, 16, 4, NULL);
INSERT INTO evaluation_details (id, evaluation_id, question_id, score, comment) VALUES (3341, 322, 17, 5, NULL);
INSERT INTO evaluation_details (id, evaluation_id, question_id, score, comment) VALUES (3342, 322, 18, 5, NULL);
INSERT INTO evaluation_details (id, evaluation_id, question_id, score, comment) VALUES (3343, 322, 19, 4, NULL);
INSERT INTO evaluation_details (id, evaluation_id, question_id, score, comment) VALUES (3344, 322, 20, NULL, 'Falta un poco de orden en las clases.');
INSERT INTO evaluations (id, evaluatee_id, form_id, period_id, is_anonymous, status, submitted_at, created_at) VALUES (323, 7, 2, 3, TRUE, 'submitted', '2026-07-21 12:00:00', '2026-07-21 12:05:00');
INSERT INTO evaluation_submissions (id, evaluator_id, evaluatee_id, period_id, evaluation_id, created_at) VALUES (323, 26, 7, 3, 323, '2026-07-21 12:00:00');
INSERT INTO evaluation_details (id, evaluation_id, question_id, score, comment) VALUES (3345, 323, 12, 3, NULL);
INSERT INTO evaluation_details (id, evaluation_id, question_id, score, comment) VALUES (3346, 323, 13, 4, NULL);
INSERT INTO evaluation_details (id, evaluation_id, question_id, score, comment) VALUES (3347, 323, 14, 4, NULL);
INSERT INTO evaluation_details (id, evaluation_id, question_id, score, comment) VALUES (3348, 323, 15, 3, NULL);
INSERT INTO evaluation_details (id, evaluation_id, question_id, score, comment) VALUES (3349, 323, 16, 4, NULL);
INSERT INTO evaluation_details (id, evaluation_id, question_id, score, comment) VALUES (3350, 323, 17, 3, NULL);
INSERT INTO evaluation_details (id, evaluation_id, question_id, score, comment) VALUES (3351, 323, 18, 4, NULL);
INSERT INTO evaluation_details (id, evaluation_id, question_id, score, comment) VALUES (3352, 323, 19, 2, NULL);
INSERT INTO evaluation_details (id, evaluation_id, question_id, score, comment) VALUES (3353, 323, 20, NULL, 'Las sesiones de este periodo fueron muy claras.');
INSERT INTO evaluations (id, evaluatee_id, form_id, period_id, is_anonymous, status, submitted_at, created_at) VALUES (324, 7, 2, 4, FALSE, 'submitted', '2026-07-21 12:00:00', '2026-07-21 12:05:00');
INSERT INTO evaluation_submissions (id, evaluator_id, evaluatee_id, period_id, evaluation_id, created_at) VALUES (324, 21, 7, 4, 324, '2026-07-21 12:00:00');
INSERT INTO evaluation_details (id, evaluation_id, question_id, score, comment) VALUES (3354, 324, 12, 5, NULL);
INSERT INTO evaluation_details (id, evaluation_id, question_id, score, comment) VALUES (3355, 324, 13, 4, NULL);
INSERT INTO evaluation_details (id, evaluation_id, question_id, score, comment) VALUES (3356, 324, 14, 4, NULL);
INSERT INTO evaluation_details (id, evaluation_id, question_id, score, comment) VALUES (3357, 324, 15, 5, NULL);
INSERT INTO evaluation_details (id, evaluation_id, question_id, score, comment) VALUES (3358, 324, 16, 5, NULL);
INSERT INTO evaluation_details (id, evaluation_id, question_id, score, comment) VALUES (3359, 324, 17, 4, NULL);
INSERT INTO evaluation_details (id, evaluation_id, question_id, score, comment) VALUES (3360, 324, 18, 3, NULL);
INSERT INTO evaluation_details (id, evaluation_id, question_id, score, comment) VALUES (3361, 324, 19, 3, NULL);
INSERT INTO evaluation_details (id, evaluation_id, question_id, score, comment) VALUES (3362, 324, 20, NULL, 'Falta un poco de orden en las clases.');
INSERT INTO evaluations (id, evaluatee_id, form_id, period_id, is_anonymous, status, submitted_at, created_at) VALUES (325, 7, 2, 4, TRUE, 'submitted', '2026-07-21 12:00:00', '2026-07-21 12:05:00');
INSERT INTO evaluation_submissions (id, evaluator_id, evaluatee_id, period_id, evaluation_id, created_at) VALUES (325, 36, 7, 4, 325, '2026-07-21 12:00:00');
INSERT INTO evaluation_details (id, evaluation_id, question_id, score, comment) VALUES (3363, 325, 12, 3, NULL);
INSERT INTO evaluation_details (id, evaluation_id, question_id, score, comment) VALUES (3364, 325, 13, 3, NULL);
INSERT INTO evaluation_details (id, evaluation_id, question_id, score, comment) VALUES (3365, 325, 14, 3, NULL);
INSERT INTO evaluation_details (id, evaluation_id, question_id, score, comment) VALUES (3366, 325, 15, 3, NULL);
INSERT INTO evaluation_details (id, evaluation_id, question_id, score, comment) VALUES (3367, 325, 16, 3, NULL);
INSERT INTO evaluation_details (id, evaluation_id, question_id, score, comment) VALUES (3368, 325, 17, 3, NULL);
INSERT INTO evaluation_details (id, evaluation_id, question_id, score, comment) VALUES (3369, 325, 18, 3, NULL);
INSERT INTO evaluation_details (id, evaluation_id, question_id, score, comment) VALUES (3370, 325, 19, 4, NULL);
INSERT INTO evaluation_details (id, evaluation_id, question_id, score, comment) VALUES (3371, 325, 20, NULL, 'Excelente, me ayuda mucho con mis dudas globales.');
INSERT INTO evaluations (id, evaluatee_id, form_id, period_id, is_anonymous, status, submitted_at, created_at) VALUES (326, 7, 2, 4, FALSE, 'submitted', '2026-07-21 12:00:00', '2026-07-21 12:05:00');
INSERT INTO evaluation_submissions (id, evaluator_id, evaluatee_id, period_id, evaluation_id, created_at) VALUES (326, 24, 7, 4, 326, '2026-07-21 12:00:00');
INSERT INTO evaluation_details (id, evaluation_id, question_id, score, comment) VALUES (3372, 326, 12, 4, NULL);
INSERT INTO evaluation_details (id, evaluation_id, question_id, score, comment) VALUES (3373, 326, 13, 4, NULL);
INSERT INTO evaluation_details (id, evaluation_id, question_id, score, comment) VALUES (3374, 326, 14, 4, NULL);
INSERT INTO evaluation_details (id, evaluation_id, question_id, score, comment) VALUES (3375, 326, 15, 5, NULL);
INSERT INTO evaluation_details (id, evaluation_id, question_id, score, comment) VALUES (3376, 326, 16, 4, NULL);
INSERT INTO evaluation_details (id, evaluation_id, question_id, score, comment) VALUES (3377, 326, 17, 4, NULL);
INSERT INTO evaluation_details (id, evaluation_id, question_id, score, comment) VALUES (3378, 326, 18, 4, NULL);
INSERT INTO evaluation_details (id, evaluation_id, question_id, score, comment) VALUES (3379, 326, 19, 5, NULL);
INSERT INTO evaluation_details (id, evaluation_id, question_id, score, comment) VALUES (3380, 326, 20, NULL, 'Siempre está disponible, muy buen profe.');
INSERT INTO evaluations (id, evaluatee_id, form_id, period_id, is_anonymous, status, submitted_at, created_at) VALUES (327, 7, 2, 4, FALSE, 'submitted', '2026-07-21 12:00:00', '2026-07-21 12:05:00');
INSERT INTO evaluation_submissions (id, evaluator_id, evaluatee_id, period_id, evaluation_id, created_at) VALUES (327, 41, 7, 4, 327, '2026-07-21 12:00:00');
INSERT INTO evaluation_details (id, evaluation_id, question_id, score, comment) VALUES (3381, 327, 12, 4, NULL);
INSERT INTO evaluation_details (id, evaluation_id, question_id, score, comment) VALUES (3382, 327, 13, 3, NULL);
INSERT INTO evaluation_details (id, evaluation_id, question_id, score, comment) VALUES (3383, 327, 14, 4, NULL);
INSERT INTO evaluation_details (id, evaluation_id, question_id, score, comment) VALUES (3384, 327, 15, 4, NULL);
INSERT INTO evaluation_details (id, evaluation_id, question_id, score, comment) VALUES (3385, 327, 16, 3, NULL);
INSERT INTO evaluation_details (id, evaluation_id, question_id, score, comment) VALUES (3386, 327, 17, 5, NULL);
INSERT INTO evaluation_details (id, evaluation_id, question_id, score, comment) VALUES (3387, 327, 18, 4, NULL);
INSERT INTO evaluation_details (id, evaluation_id, question_id, score, comment) VALUES (3388, 327, 19, 3, NULL);
INSERT INTO evaluation_details (id, evaluation_id, question_id, score, comment) VALUES (3389, 327, 20, NULL, 'Hace un buen trabajo, pero a veces explica muy rápido.');
INSERT INTO evaluations (id, evaluatee_id, form_id, period_id, is_anonymous, status, submitted_at, created_at) VALUES (328, 7, 2, 4, FALSE, 'submitted', '2026-07-21 12:00:00', '2026-07-21 12:05:00');
INSERT INTO evaluation_submissions (id, evaluator_id, evaluatee_id, period_id, evaluation_id, created_at) VALUES (328, 12, 7, 4, 328, '2026-07-21 12:00:00');
INSERT INTO evaluation_details (id, evaluation_id, question_id, score, comment) VALUES (3390, 328, 12, 4, NULL);
INSERT INTO evaluation_details (id, evaluation_id, question_id, score, comment) VALUES (3391, 328, 13, 4, NULL);
INSERT INTO evaluation_details (id, evaluation_id, question_id, score, comment) VALUES (3392, 328, 14, 4, NULL);
INSERT INTO evaluation_details (id, evaluation_id, question_id, score, comment) VALUES (3393, 328, 15, 4, NULL);
INSERT INTO evaluation_details (id, evaluation_id, question_id, score, comment) VALUES (3394, 328, 16, 3, NULL);
INSERT INTO evaluation_details (id, evaluation_id, question_id, score, comment) VALUES (3395, 328, 17, 4, NULL);
INSERT INTO evaluation_details (id, evaluation_id, question_id, score, comment) VALUES (3396, 328, 18, 4, NULL);
INSERT INTO evaluation_details (id, evaluation_id, question_id, score, comment) VALUES (3397, 328, 19, 3, NULL);
INSERT INTO evaluation_details (id, evaluation_id, question_id, score, comment) VALUES (3398, 328, 20, NULL, 'Las sesiones de este periodo fueron muy claras.');
INSERT INTO evaluations (id, evaluatee_id, form_id, period_id, is_anonymous, status, submitted_at, created_at) VALUES (329, 7, 2, 4, FALSE, 'submitted', '2026-07-21 12:00:00', '2026-07-21 12:05:00');
INSERT INTO evaluation_submissions (id, evaluator_id, evaluatee_id, period_id, evaluation_id, created_at) VALUES (329, 20, 7, 4, 329, '2026-07-21 12:00:00');
INSERT INTO evaluation_details (id, evaluation_id, question_id, score, comment) VALUES (3399, 329, 12, 5, NULL);
INSERT INTO evaluation_details (id, evaluation_id, question_id, score, comment) VALUES (3400, 329, 13, 4, NULL);
INSERT INTO evaluation_details (id, evaluation_id, question_id, score, comment) VALUES (3401, 329, 14, 5, NULL);
INSERT INTO evaluation_details (id, evaluation_id, question_id, score, comment) VALUES (3402, 329, 15, 4, NULL);
INSERT INTO evaluation_details (id, evaluation_id, question_id, score, comment) VALUES (3403, 329, 16, 4, NULL);
INSERT INTO evaluation_details (id, evaluation_id, question_id, score, comment) VALUES (3404, 329, 17, 4, NULL);
INSERT INTO evaluation_details (id, evaluation_id, question_id, score, comment) VALUES (3405, 329, 18, 4, NULL);
INSERT INTO evaluation_details (id, evaluation_id, question_id, score, comment) VALUES (3406, 329, 19, 4, NULL);
INSERT INTO evaluation_details (id, evaluation_id, question_id, score, comment) VALUES (3407, 329, 20, NULL, 'Excelente, me ayuda mucho con mis dudas globales.');
INSERT INTO evaluations (id, evaluatee_id, form_id, period_id, is_anonymous, status, submitted_at, created_at) VALUES (330, 7, 2, 4, FALSE, 'submitted', '2026-07-21 12:00:00', '2026-07-21 12:05:00');
INSERT INTO evaluation_submissions (id, evaluator_id, evaluatee_id, period_id, evaluation_id, created_at) VALUES (330, 16, 7, 4, 330, '2026-07-21 12:00:00');
INSERT INTO evaluation_details (id, evaluation_id, question_id, score, comment) VALUES (3408, 330, 12, 3, NULL);
INSERT INTO evaluation_details (id, evaluation_id, question_id, score, comment) VALUES (3409, 330, 13, 3, NULL);
INSERT INTO evaluation_details (id, evaluation_id, question_id, score, comment) VALUES (3410, 330, 14, 3, NULL);
INSERT INTO evaluation_details (id, evaluation_id, question_id, score, comment) VALUES (3411, 330, 15, 3, NULL);
INSERT INTO evaluation_details (id, evaluation_id, question_id, score, comment) VALUES (3412, 330, 16, 3, NULL);
INSERT INTO evaluation_details (id, evaluation_id, question_id, score, comment) VALUES (3413, 330, 17, 3, NULL);
INSERT INTO evaluation_details (id, evaluation_id, question_id, score, comment) VALUES (3414, 330, 18, 3, NULL);
INSERT INTO evaluation_details (id, evaluation_id, question_id, score, comment) VALUES (3415, 330, 19, 2, NULL);
INSERT INTO evaluation_details (id, evaluation_id, question_id, score, comment) VALUES (3416, 330, 20, NULL, 'Las sesiones de este periodo fueron muy claras.');
INSERT INTO evaluations (id, evaluatee_id, form_id, period_id, is_anonymous, status, submitted_at, created_at) VALUES (331, 7, 2, 4, FALSE, 'submitted', '2026-07-21 12:00:00', '2026-07-21 12:05:00');
INSERT INTO evaluation_submissions (id, evaluator_id, evaluatee_id, period_id, evaluation_id, created_at) VALUES (331, 31, 7, 4, 331, '2026-07-21 12:00:00');
INSERT INTO evaluation_details (id, evaluation_id, question_id, score, comment) VALUES (3417, 331, 12, 3, NULL);
INSERT INTO evaluation_details (id, evaluation_id, question_id, score, comment) VALUES (3418, 331, 13, 4, NULL);
INSERT INTO evaluation_details (id, evaluation_id, question_id, score, comment) VALUES (3419, 331, 14, 3, NULL);
INSERT INTO evaluation_details (id, evaluation_id, question_id, score, comment) VALUES (3420, 331, 15, 3, NULL);
INSERT INTO evaluation_details (id, evaluation_id, question_id, score, comment) VALUES (3421, 331, 16, 3, NULL);
INSERT INTO evaluation_details (id, evaluation_id, question_id, score, comment) VALUES (3422, 331, 17, 4, NULL);
INSERT INTO evaluation_details (id, evaluation_id, question_id, score, comment) VALUES (3423, 331, 18, 3, NULL);
INSERT INTO evaluation_details (id, evaluation_id, question_id, score, comment) VALUES (3424, 331, 19, 4, NULL);
INSERT INTO evaluation_details (id, evaluation_id, question_id, score, comment) VALUES (3425, 331, 20, NULL, 'Falta un poco de orden en las clases.');
INSERT INTO evaluations (id, evaluatee_id, form_id, period_id, is_anonymous, status, submitted_at, created_at) VALUES (332, 7, 2, 4, TRUE, 'submitted', '2026-07-21 12:00:00', '2026-07-21 12:05:00');
INSERT INTO evaluation_submissions (id, evaluator_id, evaluatee_id, period_id, evaluation_id, created_at) VALUES (332, 45, 7, 4, 332, '2026-07-21 12:00:00');
INSERT INTO evaluation_details (id, evaluation_id, question_id, score, comment) VALUES (3426, 332, 12, 3, NULL);
INSERT INTO evaluation_details (id, evaluation_id, question_id, score, comment) VALUES (3427, 332, 13, 2, NULL);
INSERT INTO evaluation_details (id, evaluation_id, question_id, score, comment) VALUES (3428, 332, 14, 4, NULL);
INSERT INTO evaluation_details (id, evaluation_id, question_id, score, comment) VALUES (3429, 332, 15, 2, NULL);
INSERT INTO evaluation_details (id, evaluation_id, question_id, score, comment) VALUES (3430, 332, 16, 3, NULL);
INSERT INTO evaluation_details (id, evaluation_id, question_id, score, comment) VALUES (3431, 332, 17, 4, NULL);
INSERT INTO evaluation_details (id, evaluation_id, question_id, score, comment) VALUES (3432, 332, 18, 3, NULL);
INSERT INTO evaluation_details (id, evaluation_id, question_id, score, comment) VALUES (3433, 332, 19, 3, NULL);
INSERT INTO evaluation_details (id, evaluation_id, question_id, score, comment) VALUES (3434, 332, 20, NULL, 'Siempre está disponible, muy buen profe.');
INSERT INTO evaluations (id, evaluatee_id, form_id, period_id, is_anonymous, status, submitted_at, created_at) VALUES (333, 7, 2, 4, FALSE, 'submitted', '2026-07-21 12:00:00', '2026-07-21 12:05:00');
INSERT INTO evaluation_submissions (id, evaluator_id, evaluatee_id, period_id, evaluation_id, created_at) VALUES (333, 40, 7, 4, 333, '2026-07-21 12:00:00');
INSERT INTO evaluation_details (id, evaluation_id, question_id, score, comment) VALUES (3435, 333, 12, 4, NULL);
INSERT INTO evaluation_details (id, evaluation_id, question_id, score, comment) VALUES (3436, 333, 13, 3, NULL);
INSERT INTO evaluation_details (id, evaluation_id, question_id, score, comment) VALUES (3437, 333, 14, 3, NULL);
INSERT INTO evaluation_details (id, evaluation_id, question_id, score, comment) VALUES (3438, 333, 15, 3, NULL);
INSERT INTO evaluation_details (id, evaluation_id, question_id, score, comment) VALUES (3439, 333, 16, 3, NULL);
INSERT INTO evaluation_details (id, evaluation_id, question_id, score, comment) VALUES (3440, 333, 17, 4, NULL);
INSERT INTO evaluation_details (id, evaluation_id, question_id, score, comment) VALUES (3441, 333, 18, 4, NULL);
INSERT INTO evaluation_details (id, evaluation_id, question_id, score, comment) VALUES (3442, 333, 19, 4, NULL);
INSERT INTO evaluation_details (id, evaluation_id, question_id, score, comment) VALUES (3443, 333, 20, NULL, 'Siempre está disponible, muy buen profe.');
INSERT INTO evaluations (id, evaluatee_id, form_id, period_id, is_anonymous, status, submitted_at, created_at) VALUES (334, 49, 2, 1, FALSE, 'submitted', '2026-07-21 12:00:00', '2026-07-21 12:05:00');
INSERT INTO evaluation_submissions (id, evaluator_id, evaluatee_id, period_id, evaluation_id, created_at) VALUES (334, 28, 49, 1, 334, '2026-07-21 12:00:00');
INSERT INTO evaluation_details (id, evaluation_id, question_id, score, comment) VALUES (3444, 334, 12, 4, NULL);
INSERT INTO evaluation_details (id, evaluation_id, question_id, score, comment) VALUES (3445, 334, 13, 5, NULL);
INSERT INTO evaluation_details (id, evaluation_id, question_id, score, comment) VALUES (3446, 334, 14, 4, NULL);
INSERT INTO evaluation_details (id, evaluation_id, question_id, score, comment) VALUES (3447, 334, 15, 4, NULL);
INSERT INTO evaluation_details (id, evaluation_id, question_id, score, comment) VALUES (3448, 334, 16, 4, NULL);
INSERT INTO evaluation_details (id, evaluation_id, question_id, score, comment) VALUES (3449, 334, 17, 4, NULL);
INSERT INTO evaluation_details (id, evaluation_id, question_id, score, comment) VALUES (3450, 334, 18, 3, NULL);
INSERT INTO evaluation_details (id, evaluation_id, question_id, score, comment) VALUES (3451, 334, 19, 4, NULL);
INSERT INTO evaluation_details (id, evaluation_id, question_id, score, comment) VALUES (3452, 334, 20, NULL, 'Las sesiones de este periodo fueron muy claras.');
INSERT INTO evaluations (id, evaluatee_id, form_id, period_id, is_anonymous, status, submitted_at, created_at) VALUES (335, 49, 2, 1, FALSE, 'submitted', '2026-07-21 12:00:00', '2026-07-21 12:05:00');
INSERT INTO evaluation_submissions (id, evaluator_id, evaluatee_id, period_id, evaluation_id, created_at) VALUES (335, 33, 49, 1, 335, '2026-07-21 12:00:00');
INSERT INTO evaluation_details (id, evaluation_id, question_id, score, comment) VALUES (3453, 335, 12, 4, NULL);
INSERT INTO evaluation_details (id, evaluation_id, question_id, score, comment) VALUES (3454, 335, 13, 4, NULL);
INSERT INTO evaluation_details (id, evaluation_id, question_id, score, comment) VALUES (3455, 335, 14, 4, NULL);
INSERT INTO evaluation_details (id, evaluation_id, question_id, score, comment) VALUES (3456, 335, 15, 5, NULL);
INSERT INTO evaluation_details (id, evaluation_id, question_id, score, comment) VALUES (3457, 335, 16, 3, NULL);
INSERT INTO evaluation_details (id, evaluation_id, question_id, score, comment) VALUES (3458, 335, 17, 4, NULL);
INSERT INTO evaluation_details (id, evaluation_id, question_id, score, comment) VALUES (3459, 335, 18, 3, NULL);
INSERT INTO evaluation_details (id, evaluation_id, question_id, score, comment) VALUES (3460, 335, 19, 3, NULL);
INSERT INTO evaluation_details (id, evaluation_id, question_id, score, comment) VALUES (3461, 335, 20, NULL, 'Hace un buen trabajo, pero a veces explica muy rápido.');
INSERT INTO evaluations (id, evaluatee_id, form_id, period_id, is_anonymous, status, submitted_at, created_at) VALUES (336, 49, 2, 1, FALSE, 'submitted', '2026-07-21 12:00:00', '2026-07-21 12:05:00');
INSERT INTO evaluation_submissions (id, evaluator_id, evaluatee_id, period_id, evaluation_id, created_at) VALUES (336, 35, 49, 1, 336, '2026-07-21 12:00:00');
INSERT INTO evaluation_details (id, evaluation_id, question_id, score, comment) VALUES (3462, 336, 12, 3, NULL);
INSERT INTO evaluation_details (id, evaluation_id, question_id, score, comment) VALUES (3463, 336, 13, 3, NULL);
INSERT INTO evaluation_details (id, evaluation_id, question_id, score, comment) VALUES (3464, 336, 14, 3, NULL);
INSERT INTO evaluation_details (id, evaluation_id, question_id, score, comment) VALUES (3465, 336, 15, 4, NULL);
INSERT INTO evaluation_details (id, evaluation_id, question_id, score, comment) VALUES (3466, 336, 16, 3, NULL);
INSERT INTO evaluation_details (id, evaluation_id, question_id, score, comment) VALUES (3467, 336, 17, 4, NULL);
INSERT INTO evaluation_details (id, evaluation_id, question_id, score, comment) VALUES (3468, 336, 18, 3, NULL);
INSERT INTO evaluation_details (id, evaluation_id, question_id, score, comment) VALUES (3469, 336, 19, 3, NULL);
INSERT INTO evaluation_details (id, evaluation_id, question_id, score, comment) VALUES (3470, 336, 20, NULL, 'Hace un buen trabajo, pero a veces explica muy rápido.');
INSERT INTO evaluations (id, evaluatee_id, form_id, period_id, is_anonymous, status, submitted_at, created_at) VALUES (337, 49, 2, 1, TRUE, 'submitted', '2026-07-21 12:00:00', '2026-07-21 12:05:00');
INSERT INTO evaluation_submissions (id, evaluator_id, evaluatee_id, period_id, evaluation_id, created_at) VALUES (337, 21, 49, 1, 337, '2026-07-21 12:00:00');
INSERT INTO evaluation_details (id, evaluation_id, question_id, score, comment) VALUES (3471, 337, 12, 4, NULL);
INSERT INTO evaluation_details (id, evaluation_id, question_id, score, comment) VALUES (3472, 337, 13, 4, NULL);
INSERT INTO evaluation_details (id, evaluation_id, question_id, score, comment) VALUES (3473, 337, 14, 4, NULL);
INSERT INTO evaluation_details (id, evaluation_id, question_id, score, comment) VALUES (3474, 337, 15, 4, NULL);
INSERT INTO evaluation_details (id, evaluation_id, question_id, score, comment) VALUES (3475, 337, 16, 4, NULL);
INSERT INTO evaluation_details (id, evaluation_id, question_id, score, comment) VALUES (3476, 337, 17, 4, NULL);
INSERT INTO evaluation_details (id, evaluation_id, question_id, score, comment) VALUES (3477, 337, 18, 4, NULL);
INSERT INTO evaluation_details (id, evaluation_id, question_id, score, comment) VALUES (3478, 337, 19, 4, NULL);
INSERT INTO evaluation_details (id, evaluation_id, question_id, score, comment) VALUES (3479, 337, 20, NULL, 'Siempre está disponible, muy buen profe.');
INSERT INTO evaluations (id, evaluatee_id, form_id, period_id, is_anonymous, status, submitted_at, created_at) VALUES (338, 49, 2, 1, FALSE, 'submitted', '2026-07-21 12:00:00', '2026-07-21 12:05:00');
INSERT INTO evaluation_submissions (id, evaluator_id, evaluatee_id, period_id, evaluation_id, created_at) VALUES (338, 13, 49, 1, 338, '2026-07-21 12:00:00');
INSERT INTO evaluation_details (id, evaluation_id, question_id, score, comment) VALUES (3480, 338, 12, 4, NULL);
INSERT INTO evaluation_details (id, evaluation_id, question_id, score, comment) VALUES (3481, 338, 13, 4, NULL);
INSERT INTO evaluation_details (id, evaluation_id, question_id, score, comment) VALUES (3482, 338, 14, 4, NULL);
INSERT INTO evaluation_details (id, evaluation_id, question_id, score, comment) VALUES (3483, 338, 15, 4, NULL);
INSERT INTO evaluation_details (id, evaluation_id, question_id, score, comment) VALUES (3484, 338, 16, 5, NULL);
INSERT INTO evaluation_details (id, evaluation_id, question_id, score, comment) VALUES (3485, 338, 17, 4, NULL);
INSERT INTO evaluation_details (id, evaluation_id, question_id, score, comment) VALUES (3486, 338, 18, 3, NULL);
INSERT INTO evaluation_details (id, evaluation_id, question_id, score, comment) VALUES (3487, 338, 19, 4, NULL);
INSERT INTO evaluation_details (id, evaluation_id, question_id, score, comment) VALUES (3488, 338, 20, NULL, 'Hace un buen trabajo, pero a veces explica muy rápido.');
INSERT INTO evaluations (id, evaluatee_id, form_id, period_id, is_anonymous, status, submitted_at, created_at) VALUES (339, 49, 2, 1, FALSE, 'submitted', '2026-07-21 12:00:00', '2026-07-21 12:05:00');
INSERT INTO evaluation_submissions (id, evaluator_id, evaluatee_id, period_id, evaluation_id, created_at) VALUES (339, 24, 49, 1, 339, '2026-07-21 12:00:00');
INSERT INTO evaluation_details (id, evaluation_id, question_id, score, comment) VALUES (3489, 339, 12, 5, NULL);
INSERT INTO evaluation_details (id, evaluation_id, question_id, score, comment) VALUES (3490, 339, 13, 5, NULL);
INSERT INTO evaluation_details (id, evaluation_id, question_id, score, comment) VALUES (3491, 339, 14, 4, NULL);
INSERT INTO evaluation_details (id, evaluation_id, question_id, score, comment) VALUES (3492, 339, 15, 4, NULL);
INSERT INTO evaluation_details (id, evaluation_id, question_id, score, comment) VALUES (3493, 339, 16, 4, NULL);
INSERT INTO evaluation_details (id, evaluation_id, question_id, score, comment) VALUES (3494, 339, 17, 4, NULL);
INSERT INTO evaluation_details (id, evaluation_id, question_id, score, comment) VALUES (3495, 339, 18, 4, NULL);
INSERT INTO evaluation_details (id, evaluation_id, question_id, score, comment) VALUES (3496, 339, 19, 4, NULL);
INSERT INTO evaluation_details (id, evaluation_id, question_id, score, comment) VALUES (3497, 339, 20, NULL, 'Siempre está disponible, muy buen profe.');
INSERT INTO evaluations (id, evaluatee_id, form_id, period_id, is_anonymous, status, submitted_at, created_at) VALUES (340, 49, 2, 1, FALSE, 'submitted', '2026-07-21 12:00:00', '2026-07-21 12:05:00');
INSERT INTO evaluation_submissions (id, evaluator_id, evaluatee_id, period_id, evaluation_id, created_at) VALUES (340, 19, 49, 1, 340, '2026-07-21 12:00:00');
INSERT INTO evaluation_details (id, evaluation_id, question_id, score, comment) VALUES (3498, 340, 12, 4, NULL);
INSERT INTO evaluation_details (id, evaluation_id, question_id, score, comment) VALUES (3499, 340, 13, 2, NULL);
INSERT INTO evaluation_details (id, evaluation_id, question_id, score, comment) VALUES (3500, 340, 14, 4, NULL);
INSERT INTO evaluation_details (id, evaluation_id, question_id, score, comment) VALUES (3501, 340, 15, 3, NULL);
INSERT INTO evaluation_details (id, evaluation_id, question_id, score, comment) VALUES (3502, 340, 16, 4, NULL);
INSERT INTO evaluation_details (id, evaluation_id, question_id, score, comment) VALUES (3503, 340, 17, 3, NULL);
INSERT INTO evaluation_details (id, evaluation_id, question_id, score, comment) VALUES (3504, 340, 18, 2, NULL);
INSERT INTO evaluation_details (id, evaluation_id, question_id, score, comment) VALUES (3505, 340, 19, 3, NULL);
INSERT INTO evaluation_details (id, evaluation_id, question_id, score, comment) VALUES (3506, 340, 20, NULL, 'Falta un poco de orden en las clases.');
INSERT INTO evaluations (id, evaluatee_id, form_id, period_id, is_anonymous, status, submitted_at, created_at) VALUES (341, 49, 2, 1, TRUE, 'submitted', '2026-07-21 12:00:00', '2026-07-21 12:05:00');
INSERT INTO evaluation_submissions (id, evaluator_id, evaluatee_id, period_id, evaluation_id, created_at) VALUES (341, 22, 49, 1, 341, '2026-07-21 12:00:00');
INSERT INTO evaluation_details (id, evaluation_id, question_id, score, comment) VALUES (3507, 341, 12, 4, NULL);
INSERT INTO evaluation_details (id, evaluation_id, question_id, score, comment) VALUES (3508, 341, 13, 3, NULL);
INSERT INTO evaluation_details (id, evaluation_id, question_id, score, comment) VALUES (3509, 341, 14, 3, NULL);
INSERT INTO evaluation_details (id, evaluation_id, question_id, score, comment) VALUES (3510, 341, 15, 4, NULL);
INSERT INTO evaluation_details (id, evaluation_id, question_id, score, comment) VALUES (3511, 341, 16, 3, NULL);
INSERT INTO evaluation_details (id, evaluation_id, question_id, score, comment) VALUES (3512, 341, 17, 4, NULL);
INSERT INTO evaluation_details (id, evaluation_id, question_id, score, comment) VALUES (3513, 341, 18, 3, NULL);
INSERT INTO evaluation_details (id, evaluation_id, question_id, score, comment) VALUES (3514, 341, 19, 3, NULL);
INSERT INTO evaluation_details (id, evaluation_id, question_id, score, comment) VALUES (3515, 341, 20, NULL, 'Excelente, me ayuda mucho con mis dudas globales.');
INSERT INTO evaluations (id, evaluatee_id, form_id, period_id, is_anonymous, status, submitted_at, created_at) VALUES (342, 49, 2, 1, FALSE, 'submitted', '2026-07-21 12:00:00', '2026-07-21 12:05:00');
INSERT INTO evaluation_submissions (id, evaluator_id, evaluatee_id, period_id, evaluation_id, created_at) VALUES (342, 45, 49, 1, 342, '2026-07-21 12:00:00');
INSERT INTO evaluation_details (id, evaluation_id, question_id, score, comment) VALUES (3516, 342, 12, 4, NULL);
INSERT INTO evaluation_details (id, evaluation_id, question_id, score, comment) VALUES (3517, 342, 13, 4, NULL);
INSERT INTO evaluation_details (id, evaluation_id, question_id, score, comment) VALUES (3518, 342, 14, 4, NULL);
INSERT INTO evaluation_details (id, evaluation_id, question_id, score, comment) VALUES (3519, 342, 15, 3, NULL);
INSERT INTO evaluation_details (id, evaluation_id, question_id, score, comment) VALUES (3520, 342, 16, 5, NULL);
INSERT INTO evaluation_details (id, evaluation_id, question_id, score, comment) VALUES (3521, 342, 17, 5, NULL);
INSERT INTO evaluation_details (id, evaluation_id, question_id, score, comment) VALUES (3522, 342, 18, 5, NULL);
INSERT INTO evaluation_details (id, evaluation_id, question_id, score, comment) VALUES (3523, 342, 19, 4, NULL);
INSERT INTO evaluation_details (id, evaluation_id, question_id, score, comment) VALUES (3524, 342, 20, NULL, 'Falta un poco de orden en las clases.');
INSERT INTO evaluations (id, evaluatee_id, form_id, period_id, is_anonymous, status, submitted_at, created_at) VALUES (343, 49, 2, 1, TRUE, 'submitted', '2026-07-21 12:00:00', '2026-07-21 12:05:00');
INSERT INTO evaluation_submissions (id, evaluator_id, evaluatee_id, period_id, evaluation_id, created_at) VALUES (343, 37, 49, 1, 343, '2026-07-21 12:00:00');
INSERT INTO evaluation_details (id, evaluation_id, question_id, score, comment) VALUES (3525, 343, 12, 4, NULL);
INSERT INTO evaluation_details (id, evaluation_id, question_id, score, comment) VALUES (3526, 343, 13, 3, NULL);
INSERT INTO evaluation_details (id, evaluation_id, question_id, score, comment) VALUES (3527, 343, 14, 5, NULL);
INSERT INTO evaluation_details (id, evaluation_id, question_id, score, comment) VALUES (3528, 343, 15, 4, NULL);
INSERT INTO evaluation_details (id, evaluation_id, question_id, score, comment) VALUES (3529, 343, 16, 3, NULL);
INSERT INTO evaluation_details (id, evaluation_id, question_id, score, comment) VALUES (3530, 343, 17, 3, NULL);
INSERT INTO evaluation_details (id, evaluation_id, question_id, score, comment) VALUES (3531, 343, 18, 4, NULL);
INSERT INTO evaluation_details (id, evaluation_id, question_id, score, comment) VALUES (3532, 343, 19, 3, NULL);
INSERT INTO evaluation_details (id, evaluation_id, question_id, score, comment) VALUES (3533, 343, 20, NULL, 'Falta un poco de orden en las clases.');
INSERT INTO evaluations (id, evaluatee_id, form_id, period_id, is_anonymous, status, submitted_at, created_at) VALUES (344, 49, 2, 2, FALSE, 'submitted', '2026-07-21 12:00:00', '2026-07-21 12:05:00');
INSERT INTO evaluation_submissions (id, evaluator_id, evaluatee_id, period_id, evaluation_id, created_at) VALUES (344, 33, 49, 2, 344, '2026-07-21 12:00:00');
INSERT INTO evaluation_details (id, evaluation_id, question_id, score, comment) VALUES (3534, 344, 12, 3, NULL);
INSERT INTO evaluation_details (id, evaluation_id, question_id, score, comment) VALUES (3535, 344, 13, 4, NULL);
INSERT INTO evaluation_details (id, evaluation_id, question_id, score, comment) VALUES (3536, 344, 14, 3, NULL);
INSERT INTO evaluation_details (id, evaluation_id, question_id, score, comment) VALUES (3537, 344, 15, 3, NULL);
INSERT INTO evaluation_details (id, evaluation_id, question_id, score, comment) VALUES (3538, 344, 16, 4, NULL);
INSERT INTO evaluation_details (id, evaluation_id, question_id, score, comment) VALUES (3539, 344, 17, 3, NULL);
INSERT INTO evaluation_details (id, evaluation_id, question_id, score, comment) VALUES (3540, 344, 18, 3, NULL);
INSERT INTO evaluation_details (id, evaluation_id, question_id, score, comment) VALUES (3541, 344, 19, 4, NULL);
INSERT INTO evaluation_details (id, evaluation_id, question_id, score, comment) VALUES (3542, 344, 20, NULL, 'Falta un poco de orden en las clases.');
INSERT INTO evaluations (id, evaluatee_id, form_id, period_id, is_anonymous, status, submitted_at, created_at) VALUES (345, 49, 2, 2, TRUE, 'submitted', '2026-07-21 12:00:00', '2026-07-21 12:05:00');
INSERT INTO evaluation_submissions (id, evaluator_id, evaluatee_id, period_id, evaluation_id, created_at) VALUES (345, 14, 49, 2, 345, '2026-07-21 12:00:00');
INSERT INTO evaluation_details (id, evaluation_id, question_id, score, comment) VALUES (3543, 345, 12, 3, NULL);
INSERT INTO evaluation_details (id, evaluation_id, question_id, score, comment) VALUES (3544, 345, 13, 3, NULL);
INSERT INTO evaluation_details (id, evaluation_id, question_id, score, comment) VALUES (3545, 345, 14, 3, NULL);
INSERT INTO evaluation_details (id, evaluation_id, question_id, score, comment) VALUES (3546, 345, 15, 3, NULL);
INSERT INTO evaluation_details (id, evaluation_id, question_id, score, comment) VALUES (3547, 345, 16, 3, NULL);
INSERT INTO evaluation_details (id, evaluation_id, question_id, score, comment) VALUES (3548, 345, 17, 3, NULL);
INSERT INTO evaluation_details (id, evaluation_id, question_id, score, comment) VALUES (3549, 345, 18, 3, NULL);
INSERT INTO evaluation_details (id, evaluation_id, question_id, score, comment) VALUES (3550, 345, 19, 2, NULL);
INSERT INTO evaluation_details (id, evaluation_id, question_id, score, comment) VALUES (3551, 345, 20, NULL, 'Excelente, me ayuda mucho con mis dudas globales.');
INSERT INTO evaluations (id, evaluatee_id, form_id, period_id, is_anonymous, status, submitted_at, created_at) VALUES (346, 49, 2, 2, TRUE, 'submitted', '2026-07-21 12:00:00', '2026-07-21 12:05:00');
INSERT INTO evaluation_submissions (id, evaluator_id, evaluatee_id, period_id, evaluation_id, created_at) VALUES (346, 30, 49, 2, 346, '2026-07-21 12:00:00');
INSERT INTO evaluation_details (id, evaluation_id, question_id, score, comment) VALUES (3552, 346, 12, 4, NULL);
INSERT INTO evaluation_details (id, evaluation_id, question_id, score, comment) VALUES (3553, 346, 13, 4, NULL);
INSERT INTO evaluation_details (id, evaluation_id, question_id, score, comment) VALUES (3554, 346, 14, 3, NULL);
INSERT INTO evaluation_details (id, evaluation_id, question_id, score, comment) VALUES (3555, 346, 15, 5, NULL);
INSERT INTO evaluation_details (id, evaluation_id, question_id, score, comment) VALUES (3556, 346, 16, 4, NULL);
INSERT INTO evaluation_details (id, evaluation_id, question_id, score, comment) VALUES (3557, 346, 17, 4, NULL);
INSERT INTO evaluation_details (id, evaluation_id, question_id, score, comment) VALUES (3558, 346, 18, 4, NULL);
INSERT INTO evaluation_details (id, evaluation_id, question_id, score, comment) VALUES (3559, 346, 19, 4, NULL);
INSERT INTO evaluation_details (id, evaluation_id, question_id, score, comment) VALUES (3560, 346, 20, NULL, 'Siempre está disponible, muy buen profe.');
INSERT INTO evaluations (id, evaluatee_id, form_id, period_id, is_anonymous, status, submitted_at, created_at) VALUES (347, 49, 2, 2, TRUE, 'submitted', '2026-07-21 12:00:00', '2026-07-21 12:05:00');
INSERT INTO evaluation_submissions (id, evaluator_id, evaluatee_id, period_id, evaluation_id, created_at) VALUES (347, 24, 49, 2, 347, '2026-07-21 12:00:00');
INSERT INTO evaluation_details (id, evaluation_id, question_id, score, comment) VALUES (3561, 347, 12, 3, NULL);
INSERT INTO evaluation_details (id, evaluation_id, question_id, score, comment) VALUES (3562, 347, 13, 4, NULL);
INSERT INTO evaluation_details (id, evaluation_id, question_id, score, comment) VALUES (3563, 347, 14, 4, NULL);
INSERT INTO evaluation_details (id, evaluation_id, question_id, score, comment) VALUES (3564, 347, 15, 4, NULL);
INSERT INTO evaluation_details (id, evaluation_id, question_id, score, comment) VALUES (3565, 347, 16, 4, NULL);
INSERT INTO evaluation_details (id, evaluation_id, question_id, score, comment) VALUES (3566, 347, 17, 4, NULL);
INSERT INTO evaluation_details (id, evaluation_id, question_id, score, comment) VALUES (3567, 347, 18, 4, NULL);
INSERT INTO evaluation_details (id, evaluation_id, question_id, score, comment) VALUES (3568, 347, 19, 4, NULL);
INSERT INTO evaluation_details (id, evaluation_id, question_id, score, comment) VALUES (3569, 347, 20, NULL, 'Las sesiones de este periodo fueron muy claras.');
INSERT INTO evaluations (id, evaluatee_id, form_id, period_id, is_anonymous, status, submitted_at, created_at) VALUES (348, 49, 2, 2, TRUE, 'submitted', '2026-07-21 12:00:00', '2026-07-21 12:05:00');
INSERT INTO evaluation_submissions (id, evaluator_id, evaluatee_id, period_id, evaluation_id, created_at) VALUES (348, 44, 49, 2, 348, '2026-07-21 12:00:00');
INSERT INTO evaluation_details (id, evaluation_id, question_id, score, comment) VALUES (3570, 348, 12, 3, NULL);
INSERT INTO evaluation_details (id, evaluation_id, question_id, score, comment) VALUES (3571, 348, 13, 3, NULL);
INSERT INTO evaluation_details (id, evaluation_id, question_id, score, comment) VALUES (3572, 348, 14, 5, NULL);
INSERT INTO evaluation_details (id, evaluation_id, question_id, score, comment) VALUES (3573, 348, 15, 4, NULL);
INSERT INTO evaluation_details (id, evaluation_id, question_id, score, comment) VALUES (3574, 348, 16, 3, NULL);
INSERT INTO evaluation_details (id, evaluation_id, question_id, score, comment) VALUES (3575, 348, 17, 3, NULL);
INSERT INTO evaluation_details (id, evaluation_id, question_id, score, comment) VALUES (3576, 348, 18, 3, NULL);
INSERT INTO evaluation_details (id, evaluation_id, question_id, score, comment) VALUES (3577, 348, 19, 5, NULL);
INSERT INTO evaluation_details (id, evaluation_id, question_id, score, comment) VALUES (3578, 348, 20, NULL, 'Excelente, me ayuda mucho con mis dudas globales.');
INSERT INTO evaluations (id, evaluatee_id, form_id, period_id, is_anonymous, status, submitted_at, created_at) VALUES (349, 49, 2, 2, TRUE, 'submitted', '2026-07-21 12:00:00', '2026-07-21 12:05:00');
INSERT INTO evaluation_submissions (id, evaluator_id, evaluatee_id, period_id, evaluation_id, created_at) VALUES (349, 15, 49, 2, 349, '2026-07-21 12:00:00');
INSERT INTO evaluation_details (id, evaluation_id, question_id, score, comment) VALUES (3579, 349, 12, 4, NULL);
INSERT INTO evaluation_details (id, evaluation_id, question_id, score, comment) VALUES (3580, 349, 13, 4, NULL);
INSERT INTO evaluation_details (id, evaluation_id, question_id, score, comment) VALUES (3581, 349, 14, 4, NULL);
INSERT INTO evaluation_details (id, evaluation_id, question_id, score, comment) VALUES (3582, 349, 15, 5, NULL);
INSERT INTO evaluation_details (id, evaluation_id, question_id, score, comment) VALUES (3583, 349, 16, 3, NULL);
INSERT INTO evaluation_details (id, evaluation_id, question_id, score, comment) VALUES (3584, 349, 17, 4, NULL);
INSERT INTO evaluation_details (id, evaluation_id, question_id, score, comment) VALUES (3585, 349, 18, 5, NULL);
INSERT INTO evaluation_details (id, evaluation_id, question_id, score, comment) VALUES (3586, 349, 19, 4, NULL);
INSERT INTO evaluation_details (id, evaluation_id, question_id, score, comment) VALUES (3587, 349, 20, NULL, 'Hace un buen trabajo, pero a veces explica muy rápido.');
INSERT INTO evaluations (id, evaluatee_id, form_id, period_id, is_anonymous, status, submitted_at, created_at) VALUES (350, 49, 2, 2, FALSE, 'submitted', '2026-07-21 12:00:00', '2026-07-21 12:05:00');
INSERT INTO evaluation_submissions (id, evaluator_id, evaluatee_id, period_id, evaluation_id, created_at) VALUES (350, 23, 49, 2, 350, '2026-07-21 12:00:00');
INSERT INTO evaluation_details (id, evaluation_id, question_id, score, comment) VALUES (3588, 350, 12, 3, NULL);
INSERT INTO evaluation_details (id, evaluation_id, question_id, score, comment) VALUES (3589, 350, 13, 5, NULL);
INSERT INTO evaluation_details (id, evaluation_id, question_id, score, comment) VALUES (3590, 350, 14, 3, NULL);
INSERT INTO evaluation_details (id, evaluation_id, question_id, score, comment) VALUES (3591, 350, 15, 4, NULL);
INSERT INTO evaluation_details (id, evaluation_id, question_id, score, comment) VALUES (3592, 350, 16, 5, NULL);
INSERT INTO evaluation_details (id, evaluation_id, question_id, score, comment) VALUES (3593, 350, 17, 4, NULL);
INSERT INTO evaluation_details (id, evaluation_id, question_id, score, comment) VALUES (3594, 350, 18, 4, NULL);
INSERT INTO evaluation_details (id, evaluation_id, question_id, score, comment) VALUES (3595, 350, 19, 5, NULL);
INSERT INTO evaluation_details (id, evaluation_id, question_id, score, comment) VALUES (3596, 350, 20, NULL, 'Excelente, me ayuda mucho con mis dudas globales.');
INSERT INTO evaluations (id, evaluatee_id, form_id, period_id, is_anonymous, status, submitted_at, created_at) VALUES (351, 49, 2, 2, FALSE, 'submitted', '2026-07-21 12:00:00', '2026-07-21 12:05:00');
INSERT INTO evaluation_submissions (id, evaluator_id, evaluatee_id, period_id, evaluation_id, created_at) VALUES (351, 35, 49, 2, 351, '2026-07-21 12:00:00');
INSERT INTO evaluation_details (id, evaluation_id, question_id, score, comment) VALUES (3597, 351, 12, 4, NULL);
INSERT INTO evaluation_details (id, evaluation_id, question_id, score, comment) VALUES (3598, 351, 13, 5, NULL);
INSERT INTO evaluation_details (id, evaluation_id, question_id, score, comment) VALUES (3599, 351, 14, 4, NULL);
INSERT INTO evaluation_details (id, evaluation_id, question_id, score, comment) VALUES (3600, 351, 15, 3, NULL);
INSERT INTO evaluation_details (id, evaluation_id, question_id, score, comment) VALUES (3601, 351, 16, 4, NULL);
INSERT INTO evaluation_details (id, evaluation_id, question_id, score, comment) VALUES (3602, 351, 17, 4, NULL);
INSERT INTO evaluation_details (id, evaluation_id, question_id, score, comment) VALUES (3603, 351, 18, 3, NULL);
INSERT INTO evaluation_details (id, evaluation_id, question_id, score, comment) VALUES (3604, 351, 19, 4, NULL);
INSERT INTO evaluation_details (id, evaluation_id, question_id, score, comment) VALUES (3605, 351, 20, NULL, 'Siempre está disponible, muy buen profe.');
INSERT INTO evaluations (id, evaluatee_id, form_id, period_id, is_anonymous, status, submitted_at, created_at) VALUES (352, 49, 2, 3, FALSE, 'submitted', '2026-07-21 12:00:00', '2026-07-21 12:05:00');
INSERT INTO evaluation_submissions (id, evaluator_id, evaluatee_id, period_id, evaluation_id, created_at) VALUES (352, 23, 49, 3, 352, '2026-07-21 12:00:00');
INSERT INTO evaluation_details (id, evaluation_id, question_id, score, comment) VALUES (3606, 352, 12, 4, NULL);
INSERT INTO evaluation_details (id, evaluation_id, question_id, score, comment) VALUES (3607, 352, 13, 4, NULL);
INSERT INTO evaluation_details (id, evaluation_id, question_id, score, comment) VALUES (3608, 352, 14, 3, NULL);
INSERT INTO evaluation_details (id, evaluation_id, question_id, score, comment) VALUES (3609, 352, 15, 4, NULL);
INSERT INTO evaluation_details (id, evaluation_id, question_id, score, comment) VALUES (3610, 352, 16, 4, NULL);
INSERT INTO evaluation_details (id, evaluation_id, question_id, score, comment) VALUES (3611, 352, 17, 3, NULL);
INSERT INTO evaluation_details (id, evaluation_id, question_id, score, comment) VALUES (3612, 352, 18, 4, NULL);
INSERT INTO evaluation_details (id, evaluation_id, question_id, score, comment) VALUES (3613, 352, 19, 3, NULL);
INSERT INTO evaluation_details (id, evaluation_id, question_id, score, comment) VALUES (3614, 352, 20, NULL, 'Las sesiones de este periodo fueron muy claras.');
INSERT INTO evaluations (id, evaluatee_id, form_id, period_id, is_anonymous, status, submitted_at, created_at) VALUES (353, 49, 2, 3, TRUE, 'submitted', '2026-07-21 12:00:00', '2026-07-21 12:05:00');
INSERT INTO evaluation_submissions (id, evaluator_id, evaluatee_id, period_id, evaluation_id, created_at) VALUES (353, 39, 49, 3, 353, '2026-07-21 12:00:00');
INSERT INTO evaluation_details (id, evaluation_id, question_id, score, comment) VALUES (3615, 353, 12, 5, NULL);
INSERT INTO evaluation_details (id, evaluation_id, question_id, score, comment) VALUES (3616, 353, 13, 4, NULL);
INSERT INTO evaluation_details (id, evaluation_id, question_id, score, comment) VALUES (3617, 353, 14, 4, NULL);
INSERT INTO evaluation_details (id, evaluation_id, question_id, score, comment) VALUES (3618, 353, 15, 4, NULL);
INSERT INTO evaluation_details (id, evaluation_id, question_id, score, comment) VALUES (3619, 353, 16, 4, NULL);
INSERT INTO evaluation_details (id, evaluation_id, question_id, score, comment) VALUES (3620, 353, 17, 3, NULL);
INSERT INTO evaluation_details (id, evaluation_id, question_id, score, comment) VALUES (3621, 353, 18, 4, NULL);
INSERT INTO evaluation_details (id, evaluation_id, question_id, score, comment) VALUES (3622, 353, 19, 3, NULL);
INSERT INTO evaluation_details (id, evaluation_id, question_id, score, comment) VALUES (3623, 353, 20, NULL, 'Hace un buen trabajo, pero a veces explica muy rápido.');
INSERT INTO evaluations (id, evaluatee_id, form_id, period_id, is_anonymous, status, submitted_at, created_at) VALUES (354, 49, 2, 3, FALSE, 'submitted', '2026-07-21 12:00:00', '2026-07-21 12:05:00');
INSERT INTO evaluation_submissions (id, evaluator_id, evaluatee_id, period_id, evaluation_id, created_at) VALUES (354, 33, 49, 3, 354, '2026-07-21 12:00:00');
INSERT INTO evaluation_details (id, evaluation_id, question_id, score, comment) VALUES (3624, 354, 12, 4, NULL);
INSERT INTO evaluation_details (id, evaluation_id, question_id, score, comment) VALUES (3625, 354, 13, 3, NULL);
INSERT INTO evaluation_details (id, evaluation_id, question_id, score, comment) VALUES (3626, 354, 14, 4, NULL);
INSERT INTO evaluation_details (id, evaluation_id, question_id, score, comment) VALUES (3627, 354, 15, 4, NULL);
INSERT INTO evaluation_details (id, evaluation_id, question_id, score, comment) VALUES (3628, 354, 16, 4, NULL);
INSERT INTO evaluation_details (id, evaluation_id, question_id, score, comment) VALUES (3629, 354, 17, 3, NULL);
INSERT INTO evaluation_details (id, evaluation_id, question_id, score, comment) VALUES (3630, 354, 18, 3, NULL);
INSERT INTO evaluation_details (id, evaluation_id, question_id, score, comment) VALUES (3631, 354, 19, 4, NULL);
INSERT INTO evaluation_details (id, evaluation_id, question_id, score, comment) VALUES (3632, 354, 20, NULL, 'Hace un buen trabajo, pero a veces explica muy rápido.');
INSERT INTO evaluations (id, evaluatee_id, form_id, period_id, is_anonymous, status, submitted_at, created_at) VALUES (355, 49, 2, 3, TRUE, 'submitted', '2026-07-21 12:00:00', '2026-07-21 12:05:00');
INSERT INTO evaluation_submissions (id, evaluator_id, evaluatee_id, period_id, evaluation_id, created_at) VALUES (355, 41, 49, 3, 355, '2026-07-21 12:00:00');
INSERT INTO evaluation_details (id, evaluation_id, question_id, score, comment) VALUES (3633, 355, 12, 3, NULL);
INSERT INTO evaluation_details (id, evaluation_id, question_id, score, comment) VALUES (3634, 355, 13, 3, NULL);
INSERT INTO evaluation_details (id, evaluation_id, question_id, score, comment) VALUES (3635, 355, 14, 4, NULL);
INSERT INTO evaluation_details (id, evaluation_id, question_id, score, comment) VALUES (3636, 355, 15, 4, NULL);
INSERT INTO evaluation_details (id, evaluation_id, question_id, score, comment) VALUES (3637, 355, 16, 3, NULL);
INSERT INTO evaluation_details (id, evaluation_id, question_id, score, comment) VALUES (3638, 355, 17, 3, NULL);
INSERT INTO evaluation_details (id, evaluation_id, question_id, score, comment) VALUES (3639, 355, 18, 3, NULL);
INSERT INTO evaluation_details (id, evaluation_id, question_id, score, comment) VALUES (3640, 355, 19, 3, NULL);
INSERT INTO evaluation_details (id, evaluation_id, question_id, score, comment) VALUES (3641, 355, 20, NULL, 'Falta un poco de orden en las clases.');
INSERT INTO evaluations (id, evaluatee_id, form_id, period_id, is_anonymous, status, submitted_at, created_at) VALUES (356, 49, 2, 3, FALSE, 'submitted', '2026-07-21 12:00:00', '2026-07-21 12:05:00');
INSERT INTO evaluation_submissions (id, evaluator_id, evaluatee_id, period_id, evaluation_id, created_at) VALUES (356, 42, 49, 3, 356, '2026-07-21 12:00:00');
INSERT INTO evaluation_details (id, evaluation_id, question_id, score, comment) VALUES (3642, 356, 12, 5, NULL);
INSERT INTO evaluation_details (id, evaluation_id, question_id, score, comment) VALUES (3643, 356, 13, 4, NULL);
INSERT INTO evaluation_details (id, evaluation_id, question_id, score, comment) VALUES (3644, 356, 14, 4, NULL);
INSERT INTO evaluation_details (id, evaluation_id, question_id, score, comment) VALUES (3645, 356, 15, 4, NULL);
INSERT INTO evaluation_details (id, evaluation_id, question_id, score, comment) VALUES (3646, 356, 16, 3, NULL);
INSERT INTO evaluation_details (id, evaluation_id, question_id, score, comment) VALUES (3647, 356, 17, 4, NULL);
INSERT INTO evaluation_details (id, evaluation_id, question_id, score, comment) VALUES (3648, 356, 18, 4, NULL);
INSERT INTO evaluation_details (id, evaluation_id, question_id, score, comment) VALUES (3649, 356, 19, 4, NULL);
INSERT INTO evaluation_details (id, evaluation_id, question_id, score, comment) VALUES (3650, 356, 20, NULL, 'Excelente, me ayuda mucho con mis dudas globales.');
INSERT INTO evaluations (id, evaluatee_id, form_id, period_id, is_anonymous, status, submitted_at, created_at) VALUES (357, 49, 2, 3, TRUE, 'submitted', '2026-07-21 12:00:00', '2026-07-21 12:05:00');
INSERT INTO evaluation_submissions (id, evaluator_id, evaluatee_id, period_id, evaluation_id, created_at) VALUES (357, 34, 49, 3, 357, '2026-07-21 12:00:00');
INSERT INTO evaluation_details (id, evaluation_id, question_id, score, comment) VALUES (3651, 357, 12, 4, NULL);
INSERT INTO evaluation_details (id, evaluation_id, question_id, score, comment) VALUES (3652, 357, 13, 3, NULL);
INSERT INTO evaluation_details (id, evaluation_id, question_id, score, comment) VALUES (3653, 357, 14, 3, NULL);
INSERT INTO evaluation_details (id, evaluation_id, question_id, score, comment) VALUES (3654, 357, 15, 3, NULL);
INSERT INTO evaluation_details (id, evaluation_id, question_id, score, comment) VALUES (3655, 357, 16, 4, NULL);
INSERT INTO evaluation_details (id, evaluation_id, question_id, score, comment) VALUES (3656, 357, 17, 3, NULL);
INSERT INTO evaluation_details (id, evaluation_id, question_id, score, comment) VALUES (3657, 357, 18, 4, NULL);
INSERT INTO evaluation_details (id, evaluation_id, question_id, score, comment) VALUES (3658, 357, 19, 3, NULL);
INSERT INTO evaluation_details (id, evaluation_id, question_id, score, comment) VALUES (3659, 357, 20, NULL, 'Hace un buen trabajo, pero a veces explica muy rápido.');
INSERT INTO evaluations (id, evaluatee_id, form_id, period_id, is_anonymous, status, submitted_at, created_at) VALUES (358, 49, 2, 3, FALSE, 'submitted', '2026-07-21 12:00:00', '2026-07-21 12:05:00');
INSERT INTO evaluation_submissions (id, evaluator_id, evaluatee_id, period_id, evaluation_id, created_at) VALUES (358, 13, 49, 3, 358, '2026-07-21 12:00:00');
INSERT INTO evaluation_details (id, evaluation_id, question_id, score, comment) VALUES (3660, 358, 12, 4, NULL);
INSERT INTO evaluation_details (id, evaluation_id, question_id, score, comment) VALUES (3661, 358, 13, 5, NULL);
INSERT INTO evaluation_details (id, evaluation_id, question_id, score, comment) VALUES (3662, 358, 14, 4, NULL);
INSERT INTO evaluation_details (id, evaluation_id, question_id, score, comment) VALUES (3663, 358, 15, 4, NULL);
INSERT INTO evaluation_details (id, evaluation_id, question_id, score, comment) VALUES (3664, 358, 16, 4, NULL);
INSERT INTO evaluation_details (id, evaluation_id, question_id, score, comment) VALUES (3665, 358, 17, 4, NULL);
INSERT INTO evaluation_details (id, evaluation_id, question_id, score, comment) VALUES (3666, 358, 18, 5, NULL);
INSERT INTO evaluation_details (id, evaluation_id, question_id, score, comment) VALUES (3667, 358, 19, 4, NULL);
INSERT INTO evaluation_details (id, evaluation_id, question_id, score, comment) VALUES (3668, 358, 20, NULL, 'Las sesiones de este periodo fueron muy claras.');
INSERT INTO evaluations (id, evaluatee_id, form_id, period_id, is_anonymous, status, submitted_at, created_at) VALUES (359, 49, 2, 3, TRUE, 'submitted', '2026-07-21 12:00:00', '2026-07-21 12:05:00');
INSERT INTO evaluation_submissions (id, evaluator_id, evaluatee_id, period_id, evaluation_id, created_at) VALUES (359, 25, 49, 3, 359, '2026-07-21 12:00:00');
INSERT INTO evaluation_details (id, evaluation_id, question_id, score, comment) VALUES (3669, 359, 12, 4, NULL);
INSERT INTO evaluation_details (id, evaluation_id, question_id, score, comment) VALUES (3670, 359, 13, 4, NULL);
INSERT INTO evaluation_details (id, evaluation_id, question_id, score, comment) VALUES (3671, 359, 14, 4, NULL);
INSERT INTO evaluation_details (id, evaluation_id, question_id, score, comment) VALUES (3672, 359, 15, 5, NULL);
INSERT INTO evaluation_details (id, evaluation_id, question_id, score, comment) VALUES (3673, 359, 16, 5, NULL);
INSERT INTO evaluation_details (id, evaluation_id, question_id, score, comment) VALUES (3674, 359, 17, 5, NULL);
INSERT INTO evaluation_details (id, evaluation_id, question_id, score, comment) VALUES (3675, 359, 18, 4, NULL);
INSERT INTO evaluation_details (id, evaluation_id, question_id, score, comment) VALUES (3676, 359, 19, 5, NULL);
INSERT INTO evaluation_details (id, evaluation_id, question_id, score, comment) VALUES (3677, 359, 20, NULL, 'Hace un buen trabajo, pero a veces explica muy rápido.');
INSERT INTO evaluations (id, evaluatee_id, form_id, period_id, is_anonymous, status, submitted_at, created_at) VALUES (360, 49, 2, 3, FALSE, 'submitted', '2026-07-21 12:00:00', '2026-07-21 12:05:00');
INSERT INTO evaluation_submissions (id, evaluator_id, evaluatee_id, period_id, evaluation_id, created_at) VALUES (360, 21, 49, 3, 360, '2026-07-21 12:00:00');
INSERT INTO evaluation_details (id, evaluation_id, question_id, score, comment) VALUES (3678, 360, 12, 3, NULL);
INSERT INTO evaluation_details (id, evaluation_id, question_id, score, comment) VALUES (3679, 360, 13, 4, NULL);
INSERT INTO evaluation_details (id, evaluation_id, question_id, score, comment) VALUES (3680, 360, 14, 4, NULL);
INSERT INTO evaluation_details (id, evaluation_id, question_id, score, comment) VALUES (3681, 360, 15, 3, NULL);
INSERT INTO evaluation_details (id, evaluation_id, question_id, score, comment) VALUES (3682, 360, 16, 2, NULL);
INSERT INTO evaluation_details (id, evaluation_id, question_id, score, comment) VALUES (3683, 360, 17, 3, NULL);
INSERT INTO evaluation_details (id, evaluation_id, question_id, score, comment) VALUES (3684, 360, 18, 4, NULL);
INSERT INTO evaluation_details (id, evaluation_id, question_id, score, comment) VALUES (3685, 360, 19, 3, NULL);
INSERT INTO evaluation_details (id, evaluation_id, question_id, score, comment) VALUES (3686, 360, 20, NULL, 'Falta un poco de orden en las clases.');
INSERT INTO evaluations (id, evaluatee_id, form_id, period_id, is_anonymous, status, submitted_at, created_at) VALUES (361, 49, 2, 4, TRUE, 'submitted', '2026-07-21 12:00:00', '2026-07-21 12:05:00');
INSERT INTO evaluation_submissions (id, evaluator_id, evaluatee_id, period_id, evaluation_id, created_at) VALUES (361, 14, 49, 4, 361, '2026-07-21 12:00:00');
INSERT INTO evaluation_details (id, evaluation_id, question_id, score, comment) VALUES (3687, 361, 12, 4, NULL);
INSERT INTO evaluation_details (id, evaluation_id, question_id, score, comment) VALUES (3688, 361, 13, 4, NULL);
INSERT INTO evaluation_details (id, evaluation_id, question_id, score, comment) VALUES (3689, 361, 14, 4, NULL);
INSERT INTO evaluation_details (id, evaluation_id, question_id, score, comment) VALUES (3690, 361, 15, 4, NULL);
INSERT INTO evaluation_details (id, evaluation_id, question_id, score, comment) VALUES (3691, 361, 16, 5, NULL);
INSERT INTO evaluation_details (id, evaluation_id, question_id, score, comment) VALUES (3692, 361, 17, 4, NULL);
INSERT INTO evaluation_details (id, evaluation_id, question_id, score, comment) VALUES (3693, 361, 18, 4, NULL);
INSERT INTO evaluation_details (id, evaluation_id, question_id, score, comment) VALUES (3694, 361, 19, 4, NULL);
INSERT INTO evaluation_details (id, evaluation_id, question_id, score, comment) VALUES (3695, 361, 20, NULL, 'Hace un buen trabajo, pero a veces explica muy rápido.');
INSERT INTO evaluations (id, evaluatee_id, form_id, period_id, is_anonymous, status, submitted_at, created_at) VALUES (362, 49, 2, 4, FALSE, 'submitted', '2026-07-21 12:00:00', '2026-07-21 12:05:00');
INSERT INTO evaluation_submissions (id, evaluator_id, evaluatee_id, period_id, evaluation_id, created_at) VALUES (362, 26, 49, 4, 362, '2026-07-21 12:00:00');
INSERT INTO evaluation_details (id, evaluation_id, question_id, score, comment) VALUES (3696, 362, 12, 4, NULL);
INSERT INTO evaluation_details (id, evaluation_id, question_id, score, comment) VALUES (3697, 362, 13, 4, NULL);
INSERT INTO evaluation_details (id, evaluation_id, question_id, score, comment) VALUES (3698, 362, 14, 3, NULL);
INSERT INTO evaluation_details (id, evaluation_id, question_id, score, comment) VALUES (3699, 362, 15, 3, NULL);
INSERT INTO evaluation_details (id, evaluation_id, question_id, score, comment) VALUES (3700, 362, 16, 3, NULL);
INSERT INTO evaluation_details (id, evaluation_id, question_id, score, comment) VALUES (3701, 362, 17, 3, NULL);
INSERT INTO evaluation_details (id, evaluation_id, question_id, score, comment) VALUES (3702, 362, 18, 4, NULL);
INSERT INTO evaluation_details (id, evaluation_id, question_id, score, comment) VALUES (3703, 362, 19, 4, NULL);
INSERT INTO evaluation_details (id, evaluation_id, question_id, score, comment) VALUES (3704, 362, 20, NULL, 'Siempre está disponible, muy buen profe.');
INSERT INTO evaluations (id, evaluatee_id, form_id, period_id, is_anonymous, status, submitted_at, created_at) VALUES (363, 49, 2, 4, FALSE, 'submitted', '2026-07-21 12:00:00', '2026-07-21 12:05:00');
INSERT INTO evaluation_submissions (id, evaluator_id, evaluatee_id, period_id, evaluation_id, created_at) VALUES (363, 16, 49, 4, 363, '2026-07-21 12:00:00');
INSERT INTO evaluation_details (id, evaluation_id, question_id, score, comment) VALUES (3705, 363, 12, 4, NULL);
INSERT INTO evaluation_details (id, evaluation_id, question_id, score, comment) VALUES (3706, 363, 13, 4, NULL);
INSERT INTO evaluation_details (id, evaluation_id, question_id, score, comment) VALUES (3707, 363, 14, 3, NULL);
INSERT INTO evaluation_details (id, evaluation_id, question_id, score, comment) VALUES (3708, 363, 15, 4, NULL);
INSERT INTO evaluation_details (id, evaluation_id, question_id, score, comment) VALUES (3709, 363, 16, 4, NULL);
INSERT INTO evaluation_details (id, evaluation_id, question_id, score, comment) VALUES (3710, 363, 17, 3, NULL);
INSERT INTO evaluation_details (id, evaluation_id, question_id, score, comment) VALUES (3711, 363, 18, 4, NULL);
INSERT INTO evaluation_details (id, evaluation_id, question_id, score, comment) VALUES (3712, 363, 19, 3, NULL);
INSERT INTO evaluation_details (id, evaluation_id, question_id, score, comment) VALUES (3713, 363, 20, NULL, 'Falta un poco de orden en las clases.');
INSERT INTO evaluations (id, evaluatee_id, form_id, period_id, is_anonymous, status, submitted_at, created_at) VALUES (364, 49, 2, 4, TRUE, 'submitted', '2026-07-21 12:00:00', '2026-07-21 12:05:00');
INSERT INTO evaluation_submissions (id, evaluator_id, evaluatee_id, period_id, evaluation_id, created_at) VALUES (364, 22, 49, 4, 364, '2026-07-21 12:00:00');
INSERT INTO evaluation_details (id, evaluation_id, question_id, score, comment) VALUES (3714, 364, 12, 4, NULL);
INSERT INTO evaluation_details (id, evaluation_id, question_id, score, comment) VALUES (3715, 364, 13, 4, NULL);
INSERT INTO evaluation_details (id, evaluation_id, question_id, score, comment) VALUES (3716, 364, 14, 4, NULL);
INSERT INTO evaluation_details (id, evaluation_id, question_id, score, comment) VALUES (3717, 364, 15, 3, NULL);
INSERT INTO evaluation_details (id, evaluation_id, question_id, score, comment) VALUES (3718, 364, 16, 4, NULL);
INSERT INTO evaluation_details (id, evaluation_id, question_id, score, comment) VALUES (3719, 364, 17, 2, NULL);
INSERT INTO evaluation_details (id, evaluation_id, question_id, score, comment) VALUES (3720, 364, 18, 3, NULL);
INSERT INTO evaluation_details (id, evaluation_id, question_id, score, comment) VALUES (3721, 364, 19, 3, NULL);
INSERT INTO evaluation_details (id, evaluation_id, question_id, score, comment) VALUES (3722, 364, 20, NULL, 'Falta un poco de orden en las clases.');
INSERT INTO evaluations (id, evaluatee_id, form_id, period_id, is_anonymous, status, submitted_at, created_at) VALUES (365, 49, 2, 4, FALSE, 'submitted', '2026-07-21 12:00:00', '2026-07-21 12:05:00');
INSERT INTO evaluation_submissions (id, evaluator_id, evaluatee_id, period_id, evaluation_id, created_at) VALUES (365, 35, 49, 4, 365, '2026-07-21 12:00:00');
INSERT INTO evaluation_details (id, evaluation_id, question_id, score, comment) VALUES (3723, 365, 12, 4, NULL);
INSERT INTO evaluation_details (id, evaluation_id, question_id, score, comment) VALUES (3724, 365, 13, 5, NULL);
INSERT INTO evaluation_details (id, evaluation_id, question_id, score, comment) VALUES (3725, 365, 14, 4, NULL);
INSERT INTO evaluation_details (id, evaluation_id, question_id, score, comment) VALUES (3726, 365, 15, 3, NULL);
INSERT INTO evaluation_details (id, evaluation_id, question_id, score, comment) VALUES (3727, 365, 16, 5, NULL);
INSERT INTO evaluation_details (id, evaluation_id, question_id, score, comment) VALUES (3728, 365, 17, 4, NULL);
INSERT INTO evaluation_details (id, evaluation_id, question_id, score, comment) VALUES (3729, 365, 18, 4, NULL);
INSERT INTO evaluation_details (id, evaluation_id, question_id, score, comment) VALUES (3730, 365, 19, 3, NULL);
INSERT INTO evaluation_details (id, evaluation_id, question_id, score, comment) VALUES (3731, 365, 20, NULL, 'Hace un buen trabajo, pero a veces explica muy rápido.');
INSERT INTO evaluations (id, evaluatee_id, form_id, period_id, is_anonymous, status, submitted_at, created_at) VALUES (366, 49, 2, 4, FALSE, 'submitted', '2026-07-21 12:00:00', '2026-07-21 12:05:00');
INSERT INTO evaluation_submissions (id, evaluator_id, evaluatee_id, period_id, evaluation_id, created_at) VALUES (366, 24, 49, 4, 366, '2026-07-21 12:00:00');
INSERT INTO evaluation_details (id, evaluation_id, question_id, score, comment) VALUES (3732, 366, 12, 4, NULL);
INSERT INTO evaluation_details (id, evaluation_id, question_id, score, comment) VALUES (3733, 366, 13, 4, NULL);
INSERT INTO evaluation_details (id, evaluation_id, question_id, score, comment) VALUES (3734, 366, 14, 3, NULL);
INSERT INTO evaluation_details (id, evaluation_id, question_id, score, comment) VALUES (3735, 366, 15, 3, NULL);
INSERT INTO evaluation_details (id, evaluation_id, question_id, score, comment) VALUES (3736, 366, 16, 3, NULL);
INSERT INTO evaluation_details (id, evaluation_id, question_id, score, comment) VALUES (3737, 366, 17, 5, NULL);
INSERT INTO evaluation_details (id, evaluation_id, question_id, score, comment) VALUES (3738, 366, 18, 3, NULL);
INSERT INTO evaluation_details (id, evaluation_id, question_id, score, comment) VALUES (3739, 366, 19, 3, NULL);
INSERT INTO evaluation_details (id, evaluation_id, question_id, score, comment) VALUES (3740, 366, 20, NULL, 'Hace un buen trabajo, pero a veces explica muy rápido.');
INSERT INTO evaluations (id, evaluatee_id, form_id, period_id, is_anonymous, status, submitted_at, created_at) VALUES (367, 49, 2, 4, TRUE, 'submitted', '2026-07-21 12:00:00', '2026-07-21 12:05:00');
INSERT INTO evaluation_submissions (id, evaluator_id, evaluatee_id, period_id, evaluation_id, created_at) VALUES (367, 37, 49, 4, 367, '2026-07-21 12:00:00');
INSERT INTO evaluation_details (id, evaluation_id, question_id, score, comment) VALUES (3741, 367, 12, 3, NULL);
INSERT INTO evaluation_details (id, evaluation_id, question_id, score, comment) VALUES (3742, 367, 13, 4, NULL);
INSERT INTO evaluation_details (id, evaluation_id, question_id, score, comment) VALUES (3743, 367, 14, 3, NULL);
INSERT INTO evaluation_details (id, evaluation_id, question_id, score, comment) VALUES (3744, 367, 15, 3, NULL);
INSERT INTO evaluation_details (id, evaluation_id, question_id, score, comment) VALUES (3745, 367, 16, 4, NULL);
INSERT INTO evaluation_details (id, evaluation_id, question_id, score, comment) VALUES (3746, 367, 17, 5, NULL);
INSERT INTO evaluation_details (id, evaluation_id, question_id, score, comment) VALUES (3747, 367, 18, 3, NULL);
INSERT INTO evaluation_details (id, evaluation_id, question_id, score, comment) VALUES (3748, 367, 19, 3, NULL);
INSERT INTO evaluation_details (id, evaluation_id, question_id, score, comment) VALUES (3749, 367, 20, NULL, 'Hace un buen trabajo, pero a veces explica muy rápido.');
INSERT INTO evaluations (id, evaluatee_id, form_id, period_id, is_anonymous, status, submitted_at, created_at) VALUES (368, 49, 2, 4, TRUE, 'submitted', '2026-07-21 12:00:00', '2026-07-21 12:05:00');
INSERT INTO evaluation_submissions (id, evaluator_id, evaluatee_id, period_id, evaluation_id, created_at) VALUES (368, 29, 49, 4, 368, '2026-07-21 12:00:00');
INSERT INTO evaluation_details (id, evaluation_id, question_id, score, comment) VALUES (3750, 368, 12, 3, NULL);
INSERT INTO evaluation_details (id, evaluation_id, question_id, score, comment) VALUES (3751, 368, 13, 3, NULL);
INSERT INTO evaluation_details (id, evaluation_id, question_id, score, comment) VALUES (3752, 368, 14, 4, NULL);
INSERT INTO evaluation_details (id, evaluation_id, question_id, score, comment) VALUES (3753, 368, 15, 4, NULL);
INSERT INTO evaluation_details (id, evaluation_id, question_id, score, comment) VALUES (3754, 368, 16, 3, NULL);
INSERT INTO evaluation_details (id, evaluation_id, question_id, score, comment) VALUES (3755, 368, 17, 4, NULL);
INSERT INTO evaluation_details (id, evaluation_id, question_id, score, comment) VALUES (3756, 368, 18, 3, NULL);
INSERT INTO evaluation_details (id, evaluation_id, question_id, score, comment) VALUES (3757, 368, 19, 4, NULL);
INSERT INTO evaluation_details (id, evaluation_id, question_id, score, comment) VALUES (3758, 368, 20, NULL, 'Siempre está disponible, muy buen profe.');
INSERT INTO evaluations (id, evaluatee_id, form_id, period_id, is_anonymous, status, submitted_at, created_at) VALUES (369, 49, 2, 4, FALSE, 'submitted', '2026-07-21 12:00:00', '2026-07-21 12:05:00');
INSERT INTO evaluation_submissions (id, evaluator_id, evaluatee_id, period_id, evaluation_id, created_at) VALUES (369, 41, 49, 4, 369, '2026-07-21 12:00:00');
INSERT INTO evaluation_details (id, evaluation_id, question_id, score, comment) VALUES (3759, 369, 12, 3, NULL);
INSERT INTO evaluation_details (id, evaluation_id, question_id, score, comment) VALUES (3760, 369, 13, 3, NULL);
INSERT INTO evaluation_details (id, evaluation_id, question_id, score, comment) VALUES (3761, 369, 14, 2, NULL);
INSERT INTO evaluation_details (id, evaluation_id, question_id, score, comment) VALUES (3762, 369, 15, 4, NULL);
INSERT INTO evaluation_details (id, evaluation_id, question_id, score, comment) VALUES (3763, 369, 16, 4, NULL);
INSERT INTO evaluation_details (id, evaluation_id, question_id, score, comment) VALUES (3764, 369, 17, 3, NULL);
INSERT INTO evaluation_details (id, evaluation_id, question_id, score, comment) VALUES (3765, 369, 18, 3, NULL);
INSERT INTO evaluation_details (id, evaluation_id, question_id, score, comment) VALUES (3766, 369, 19, 3, NULL);
INSERT INTO evaluation_details (id, evaluation_id, question_id, score, comment) VALUES (3767, 369, 20, NULL, 'Excelente, me ayuda mucho con mis dudas globales.');
INSERT INTO evaluations (id, evaluatee_id, form_id, period_id, is_anonymous, status, submitted_at, created_at) VALUES (370, 49, 2, 4, FALSE, 'submitted', '2026-07-21 12:00:00', '2026-07-21 12:05:00');
INSERT INTO evaluation_submissions (id, evaluator_id, evaluatee_id, period_id, evaluation_id, created_at) VALUES (370, 44, 49, 4, 370, '2026-07-21 12:00:00');
INSERT INTO evaluation_details (id, evaluation_id, question_id, score, comment) VALUES (3768, 370, 12, 3, NULL);
INSERT INTO evaluation_details (id, evaluation_id, question_id, score, comment) VALUES (3769, 370, 13, 4, NULL);
INSERT INTO evaluation_details (id, evaluation_id, question_id, score, comment) VALUES (3770, 370, 14, 4, NULL);
INSERT INTO evaluation_details (id, evaluation_id, question_id, score, comment) VALUES (3771, 370, 15, 3, NULL);
INSERT INTO evaluation_details (id, evaluation_id, question_id, score, comment) VALUES (3772, 370, 16, 4, NULL);
INSERT INTO evaluation_details (id, evaluation_id, question_id, score, comment) VALUES (3773, 370, 17, 4, NULL);
INSERT INTO evaluation_details (id, evaluation_id, question_id, score, comment) VALUES (3774, 370, 18, 4, NULL);
INSERT INTO evaluation_details (id, evaluation_id, question_id, score, comment) VALUES (3775, 370, 19, 4, NULL);
INSERT INTO evaluation_details (id, evaluation_id, question_id, score, comment) VALUES (3776, 370, 20, NULL, 'Hace un buen trabajo, pero a veces explica muy rápido.');
INSERT INTO evaluations (id, evaluatee_id, form_id, period_id, is_anonymous, status, submitted_at, created_at) VALUES (371, 49, 2, 4, TRUE, 'submitted', '2026-07-21 12:00:00', '2026-07-21 12:05:00');
INSERT INTO evaluation_submissions (id, evaluator_id, evaluatee_id, period_id, evaluation_id, created_at) VALUES (371, 32, 49, 4, 371, '2026-07-21 12:00:00');
INSERT INTO evaluation_details (id, evaluation_id, question_id, score, comment) VALUES (3777, 371, 12, 4, NULL);
INSERT INTO evaluation_details (id, evaluation_id, question_id, score, comment) VALUES (3778, 371, 13, 4, NULL);
INSERT INTO evaluation_details (id, evaluation_id, question_id, score, comment) VALUES (3779, 371, 14, 4, NULL);
INSERT INTO evaluation_details (id, evaluation_id, question_id, score, comment) VALUES (3780, 371, 15, 4, NULL);
INSERT INTO evaluation_details (id, evaluation_id, question_id, score, comment) VALUES (3781, 371, 16, 4, NULL);
INSERT INTO evaluation_details (id, evaluation_id, question_id, score, comment) VALUES (3782, 371, 17, 4, NULL);
INSERT INTO evaluation_details (id, evaluation_id, question_id, score, comment) VALUES (3783, 371, 18, 3, NULL);
INSERT INTO evaluation_details (id, evaluation_id, question_id, score, comment) VALUES (3784, 371, 19, 4, NULL);
INSERT INTO evaluation_details (id, evaluation_id, question_id, score, comment) VALUES (3785, 371, 20, NULL, 'Hace un buen trabajo, pero a veces explica muy rápido.');
INSERT INTO evaluations (id, evaluatee_id, form_id, period_id, is_anonymous, status, submitted_at, created_at) VALUES (372, 50, 2, 1, TRUE, 'submitted', '2026-07-21 12:00:00', '2026-07-21 12:05:00');
INSERT INTO evaluation_submissions (id, evaluator_id, evaluatee_id, period_id, evaluation_id, created_at) VALUES (372, 19, 50, 1, 372, '2026-07-21 12:00:00');
INSERT INTO evaluation_details (id, evaluation_id, question_id, score, comment) VALUES (3786, 372, 12, 4, NULL);
INSERT INTO evaluation_details (id, evaluation_id, question_id, score, comment) VALUES (3787, 372, 13, 3, NULL);
INSERT INTO evaluation_details (id, evaluation_id, question_id, score, comment) VALUES (3788, 372, 14, 4, NULL);
INSERT INTO evaluation_details (id, evaluation_id, question_id, score, comment) VALUES (3789, 372, 15, 3, NULL);
INSERT INTO evaluation_details (id, evaluation_id, question_id, score, comment) VALUES (3790, 372, 16, 4, NULL);
INSERT INTO evaluation_details (id, evaluation_id, question_id, score, comment) VALUES (3791, 372, 17, 3, NULL);
INSERT INTO evaluation_details (id, evaluation_id, question_id, score, comment) VALUES (3792, 372, 18, 2, NULL);
INSERT INTO evaluation_details (id, evaluation_id, question_id, score, comment) VALUES (3793, 372, 19, 2, NULL);
INSERT INTO evaluation_details (id, evaluation_id, question_id, score, comment) VALUES (3794, 372, 20, NULL, 'Falta un poco de orden en las clases.');
INSERT INTO evaluations (id, evaluatee_id, form_id, period_id, is_anonymous, status, submitted_at, created_at) VALUES (373, 50, 2, 1, TRUE, 'submitted', '2026-07-21 12:00:00', '2026-07-21 12:05:00');
INSERT INTO evaluation_submissions (id, evaluator_id, evaluatee_id, period_id, evaluation_id, created_at) VALUES (373, 20, 50, 1, 373, '2026-07-21 12:00:00');
INSERT INTO evaluation_details (id, evaluation_id, question_id, score, comment) VALUES (3795, 373, 12, 3, NULL);
INSERT INTO evaluation_details (id, evaluation_id, question_id, score, comment) VALUES (3796, 373, 13, 3, NULL);
INSERT INTO evaluation_details (id, evaluation_id, question_id, score, comment) VALUES (3797, 373, 14, 3, NULL);
INSERT INTO evaluation_details (id, evaluation_id, question_id, score, comment) VALUES (3798, 373, 15, 4, NULL);
INSERT INTO evaluation_details (id, evaluation_id, question_id, score, comment) VALUES (3799, 373, 16, 4, NULL);
INSERT INTO evaluation_details (id, evaluation_id, question_id, score, comment) VALUES (3800, 373, 17, 4, NULL);
INSERT INTO evaluation_details (id, evaluation_id, question_id, score, comment) VALUES (3801, 373, 18, 3, NULL);
INSERT INTO evaluation_details (id, evaluation_id, question_id, score, comment) VALUES (3802, 373, 19, 4, NULL);
INSERT INTO evaluation_details (id, evaluation_id, question_id, score, comment) VALUES (3803, 373, 20, NULL, 'Las sesiones de este periodo fueron muy claras.');
INSERT INTO evaluations (id, evaluatee_id, form_id, period_id, is_anonymous, status, submitted_at, created_at) VALUES (374, 50, 2, 1, FALSE, 'submitted', '2026-07-21 12:00:00', '2026-07-21 12:05:00');
INSERT INTO evaluation_submissions (id, evaluator_id, evaluatee_id, period_id, evaluation_id, created_at) VALUES (374, 16, 50, 1, 374, '2026-07-21 12:00:00');
INSERT INTO evaluation_details (id, evaluation_id, question_id, score, comment) VALUES (3804, 374, 12, 4, NULL);
INSERT INTO evaluation_details (id, evaluation_id, question_id, score, comment) VALUES (3805, 374, 13, 5, NULL);
INSERT INTO evaluation_details (id, evaluation_id, question_id, score, comment) VALUES (3806, 374, 14, 4, NULL);
INSERT INTO evaluation_details (id, evaluation_id, question_id, score, comment) VALUES (3807, 374, 15, 4, NULL);
INSERT INTO evaluation_details (id, evaluation_id, question_id, score, comment) VALUES (3808, 374, 16, 4, NULL);
INSERT INTO evaluation_details (id, evaluation_id, question_id, score, comment) VALUES (3809, 374, 17, 4, NULL);
INSERT INTO evaluation_details (id, evaluation_id, question_id, score, comment) VALUES (3810, 374, 18, 4, NULL);
INSERT INTO evaluation_details (id, evaluation_id, question_id, score, comment) VALUES (3811, 374, 19, 4, NULL);
INSERT INTO evaluation_details (id, evaluation_id, question_id, score, comment) VALUES (3812, 374, 20, NULL, 'Hace un buen trabajo, pero a veces explica muy rápido.');
INSERT INTO evaluations (id, evaluatee_id, form_id, period_id, is_anonymous, status, submitted_at, created_at) VALUES (375, 50, 2, 1, TRUE, 'submitted', '2026-07-21 12:00:00', '2026-07-21 12:05:00');
INSERT INTO evaluation_submissions (id, evaluator_id, evaluatee_id, period_id, evaluation_id, created_at) VALUES (375, 15, 50, 1, 375, '2026-07-21 12:00:00');
INSERT INTO evaluation_details (id, evaluation_id, question_id, score, comment) VALUES (3813, 375, 12, 4, NULL);
INSERT INTO evaluation_details (id, evaluation_id, question_id, score, comment) VALUES (3814, 375, 13, 4, NULL);
INSERT INTO evaluation_details (id, evaluation_id, question_id, score, comment) VALUES (3815, 375, 14, 4, NULL);
INSERT INTO evaluation_details (id, evaluation_id, question_id, score, comment) VALUES (3816, 375, 15, 4, NULL);
INSERT INTO evaluation_details (id, evaluation_id, question_id, score, comment) VALUES (3817, 375, 16, 3, NULL);
INSERT INTO evaluation_details (id, evaluation_id, question_id, score, comment) VALUES (3818, 375, 17, 3, NULL);
INSERT INTO evaluation_details (id, evaluation_id, question_id, score, comment) VALUES (3819, 375, 18, 4, NULL);
INSERT INTO evaluation_details (id, evaluation_id, question_id, score, comment) VALUES (3820, 375, 19, 4, NULL);
INSERT INTO evaluation_details (id, evaluation_id, question_id, score, comment) VALUES (3821, 375, 20, NULL, 'Excelente, me ayuda mucho con mis dudas globales.');
INSERT INTO evaluations (id, evaluatee_id, form_id, period_id, is_anonymous, status, submitted_at, created_at) VALUES (376, 50, 2, 1, TRUE, 'submitted', '2026-07-21 12:00:00', '2026-07-21 12:05:00');
INSERT INTO evaluation_submissions (id, evaluator_id, evaluatee_id, period_id, evaluation_id, created_at) VALUES (376, 28, 50, 1, 376, '2026-07-21 12:00:00');
INSERT INTO evaluation_details (id, evaluation_id, question_id, score, comment) VALUES (3822, 376, 12, 4, NULL);
INSERT INTO evaluation_details (id, evaluation_id, question_id, score, comment) VALUES (3823, 376, 13, 3, NULL);
INSERT INTO evaluation_details (id, evaluation_id, question_id, score, comment) VALUES (3824, 376, 14, 4, NULL);
INSERT INTO evaluation_details (id, evaluation_id, question_id, score, comment) VALUES (3825, 376, 15, 3, NULL);
INSERT INTO evaluation_details (id, evaluation_id, question_id, score, comment) VALUES (3826, 376, 16, 4, NULL);
INSERT INTO evaluation_details (id, evaluation_id, question_id, score, comment) VALUES (3827, 376, 17, 3, NULL);
INSERT INTO evaluation_details (id, evaluation_id, question_id, score, comment) VALUES (3828, 376, 18, 3, NULL);
INSERT INTO evaluation_details (id, evaluation_id, question_id, score, comment) VALUES (3829, 376, 19, 3, NULL);
INSERT INTO evaluation_details (id, evaluation_id, question_id, score, comment) VALUES (3830, 376, 20, NULL, 'Las sesiones de este periodo fueron muy claras.');
INSERT INTO evaluations (id, evaluatee_id, form_id, period_id, is_anonymous, status, submitted_at, created_at) VALUES (377, 50, 2, 1, TRUE, 'submitted', '2026-07-21 12:00:00', '2026-07-21 12:05:00');
INSERT INTO evaluation_submissions (id, evaluator_id, evaluatee_id, period_id, evaluation_id, created_at) VALUES (377, 22, 50, 1, 377, '2026-07-21 12:00:00');
INSERT INTO evaluation_details (id, evaluation_id, question_id, score, comment) VALUES (3831, 377, 12, 4, NULL);
INSERT INTO evaluation_details (id, evaluation_id, question_id, score, comment) VALUES (3832, 377, 13, 4, NULL);
INSERT INTO evaluation_details (id, evaluation_id, question_id, score, comment) VALUES (3833, 377, 14, 5, NULL);
INSERT INTO evaluation_details (id, evaluation_id, question_id, score, comment) VALUES (3834, 377, 15, 3, NULL);
INSERT INTO evaluation_details (id, evaluation_id, question_id, score, comment) VALUES (3835, 377, 16, 4, NULL);
INSERT INTO evaluation_details (id, evaluation_id, question_id, score, comment) VALUES (3836, 377, 17, 5, NULL);
INSERT INTO evaluation_details (id, evaluation_id, question_id, score, comment) VALUES (3837, 377, 18, 4, NULL);
INSERT INTO evaluation_details (id, evaluation_id, question_id, score, comment) VALUES (3838, 377, 19, 4, NULL);
INSERT INTO evaluation_details (id, evaluation_id, question_id, score, comment) VALUES (3839, 377, 20, NULL, 'Siempre está disponible, muy buen profe.');
INSERT INTO evaluations (id, evaluatee_id, form_id, period_id, is_anonymous, status, submitted_at, created_at) VALUES (378, 50, 2, 1, FALSE, 'submitted', '2026-07-21 12:00:00', '2026-07-21 12:05:00');
INSERT INTO evaluation_submissions (id, evaluator_id, evaluatee_id, period_id, evaluation_id, created_at) VALUES (378, 39, 50, 1, 378, '2026-07-21 12:00:00');
INSERT INTO evaluation_details (id, evaluation_id, question_id, score, comment) VALUES (3840, 378, 12, 3, NULL);
INSERT INTO evaluation_details (id, evaluation_id, question_id, score, comment) VALUES (3841, 378, 13, 4, NULL);
INSERT INTO evaluation_details (id, evaluation_id, question_id, score, comment) VALUES (3842, 378, 14, 3, NULL);
INSERT INTO evaluation_details (id, evaluation_id, question_id, score, comment) VALUES (3843, 378, 15, 4, NULL);
INSERT INTO evaluation_details (id, evaluation_id, question_id, score, comment) VALUES (3844, 378, 16, 4, NULL);
INSERT INTO evaluation_details (id, evaluation_id, question_id, score, comment) VALUES (3845, 378, 17, 4, NULL);
INSERT INTO evaluation_details (id, evaluation_id, question_id, score, comment) VALUES (3846, 378, 18, 3, NULL);
INSERT INTO evaluation_details (id, evaluation_id, question_id, score, comment) VALUES (3847, 378, 19, 4, NULL);
INSERT INTO evaluation_details (id, evaluation_id, question_id, score, comment) VALUES (3848, 378, 20, NULL, 'Hace un buen trabajo, pero a veces explica muy rápido.');
INSERT INTO evaluations (id, evaluatee_id, form_id, period_id, is_anonymous, status, submitted_at, created_at) VALUES (379, 50, 2, 1, TRUE, 'submitted', '2026-07-21 12:00:00', '2026-07-21 12:05:00');
INSERT INTO evaluation_submissions (id, evaluator_id, evaluatee_id, period_id, evaluation_id, created_at) VALUES (379, 44, 50, 1, 379, '2026-07-21 12:00:00');
INSERT INTO evaluation_details (id, evaluation_id, question_id, score, comment) VALUES (3849, 379, 12, 4, NULL);
INSERT INTO evaluation_details (id, evaluation_id, question_id, score, comment) VALUES (3850, 379, 13, 4, NULL);
INSERT INTO evaluation_details (id, evaluation_id, question_id, score, comment) VALUES (3851, 379, 14, 4, NULL);
INSERT INTO evaluation_details (id, evaluation_id, question_id, score, comment) VALUES (3852, 379, 15, 3, NULL);
INSERT INTO evaluation_details (id, evaluation_id, question_id, score, comment) VALUES (3853, 379, 16, 3, NULL);
INSERT INTO evaluation_details (id, evaluation_id, question_id, score, comment) VALUES (3854, 379, 17, 3, NULL);
INSERT INTO evaluation_details (id, evaluation_id, question_id, score, comment) VALUES (3855, 379, 18, 4, NULL);
INSERT INTO evaluation_details (id, evaluation_id, question_id, score, comment) VALUES (3856, 379, 19, 4, NULL);
INSERT INTO evaluation_details (id, evaluation_id, question_id, score, comment) VALUES (3857, 379, 20, NULL, 'Excelente, me ayuda mucho con mis dudas globales.');
INSERT INTO evaluations (id, evaluatee_id, form_id, period_id, is_anonymous, status, submitted_at, created_at) VALUES (380, 50, 2, 2, TRUE, 'submitted', '2026-07-21 12:00:00', '2026-07-21 12:05:00');
INSERT INTO evaluation_submissions (id, evaluator_id, evaluatee_id, period_id, evaluation_id, created_at) VALUES (380, 17, 50, 2, 380, '2026-07-21 12:00:00');
INSERT INTO evaluation_details (id, evaluation_id, question_id, score, comment) VALUES (3858, 380, 12, 3, NULL);
INSERT INTO evaluation_details (id, evaluation_id, question_id, score, comment) VALUES (3859, 380, 13, 4, NULL);
INSERT INTO evaluation_details (id, evaluation_id, question_id, score, comment) VALUES (3860, 380, 14, 4, NULL);
INSERT INTO evaluation_details (id, evaluation_id, question_id, score, comment) VALUES (3861, 380, 15, 3, NULL);
INSERT INTO evaluation_details (id, evaluation_id, question_id, score, comment) VALUES (3862, 380, 16, 3, NULL);
INSERT INTO evaluation_details (id, evaluation_id, question_id, score, comment) VALUES (3863, 380, 17, 4, NULL);
INSERT INTO evaluation_details (id, evaluation_id, question_id, score, comment) VALUES (3864, 380, 18, 3, NULL);
INSERT INTO evaluation_details (id, evaluation_id, question_id, score, comment) VALUES (3865, 380, 19, 3, NULL);
INSERT INTO evaluation_details (id, evaluation_id, question_id, score, comment) VALUES (3866, 380, 20, NULL, 'Las sesiones de este periodo fueron muy claras.');
INSERT INTO evaluations (id, evaluatee_id, form_id, period_id, is_anonymous, status, submitted_at, created_at) VALUES (381, 50, 2, 2, FALSE, 'submitted', '2026-07-21 12:00:00', '2026-07-21 12:05:00');
INSERT INTO evaluation_submissions (id, evaluator_id, evaluatee_id, period_id, evaluation_id, created_at) VALUES (381, 14, 50, 2, 381, '2026-07-21 12:00:00');
INSERT INTO evaluation_details (id, evaluation_id, question_id, score, comment) VALUES (3867, 381, 12, 3, NULL);
INSERT INTO evaluation_details (id, evaluation_id, question_id, score, comment) VALUES (3868, 381, 13, 4, NULL);
INSERT INTO evaluation_details (id, evaluation_id, question_id, score, comment) VALUES (3869, 381, 14, 3, NULL);
INSERT INTO evaluation_details (id, evaluation_id, question_id, score, comment) VALUES (3870, 381, 15, 4, NULL);
INSERT INTO evaluation_details (id, evaluation_id, question_id, score, comment) VALUES (3871, 381, 16, 3, NULL);
INSERT INTO evaluation_details (id, evaluation_id, question_id, score, comment) VALUES (3872, 381, 17, 4, NULL);
INSERT INTO evaluation_details (id, evaluation_id, question_id, score, comment) VALUES (3873, 381, 18, 3, NULL);
INSERT INTO evaluation_details (id, evaluation_id, question_id, score, comment) VALUES (3874, 381, 19, 3, NULL);
INSERT INTO evaluation_details (id, evaluation_id, question_id, score, comment) VALUES (3875, 381, 20, NULL, 'Siempre está disponible, muy buen profe.');
INSERT INTO evaluations (id, evaluatee_id, form_id, period_id, is_anonymous, status, submitted_at, created_at) VALUES (382, 50, 2, 2, TRUE, 'submitted', '2026-07-21 12:00:00', '2026-07-21 12:05:00');
INSERT INTO evaluation_submissions (id, evaluator_id, evaluatee_id, period_id, evaluation_id, created_at) VALUES (382, 31, 50, 2, 382, '2026-07-21 12:00:00');
INSERT INTO evaluation_details (id, evaluation_id, question_id, score, comment) VALUES (3876, 382, 12, 3, NULL);
INSERT INTO evaluation_details (id, evaluation_id, question_id, score, comment) VALUES (3877, 382, 13, 3, NULL);
INSERT INTO evaluation_details (id, evaluation_id, question_id, score, comment) VALUES (3878, 382, 14, 4, NULL);
INSERT INTO evaluation_details (id, evaluation_id, question_id, score, comment) VALUES (3879, 382, 15, 3, NULL);
INSERT INTO evaluation_details (id, evaluation_id, question_id, score, comment) VALUES (3880, 382, 16, 3, NULL);
INSERT INTO evaluation_details (id, evaluation_id, question_id, score, comment) VALUES (3881, 382, 17, 3, NULL);
INSERT INTO evaluation_details (id, evaluation_id, question_id, score, comment) VALUES (3882, 382, 18, 5, NULL);
INSERT INTO evaluation_details (id, evaluation_id, question_id, score, comment) VALUES (3883, 382, 19, 2, NULL);
INSERT INTO evaluation_details (id, evaluation_id, question_id, score, comment) VALUES (3884, 382, 20, NULL, 'Siempre está disponible, muy buen profe.');
INSERT INTO evaluations (id, evaluatee_id, form_id, period_id, is_anonymous, status, submitted_at, created_at) VALUES (383, 50, 2, 2, TRUE, 'submitted', '2026-07-21 12:00:00', '2026-07-21 12:05:00');
INSERT INTO evaluation_submissions (id, evaluator_id, evaluatee_id, period_id, evaluation_id, created_at) VALUES (383, 32, 50, 2, 383, '2026-07-21 12:00:00');
INSERT INTO evaluation_details (id, evaluation_id, question_id, score, comment) VALUES (3885, 383, 12, 4, NULL);
INSERT INTO evaluation_details (id, evaluation_id, question_id, score, comment) VALUES (3886, 383, 13, 3, NULL);
INSERT INTO evaluation_details (id, evaluation_id, question_id, score, comment) VALUES (3887, 383, 14, 4, NULL);
INSERT INTO evaluation_details (id, evaluation_id, question_id, score, comment) VALUES (3888, 383, 15, 3, NULL);
INSERT INTO evaluation_details (id, evaluation_id, question_id, score, comment) VALUES (3889, 383, 16, 4, NULL);
INSERT INTO evaluation_details (id, evaluation_id, question_id, score, comment) VALUES (3890, 383, 17, 4, NULL);
INSERT INTO evaluation_details (id, evaluation_id, question_id, score, comment) VALUES (3891, 383, 18, 4, NULL);
INSERT INTO evaluation_details (id, evaluation_id, question_id, score, comment) VALUES (3892, 383, 19, 3, NULL);
INSERT INTO evaluation_details (id, evaluation_id, question_id, score, comment) VALUES (3893, 383, 20, NULL, 'Siempre está disponible, muy buen profe.');
INSERT INTO evaluations (id, evaluatee_id, form_id, period_id, is_anonymous, status, submitted_at, created_at) VALUES (384, 50, 2, 2, TRUE, 'submitted', '2026-07-21 12:00:00', '2026-07-21 12:05:00');
INSERT INTO evaluation_submissions (id, evaluator_id, evaluatee_id, period_id, evaluation_id, created_at) VALUES (384, 41, 50, 2, 384, '2026-07-21 12:00:00');
INSERT INTO evaluation_details (id, evaluation_id, question_id, score, comment) VALUES (3894, 384, 12, 4, NULL);
INSERT INTO evaluation_details (id, evaluation_id, question_id, score, comment) VALUES (3895, 384, 13, 4, NULL);
INSERT INTO evaluation_details (id, evaluation_id, question_id, score, comment) VALUES (3896, 384, 14, 4, NULL);
INSERT INTO evaluation_details (id, evaluation_id, question_id, score, comment) VALUES (3897, 384, 15, 4, NULL);
INSERT INTO evaluation_details (id, evaluation_id, question_id, score, comment) VALUES (3898, 384, 16, 4, NULL);
INSERT INTO evaluation_details (id, evaluation_id, question_id, score, comment) VALUES (3899, 384, 17, 4, NULL);
INSERT INTO evaluation_details (id, evaluation_id, question_id, score, comment) VALUES (3900, 384, 18, 3, NULL);
INSERT INTO evaluation_details (id, evaluation_id, question_id, score, comment) VALUES (3901, 384, 19, 3, NULL);
INSERT INTO evaluation_details (id, evaluation_id, question_id, score, comment) VALUES (3902, 384, 20, NULL, 'Excelente, me ayuda mucho con mis dudas globales.');
INSERT INTO evaluations (id, evaluatee_id, form_id, period_id, is_anonymous, status, submitted_at, created_at) VALUES (385, 50, 2, 2, TRUE, 'submitted', '2026-07-21 12:00:00', '2026-07-21 12:05:00');
INSERT INTO evaluation_submissions (id, evaluator_id, evaluatee_id, period_id, evaluation_id, created_at) VALUES (385, 36, 50, 2, 385, '2026-07-21 12:00:00');
INSERT INTO evaluation_details (id, evaluation_id, question_id, score, comment) VALUES (3903, 385, 12, 3, NULL);
INSERT INTO evaluation_details (id, evaluation_id, question_id, score, comment) VALUES (3904, 385, 13, 4, NULL);
INSERT INTO evaluation_details (id, evaluation_id, question_id, score, comment) VALUES (3905, 385, 14, 4, NULL);
INSERT INTO evaluation_details (id, evaluation_id, question_id, score, comment) VALUES (3906, 385, 15, 3, NULL);
INSERT INTO evaluation_details (id, evaluation_id, question_id, score, comment) VALUES (3907, 385, 16, 3, NULL);
INSERT INTO evaluation_details (id, evaluation_id, question_id, score, comment) VALUES (3908, 385, 17, 3, NULL);
INSERT INTO evaluation_details (id, evaluation_id, question_id, score, comment) VALUES (3909, 385, 18, 3, NULL);
INSERT INTO evaluation_details (id, evaluation_id, question_id, score, comment) VALUES (3910, 385, 19, 3, NULL);
INSERT INTO evaluation_details (id, evaluation_id, question_id, score, comment) VALUES (3911, 385, 20, NULL, 'Falta un poco de orden en las clases.');
INSERT INTO evaluations (id, evaluatee_id, form_id, period_id, is_anonymous, status, submitted_at, created_at) VALUES (386, 50, 2, 2, TRUE, 'submitted', '2026-07-21 12:00:00', '2026-07-21 12:05:00');
INSERT INTO evaluation_submissions (id, evaluator_id, evaluatee_id, period_id, evaluation_id, created_at) VALUES (386, 26, 50, 2, 386, '2026-07-21 12:00:00');
INSERT INTO evaluation_details (id, evaluation_id, question_id, score, comment) VALUES (3912, 386, 12, 4, NULL);
INSERT INTO evaluation_details (id, evaluation_id, question_id, score, comment) VALUES (3913, 386, 13, 4, NULL);
INSERT INTO evaluation_details (id, evaluation_id, question_id, score, comment) VALUES (3914, 386, 14, 3, NULL);
INSERT INTO evaluation_details (id, evaluation_id, question_id, score, comment) VALUES (3915, 386, 15, 4, NULL);
INSERT INTO evaluation_details (id, evaluation_id, question_id, score, comment) VALUES (3916, 386, 16, 4, NULL);
INSERT INTO evaluation_details (id, evaluation_id, question_id, score, comment) VALUES (3917, 386, 17, 4, NULL);
INSERT INTO evaluation_details (id, evaluation_id, question_id, score, comment) VALUES (3918, 386, 18, 4, NULL);
INSERT INTO evaluation_details (id, evaluation_id, question_id, score, comment) VALUES (3919, 386, 19, 4, NULL);
INSERT INTO evaluation_details (id, evaluation_id, question_id, score, comment) VALUES (3920, 386, 20, NULL, 'Falta un poco de orden en las clases.');
INSERT INTO evaluations (id, evaluatee_id, form_id, period_id, is_anonymous, status, submitted_at, created_at) VALUES (387, 50, 2, 2, TRUE, 'submitted', '2026-07-21 12:00:00', '2026-07-21 12:05:00');
INSERT INTO evaluation_submissions (id, evaluator_id, evaluatee_id, period_id, evaluation_id, created_at) VALUES (387, 45, 50, 2, 387, '2026-07-21 12:00:00');
INSERT INTO evaluation_details (id, evaluation_id, question_id, score, comment) VALUES (3921, 387, 12, 4, NULL);
INSERT INTO evaluation_details (id, evaluation_id, question_id, score, comment) VALUES (3922, 387, 13, 5, NULL);
INSERT INTO evaluation_details (id, evaluation_id, question_id, score, comment) VALUES (3923, 387, 14, 5, NULL);
INSERT INTO evaluation_details (id, evaluation_id, question_id, score, comment) VALUES (3924, 387, 15, 4, NULL);
INSERT INTO evaluation_details (id, evaluation_id, question_id, score, comment) VALUES (3925, 387, 16, 4, NULL);
INSERT INTO evaluation_details (id, evaluation_id, question_id, score, comment) VALUES (3926, 387, 17, 5, NULL);
INSERT INTO evaluation_details (id, evaluation_id, question_id, score, comment) VALUES (3927, 387, 18, 4, NULL);
INSERT INTO evaluation_details (id, evaluation_id, question_id, score, comment) VALUES (3928, 387, 19, 4, NULL);
INSERT INTO evaluation_details (id, evaluation_id, question_id, score, comment) VALUES (3929, 387, 20, NULL, 'Siempre está disponible, muy buen profe.');
INSERT INTO evaluations (id, evaluatee_id, form_id, period_id, is_anonymous, status, submitted_at, created_at) VALUES (388, 50, 2, 2, TRUE, 'submitted', '2026-07-21 12:00:00', '2026-07-21 12:05:00');
INSERT INTO evaluation_submissions (id, evaluator_id, evaluatee_id, period_id, evaluation_id, created_at) VALUES (388, 19, 50, 2, 388, '2026-07-21 12:00:00');
INSERT INTO evaluation_details (id, evaluation_id, question_id, score, comment) VALUES (3930, 388, 12, 3, NULL);
INSERT INTO evaluation_details (id, evaluation_id, question_id, score, comment) VALUES (3931, 388, 13, 3, NULL);
INSERT INTO evaluation_details (id, evaluation_id, question_id, score, comment) VALUES (3932, 388, 14, 4, NULL);
INSERT INTO evaluation_details (id, evaluation_id, question_id, score, comment) VALUES (3933, 388, 15, 4, NULL);
INSERT INTO evaluation_details (id, evaluation_id, question_id, score, comment) VALUES (3934, 388, 16, 4, NULL);
INSERT INTO evaluation_details (id, evaluation_id, question_id, score, comment) VALUES (3935, 388, 17, 4, NULL);
INSERT INTO evaluation_details (id, evaluation_id, question_id, score, comment) VALUES (3936, 388, 18, 4, NULL);
INSERT INTO evaluation_details (id, evaluation_id, question_id, score, comment) VALUES (3937, 388, 19, 4, NULL);
INSERT INTO evaluation_details (id, evaluation_id, question_id, score, comment) VALUES (3938, 388, 20, NULL, 'Siempre está disponible, muy buen profe.');
INSERT INTO evaluations (id, evaluatee_id, form_id, period_id, is_anonymous, status, submitted_at, created_at) VALUES (389, 50, 2, 2, FALSE, 'submitted', '2026-07-21 12:00:00', '2026-07-21 12:05:00');
INSERT INTO evaluation_submissions (id, evaluator_id, evaluatee_id, period_id, evaluation_id, created_at) VALUES (389, 37, 50, 2, 389, '2026-07-21 12:00:00');
INSERT INTO evaluation_details (id, evaluation_id, question_id, score, comment) VALUES (3939, 389, 12, 4, NULL);
INSERT INTO evaluation_details (id, evaluation_id, question_id, score, comment) VALUES (3940, 389, 13, 3, NULL);
INSERT INTO evaluation_details (id, evaluation_id, question_id, score, comment) VALUES (3941, 389, 14, 3, NULL);
INSERT INTO evaluation_details (id, evaluation_id, question_id, score, comment) VALUES (3942, 389, 15, 3, NULL);
INSERT INTO evaluation_details (id, evaluation_id, question_id, score, comment) VALUES (3943, 389, 16, 3, NULL);
INSERT INTO evaluation_details (id, evaluation_id, question_id, score, comment) VALUES (3944, 389, 17, 3, NULL);
INSERT INTO evaluation_details (id, evaluation_id, question_id, score, comment) VALUES (3945, 389, 18, 3, NULL);
INSERT INTO evaluation_details (id, evaluation_id, question_id, score, comment) VALUES (3946, 389, 19, 4, NULL);
INSERT INTO evaluation_details (id, evaluation_id, question_id, score, comment) VALUES (3947, 389, 20, NULL, 'Falta un poco de orden en las clases.');
INSERT INTO evaluations (id, evaluatee_id, form_id, period_id, is_anonymous, status, submitted_at, created_at) VALUES (390, 50, 2, 2, FALSE, 'submitted', '2026-07-21 12:00:00', '2026-07-21 12:05:00');
INSERT INTO evaluation_submissions (id, evaluator_id, evaluatee_id, period_id, evaluation_id, created_at) VALUES (390, 33, 50, 2, 390, '2026-07-21 12:00:00');
INSERT INTO evaluation_details (id, evaluation_id, question_id, score, comment) VALUES (3948, 390, 12, 4, NULL);
INSERT INTO evaluation_details (id, evaluation_id, question_id, score, comment) VALUES (3949, 390, 13, 4, NULL);
INSERT INTO evaluation_details (id, evaluation_id, question_id, score, comment) VALUES (3950, 390, 14, 4, NULL);
INSERT INTO evaluation_details (id, evaluation_id, question_id, score, comment) VALUES (3951, 390, 15, 5, NULL);
INSERT INTO evaluation_details (id, evaluation_id, question_id, score, comment) VALUES (3952, 390, 16, 4, NULL);
INSERT INTO evaluation_details (id, evaluation_id, question_id, score, comment) VALUES (3953, 390, 17, 4, NULL);
INSERT INTO evaluation_details (id, evaluation_id, question_id, score, comment) VALUES (3954, 390, 18, 4, NULL);
INSERT INTO evaluation_details (id, evaluation_id, question_id, score, comment) VALUES (3955, 390, 19, 4, NULL);
INSERT INTO evaluation_details (id, evaluation_id, question_id, score, comment) VALUES (3956, 390, 20, NULL, 'Excelente, me ayuda mucho con mis dudas globales.');
INSERT INTO evaluations (id, evaluatee_id, form_id, period_id, is_anonymous, status, submitted_at, created_at) VALUES (391, 50, 2, 3, TRUE, 'submitted', '2026-07-21 12:00:00', '2026-07-21 12:05:00');
INSERT INTO evaluation_submissions (id, evaluator_id, evaluatee_id, period_id, evaluation_id, created_at) VALUES (391, 12, 50, 3, 391, '2026-07-21 12:00:00');
INSERT INTO evaluation_details (id, evaluation_id, question_id, score, comment) VALUES (3957, 391, 12, 4, NULL);
INSERT INTO evaluation_details (id, evaluation_id, question_id, score, comment) VALUES (3958, 391, 13, 3, NULL);
INSERT INTO evaluation_details (id, evaluation_id, question_id, score, comment) VALUES (3959, 391, 14, 3, NULL);
INSERT INTO evaluation_details (id, evaluation_id, question_id, score, comment) VALUES (3960, 391, 15, 4, NULL);
INSERT INTO evaluation_details (id, evaluation_id, question_id, score, comment) VALUES (3961, 391, 16, 3, NULL);
INSERT INTO evaluation_details (id, evaluation_id, question_id, score, comment) VALUES (3962, 391, 17, 3, NULL);
INSERT INTO evaluation_details (id, evaluation_id, question_id, score, comment) VALUES (3963, 391, 18, 3, NULL);
INSERT INTO evaluation_details (id, evaluation_id, question_id, score, comment) VALUES (3964, 391, 19, 3, NULL);
INSERT INTO evaluation_details (id, evaluation_id, question_id, score, comment) VALUES (3965, 391, 20, NULL, 'Falta un poco de orden en las clases.');
INSERT INTO evaluations (id, evaluatee_id, form_id, period_id, is_anonymous, status, submitted_at, created_at) VALUES (392, 50, 2, 3, TRUE, 'submitted', '2026-07-21 12:00:00', '2026-07-21 12:05:00');
INSERT INTO evaluation_submissions (id, evaluator_id, evaluatee_id, period_id, evaluation_id, created_at) VALUES (392, 34, 50, 3, 392, '2026-07-21 12:00:00');
INSERT INTO evaluation_details (id, evaluation_id, question_id, score, comment) VALUES (3966, 392, 12, 4, NULL);
INSERT INTO evaluation_details (id, evaluation_id, question_id, score, comment) VALUES (3967, 392, 13, 3, NULL);
INSERT INTO evaluation_details (id, evaluation_id, question_id, score, comment) VALUES (3968, 392, 14, 3, NULL);
INSERT INTO evaluation_details (id, evaluation_id, question_id, score, comment) VALUES (3969, 392, 15, 3, NULL);
INSERT INTO evaluation_details (id, evaluation_id, question_id, score, comment) VALUES (3970, 392, 16, 3, NULL);
INSERT INTO evaluation_details (id, evaluation_id, question_id, score, comment) VALUES (3971, 392, 17, 2, NULL);
INSERT INTO evaluation_details (id, evaluation_id, question_id, score, comment) VALUES (3972, 392, 18, 2, NULL);
INSERT INTO evaluation_details (id, evaluation_id, question_id, score, comment) VALUES (3973, 392, 19, 2, NULL);
INSERT INTO evaluation_details (id, evaluation_id, question_id, score, comment) VALUES (3974, 392, 20, NULL, 'Hace un buen trabajo, pero a veces explica muy rápido.');
INSERT INTO evaluations (id, evaluatee_id, form_id, period_id, is_anonymous, status, submitted_at, created_at) VALUES (393, 50, 2, 3, TRUE, 'submitted', '2026-07-21 12:00:00', '2026-07-21 12:05:00');
INSERT INTO evaluation_submissions (id, evaluator_id, evaluatee_id, period_id, evaluation_id, created_at) VALUES (393, 19, 50, 3, 393, '2026-07-21 12:00:00');
INSERT INTO evaluation_details (id, evaluation_id, question_id, score, comment) VALUES (3975, 393, 12, 4, NULL);
INSERT INTO evaluation_details (id, evaluation_id, question_id, score, comment) VALUES (3976, 393, 13, 3, NULL);
INSERT INTO evaluation_details (id, evaluation_id, question_id, score, comment) VALUES (3977, 393, 14, 4, NULL);
INSERT INTO evaluation_details (id, evaluation_id, question_id, score, comment) VALUES (3978, 393, 15, 3, NULL);
INSERT INTO evaluation_details (id, evaluation_id, question_id, score, comment) VALUES (3979, 393, 16, 3, NULL);
INSERT INTO evaluation_details (id, evaluation_id, question_id, score, comment) VALUES (3980, 393, 17, 4, NULL);
INSERT INTO evaluation_details (id, evaluation_id, question_id, score, comment) VALUES (3981, 393, 18, 4, NULL);
INSERT INTO evaluation_details (id, evaluation_id, question_id, score, comment) VALUES (3982, 393, 19, 4, NULL);
INSERT INTO evaluation_details (id, evaluation_id, question_id, score, comment) VALUES (3983, 393, 20, NULL, 'Falta un poco de orden en las clases.');
INSERT INTO evaluations (id, evaluatee_id, form_id, period_id, is_anonymous, status, submitted_at, created_at) VALUES (394, 50, 2, 3, TRUE, 'submitted', '2026-07-21 12:00:00', '2026-07-21 12:05:00');
INSERT INTO evaluation_submissions (id, evaluator_id, evaluatee_id, period_id, evaluation_id, created_at) VALUES (394, 23, 50, 3, 394, '2026-07-21 12:00:00');
INSERT INTO evaluation_details (id, evaluation_id, question_id, score, comment) VALUES (3984, 394, 12, 3, NULL);
INSERT INTO evaluation_details (id, evaluation_id, question_id, score, comment) VALUES (3985, 394, 13, 3, NULL);
INSERT INTO evaluation_details (id, evaluation_id, question_id, score, comment) VALUES (3986, 394, 14, 4, NULL);
INSERT INTO evaluation_details (id, evaluation_id, question_id, score, comment) VALUES (3987, 394, 15, 4, NULL);
INSERT INTO evaluation_details (id, evaluation_id, question_id, score, comment) VALUES (3988, 394, 16, 3, NULL);
INSERT INTO evaluation_details (id, evaluation_id, question_id, score, comment) VALUES (3989, 394, 17, 3, NULL);
INSERT INTO evaluation_details (id, evaluation_id, question_id, score, comment) VALUES (3990, 394, 18, 4, NULL);
INSERT INTO evaluation_details (id, evaluation_id, question_id, score, comment) VALUES (3991, 394, 19, 4, NULL);
INSERT INTO evaluation_details (id, evaluation_id, question_id, score, comment) VALUES (3992, 394, 20, NULL, 'Excelente, me ayuda mucho con mis dudas globales.');
INSERT INTO evaluations (id, evaluatee_id, form_id, period_id, is_anonymous, status, submitted_at, created_at) VALUES (395, 50, 2, 3, FALSE, 'submitted', '2026-07-21 12:00:00', '2026-07-21 12:05:00');
INSERT INTO evaluation_submissions (id, evaluator_id, evaluatee_id, period_id, evaluation_id, created_at) VALUES (395, 37, 50, 3, 395, '2026-07-21 12:00:00');
INSERT INTO evaluation_details (id, evaluation_id, question_id, score, comment) VALUES (3993, 395, 12, 4, NULL);
INSERT INTO evaluation_details (id, evaluation_id, question_id, score, comment) VALUES (3994, 395, 13, 4, NULL);
INSERT INTO evaluation_details (id, evaluation_id, question_id, score, comment) VALUES (3995, 395, 14, 4, NULL);
INSERT INTO evaluation_details (id, evaluation_id, question_id, score, comment) VALUES (3996, 395, 15, 3, NULL);
INSERT INTO evaluation_details (id, evaluation_id, question_id, score, comment) VALUES (3997, 395, 16, 3, NULL);
INSERT INTO evaluation_details (id, evaluation_id, question_id, score, comment) VALUES (3998, 395, 17, 4, NULL);
INSERT INTO evaluation_details (id, evaluation_id, question_id, score, comment) VALUES (3999, 395, 18, 3, NULL);
INSERT INTO evaluation_details (id, evaluation_id, question_id, score, comment) VALUES (4000, 395, 19, 4, NULL);
INSERT INTO evaluation_details (id, evaluation_id, question_id, score, comment) VALUES (4001, 395, 20, NULL, 'Excelente, me ayuda mucho con mis dudas globales.');
INSERT INTO evaluations (id, evaluatee_id, form_id, period_id, is_anonymous, status, submitted_at, created_at) VALUES (396, 50, 2, 3, TRUE, 'submitted', '2026-07-21 12:00:00', '2026-07-21 12:05:00');
INSERT INTO evaluation_submissions (id, evaluator_id, evaluatee_id, period_id, evaluation_id, created_at) VALUES (396, 16, 50, 3, 396, '2026-07-21 12:00:00');
INSERT INTO evaluation_details (id, evaluation_id, question_id, score, comment) VALUES (4002, 396, 12, 5, NULL);
INSERT INTO evaluation_details (id, evaluation_id, question_id, score, comment) VALUES (4003, 396, 13, 4, NULL);
INSERT INTO evaluation_details (id, evaluation_id, question_id, score, comment) VALUES (4004, 396, 14, 4, NULL);
INSERT INTO evaluation_details (id, evaluation_id, question_id, score, comment) VALUES (4005, 396, 15, 4, NULL);
INSERT INTO evaluation_details (id, evaluation_id, question_id, score, comment) VALUES (4006, 396, 16, 4, NULL);
INSERT INTO evaluation_details (id, evaluation_id, question_id, score, comment) VALUES (4007, 396, 17, 4, NULL);
INSERT INTO evaluation_details (id, evaluation_id, question_id, score, comment) VALUES (4008, 396, 18, 4, NULL);
INSERT INTO evaluation_details (id, evaluation_id, question_id, score, comment) VALUES (4009, 396, 19, 4, NULL);
INSERT INTO evaluation_details (id, evaluation_id, question_id, score, comment) VALUES (4010, 396, 20, NULL, 'Siempre está disponible, muy buen profe.');
INSERT INTO evaluations (id, evaluatee_id, form_id, period_id, is_anonymous, status, submitted_at, created_at) VALUES (397, 50, 2, 3, FALSE, 'submitted', '2026-07-21 12:00:00', '2026-07-21 12:05:00');
INSERT INTO evaluation_submissions (id, evaluator_id, evaluatee_id, period_id, evaluation_id, created_at) VALUES (397, 40, 50, 3, 397, '2026-07-21 12:00:00');
INSERT INTO evaluation_details (id, evaluation_id, question_id, score, comment) VALUES (4011, 397, 12, 2, NULL);
INSERT INTO evaluation_details (id, evaluation_id, question_id, score, comment) VALUES (4012, 397, 13, 4, NULL);
INSERT INTO evaluation_details (id, evaluation_id, question_id, score, comment) VALUES (4013, 397, 14, 3, NULL);
INSERT INTO evaluation_details (id, evaluation_id, question_id, score, comment) VALUES (4014, 397, 15, 3, NULL);
INSERT INTO evaluation_details (id, evaluation_id, question_id, score, comment) VALUES (4015, 397, 16, 3, NULL);
INSERT INTO evaluation_details (id, evaluation_id, question_id, score, comment) VALUES (4016, 397, 17, 3, NULL);
INSERT INTO evaluation_details (id, evaluation_id, question_id, score, comment) VALUES (4017, 397, 18, 3, NULL);
INSERT INTO evaluation_details (id, evaluation_id, question_id, score, comment) VALUES (4018, 397, 19, 5, NULL);
INSERT INTO evaluation_details (id, evaluation_id, question_id, score, comment) VALUES (4019, 397, 20, NULL, 'Excelente, me ayuda mucho con mis dudas globales.');
INSERT INTO evaluations (id, evaluatee_id, form_id, period_id, is_anonymous, status, submitted_at, created_at) VALUES (398, 50, 2, 3, TRUE, 'submitted', '2026-07-21 12:00:00', '2026-07-21 12:05:00');
INSERT INTO evaluation_submissions (id, evaluator_id, evaluatee_id, period_id, evaluation_id, created_at) VALUES (398, 25, 50, 3, 398, '2026-07-21 12:00:00');
INSERT INTO evaluation_details (id, evaluation_id, question_id, score, comment) VALUES (4020, 398, 12, 3, NULL);
INSERT INTO evaluation_details (id, evaluation_id, question_id, score, comment) VALUES (4021, 398, 13, 4, NULL);
INSERT INTO evaluation_details (id, evaluation_id, question_id, score, comment) VALUES (4022, 398, 14, 2, NULL);
INSERT INTO evaluation_details (id, evaluation_id, question_id, score, comment) VALUES (4023, 398, 15, 3, NULL);
INSERT INTO evaluation_details (id, evaluation_id, question_id, score, comment) VALUES (4024, 398, 16, 3, NULL);
INSERT INTO evaluation_details (id, evaluation_id, question_id, score, comment) VALUES (4025, 398, 17, 3, NULL);
INSERT INTO evaluation_details (id, evaluation_id, question_id, score, comment) VALUES (4026, 398, 18, 4, NULL);
INSERT INTO evaluation_details (id, evaluation_id, question_id, score, comment) VALUES (4027, 398, 19, 3, NULL);
INSERT INTO evaluation_details (id, evaluation_id, question_id, score, comment) VALUES (4028, 398, 20, NULL, 'Falta un poco de orden en las clases.');
INSERT INTO evaluations (id, evaluatee_id, form_id, period_id, is_anonymous, status, submitted_at, created_at) VALUES (399, 50, 2, 4, FALSE, 'submitted', '2026-07-21 12:00:00', '2026-07-21 12:05:00');
INSERT INTO evaluation_submissions (id, evaluator_id, evaluatee_id, period_id, evaluation_id, created_at) VALUES (399, 29, 50, 4, 399, '2026-07-21 12:00:00');
INSERT INTO evaluation_details (id, evaluation_id, question_id, score, comment) VALUES (4029, 399, 12, 3, NULL);
INSERT INTO evaluation_details (id, evaluation_id, question_id, score, comment) VALUES (4030, 399, 13, 4, NULL);
INSERT INTO evaluation_details (id, evaluation_id, question_id, score, comment) VALUES (4031, 399, 14, 4, NULL);
INSERT INTO evaluation_details (id, evaluation_id, question_id, score, comment) VALUES (4032, 399, 15, 4, NULL);
INSERT INTO evaluation_details (id, evaluation_id, question_id, score, comment) VALUES (4033, 399, 16, 3, NULL);
INSERT INTO evaluation_details (id, evaluation_id, question_id, score, comment) VALUES (4034, 399, 17, 4, NULL);
INSERT INTO evaluation_details (id, evaluation_id, question_id, score, comment) VALUES (4035, 399, 18, 4, NULL);
INSERT INTO evaluation_details (id, evaluation_id, question_id, score, comment) VALUES (4036, 399, 19, 2, NULL);
INSERT INTO evaluation_details (id, evaluation_id, question_id, score, comment) VALUES (4037, 399, 20, NULL, 'Siempre está disponible, muy buen profe.');
INSERT INTO evaluations (id, evaluatee_id, form_id, period_id, is_anonymous, status, submitted_at, created_at) VALUES (400, 50, 2, 4, FALSE, 'submitted', '2026-07-21 12:00:00', '2026-07-21 12:05:00');
INSERT INTO evaluation_submissions (id, evaluator_id, evaluatee_id, period_id, evaluation_id, created_at) VALUES (400, 33, 50, 4, 400, '2026-07-21 12:00:00');
INSERT INTO evaluation_details (id, evaluation_id, question_id, score, comment) VALUES (4038, 400, 12, 3, NULL);
INSERT INTO evaluation_details (id, evaluation_id, question_id, score, comment) VALUES (4039, 400, 13, 3, NULL);
INSERT INTO evaluation_details (id, evaluation_id, question_id, score, comment) VALUES (4040, 400, 14, 4, NULL);
INSERT INTO evaluation_details (id, evaluation_id, question_id, score, comment) VALUES (4041, 400, 15, 4, NULL);
INSERT INTO evaluation_details (id, evaluation_id, question_id, score, comment) VALUES (4042, 400, 16, 3, NULL);
INSERT INTO evaluation_details (id, evaluation_id, question_id, score, comment) VALUES (4043, 400, 17, 3, NULL);
INSERT INTO evaluation_details (id, evaluation_id, question_id, score, comment) VALUES (4044, 400, 18, 3, NULL);
INSERT INTO evaluation_details (id, evaluation_id, question_id, score, comment) VALUES (4045, 400, 19, 3, NULL);
INSERT INTO evaluation_details (id, evaluation_id, question_id, score, comment) VALUES (4046, 400, 20, NULL, 'Falta un poco de orden en las clases.');
INSERT INTO evaluations (id, evaluatee_id, form_id, period_id, is_anonymous, status, submitted_at, created_at) VALUES (401, 50, 2, 4, TRUE, 'submitted', '2026-07-21 12:00:00', '2026-07-21 12:05:00');
INSERT INTO evaluation_submissions (id, evaluator_id, evaluatee_id, period_id, evaluation_id, created_at) VALUES (401, 24, 50, 4, 401, '2026-07-21 12:00:00');
INSERT INTO evaluation_details (id, evaluation_id, question_id, score, comment) VALUES (4047, 401, 12, 5, NULL);
INSERT INTO evaluation_details (id, evaluation_id, question_id, score, comment) VALUES (4048, 401, 13, 4, NULL);
INSERT INTO evaluation_details (id, evaluation_id, question_id, score, comment) VALUES (4049, 401, 14, 3, NULL);
INSERT INTO evaluation_details (id, evaluation_id, question_id, score, comment) VALUES (4050, 401, 15, 3, NULL);
INSERT INTO evaluation_details (id, evaluation_id, question_id, score, comment) VALUES (4051, 401, 16, 4, NULL);
INSERT INTO evaluation_details (id, evaluation_id, question_id, score, comment) VALUES (4052, 401, 17, 4, NULL);
INSERT INTO evaluation_details (id, evaluation_id, question_id, score, comment) VALUES (4053, 401, 18, 4, NULL);
INSERT INTO evaluation_details (id, evaluation_id, question_id, score, comment) VALUES (4054, 401, 19, 4, NULL);
INSERT INTO evaluation_details (id, evaluation_id, question_id, score, comment) VALUES (4055, 401, 20, NULL, 'Siempre está disponible, muy buen profe.');
INSERT INTO evaluations (id, evaluatee_id, form_id, period_id, is_anonymous, status, submitted_at, created_at) VALUES (402, 50, 2, 4, TRUE, 'submitted', '2026-07-21 12:00:00', '2026-07-21 12:05:00');
INSERT INTO evaluation_submissions (id, evaluator_id, evaluatee_id, period_id, evaluation_id, created_at) VALUES (402, 18, 50, 4, 402, '2026-07-21 12:00:00');
INSERT INTO evaluation_details (id, evaluation_id, question_id, score, comment) VALUES (4056, 402, 12, 4, NULL);
INSERT INTO evaluation_details (id, evaluation_id, question_id, score, comment) VALUES (4057, 402, 13, 4, NULL);
INSERT INTO evaluation_details (id, evaluation_id, question_id, score, comment) VALUES (4058, 402, 14, 4, NULL);
INSERT INTO evaluation_details (id, evaluation_id, question_id, score, comment) VALUES (4059, 402, 15, 4, NULL);
INSERT INTO evaluation_details (id, evaluation_id, question_id, score, comment) VALUES (4060, 402, 16, 4, NULL);
INSERT INTO evaluation_details (id, evaluation_id, question_id, score, comment) VALUES (4061, 402, 17, 3, NULL);
INSERT INTO evaluation_details (id, evaluation_id, question_id, score, comment) VALUES (4062, 402, 18, 4, NULL);
INSERT INTO evaluation_details (id, evaluation_id, question_id, score, comment) VALUES (4063, 402, 19, 4, NULL);
INSERT INTO evaluation_details (id, evaluation_id, question_id, score, comment) VALUES (4064, 402, 20, NULL, 'Falta un poco de orden en las clases.');
INSERT INTO evaluations (id, evaluatee_id, form_id, period_id, is_anonymous, status, submitted_at, created_at) VALUES (403, 50, 2, 4, TRUE, 'submitted', '2026-07-21 12:00:00', '2026-07-21 12:05:00');
INSERT INTO evaluation_submissions (id, evaluator_id, evaluatee_id, period_id, evaluation_id, created_at) VALUES (403, 17, 50, 4, 403, '2026-07-21 12:00:00');
INSERT INTO evaluation_details (id, evaluation_id, question_id, score, comment) VALUES (4065, 403, 12, 4, NULL);
INSERT INTO evaluation_details (id, evaluation_id, question_id, score, comment) VALUES (4066, 403, 13, 4, NULL);
INSERT INTO evaluation_details (id, evaluation_id, question_id, score, comment) VALUES (4067, 403, 14, 3, NULL);
INSERT INTO evaluation_details (id, evaluation_id, question_id, score, comment) VALUES (4068, 403, 15, 4, NULL);
INSERT INTO evaluation_details (id, evaluation_id, question_id, score, comment) VALUES (4069, 403, 16, 4, NULL);
INSERT INTO evaluation_details (id, evaluation_id, question_id, score, comment) VALUES (4070, 403, 17, 4, NULL);
INSERT INTO evaluation_details (id, evaluation_id, question_id, score, comment) VALUES (4071, 403, 18, 3, NULL);
INSERT INTO evaluation_details (id, evaluation_id, question_id, score, comment) VALUES (4072, 403, 19, 3, NULL);
INSERT INTO evaluation_details (id, evaluation_id, question_id, score, comment) VALUES (4073, 403, 20, NULL, 'Siempre está disponible, muy buen profe.');
INSERT INTO evaluations (id, evaluatee_id, form_id, period_id, is_anonymous, status, submitted_at, created_at) VALUES (404, 50, 2, 4, TRUE, 'submitted', '2026-07-21 12:00:00', '2026-07-21 12:05:00');
INSERT INTO evaluation_submissions (id, evaluator_id, evaluatee_id, period_id, evaluation_id, created_at) VALUES (404, 36, 50, 4, 404, '2026-07-21 12:00:00');
INSERT INTO evaluation_details (id, evaluation_id, question_id, score, comment) VALUES (4074, 404, 12, 5, NULL);
INSERT INTO evaluation_details (id, evaluation_id, question_id, score, comment) VALUES (4075, 404, 13, 3, NULL);
INSERT INTO evaluation_details (id, evaluation_id, question_id, score, comment) VALUES (4076, 404, 14, 3, NULL);
INSERT INTO evaluation_details (id, evaluation_id, question_id, score, comment) VALUES (4077, 404, 15, 4, NULL);
INSERT INTO evaluation_details (id, evaluation_id, question_id, score, comment) VALUES (4078, 404, 16, 4, NULL);
INSERT INTO evaluation_details (id, evaluation_id, question_id, score, comment) VALUES (4079, 404, 17, 4, NULL);
INSERT INTO evaluation_details (id, evaluation_id, question_id, score, comment) VALUES (4080, 404, 18, 5, NULL);
INSERT INTO evaluation_details (id, evaluation_id, question_id, score, comment) VALUES (4081, 404, 19, 4, NULL);
INSERT INTO evaluation_details (id, evaluation_id, question_id, score, comment) VALUES (4082, 404, 20, NULL, 'Falta un poco de orden en las clases.');
INSERT INTO evaluations (id, evaluatee_id, form_id, period_id, is_anonymous, status, submitted_at, created_at) VALUES (405, 50, 2, 4, TRUE, 'submitted', '2026-07-21 12:00:00', '2026-07-21 12:05:00');
INSERT INTO evaluation_submissions (id, evaluator_id, evaluatee_id, period_id, evaluation_id, created_at) VALUES (405, 16, 50, 4, 405, '2026-07-21 12:00:00');
INSERT INTO evaluation_details (id, evaluation_id, question_id, score, comment) VALUES (4083, 405, 12, 3, NULL);
INSERT INTO evaluation_details (id, evaluation_id, question_id, score, comment) VALUES (4084, 405, 13, 3, NULL);
INSERT INTO evaluation_details (id, evaluation_id, question_id, score, comment) VALUES (4085, 405, 14, 3, NULL);
INSERT INTO evaluation_details (id, evaluation_id, question_id, score, comment) VALUES (4086, 405, 15, 3, NULL);
INSERT INTO evaluation_details (id, evaluation_id, question_id, score, comment) VALUES (4087, 405, 16, 3, NULL);
INSERT INTO evaluation_details (id, evaluation_id, question_id, score, comment) VALUES (4088, 405, 17, 3, NULL);
INSERT INTO evaluation_details (id, evaluation_id, question_id, score, comment) VALUES (4089, 405, 18, 3, NULL);
INSERT INTO evaluation_details (id, evaluation_id, question_id, score, comment) VALUES (4090, 405, 19, 4, NULL);
INSERT INTO evaluation_details (id, evaluation_id, question_id, score, comment) VALUES (4091, 405, 20, NULL, 'Excelente, me ayuda mucho con mis dudas globales.');
INSERT INTO evaluations (id, evaluatee_id, form_id, period_id, is_anonymous, status, submitted_at, created_at) VALUES (406, 50, 2, 4, TRUE, 'submitted', '2026-07-21 12:00:00', '2026-07-21 12:05:00');
INSERT INTO evaluation_submissions (id, evaluator_id, evaluatee_id, period_id, evaluation_id, created_at) VALUES (406, 14, 50, 4, 406, '2026-07-21 12:00:00');
INSERT INTO evaluation_details (id, evaluation_id, question_id, score, comment) VALUES (4092, 406, 12, 4, NULL);
INSERT INTO evaluation_details (id, evaluation_id, question_id, score, comment) VALUES (4093, 406, 13, 3, NULL);
INSERT INTO evaluation_details (id, evaluation_id, question_id, score, comment) VALUES (4094, 406, 14, 3, NULL);
INSERT INTO evaluation_details (id, evaluation_id, question_id, score, comment) VALUES (4095, 406, 15, 3, NULL);
INSERT INTO evaluation_details (id, evaluation_id, question_id, score, comment) VALUES (4096, 406, 16, 3, NULL);
INSERT INTO evaluation_details (id, evaluation_id, question_id, score, comment) VALUES (4097, 406, 17, 3, NULL);
INSERT INTO evaluation_details (id, evaluation_id, question_id, score, comment) VALUES (4098, 406, 18, 3, NULL);
INSERT INTO evaluation_details (id, evaluation_id, question_id, score, comment) VALUES (4099, 406, 19, 3, NULL);
INSERT INTO evaluation_details (id, evaluation_id, question_id, score, comment) VALUES (4100, 406, 20, NULL, 'Excelente, me ayuda mucho con mis dudas globales.');
INSERT INTO evaluations (id, evaluatee_id, form_id, period_id, is_anonymous, status, submitted_at, created_at) VALUES (407, 50, 2, 4, TRUE, 'submitted', '2026-07-21 12:00:00', '2026-07-21 12:05:00');
INSERT INTO evaluation_submissions (id, evaluator_id, evaluatee_id, period_id, evaluation_id, created_at) VALUES (407, 12, 50, 4, 407, '2026-07-21 12:00:00');
INSERT INTO evaluation_details (id, evaluation_id, question_id, score, comment) VALUES (4101, 407, 12, 3, NULL);
INSERT INTO evaluation_details (id, evaluation_id, question_id, score, comment) VALUES (4102, 407, 13, 3, NULL);
INSERT INTO evaluation_details (id, evaluation_id, question_id, score, comment) VALUES (4103, 407, 14, 3, NULL);
INSERT INTO evaluation_details (id, evaluation_id, question_id, score, comment) VALUES (4104, 407, 15, 3, NULL);
INSERT INTO evaluation_details (id, evaluation_id, question_id, score, comment) VALUES (4105, 407, 16, 3, NULL);
INSERT INTO evaluation_details (id, evaluation_id, question_id, score, comment) VALUES (4106, 407, 17, 3, NULL);
INSERT INTO evaluation_details (id, evaluation_id, question_id, score, comment) VALUES (4107, 407, 18, 4, NULL);
INSERT INTO evaluation_details (id, evaluation_id, question_id, score, comment) VALUES (4108, 407, 19, 4, NULL);
INSERT INTO evaluation_details (id, evaluation_id, question_id, score, comment) VALUES (4109, 407, 20, NULL, 'Siempre está disponible, muy buen profe.');
INSERT INTO evaluations (id, evaluatee_id, form_id, period_id, is_anonymous, status, submitted_at, created_at) VALUES (408, 51, 2, 1, FALSE, 'submitted', '2026-07-21 12:00:00', '2026-07-21 12:05:00');
INSERT INTO evaluation_submissions (id, evaluator_id, evaluatee_id, period_id, evaluation_id, created_at) VALUES (408, 30, 51, 1, 408, '2026-07-21 12:00:00');
INSERT INTO evaluation_details (id, evaluation_id, question_id, score, comment) VALUES (4110, 408, 12, 4, NULL);
INSERT INTO evaluation_details (id, evaluation_id, question_id, score, comment) VALUES (4111, 408, 13, 4, NULL);
INSERT INTO evaluation_details (id, evaluation_id, question_id, score, comment) VALUES (4112, 408, 14, 5, NULL);
INSERT INTO evaluation_details (id, evaluation_id, question_id, score, comment) VALUES (4113, 408, 15, 4, NULL);
INSERT INTO evaluation_details (id, evaluation_id, question_id, score, comment) VALUES (4114, 408, 16, 4, NULL);
INSERT INTO evaluation_details (id, evaluation_id, question_id, score, comment) VALUES (4115, 408, 17, 3, NULL);
INSERT INTO evaluation_details (id, evaluation_id, question_id, score, comment) VALUES (4116, 408, 18, 4, NULL);
INSERT INTO evaluation_details (id, evaluation_id, question_id, score, comment) VALUES (4117, 408, 19, 4, NULL);
INSERT INTO evaluation_details (id, evaluation_id, question_id, score, comment) VALUES (4118, 408, 20, NULL, 'Las sesiones de este periodo fueron muy claras.');
INSERT INTO evaluations (id, evaluatee_id, form_id, period_id, is_anonymous, status, submitted_at, created_at) VALUES (409, 51, 2, 1, TRUE, 'submitted', '2026-07-21 12:00:00', '2026-07-21 12:05:00');
INSERT INTO evaluation_submissions (id, evaluator_id, evaluatee_id, period_id, evaluation_id, created_at) VALUES (409, 31, 51, 1, 409, '2026-07-21 12:00:00');
INSERT INTO evaluation_details (id, evaluation_id, question_id, score, comment) VALUES (4119, 409, 12, 2, NULL);
INSERT INTO evaluation_details (id, evaluation_id, question_id, score, comment) VALUES (4120, 409, 13, 3, NULL);
INSERT INTO evaluation_details (id, evaluation_id, question_id, score, comment) VALUES (4121, 409, 14, 3, NULL);
INSERT INTO evaluation_details (id, evaluation_id, question_id, score, comment) VALUES (4122, 409, 15, 4, NULL);
INSERT INTO evaluation_details (id, evaluation_id, question_id, score, comment) VALUES (4123, 409, 16, 3, NULL);
INSERT INTO evaluation_details (id, evaluation_id, question_id, score, comment) VALUES (4124, 409, 17, 3, NULL);
INSERT INTO evaluation_details (id, evaluation_id, question_id, score, comment) VALUES (4125, 409, 18, 4, NULL);
INSERT INTO evaluation_details (id, evaluation_id, question_id, score, comment) VALUES (4126, 409, 19, 4, NULL);
INSERT INTO evaluation_details (id, evaluation_id, question_id, score, comment) VALUES (4127, 409, 20, NULL, 'Excelente, me ayuda mucho con mis dudas globales.');
INSERT INTO evaluations (id, evaluatee_id, form_id, period_id, is_anonymous, status, submitted_at, created_at) VALUES (410, 51, 2, 1, TRUE, 'submitted', '2026-07-21 12:00:00', '2026-07-21 12:05:00');
INSERT INTO evaluation_submissions (id, evaluator_id, evaluatee_id, period_id, evaluation_id, created_at) VALUES (410, 44, 51, 1, 410, '2026-07-21 12:00:00');
INSERT INTO evaluation_details (id, evaluation_id, question_id, score, comment) VALUES (4128, 410, 12, 3, NULL);
INSERT INTO evaluation_details (id, evaluation_id, question_id, score, comment) VALUES (4129, 410, 13, 2, NULL);
INSERT INTO evaluation_details (id, evaluation_id, question_id, score, comment) VALUES (4130, 410, 14, 3, NULL);
INSERT INTO evaluation_details (id, evaluation_id, question_id, score, comment) VALUES (4131, 410, 15, 4, NULL);
INSERT INTO evaluation_details (id, evaluation_id, question_id, score, comment) VALUES (4132, 410, 16, 2, NULL);
INSERT INTO evaluation_details (id, evaluation_id, question_id, score, comment) VALUES (4133, 410, 17, 3, NULL);
INSERT INTO evaluation_details (id, evaluation_id, question_id, score, comment) VALUES (4134, 410, 18, 3, NULL);
INSERT INTO evaluation_details (id, evaluation_id, question_id, score, comment) VALUES (4135, 410, 19, 3, NULL);
INSERT INTO evaluation_details (id, evaluation_id, question_id, score, comment) VALUES (4136, 410, 20, NULL, 'Las sesiones de este periodo fueron muy claras.');
INSERT INTO evaluations (id, evaluatee_id, form_id, period_id, is_anonymous, status, submitted_at, created_at) VALUES (411, 51, 2, 1, TRUE, 'submitted', '2026-07-21 12:00:00', '2026-07-21 12:05:00');
INSERT INTO evaluation_submissions (id, evaluator_id, evaluatee_id, period_id, evaluation_id, created_at) VALUES (411, 27, 51, 1, 411, '2026-07-21 12:00:00');
INSERT INTO evaluation_details (id, evaluation_id, question_id, score, comment) VALUES (4137, 411, 12, 4, NULL);
INSERT INTO evaluation_details (id, evaluation_id, question_id, score, comment) VALUES (4138, 411, 13, 5, NULL);
INSERT INTO evaluation_details (id, evaluation_id, question_id, score, comment) VALUES (4139, 411, 14, 3, NULL);
INSERT INTO evaluation_details (id, evaluation_id, question_id, score, comment) VALUES (4140, 411, 15, 4, NULL);
INSERT INTO evaluation_details (id, evaluation_id, question_id, score, comment) VALUES (4141, 411, 16, 3, NULL);
INSERT INTO evaluation_details (id, evaluation_id, question_id, score, comment) VALUES (4142, 411, 17, 3, NULL);
INSERT INTO evaluation_details (id, evaluation_id, question_id, score, comment) VALUES (4143, 411, 18, 3, NULL);
INSERT INTO evaluation_details (id, evaluation_id, question_id, score, comment) VALUES (4144, 411, 19, 4, NULL);
INSERT INTO evaluation_details (id, evaluation_id, question_id, score, comment) VALUES (4145, 411, 20, NULL, 'Excelente, me ayuda mucho con mis dudas globales.');
INSERT INTO evaluations (id, evaluatee_id, form_id, period_id, is_anonymous, status, submitted_at, created_at) VALUES (412, 51, 2, 1, FALSE, 'submitted', '2026-07-21 12:00:00', '2026-07-21 12:05:00');
INSERT INTO evaluation_submissions (id, evaluator_id, evaluatee_id, period_id, evaluation_id, created_at) VALUES (412, 12, 51, 1, 412, '2026-07-21 12:00:00');
INSERT INTO evaluation_details (id, evaluation_id, question_id, score, comment) VALUES (4146, 412, 12, 4, NULL);
INSERT INTO evaluation_details (id, evaluation_id, question_id, score, comment) VALUES (4147, 412, 13, 4, NULL);
INSERT INTO evaluation_details (id, evaluation_id, question_id, score, comment) VALUES (4148, 412, 14, 5, NULL);
INSERT INTO evaluation_details (id, evaluation_id, question_id, score, comment) VALUES (4149, 412, 15, 4, NULL);
INSERT INTO evaluation_details (id, evaluation_id, question_id, score, comment) VALUES (4150, 412, 16, 5, NULL);
INSERT INTO evaluation_details (id, evaluation_id, question_id, score, comment) VALUES (4151, 412, 17, 4, NULL);
INSERT INTO evaluation_details (id, evaluation_id, question_id, score, comment) VALUES (4152, 412, 18, 4, NULL);
INSERT INTO evaluation_details (id, evaluation_id, question_id, score, comment) VALUES (4153, 412, 19, 4, NULL);
INSERT INTO evaluation_details (id, evaluation_id, question_id, score, comment) VALUES (4154, 412, 20, NULL, 'Excelente, me ayuda mucho con mis dudas globales.');
INSERT INTO evaluations (id, evaluatee_id, form_id, period_id, is_anonymous, status, submitted_at, created_at) VALUES (413, 51, 2, 1, TRUE, 'submitted', '2026-07-21 12:00:00', '2026-07-21 12:05:00');
INSERT INTO evaluation_submissions (id, evaluator_id, evaluatee_id, period_id, evaluation_id, created_at) VALUES (413, 17, 51, 1, 413, '2026-07-21 12:00:00');
INSERT INTO evaluation_details (id, evaluation_id, question_id, score, comment) VALUES (4155, 413, 12, 4, NULL);
INSERT INTO evaluation_details (id, evaluation_id, question_id, score, comment) VALUES (4156, 413, 13, 4, NULL);
INSERT INTO evaluation_details (id, evaluation_id, question_id, score, comment) VALUES (4157, 413, 14, 3, NULL);
INSERT INTO evaluation_details (id, evaluation_id, question_id, score, comment) VALUES (4158, 413, 15, 4, NULL);
INSERT INTO evaluation_details (id, evaluation_id, question_id, score, comment) VALUES (4159, 413, 16, 4, NULL);
INSERT INTO evaluation_details (id, evaluation_id, question_id, score, comment) VALUES (4160, 413, 17, 4, NULL);
INSERT INTO evaluation_details (id, evaluation_id, question_id, score, comment) VALUES (4161, 413, 18, 4, NULL);
INSERT INTO evaluation_details (id, evaluation_id, question_id, score, comment) VALUES (4162, 413, 19, 5, NULL);
INSERT INTO evaluation_details (id, evaluation_id, question_id, score, comment) VALUES (4163, 413, 20, NULL, 'Siempre está disponible, muy buen profe.');
INSERT INTO evaluations (id, evaluatee_id, form_id, period_id, is_anonymous, status, submitted_at, created_at) VALUES (414, 51, 2, 1, FALSE, 'submitted', '2026-07-21 12:00:00', '2026-07-21 12:05:00');
INSERT INTO evaluation_submissions (id, evaluator_id, evaluatee_id, period_id, evaluation_id, created_at) VALUES (414, 15, 51, 1, 414, '2026-07-21 12:00:00');
INSERT INTO evaluation_details (id, evaluation_id, question_id, score, comment) VALUES (4164, 414, 12, 4, NULL);
INSERT INTO evaluation_details (id, evaluation_id, question_id, score, comment) VALUES (4165, 414, 13, 3, NULL);
INSERT INTO evaluation_details (id, evaluation_id, question_id, score, comment) VALUES (4166, 414, 14, 4, NULL);
INSERT INTO evaluation_details (id, evaluation_id, question_id, score, comment) VALUES (4167, 414, 15, 4, NULL);
INSERT INTO evaluation_details (id, evaluation_id, question_id, score, comment) VALUES (4168, 414, 16, 4, NULL);
INSERT INTO evaluation_details (id, evaluation_id, question_id, score, comment) VALUES (4169, 414, 17, 4, NULL);
INSERT INTO evaluation_details (id, evaluation_id, question_id, score, comment) VALUES (4170, 414, 18, 4, NULL);
INSERT INTO evaluation_details (id, evaluation_id, question_id, score, comment) VALUES (4171, 414, 19, 3, NULL);
INSERT INTO evaluation_details (id, evaluation_id, question_id, score, comment) VALUES (4172, 414, 20, NULL, 'Excelente, me ayuda mucho con mis dudas globales.');
INSERT INTO evaluations (id, evaluatee_id, form_id, period_id, is_anonymous, status, submitted_at, created_at) VALUES (415, 51, 2, 1, FALSE, 'submitted', '2026-07-21 12:00:00', '2026-07-21 12:05:00');
INSERT INTO evaluation_submissions (id, evaluator_id, evaluatee_id, period_id, evaluation_id, created_at) VALUES (415, 13, 51, 1, 415, '2026-07-21 12:00:00');
INSERT INTO evaluation_details (id, evaluation_id, question_id, score, comment) VALUES (4173, 415, 12, 5, NULL);
INSERT INTO evaluation_details (id, evaluation_id, question_id, score, comment) VALUES (4174, 415, 13, 5, NULL);
INSERT INTO evaluation_details (id, evaluation_id, question_id, score, comment) VALUES (4175, 415, 14, 4, NULL);
INSERT INTO evaluation_details (id, evaluation_id, question_id, score, comment) VALUES (4176, 415, 15, 3, NULL);
INSERT INTO evaluation_details (id, evaluation_id, question_id, score, comment) VALUES (4177, 415, 16, 4, NULL);
INSERT INTO evaluation_details (id, evaluation_id, question_id, score, comment) VALUES (4178, 415, 17, 4, NULL);
INSERT INTO evaluation_details (id, evaluation_id, question_id, score, comment) VALUES (4179, 415, 18, 5, NULL);
INSERT INTO evaluation_details (id, evaluation_id, question_id, score, comment) VALUES (4180, 415, 19, 4, NULL);
INSERT INTO evaluation_details (id, evaluation_id, question_id, score, comment) VALUES (4181, 415, 20, NULL, 'Las sesiones de este periodo fueron muy claras.');
INSERT INTO evaluations (id, evaluatee_id, form_id, period_id, is_anonymous, status, submitted_at, created_at) VALUES (416, 51, 2, 1, FALSE, 'submitted', '2026-07-21 12:00:00', '2026-07-21 12:05:00');
INSERT INTO evaluation_submissions (id, evaluator_id, evaluatee_id, period_id, evaluation_id, created_at) VALUES (416, 25, 51, 1, 416, '2026-07-21 12:00:00');
INSERT INTO evaluation_details (id, evaluation_id, question_id, score, comment) VALUES (4182, 416, 12, 3, NULL);
INSERT INTO evaluation_details (id, evaluation_id, question_id, score, comment) VALUES (4183, 416, 13, 3, NULL);
INSERT INTO evaluation_details (id, evaluation_id, question_id, score, comment) VALUES (4184, 416, 14, 4, NULL);
INSERT INTO evaluation_details (id, evaluation_id, question_id, score, comment) VALUES (4185, 416, 15, 2, NULL);
INSERT INTO evaluation_details (id, evaluation_id, question_id, score, comment) VALUES (4186, 416, 16, 3, NULL);
INSERT INTO evaluation_details (id, evaluation_id, question_id, score, comment) VALUES (4187, 416, 17, 3, NULL);
INSERT INTO evaluation_details (id, evaluation_id, question_id, score, comment) VALUES (4188, 416, 18, 3, NULL);
INSERT INTO evaluation_details (id, evaluation_id, question_id, score, comment) VALUES (4189, 416, 19, 3, NULL);
INSERT INTO evaluation_details (id, evaluation_id, question_id, score, comment) VALUES (4190, 416, 20, NULL, 'Excelente, me ayuda mucho con mis dudas globales.');
INSERT INTO evaluations (id, evaluatee_id, form_id, period_id, is_anonymous, status, submitted_at, created_at) VALUES (417, 51, 2, 1, TRUE, 'submitted', '2026-07-21 12:00:00', '2026-07-21 12:05:00');
INSERT INTO evaluation_submissions (id, evaluator_id, evaluatee_id, period_id, evaluation_id, created_at) VALUES (417, 38, 51, 1, 417, '2026-07-21 12:00:00');
INSERT INTO evaluation_details (id, evaluation_id, question_id, score, comment) VALUES (4191, 417, 12, 3, NULL);
INSERT INTO evaluation_details (id, evaluation_id, question_id, score, comment) VALUES (4192, 417, 13, 3, NULL);
INSERT INTO evaluation_details (id, evaluation_id, question_id, score, comment) VALUES (4193, 417, 14, 3, NULL);
INSERT INTO evaluation_details (id, evaluation_id, question_id, score, comment) VALUES (4194, 417, 15, 3, NULL);
INSERT INTO evaluation_details (id, evaluation_id, question_id, score, comment) VALUES (4195, 417, 16, 3, NULL);
INSERT INTO evaluation_details (id, evaluation_id, question_id, score, comment) VALUES (4196, 417, 17, 2, NULL);
INSERT INTO evaluation_details (id, evaluation_id, question_id, score, comment) VALUES (4197, 417, 18, 2, NULL);
INSERT INTO evaluation_details (id, evaluation_id, question_id, score, comment) VALUES (4198, 417, 19, 3, NULL);
INSERT INTO evaluation_details (id, evaluation_id, question_id, score, comment) VALUES (4199, 417, 20, NULL, 'Las sesiones de este periodo fueron muy claras.');
INSERT INTO evaluations (id, evaluatee_id, form_id, period_id, is_anonymous, status, submitted_at, created_at) VALUES (418, 51, 2, 2, FALSE, 'submitted', '2026-07-21 12:00:00', '2026-07-21 12:05:00');
INSERT INTO evaluation_submissions (id, evaluator_id, evaluatee_id, period_id, evaluation_id, created_at) VALUES (418, 25, 51, 2, 418, '2026-07-21 12:00:00');
INSERT INTO evaluation_details (id, evaluation_id, question_id, score, comment) VALUES (4200, 418, 12, 3, NULL);
INSERT INTO evaluation_details (id, evaluation_id, question_id, score, comment) VALUES (4201, 418, 13, 4, NULL);
INSERT INTO evaluation_details (id, evaluation_id, question_id, score, comment) VALUES (4202, 418, 14, 4, NULL);
INSERT INTO evaluation_details (id, evaluation_id, question_id, score, comment) VALUES (4203, 418, 15, 4, NULL);
INSERT INTO evaluation_details (id, evaluation_id, question_id, score, comment) VALUES (4204, 418, 16, 4, NULL);
INSERT INTO evaluation_details (id, evaluation_id, question_id, score, comment) VALUES (4205, 418, 17, 3, NULL);
INSERT INTO evaluation_details (id, evaluation_id, question_id, score, comment) VALUES (4206, 418, 18, 4, NULL);
INSERT INTO evaluation_details (id, evaluation_id, question_id, score, comment) VALUES (4207, 418, 19, 4, NULL);
INSERT INTO evaluation_details (id, evaluation_id, question_id, score, comment) VALUES (4208, 418, 20, NULL, 'Las sesiones de este periodo fueron muy claras.');
INSERT INTO evaluations (id, evaluatee_id, form_id, period_id, is_anonymous, status, submitted_at, created_at) VALUES (419, 51, 2, 2, TRUE, 'submitted', '2026-07-21 12:00:00', '2026-07-21 12:05:00');
INSERT INTO evaluation_submissions (id, evaluator_id, evaluatee_id, period_id, evaluation_id, created_at) VALUES (419, 27, 51, 2, 419, '2026-07-21 12:00:00');
INSERT INTO evaluation_details (id, evaluation_id, question_id, score, comment) VALUES (4209, 419, 12, 4, NULL);
INSERT INTO evaluation_details (id, evaluation_id, question_id, score, comment) VALUES (4210, 419, 13, 4, NULL);
INSERT INTO evaluation_details (id, evaluation_id, question_id, score, comment) VALUES (4211, 419, 14, 4, NULL);
INSERT INTO evaluation_details (id, evaluation_id, question_id, score, comment) VALUES (4212, 419, 15, 4, NULL);
INSERT INTO evaluation_details (id, evaluation_id, question_id, score, comment) VALUES (4213, 419, 16, 5, NULL);
INSERT INTO evaluation_details (id, evaluation_id, question_id, score, comment) VALUES (4214, 419, 17, 4, NULL);
INSERT INTO evaluation_details (id, evaluation_id, question_id, score, comment) VALUES (4215, 419, 18, 4, NULL);
INSERT INTO evaluation_details (id, evaluation_id, question_id, score, comment) VALUES (4216, 419, 19, 3, NULL);
INSERT INTO evaluation_details (id, evaluation_id, question_id, score, comment) VALUES (4217, 419, 20, NULL, 'Excelente, me ayuda mucho con mis dudas globales.');
INSERT INTO evaluations (id, evaluatee_id, form_id, period_id, is_anonymous, status, submitted_at, created_at) VALUES (420, 51, 2, 2, TRUE, 'submitted', '2026-07-21 12:00:00', '2026-07-21 12:05:00');
INSERT INTO evaluation_submissions (id, evaluator_id, evaluatee_id, period_id, evaluation_id, created_at) VALUES (420, 19, 51, 2, 420, '2026-07-21 12:00:00');
INSERT INTO evaluation_details (id, evaluation_id, question_id, score, comment) VALUES (4218, 420, 12, 4, NULL);
INSERT INTO evaluation_details (id, evaluation_id, question_id, score, comment) VALUES (4219, 420, 13, 3, NULL);
INSERT INTO evaluation_details (id, evaluation_id, question_id, score, comment) VALUES (4220, 420, 14, 2, NULL);
INSERT INTO evaluation_details (id, evaluation_id, question_id, score, comment) VALUES (4221, 420, 15, 3, NULL);
INSERT INTO evaluation_details (id, evaluation_id, question_id, score, comment) VALUES (4222, 420, 16, 4, NULL);
INSERT INTO evaluation_details (id, evaluation_id, question_id, score, comment) VALUES (4223, 420, 17, 3, NULL);
INSERT INTO evaluation_details (id, evaluation_id, question_id, score, comment) VALUES (4224, 420, 18, 4, NULL);
INSERT INTO evaluation_details (id, evaluation_id, question_id, score, comment) VALUES (4225, 420, 19, 3, NULL);
INSERT INTO evaluation_details (id, evaluation_id, question_id, score, comment) VALUES (4226, 420, 20, NULL, 'Hace un buen trabajo, pero a veces explica muy rápido.');
INSERT INTO evaluations (id, evaluatee_id, form_id, period_id, is_anonymous, status, submitted_at, created_at) VALUES (421, 51, 2, 2, FALSE, 'submitted', '2026-07-21 12:00:00', '2026-07-21 12:05:00');
INSERT INTO evaluation_submissions (id, evaluator_id, evaluatee_id, period_id, evaluation_id, created_at) VALUES (421, 13, 51, 2, 421, '2026-07-21 12:00:00');
INSERT INTO evaluation_details (id, evaluation_id, question_id, score, comment) VALUES (4227, 421, 12, 5, NULL);
INSERT INTO evaluation_details (id, evaluation_id, question_id, score, comment) VALUES (4228, 421, 13, 4, NULL);
INSERT INTO evaluation_details (id, evaluation_id, question_id, score, comment) VALUES (4229, 421, 14, 5, NULL);
INSERT INTO evaluation_details (id, evaluation_id, question_id, score, comment) VALUES (4230, 421, 15, 4, NULL);
INSERT INTO evaluation_details (id, evaluation_id, question_id, score, comment) VALUES (4231, 421, 16, 4, NULL);
INSERT INTO evaluation_details (id, evaluation_id, question_id, score, comment) VALUES (4232, 421, 17, 5, NULL);
INSERT INTO evaluation_details (id, evaluation_id, question_id, score, comment) VALUES (4233, 421, 18, 5, NULL);
INSERT INTO evaluation_details (id, evaluation_id, question_id, score, comment) VALUES (4234, 421, 19, 4, NULL);
INSERT INTO evaluation_details (id, evaluation_id, question_id, score, comment) VALUES (4235, 421, 20, NULL, 'Excelente, me ayuda mucho con mis dudas globales.');
INSERT INTO evaluations (id, evaluatee_id, form_id, period_id, is_anonymous, status, submitted_at, created_at) VALUES (422, 51, 2, 2, FALSE, 'submitted', '2026-07-21 12:00:00', '2026-07-21 12:05:00');
INSERT INTO evaluation_submissions (id, evaluator_id, evaluatee_id, period_id, evaluation_id, created_at) VALUES (422, 18, 51, 2, 422, '2026-07-21 12:00:00');
INSERT INTO evaluation_details (id, evaluation_id, question_id, score, comment) VALUES (4236, 422, 12, 4, NULL);
INSERT INTO evaluation_details (id, evaluation_id, question_id, score, comment) VALUES (4237, 422, 13, 4, NULL);
INSERT INTO evaluation_details (id, evaluation_id, question_id, score, comment) VALUES (4238, 422, 14, 4, NULL);
INSERT INTO evaluation_details (id, evaluation_id, question_id, score, comment) VALUES (4239, 422, 15, 4, NULL);
INSERT INTO evaluation_details (id, evaluation_id, question_id, score, comment) VALUES (4240, 422, 16, 3, NULL);
INSERT INTO evaluation_details (id, evaluation_id, question_id, score, comment) VALUES (4241, 422, 17, 4, NULL);
INSERT INTO evaluation_details (id, evaluation_id, question_id, score, comment) VALUES (4242, 422, 18, 3, NULL);
INSERT INTO evaluation_details (id, evaluation_id, question_id, score, comment) VALUES (4243, 422, 19, 3, NULL);
INSERT INTO evaluation_details (id, evaluation_id, question_id, score, comment) VALUES (4244, 422, 20, NULL, 'Hace un buen trabajo, pero a veces explica muy rápido.');
INSERT INTO evaluations (id, evaluatee_id, form_id, period_id, is_anonymous, status, submitted_at, created_at) VALUES (423, 51, 2, 2, TRUE, 'submitted', '2026-07-21 12:00:00', '2026-07-21 12:05:00');
INSERT INTO evaluation_submissions (id, evaluator_id, evaluatee_id, period_id, evaluation_id, created_at) VALUES (423, 38, 51, 2, 423, '2026-07-21 12:00:00');
INSERT INTO evaluation_details (id, evaluation_id, question_id, score, comment) VALUES (4245, 423, 12, 4, NULL);
INSERT INTO evaluation_details (id, evaluation_id, question_id, score, comment) VALUES (4246, 423, 13, 3, NULL);
INSERT INTO evaluation_details (id, evaluation_id, question_id, score, comment) VALUES (4247, 423, 14, 4, NULL);
INSERT INTO evaluation_details (id, evaluation_id, question_id, score, comment) VALUES (4248, 423, 15, 4, NULL);
INSERT INTO evaluation_details (id, evaluation_id, question_id, score, comment) VALUES (4249, 423, 16, 4, NULL);
INSERT INTO evaluation_details (id, evaluation_id, question_id, score, comment) VALUES (4250, 423, 17, 4, NULL);
INSERT INTO evaluation_details (id, evaluation_id, question_id, score, comment) VALUES (4251, 423, 18, 4, NULL);
INSERT INTO evaluation_details (id, evaluation_id, question_id, score, comment) VALUES (4252, 423, 19, 3, NULL);
INSERT INTO evaluation_details (id, evaluation_id, question_id, score, comment) VALUES (4253, 423, 20, NULL, 'Excelente, me ayuda mucho con mis dudas globales.');
INSERT INTO evaluations (id, evaluatee_id, form_id, period_id, is_anonymous, status, submitted_at, created_at) VALUES (424, 51, 2, 2, TRUE, 'submitted', '2026-07-21 12:00:00', '2026-07-21 12:05:00');
INSERT INTO evaluation_submissions (id, evaluator_id, evaluatee_id, period_id, evaluation_id, created_at) VALUES (424, 42, 51, 2, 424, '2026-07-21 12:00:00');
INSERT INTO evaluation_details (id, evaluation_id, question_id, score, comment) VALUES (4254, 424, 12, 4, NULL);
INSERT INTO evaluation_details (id, evaluation_id, question_id, score, comment) VALUES (4255, 424, 13, 5, NULL);
INSERT INTO evaluation_details (id, evaluation_id, question_id, score, comment) VALUES (4256, 424, 14, 4, NULL);
INSERT INTO evaluation_details (id, evaluation_id, question_id, score, comment) VALUES (4257, 424, 15, 4, NULL);
INSERT INTO evaluation_details (id, evaluation_id, question_id, score, comment) VALUES (4258, 424, 16, 4, NULL);
INSERT INTO evaluation_details (id, evaluation_id, question_id, score, comment) VALUES (4259, 424, 17, 4, NULL);
INSERT INTO evaluation_details (id, evaluation_id, question_id, score, comment) VALUES (4260, 424, 18, 4, NULL);
INSERT INTO evaluation_details (id, evaluation_id, question_id, score, comment) VALUES (4261, 424, 19, 4, NULL);
INSERT INTO evaluation_details (id, evaluation_id, question_id, score, comment) VALUES (4262, 424, 20, NULL, 'Hace un buen trabajo, pero a veces explica muy rápido.');
INSERT INTO evaluations (id, evaluatee_id, form_id, period_id, is_anonymous, status, submitted_at, created_at) VALUES (425, 51, 2, 2, FALSE, 'submitted', '2026-07-21 12:00:00', '2026-07-21 12:05:00');
INSERT INTO evaluation_submissions (id, evaluator_id, evaluatee_id, period_id, evaluation_id, created_at) VALUES (425, 39, 51, 2, 425, '2026-07-21 12:00:00');
INSERT INTO evaluation_details (id, evaluation_id, question_id, score, comment) VALUES (4263, 425, 12, 2, NULL);
INSERT INTO evaluation_details (id, evaluation_id, question_id, score, comment) VALUES (4264, 425, 13, 4, NULL);
INSERT INTO evaluation_details (id, evaluation_id, question_id, score, comment) VALUES (4265, 425, 14, 3, NULL);
INSERT INTO evaluation_details (id, evaluation_id, question_id, score, comment) VALUES (4266, 425, 15, 3, NULL);
INSERT INTO evaluation_details (id, evaluation_id, question_id, score, comment) VALUES (4267, 425, 16, 3, NULL);
INSERT INTO evaluation_details (id, evaluation_id, question_id, score, comment) VALUES (4268, 425, 17, 4, NULL);
INSERT INTO evaluation_details (id, evaluation_id, question_id, score, comment) VALUES (4269, 425, 18, 3, NULL);
INSERT INTO evaluation_details (id, evaluation_id, question_id, score, comment) VALUES (4270, 425, 19, 3, NULL);
INSERT INTO evaluation_details (id, evaluation_id, question_id, score, comment) VALUES (4271, 425, 20, NULL, 'Excelente, me ayuda mucho con mis dudas globales.');
INSERT INTO evaluations (id, evaluatee_id, form_id, period_id, is_anonymous, status, submitted_at, created_at) VALUES (426, 51, 2, 3, FALSE, 'submitted', '2026-07-21 12:00:00', '2026-07-21 12:05:00');
INSERT INTO evaluation_submissions (id, evaluator_id, evaluatee_id, period_id, evaluation_id, created_at) VALUES (426, 19, 51, 3, 426, '2026-07-21 12:00:00');
INSERT INTO evaluation_details (id, evaluation_id, question_id, score, comment) VALUES (4272, 426, 12, 4, NULL);
INSERT INTO evaluation_details (id, evaluation_id, question_id, score, comment) VALUES (4273, 426, 13, 4, NULL);
INSERT INTO evaluation_details (id, evaluation_id, question_id, score, comment) VALUES (4274, 426, 14, 4, NULL);
INSERT INTO evaluation_details (id, evaluation_id, question_id, score, comment) VALUES (4275, 426, 15, 3, NULL);
INSERT INTO evaluation_details (id, evaluation_id, question_id, score, comment) VALUES (4276, 426, 16, 3, NULL);
INSERT INTO evaluation_details (id, evaluation_id, question_id, score, comment) VALUES (4277, 426, 17, 3, NULL);
INSERT INTO evaluation_details (id, evaluation_id, question_id, score, comment) VALUES (4278, 426, 18, 4, NULL);
INSERT INTO evaluation_details (id, evaluation_id, question_id, score, comment) VALUES (4279, 426, 19, 4, NULL);
INSERT INTO evaluation_details (id, evaluation_id, question_id, score, comment) VALUES (4280, 426, 20, NULL, 'Siempre está disponible, muy buen profe.');
INSERT INTO evaluations (id, evaluatee_id, form_id, period_id, is_anonymous, status, submitted_at, created_at) VALUES (427, 51, 2, 3, TRUE, 'submitted', '2026-07-21 12:00:00', '2026-07-21 12:05:00');
INSERT INTO evaluation_submissions (id, evaluator_id, evaluatee_id, period_id, evaluation_id, created_at) VALUES (427, 26, 51, 3, 427, '2026-07-21 12:00:00');
INSERT INTO evaluation_details (id, evaluation_id, question_id, score, comment) VALUES (4281, 427, 12, 4, NULL);
INSERT INTO evaluation_details (id, evaluation_id, question_id, score, comment) VALUES (4282, 427, 13, 3, NULL);
INSERT INTO evaluation_details (id, evaluation_id, question_id, score, comment) VALUES (4283, 427, 14, 2, NULL);
INSERT INTO evaluation_details (id, evaluation_id, question_id, score, comment) VALUES (4284, 427, 15, 3, NULL);
INSERT INTO evaluation_details (id, evaluation_id, question_id, score, comment) VALUES (4285, 427, 16, 4, NULL);
INSERT INTO evaluation_details (id, evaluation_id, question_id, score, comment) VALUES (4286, 427, 17, 3, NULL);
INSERT INTO evaluation_details (id, evaluation_id, question_id, score, comment) VALUES (4287, 427, 18, 4, NULL);
INSERT INTO evaluation_details (id, evaluation_id, question_id, score, comment) VALUES (4288, 427, 19, 3, NULL);
INSERT INTO evaluation_details (id, evaluation_id, question_id, score, comment) VALUES (4289, 427, 20, NULL, 'Siempre está disponible, muy buen profe.');
INSERT INTO evaluations (id, evaluatee_id, form_id, period_id, is_anonymous, status, submitted_at, created_at) VALUES (428, 51, 2, 3, TRUE, 'submitted', '2026-07-21 12:00:00', '2026-07-21 12:05:00');
INSERT INTO evaluation_submissions (id, evaluator_id, evaluatee_id, period_id, evaluation_id, created_at) VALUES (428, 12, 51, 3, 428, '2026-07-21 12:00:00');
INSERT INTO evaluation_details (id, evaluation_id, question_id, score, comment) VALUES (4290, 428, 12, 4, NULL);
INSERT INTO evaluation_details (id, evaluation_id, question_id, score, comment) VALUES (4291, 428, 13, 4, NULL);
INSERT INTO evaluation_details (id, evaluation_id, question_id, score, comment) VALUES (4292, 428, 14, 3, NULL);
INSERT INTO evaluation_details (id, evaluation_id, question_id, score, comment) VALUES (4293, 428, 15, 4, NULL);
INSERT INTO evaluation_details (id, evaluation_id, question_id, score, comment) VALUES (4294, 428, 16, 4, NULL);
INSERT INTO evaluation_details (id, evaluation_id, question_id, score, comment) VALUES (4295, 428, 17, 4, NULL);
INSERT INTO evaluation_details (id, evaluation_id, question_id, score, comment) VALUES (4296, 428, 18, 4, NULL);
INSERT INTO evaluation_details (id, evaluation_id, question_id, score, comment) VALUES (4297, 428, 19, 5, NULL);
INSERT INTO evaluation_details (id, evaluation_id, question_id, score, comment) VALUES (4298, 428, 20, NULL, 'Las sesiones de este periodo fueron muy claras.');
INSERT INTO evaluations (id, evaluatee_id, form_id, period_id, is_anonymous, status, submitted_at, created_at) VALUES (429, 51, 2, 3, TRUE, 'submitted', '2026-07-21 12:00:00', '2026-07-21 12:05:00');
INSERT INTO evaluation_submissions (id, evaluator_id, evaluatee_id, period_id, evaluation_id, created_at) VALUES (429, 24, 51, 3, 429, '2026-07-21 12:00:00');
INSERT INTO evaluation_details (id, evaluation_id, question_id, score, comment) VALUES (4299, 429, 12, 4, NULL);
INSERT INTO evaluation_details (id, evaluation_id, question_id, score, comment) VALUES (4300, 429, 13, 4, NULL);
INSERT INTO evaluation_details (id, evaluation_id, question_id, score, comment) VALUES (4301, 429, 14, 4, NULL);
INSERT INTO evaluation_details (id, evaluation_id, question_id, score, comment) VALUES (4302, 429, 15, 4, NULL);
INSERT INTO evaluation_details (id, evaluation_id, question_id, score, comment) VALUES (4303, 429, 16, 4, NULL);
INSERT INTO evaluation_details (id, evaluation_id, question_id, score, comment) VALUES (4304, 429, 17, 5, NULL);
INSERT INTO evaluation_details (id, evaluation_id, question_id, score, comment) VALUES (4305, 429, 18, 4, NULL);
INSERT INTO evaluation_details (id, evaluation_id, question_id, score, comment) VALUES (4306, 429, 19, 4, NULL);
INSERT INTO evaluation_details (id, evaluation_id, question_id, score, comment) VALUES (4307, 429, 20, NULL, 'Excelente, me ayuda mucho con mis dudas globales.');
INSERT INTO evaluations (id, evaluatee_id, form_id, period_id, is_anonymous, status, submitted_at, created_at) VALUES (430, 51, 2, 3, TRUE, 'submitted', '2026-07-21 12:00:00', '2026-07-21 12:05:00');
INSERT INTO evaluation_submissions (id, evaluator_id, evaluatee_id, period_id, evaluation_id, created_at) VALUES (430, 37, 51, 3, 430, '2026-07-21 12:00:00');
INSERT INTO evaluation_details (id, evaluation_id, question_id, score, comment) VALUES (4308, 430, 12, 4, NULL);
INSERT INTO evaluation_details (id, evaluation_id, question_id, score, comment) VALUES (4309, 430, 13, 3, NULL);
INSERT INTO evaluation_details (id, evaluation_id, question_id, score, comment) VALUES (4310, 430, 14, 5, NULL);
INSERT INTO evaluation_details (id, evaluation_id, question_id, score, comment) VALUES (4311, 430, 15, 5, NULL);
INSERT INTO evaluation_details (id, evaluation_id, question_id, score, comment) VALUES (4312, 430, 16, 4, NULL);
INSERT INTO evaluation_details (id, evaluation_id, question_id, score, comment) VALUES (4313, 430, 17, 5, NULL);
INSERT INTO evaluation_details (id, evaluation_id, question_id, score, comment) VALUES (4314, 430, 18, 4, NULL);
INSERT INTO evaluation_details (id, evaluation_id, question_id, score, comment) VALUES (4315, 430, 19, 4, NULL);
INSERT INTO evaluation_details (id, evaluation_id, question_id, score, comment) VALUES (4316, 430, 20, NULL, 'Las sesiones de este periodo fueron muy claras.');
INSERT INTO evaluations (id, evaluatee_id, form_id, period_id, is_anonymous, status, submitted_at, created_at) VALUES (431, 51, 2, 3, FALSE, 'submitted', '2026-07-21 12:00:00', '2026-07-21 12:05:00');
INSERT INTO evaluation_submissions (id, evaluator_id, evaluatee_id, period_id, evaluation_id, created_at) VALUES (431, 15, 51, 3, 431, '2026-07-21 12:00:00');
INSERT INTO evaluation_details (id, evaluation_id, question_id, score, comment) VALUES (4317, 431, 12, 3, NULL);
INSERT INTO evaluation_details (id, evaluation_id, question_id, score, comment) VALUES (4318, 431, 13, 3, NULL);
INSERT INTO evaluation_details (id, evaluation_id, question_id, score, comment) VALUES (4319, 431, 14, 4, NULL);
INSERT INTO evaluation_details (id, evaluation_id, question_id, score, comment) VALUES (4320, 431, 15, 3, NULL);
INSERT INTO evaluation_details (id, evaluation_id, question_id, score, comment) VALUES (4321, 431, 16, 3, NULL);
INSERT INTO evaluation_details (id, evaluation_id, question_id, score, comment) VALUES (4322, 431, 17, 4, NULL);
INSERT INTO evaluation_details (id, evaluation_id, question_id, score, comment) VALUES (4323, 431, 18, 3, NULL);
INSERT INTO evaluation_details (id, evaluation_id, question_id, score, comment) VALUES (4324, 431, 19, 3, NULL);
INSERT INTO evaluation_details (id, evaluation_id, question_id, score, comment) VALUES (4325, 431, 20, NULL, 'Siempre está disponible, muy buen profe.');
INSERT INTO evaluations (id, evaluatee_id, form_id, period_id, is_anonymous, status, submitted_at, created_at) VALUES (432, 51, 2, 3, FALSE, 'submitted', '2026-07-21 12:00:00', '2026-07-21 12:05:00');
INSERT INTO evaluation_submissions (id, evaluator_id, evaluatee_id, period_id, evaluation_id, created_at) VALUES (432, 16, 51, 3, 432, '2026-07-21 12:00:00');
INSERT INTO evaluation_details (id, evaluation_id, question_id, score, comment) VALUES (4326, 432, 12, 3, NULL);
INSERT INTO evaluation_details (id, evaluation_id, question_id, score, comment) VALUES (4327, 432, 13, 4, NULL);
INSERT INTO evaluation_details (id, evaluation_id, question_id, score, comment) VALUES (4328, 432, 14, 3, NULL);
INSERT INTO evaluation_details (id, evaluation_id, question_id, score, comment) VALUES (4329, 432, 15, 4, NULL);
INSERT INTO evaluation_details (id, evaluation_id, question_id, score, comment) VALUES (4330, 432, 16, 5, NULL);
INSERT INTO evaluation_details (id, evaluation_id, question_id, score, comment) VALUES (4331, 432, 17, 4, NULL);
INSERT INTO evaluation_details (id, evaluation_id, question_id, score, comment) VALUES (4332, 432, 18, 5, NULL);
INSERT INTO evaluation_details (id, evaluation_id, question_id, score, comment) VALUES (4333, 432, 19, 3, NULL);
INSERT INTO evaluation_details (id, evaluation_id, question_id, score, comment) VALUES (4334, 432, 20, NULL, 'Excelente, me ayuda mucho con mis dudas globales.');
INSERT INTO evaluations (id, evaluatee_id, form_id, period_id, is_anonymous, status, submitted_at, created_at) VALUES (433, 51, 2, 3, FALSE, 'submitted', '2026-07-21 12:00:00', '2026-07-21 12:05:00');
INSERT INTO evaluation_submissions (id, evaluator_id, evaluatee_id, period_id, evaluation_id, created_at) VALUES (433, 39, 51, 3, 433, '2026-07-21 12:00:00');
INSERT INTO evaluation_details (id, evaluation_id, question_id, score, comment) VALUES (4335, 433, 12, 4, NULL);
INSERT INTO evaluation_details (id, evaluation_id, question_id, score, comment) VALUES (4336, 433, 13, 4, NULL);
INSERT INTO evaluation_details (id, evaluation_id, question_id, score, comment) VALUES (4337, 433, 14, 5, NULL);
INSERT INTO evaluation_details (id, evaluation_id, question_id, score, comment) VALUES (4338, 433, 15, 4, NULL);
INSERT INTO evaluation_details (id, evaluation_id, question_id, score, comment) VALUES (4339, 433, 16, 4, NULL);
INSERT INTO evaluation_details (id, evaluation_id, question_id, score, comment) VALUES (4340, 433, 17, 4, NULL);
INSERT INTO evaluation_details (id, evaluation_id, question_id, score, comment) VALUES (4341, 433, 18, 4, NULL);
INSERT INTO evaluation_details (id, evaluation_id, question_id, score, comment) VALUES (4342, 433, 19, 5, NULL);
INSERT INTO evaluation_details (id, evaluation_id, question_id, score, comment) VALUES (4343, 433, 20, NULL, 'Siempre está disponible, muy buen profe.');
INSERT INTO evaluations (id, evaluatee_id, form_id, period_id, is_anonymous, status, submitted_at, created_at) VALUES (434, 51, 2, 3, TRUE, 'submitted', '2026-07-21 12:00:00', '2026-07-21 12:05:00');
INSERT INTO evaluation_submissions (id, evaluator_id, evaluatee_id, period_id, evaluation_id, created_at) VALUES (434, 40, 51, 3, 434, '2026-07-21 12:00:00');
INSERT INTO evaluation_details (id, evaluation_id, question_id, score, comment) VALUES (4344, 434, 12, 4, NULL);
INSERT INTO evaluation_details (id, evaluation_id, question_id, score, comment) VALUES (4345, 434, 13, 3, NULL);
INSERT INTO evaluation_details (id, evaluation_id, question_id, score, comment) VALUES (4346, 434, 14, 3, NULL);
INSERT INTO evaluation_details (id, evaluation_id, question_id, score, comment) VALUES (4347, 434, 15, 4, NULL);
INSERT INTO evaluation_details (id, evaluation_id, question_id, score, comment) VALUES (4348, 434, 16, 3, NULL);
INSERT INTO evaluation_details (id, evaluation_id, question_id, score, comment) VALUES (4349, 434, 17, 4, NULL);
INSERT INTO evaluation_details (id, evaluation_id, question_id, score, comment) VALUES (4350, 434, 18, 3, NULL);
INSERT INTO evaluation_details (id, evaluation_id, question_id, score, comment) VALUES (4351, 434, 19, 3, NULL);
INSERT INTO evaluation_details (id, evaluation_id, question_id, score, comment) VALUES (4352, 434, 20, NULL, 'Las sesiones de este periodo fueron muy claras.');
INSERT INTO evaluations (id, evaluatee_id, form_id, period_id, is_anonymous, status, submitted_at, created_at) VALUES (435, 51, 2, 4, FALSE, 'submitted', '2026-07-21 12:00:00', '2026-07-21 12:05:00');
INSERT INTO evaluation_submissions (id, evaluator_id, evaluatee_id, period_id, evaluation_id, created_at) VALUES (435, 39, 51, 4, 435, '2026-07-21 12:00:00');
INSERT INTO evaluation_details (id, evaluation_id, question_id, score, comment) VALUES (4353, 435, 12, 4, NULL);
INSERT INTO evaluation_details (id, evaluation_id, question_id, score, comment) VALUES (4354, 435, 13, 4, NULL);
INSERT INTO evaluation_details (id, evaluation_id, question_id, score, comment) VALUES (4355, 435, 14, 4, NULL);
INSERT INTO evaluation_details (id, evaluation_id, question_id, score, comment) VALUES (4356, 435, 15, 4, NULL);
INSERT INTO evaluation_details (id, evaluation_id, question_id, score, comment) VALUES (4357, 435, 16, 4, NULL);
INSERT INTO evaluation_details (id, evaluation_id, question_id, score, comment) VALUES (4358, 435, 17, 5, NULL);
INSERT INTO evaluation_details (id, evaluation_id, question_id, score, comment) VALUES (4359, 435, 18, 4, NULL);
INSERT INTO evaluation_details (id, evaluation_id, question_id, score, comment) VALUES (4360, 435, 19, 3, NULL);
INSERT INTO evaluation_details (id, evaluation_id, question_id, score, comment) VALUES (4361, 435, 20, NULL, 'Excelente, me ayuda mucho con mis dudas globales.');
INSERT INTO evaluations (id, evaluatee_id, form_id, period_id, is_anonymous, status, submitted_at, created_at) VALUES (436, 51, 2, 4, TRUE, 'submitted', '2026-07-21 12:00:00', '2026-07-21 12:05:00');
INSERT INTO evaluation_submissions (id, evaluator_id, evaluatee_id, period_id, evaluation_id, created_at) VALUES (436, 44, 51, 4, 436, '2026-07-21 12:00:00');
INSERT INTO evaluation_details (id, evaluation_id, question_id, score, comment) VALUES (4362, 436, 12, 3, NULL);
INSERT INTO evaluation_details (id, evaluation_id, question_id, score, comment) VALUES (4363, 436, 13, 4, NULL);
INSERT INTO evaluation_details (id, evaluation_id, question_id, score, comment) VALUES (4364, 436, 14, 3, NULL);
INSERT INTO evaluation_details (id, evaluation_id, question_id, score, comment) VALUES (4365, 436, 15, 4, NULL);
INSERT INTO evaluation_details (id, evaluation_id, question_id, score, comment) VALUES (4366, 436, 16, 3, NULL);
INSERT INTO evaluation_details (id, evaluation_id, question_id, score, comment) VALUES (4367, 436, 17, 4, NULL);
INSERT INTO evaluation_details (id, evaluation_id, question_id, score, comment) VALUES (4368, 436, 18, 3, NULL);
INSERT INTO evaluation_details (id, evaluation_id, question_id, score, comment) VALUES (4369, 436, 19, 3, NULL);
INSERT INTO evaluation_details (id, evaluation_id, question_id, score, comment) VALUES (4370, 436, 20, NULL, 'Siempre está disponible, muy buen profe.');
INSERT INTO evaluations (id, evaluatee_id, form_id, period_id, is_anonymous, status, submitted_at, created_at) VALUES (437, 51, 2, 4, TRUE, 'submitted', '2026-07-21 12:00:00', '2026-07-21 12:05:00');
INSERT INTO evaluation_submissions (id, evaluator_id, evaluatee_id, period_id, evaluation_id, created_at) VALUES (437, 17, 51, 4, 437, '2026-07-21 12:00:00');
INSERT INTO evaluation_details (id, evaluation_id, question_id, score, comment) VALUES (4371, 437, 12, 4, NULL);
INSERT INTO evaluation_details (id, evaluation_id, question_id, score, comment) VALUES (4372, 437, 13, 4, NULL);
INSERT INTO evaluation_details (id, evaluation_id, question_id, score, comment) VALUES (4373, 437, 14, 5, NULL);
INSERT INTO evaluation_details (id, evaluation_id, question_id, score, comment) VALUES (4374, 437, 15, 4, NULL);
INSERT INTO evaluation_details (id, evaluation_id, question_id, score, comment) VALUES (4375, 437, 16, 3, NULL);
INSERT INTO evaluation_details (id, evaluation_id, question_id, score, comment) VALUES (4376, 437, 17, 4, NULL);
INSERT INTO evaluation_details (id, evaluation_id, question_id, score, comment) VALUES (4377, 437, 18, 4, NULL);
INSERT INTO evaluation_details (id, evaluation_id, question_id, score, comment) VALUES (4378, 437, 19, 4, NULL);
INSERT INTO evaluation_details (id, evaluation_id, question_id, score, comment) VALUES (4379, 437, 20, NULL, 'Excelente, me ayuda mucho con mis dudas globales.');
INSERT INTO evaluations (id, evaluatee_id, form_id, period_id, is_anonymous, status, submitted_at, created_at) VALUES (438, 51, 2, 4, FALSE, 'submitted', '2026-07-21 12:00:00', '2026-07-21 12:05:00');
INSERT INTO evaluation_submissions (id, evaluator_id, evaluatee_id, period_id, evaluation_id, created_at) VALUES (438, 36, 51, 4, 438, '2026-07-21 12:00:00');
INSERT INTO evaluation_details (id, evaluation_id, question_id, score, comment) VALUES (4380, 438, 12, 3, NULL);
INSERT INTO evaluation_details (id, evaluation_id, question_id, score, comment) VALUES (4381, 438, 13, 3, NULL);
INSERT INTO evaluation_details (id, evaluation_id, question_id, score, comment) VALUES (4382, 438, 14, 4, NULL);
INSERT INTO evaluation_details (id, evaluation_id, question_id, score, comment) VALUES (4383, 438, 15, 3, NULL);
INSERT INTO evaluation_details (id, evaluation_id, question_id, score, comment) VALUES (4384, 438, 16, 3, NULL);
INSERT INTO evaluation_details (id, evaluation_id, question_id, score, comment) VALUES (4385, 438, 17, 3, NULL);
INSERT INTO evaluation_details (id, evaluation_id, question_id, score, comment) VALUES (4386, 438, 18, 3, NULL);
INSERT INTO evaluation_details (id, evaluation_id, question_id, score, comment) VALUES (4387, 438, 19, 3, NULL);
INSERT INTO evaluation_details (id, evaluation_id, question_id, score, comment) VALUES (4388, 438, 20, NULL, 'Siempre está disponible, muy buen profe.');
INSERT INTO evaluations (id, evaluatee_id, form_id, period_id, is_anonymous, status, submitted_at, created_at) VALUES (439, 51, 2, 4, FALSE, 'submitted', '2026-07-21 12:00:00', '2026-07-21 12:05:00');
INSERT INTO evaluation_submissions (id, evaluator_id, evaluatee_id, period_id, evaluation_id, created_at) VALUES (439, 23, 51, 4, 439, '2026-07-21 12:00:00');
INSERT INTO evaluation_details (id, evaluation_id, question_id, score, comment) VALUES (4389, 439, 12, 4, NULL);
INSERT INTO evaluation_details (id, evaluation_id, question_id, score, comment) VALUES (4390, 439, 13, 3, NULL);
INSERT INTO evaluation_details (id, evaluation_id, question_id, score, comment) VALUES (4391, 439, 14, 4, NULL);
INSERT INTO evaluation_details (id, evaluation_id, question_id, score, comment) VALUES (4392, 439, 15, 4, NULL);
INSERT INTO evaluation_details (id, evaluation_id, question_id, score, comment) VALUES (4393, 439, 16, 4, NULL);
INSERT INTO evaluation_details (id, evaluation_id, question_id, score, comment) VALUES (4394, 439, 17, 4, NULL);
INSERT INTO evaluation_details (id, evaluation_id, question_id, score, comment) VALUES (4395, 439, 18, 4, NULL);
INSERT INTO evaluation_details (id, evaluation_id, question_id, score, comment) VALUES (4396, 439, 19, 4, NULL);
INSERT INTO evaluation_details (id, evaluation_id, question_id, score, comment) VALUES (4397, 439, 20, NULL, 'Falta un poco de orden en las clases.');
INSERT INTO evaluations (id, evaluatee_id, form_id, period_id, is_anonymous, status, submitted_at, created_at) VALUES (440, 51, 2, 4, TRUE, 'submitted', '2026-07-21 12:00:00', '2026-07-21 12:05:00');
INSERT INTO evaluation_submissions (id, evaluator_id, evaluatee_id, period_id, evaluation_id, created_at) VALUES (440, 20, 51, 4, 440, '2026-07-21 12:00:00');
INSERT INTO evaluation_details (id, evaluation_id, question_id, score, comment) VALUES (4398, 440, 12, 4, NULL);
INSERT INTO evaluation_details (id, evaluation_id, question_id, score, comment) VALUES (4399, 440, 13, 4, NULL);
INSERT INTO evaluation_details (id, evaluation_id, question_id, score, comment) VALUES (4400, 440, 14, 5, NULL);
INSERT INTO evaluation_details (id, evaluation_id, question_id, score, comment) VALUES (4401, 440, 15, 5, NULL);
INSERT INTO evaluation_details (id, evaluation_id, question_id, score, comment) VALUES (4402, 440, 16, 4, NULL);
INSERT INTO evaluation_details (id, evaluation_id, question_id, score, comment) VALUES (4403, 440, 17, 4, NULL);
INSERT INTO evaluation_details (id, evaluation_id, question_id, score, comment) VALUES (4404, 440, 18, 5, NULL);
INSERT INTO evaluation_details (id, evaluation_id, question_id, score, comment) VALUES (4405, 440, 19, 3, NULL);
INSERT INTO evaluation_details (id, evaluation_id, question_id, score, comment) VALUES (4406, 440, 20, NULL, 'Siempre está disponible, muy buen profe.');
INSERT INTO evaluations (id, evaluatee_id, form_id, period_id, is_anonymous, status, submitted_at, created_at) VALUES (441, 51, 2, 4, FALSE, 'submitted', '2026-07-21 12:00:00', '2026-07-21 12:05:00');
INSERT INTO evaluation_submissions (id, evaluator_id, evaluatee_id, period_id, evaluation_id, created_at) VALUES (441, 22, 51, 4, 441, '2026-07-21 12:00:00');
INSERT INTO evaluation_details (id, evaluation_id, question_id, score, comment) VALUES (4407, 441, 12, 4, NULL);
INSERT INTO evaluation_details (id, evaluation_id, question_id, score, comment) VALUES (4408, 441, 13, 4, NULL);
INSERT INTO evaluation_details (id, evaluation_id, question_id, score, comment) VALUES (4409, 441, 14, 4, NULL);
INSERT INTO evaluation_details (id, evaluation_id, question_id, score, comment) VALUES (4410, 441, 15, 4, NULL);
INSERT INTO evaluation_details (id, evaluation_id, question_id, score, comment) VALUES (4411, 441, 16, 5, NULL);
INSERT INTO evaluation_details (id, evaluation_id, question_id, score, comment) VALUES (4412, 441, 17, 5, NULL);
INSERT INTO evaluation_details (id, evaluation_id, question_id, score, comment) VALUES (4413, 441, 18, 4, NULL);
INSERT INTO evaluation_details (id, evaluation_id, question_id, score, comment) VALUES (4414, 441, 19, 5, NULL);
INSERT INTO evaluation_details (id, evaluation_id, question_id, score, comment) VALUES (4415, 441, 20, NULL, 'Excelente, me ayuda mucho con mis dudas globales.');
INSERT INTO evaluations (id, evaluatee_id, form_id, period_id, is_anonymous, status, submitted_at, created_at) VALUES (442, 51, 2, 4, TRUE, 'submitted', '2026-07-21 12:00:00', '2026-07-21 12:05:00');
INSERT INTO evaluation_submissions (id, evaluator_id, evaluatee_id, period_id, evaluation_id, created_at) VALUES (442, 28, 51, 4, 442, '2026-07-21 12:00:00');
INSERT INTO evaluation_details (id, evaluation_id, question_id, score, comment) VALUES (4416, 442, 12, 3, NULL);
INSERT INTO evaluation_details (id, evaluation_id, question_id, score, comment) VALUES (4417, 442, 13, 4, NULL);
INSERT INTO evaluation_details (id, evaluation_id, question_id, score, comment) VALUES (4418, 442, 14, 4, NULL);
INSERT INTO evaluation_details (id, evaluation_id, question_id, score, comment) VALUES (4419, 442, 15, 4, NULL);
INSERT INTO evaluation_details (id, evaluation_id, question_id, score, comment) VALUES (4420, 442, 16, 4, NULL);
INSERT INTO evaluation_details (id, evaluation_id, question_id, score, comment) VALUES (4421, 442, 17, 4, NULL);
INSERT INTO evaluation_details (id, evaluation_id, question_id, score, comment) VALUES (4422, 442, 18, 4, NULL);
INSERT INTO evaluation_details (id, evaluation_id, question_id, score, comment) VALUES (4423, 442, 19, 4, NULL);
INSERT INTO evaluation_details (id, evaluation_id, question_id, score, comment) VALUES (4424, 442, 20, NULL, 'Falta un poco de orden en las clases.');
